{"7mFj0LlWtEJaEigguaWqYh": {"name": "Sweetest Pie", "coverArt": "https://i.scdn.co/image/ab67616d00001e02a432a52653d486c73c71e47a", "artist": ["Megan Thee Stallion", "Dua Lipa"], "artistIds": ["181bsRPaVXVlUKXrxwZfHK", "6M2wZ9GZgrQXHCFfjv46we"], "artistPop": [86, 93], "genres": ["dance pop", "houston rap", "pop", "trap queen", "dance pop", "pop", "uk pop"]}, "0YpaoMOUSP3jwZ4RgqNESG": {"name": "OPEN A WINDOW (feat. Tyler, The Creator)", "coverArt": "https://i.scdn.co/image/ab67616d00001e02b6f543a67dd48a04ec13ccc0", "artist": ["Rex Orange County", "Tyler, The Creator"], "artistIds": ["7pbDxGE6nQSZVfiFdq9lOL", "4V8LLVI7PbaPR0K2TGSxFF"], "artistPop": [83, 89], "genres": ["bedroom pop", "pop", "hip hop", "rap"]}, "0vQYe6g8bNbdUKnUnXdQQV": {"name": "My Love - Edit", "coverArt": "https://i.scdn.co/image/ab67616d00001e028f8a358161593abe6f717bba", "artist": ["Florence + The Machine"], "artistIds": ["1moxjboGR7GNWYIMWsRjgG"], "artistPop": [79], "genres": ["baroque pop", "pop", "uk alternative pop"]}, "0VlpgNPHWCyh8xxLcaK2fp": {"name": "Petty Too (feat. Future)", "coverArt": "https://i.scdn.co/image/ab67616d00001e029984d05ec46e029f7b942aca", "artist": ["Lil Durk", "Future"], "artistIds": ["3hcs9uc56yIGFCSy9leWe7", "1RyvyyTE3xzB2ZywiAwp0i"], "artistPop": [89, 92], "genres": ["chicago drill", "chicago rap", "drill", "hip hop", "rap", "trap", "atl hip hop", "hip hop", "pop rap", "rap", "southern hip hop", "trap"]}, "2BxboWjnfktO1E9HGfPXq1": {"name": "Wheelie (feat. 21 Savage)", "coverArt": "https://i.scdn.co/image/ab67616d00001e02075cf8e137fde025857af218", "artist": ["Latto", "21 Savage"], "artistIds": ["3MdXrJWsbVzdn6fe5JYkSQ", "1URnnhqYAYcrqrcwql10ft"], "artistPop": [73, 89], "genres": ["pop", "pop r&b", "r&b", "trap queen", "atl hip hop", "rap", "trap"]}, "0HqZX76SFLDz2aW8aiqi7G": {"name": "Bones", "coverArt": "https://i.scdn.co/image/ab67616d00001e02813713582dcc508e7d5073c4", "artist": ["Imagine Dragons"], "artistIds": ["53XhwfbYqKCa1cC15pYq2q"], "artistPop": [92], "genres": ["modern rock", "rock"]}, "2Hyaggl5zUVCwGSbJmkOs3": {"name": "Feels Like", "coverArt": "https://i.scdn.co/image/ab67616d00001e023edd56946cb788a4d7457a08", "artist": ["Lucky Daye"], "artistIds": ["5Vuvs6Py2JRU7WiFDVsI7J"], "artistPop": [72], "genres": ["alternative r&b", "chill r&b", "indie r&b", "pop", "pop r&b", "r&b"]}, "15GwtGQXPJYqGzpiSGygsz": {"name": "Don't Like U", "coverArt": "https://i.scdn.co/image/ab67616d00001e020ca15cd99647a35cbc5670f2", "artist": ["Terry Presume"], "artistIds": ["4JLuMu6NZUAU8gYhrzvOdX"], "artistPop": [49], "genres": ["indie hip hop", "indie r&b"]}, "40mxAPW0mpgZ4EGPWiFxt9": {"name": "iPad", "coverArt": "https://i.scdn.co/image/ab67616d00001e022fb1745809e709d21953ba33", "artist": ["The Chainsmokers"], "artistIds": ["69GGBxA162lTqCwzJG5jLp"], "artistPop": [85], "genres": ["dance pop", "edm", "electropop", "pop", "pop dance", "tropical house"]}, "3AMUgKRaujIuutpMw4K7Zn": {"name": "Nervous", "coverArt": "https://i.scdn.co/image/ab67616d00001e02bd6b18f9857c2909ef84bf79", "artist": ["Maren Morris"], "artistIds": ["6WY7D3jk8zTrHtmkqqo5GI"], "artistPop": [78], "genres": ["contemporary country", "country", "texas country"]}, "2F9DCIJ7ZXHhNkiIlIIOkw": {"name": "All I Ever Asked", "coverArt": "https://i.scdn.co/image/ab67616d00001e0266ceb7730b0ede675ac604cd", "artist": ["Rachel Chinouriri"], "artistIds": ["4wrzxtBZw20ufDstKyTnnP"], "artistPop": [62], "genres": ["uk pop"]}, "37qPzPVOfxSDI7QOF2oZFB": {"name": "Dolce", "coverArt": "https://i.scdn.co/image/ab67616d00001e02fa3545f967a96cb62be4f72a", "artist": ["Luis Fonsi"], "artistIds": ["4V8Sr092TqfHkfAA5fXXqG"], "artistPop": [80], "genres": ["latin", "latin pop", "puerto rican pop"]}, "6psP05MMEYxyJ54qdGEnOU": {"name": "Crypto (feat. Rich The Kid)", "coverArt": "https://i.scdn.co/image/ab67616d00001e027d8f934fd8549dce1500ab69", "artist": ["Takeoff", "Rich The Kid"], "artistIds": ["3EW0kQ1skZiK1NHg3Spt9J", "1pPmIToKXyGdsCF6LmqLmI"], "artistPop": [65, 75], "genres": ["atl hip hop", "rap", "southern hip hop", "trap", "atl hip hop", "hip hop", "melodic rap", "plugg", "pop rap", "rap", "southern hip hop", "trap", "vapor trap"]}, "1vghSeMBb7AIMT3JaMrlHO": {"name": "Killing Me", "coverArt": "https://i.scdn.co/image/ab67616d00001e02e5a478a08e493c531bb281e2", "artist": ["Omar Apollo"], "artistIds": ["5FxD8fkQZ6KcsSYupDVoSO"], "artistPop": [70], "genres": ["alternative r&b", "bedroom pop", "bedroom soul", "chill r&b", "indie r&b", "pop", "r&b"]}, "6DaG27cevNVA1lozVKd6dw": {"name": "Flume - Spotify Singles", "coverArt": "https://i.scdn.co/image/ab67616d00001e02b8a9ac477dac5308302d31e5", "artist": ["FINNEAS"], "artistIds": ["37M5pPGs6V1fchFJSgCguX"], "artistPop": [75], "genres": ["alt z", "electropop", "la indie", "pop"]}, "4ELynSlkV4OHcBCFenFJ7U": {"name": "Praise The Lord (feat. Thomas Rhett)", "coverArt": "https://i.scdn.co/image/ab67616d00001e0235c550f23275e63b13c73998", "artist": ["BRELAND", "Thomas Rhett"], "artistIds": ["0C86lmpnwiyLDUiyo4d0P1", "6x2LnllRG5uGarZMsD4iO8"], "artistPop": [66, 77], "genres": ["black americana", "contemporary country", "contemporary country", "country", "country road", "modern country rock"]}, "0ccUI8Zs25jqWr6vhRGfeQ": {"name": "Boom Boom (feat. A Boogie Wit da Hoodie)", "coverArt": "https://i.scdn.co/image/ab67616d00001e02de737e7fbf61e726d067916a", "artist": ["B-Lovee", "A Boogie Wit da Hoodie"], "artistIds": ["7hf5PZjVOqTQ2id3PF7I5Y", "31W5EY0aAly4Qieq6OFu6I"], "artistPop": [65, 86], "genres": ["bronx drill", "new york drill", "melodic rap", "rap", "trap"]}, "6zrZ7mVcznNd2Q6qB0iBrq": {"name": "Can't Anymore", "coverArt": "https://i.scdn.co/image/ab67616d00001e020a281d608ff5a2bc398fd992", "artist": ["Shenseea"], "artistIds": ["1OFOShsIbhy1l5x73yuVyB"], "artistPop": [68], "genres": ["dancehall", "modern reggae"]}, "5GIsnSmSyFM8dI3e4dP1G5": {"name": "stuck on us", "coverArt": "https://i.scdn.co/image/ab67616d00001e029164f5bff2527261fa7e9d76", "artist": ["Claire Rosinkranz", "Aidan Bissett"], "artistIds": ["3V0ZQW0dNuVaFtbVYgSI24", "4XQI4hyuy5xun1ou3SM8Oe"], "artistPop": [69, 59], "genres": ["alt z", "indie pop", "modern indie pop", "pop", "gen z singer-songwriter"]}, "1nU2ooQKyk4CsYJMBdIK4J": {"name": "The Funeral", "coverArt": "https://i.scdn.co/image/ab67616d00001e02b0290bcc5b9f98d859b4d15f", "artist": ["YUNGBLUD"], "artistIds": ["6Ad91Jof8Niiw0lGLLi3NW"], "artistPop": [76], "genres": ["british indie rock", "modern rock", "pop", "rock"]}, "2BN5ZMErVAhbEroB99b3no": {"name": "LET THE GRASS GROW", "coverArt": "https://i.scdn.co/image/ab67616d00001e02abf19293ff896d8750c1a7a7", "artist": ["Ruel"], "artistIds": ["5xkAtLTf309LAGZTbvULBn"], "artistPop": [73], "genres": ["alt z", "australian alternative pop", "dance pop", "electropop", "pop"]}, "7wDIcTm9EQiKxH60Z28jRU": {"name": "hate to be you", "coverArt": "https://i.scdn.co/image/ab67616d00001e02f1b2801a34c26281cd2f8aa3", "artist": ["Lexi Jayde"], "artistIds": ["69761NObDw2KwmmFgZmxzC"], "artistPop": [63], "genres": ["alt z", "social media pop"]}, "1iyXU0LHY9Irw7oohGf7hb": {"name": "Before U", "coverArt": "https://i.scdn.co/image/ab67616d00001e026ce28b7fce7b342a4b5183fa", "artist": ["Marshmello"], "artistIds": ["64KEffDW9EtZ1y2vBYgq8T"], "artistPop": [86], "genres": ["brostep", "dance pop", "edm", "pop", "pop dance", "progressive electro house"]}, "001U2oRRZXrLbeOJMduXSc": {"name": "PAPARAZZI", "coverArt": "https://i.scdn.co/image/ab67616d00001e0266eb95ddf82d0f2dac411508", "artist": ["Mike Dimes"], "artistIds": ["6rIaHuCIUu32uj2CjlEBN3"], "artistPop": [70], "genres": []}, "2GeR7M97pCrWrMh8d6BlrF": {"name": "Pantone 17 13 30", "coverArt": "https://i.scdn.co/image/ab67616d00001e027b14b0f073e6648471b55149", "artist": ["Yuna"], "artistIds": ["3kHVioJpVxlazAAKQ64pC1"], "artistPop": [62], "genres": ["alternative r&b", "malaysian pop"]}, "2lGeTlcg6BwUd0N4fb6qhL": {"name": "sammy", "coverArt": "https://i.scdn.co/image/ab67616d00001e02609ca3ad3c58a39d69645f6e", "artist": ["chloe moriondo"], "artistIds": ["3P4vW5tzQvmuoNaFQqzy9q"], "artistPop": [66], "genres": ["alt z", "bedroom pop", "indie pop"]}, "0dgAZ1j5irH1FlA5WrpHW4": {"name": "Wild Child", "coverArt": "https://i.scdn.co/image/ab67616d00001e02cf387ca7696a115e08c8cc8e", "artist": ["The Black Keys"], "artistIds": ["7mnBLXK823vNxN3UWB7Gfz"], "artistPop": [74], "genres": ["alternative rock", "blues rock", "garage rock", "modern blues rock", "modern rock", "punk blues", "rock", "roots rock"]}, "1IiX0wRYdfqjZmae3qQqle": {"name": "Classic", "coverArt": "https://i.scdn.co/image/ab67616d00001e0272976a072e150ef05567f4c8", "artist": ["ERNEST"], "artistIds": ["4GGfAshSkqoxpZdoaHm7ky"], "artistPop": [67], "genres": ["contemporary country"]}, "10oKSzRcwbZsog2uq2gb4b": {"name": "Escape (feat. Hayla)", "coverArt": "https://i.scdn.co/image/ab67616d00001e023e94f86c2d955a8245702a8c", "artist": ["Kx5", "deadmau5", "Kaskade", "Hayla"], "artistIds": ["2avRYQUWQpIkzJOEkf0MdY", "2CIMQHirSU0MQqyYHq0eOx", "6TQj5BFPooTa08A7pk8AQ1", "4yX6mpMyBGf9UfvBB8JJrc"], "artistPop": [51, 69, 69, 54], "genres": ["canadian electronic", "edm", "electro house", "pop dance", "progressive house", "edm", "electro house", "pop dance", "progressive house", "vocal house"]}, "1xqbfjRuUw0ot43wgBuVkt": {"name": "Sensual Beb\u00e9", "coverArt": "https://i.scdn.co/image/ab67616d00001e02b4bb40707d42cd1b1c29e2a7", "artist": ["Jhay Cortez"], "artistIds": ["0EFisYRi20PTADoJrifHrz"], "artistPop": [88], "genres": ["latin", "reggaeton", "trap latino"]}, "3pudQCMnsFGwOElTZmuml8": {"name": "Baby", "coverArt": "https://i.scdn.co/image/ab67616d00001e0263e89cfbd6cbbd6953fdc00b", "artist": ["Aitch", "Ashanti"], "artistIds": ["2PJEagPIxaBugeMjIyKVXF", "5rkVyNGXEgeUqKkB5ccK83"], "artistPop": [74, 74], "genres": ["manchester hip hop", "dance pop", "hip hop", "hip pop", "r&b", "urban contemporary"]}, "29Go4wUZUai6cYzwLbbMDM": {"name": "Losing You", "coverArt": "https://i.scdn.co/image/ab67616d00001e02f99f5ad20b537f4df7782ec7", "artist": ["James Arthur"], "artistIds": ["4IWBUUAFIplrNtaOHcJPRM"], "artistPop": [83], "genres": ["pop", "talent show", "uk pop"]}, "5W1UtLcQLQOFZDpDeNn8Gi": {"name": "The Outsider", "coverArt": "https://i.scdn.co/image/ab67616d00001e0254930c28a35aa4f7a37453a9", "artist": ["Lyn Lapid"], "artistIds": ["4pfy05cNNTacuOQ6SiSu4v"], "artistPop": [66], "genres": ["gen z singer-songwriter"]}, "3wHX2s10YcSPt6ftT9qKwv": {"name": "stupid games", "coverArt": "https://i.scdn.co/image/ab67616d00001e02af228f604e2ee0635ec96d36", "artist": ["Mad Tsai"], "artistIds": ["5C2iFRY2UldL2hv9THw4aB"], "artistPop": [63], "genres": ["alt z", "bedroom pop"]}, "4o5XagsRjI8g1lGryYhrGD": {"name": "The Curse of the Blackened Eye", "coverArt": "https://i.scdn.co/image/ab67616d00001e0245e433bea42435eca5a8bd8e", "artist": ["Orville Peck"], "artistIds": ["46auOkH1pk28rWrSoUNhLo"], "artistPop": [66], "genres": ["alternative country", "queer country"]}, "1Weox7JrxWlozk46HkXHTp": {"name": "sorry", "coverArt": "https://i.scdn.co/image/ab67616d00001e0259e1ab9a83bd4b00495e6d84", "artist": ["UMI"], "artistIds": ["4ClziihVpBeFXNyDH83Lde"], "artistPop": [66], "genres": ["alternative r&b", "bedroom soul", "chill r&b", "indie r&b", "pop", "r&b"]}, "5cqLFudVQryezmVFmmyRJN": {"name": "D\u00e9gaine (feat. Damso)", "coverArt": "https://i.scdn.co/image/ab67616d00001e02bc148f0c349ed5772d33513a", "artist": ["Aya Nakamura", "Damso"], "artistIds": ["7IlRNXHjoOCgEAWN5qYksg", "2UwqpfQtNuhBwviIC0f2ie"], "artistPop": [74, 78], "genres": ["basshall", "francoton", "pop urbaine", "belgian hip hop", "french hip hop", "pop urbaine", "rap belge", "rap conscient"]}, "1NVMP5xHHl4uKOHJaIVYdw": {"name": "The Gender Reveal Song", "coverArt": "https://i.scdn.co/image/ab67616d00001e0251edb710d1afc0935aea4cc8", "artist": ["NLE Choppa"], "artistIds": ["0ErzCpIMyLcjPiwT4elrtZ"], "artistPop": [82], "genres": ["memphis hip hop"]}, "2OEKjBfuCdVPLLUgUf90ZM": {"name": "THE SUN (Prod. Gesaffelstein)", "coverArt": "https://i.scdn.co/image/ab67616d00001e02e87db9e1065c556fc2b375fb", "artist": ["KayCyy", "Gesaffelstein"], "artistIds": ["7gmVTgaiN0gpDJKvTHPTRL", "3hteYQFiMFbJY7wS0xDymP"], "artistPop": [49, 74], "genres": ["dark clubbing", "destroy techno"]}, "1aRwfcw6dJCFADHm4fqy4T": {"name": "Mental (feat. Slump6s & glaive)", "coverArt": "https://i.scdn.co/image/ab67616d00001e02a4d52a492e3e75f405778ed5", "artist": ["Whethan", "Slump6s", "glaive"], "artistIds": ["0vqJkZ0RpLZixt3lTmD8vP", "63ELR8SMfqu8EH9eXqCt9j", "4cJKDGSv4Dz9QycXYmo565"], "artistPop": [67, 64, 69], "genres": ["edm", "electropop", "hyperpop", "indie poptimism", "vapor twitch", "pluggnb", "vapor trap", "glitchcore", "hyperpop", "proto-hyperpop"]}, "0WbeKItEoJIPlo8GkzlHCw": {"name": "Falling", "coverArt": "https://i.scdn.co/image/ab67616d00001e02d3c7ae74ea8d730b3028ba68", "artist": ["Lil Mosey"], "artistIds": ["5zctI4wO9XSKS8XwcnqEHk"], "artistPop": [77], "genres": ["melodic rap", "rap", "rap conscient", "trap", "vapor trap"]}, "51qu8Dd4FeYsfpSRWnGJJq": {"name": "2hrs+ (feat. T-Pain)", "coverArt": "https://i.scdn.co/image/ab67616d00001e02728705c3fdfb8be0aaa556e7", "artist": ["tobi lou", "T-Pain"], "artistIds": ["4T8NIfZmVY6TJFqVzN6X49", "3aQeKQSyrW4qWr35idm0cy"], "artistPop": [66, 81], "genres": ["alternative r&b", "chicago rap", "pop", "pop rap", "dance pop", "hip hop", "pop", "pop rap", "r&b", "rap", "southern hip hop", "urban contemporary"]}, "0UfB1oHKwWuBTBAuIZc0V7": {"name": "Carefree", "coverArt": "https://i.scdn.co/image/ab67616d00001e02bddb8670db44ab0c5c927269", "artist": ["KYLE"], "artistIds": ["4qBgvVog0wzW75IQ48mU7v"], "artistPop": [72], "genres": ["pop", "pop rap", "rap", "social media pop"]}, "4ANzvISz338P5mRff2m63x": {"name": "Rich Kids Ruin Everything", "coverArt": "https://i.scdn.co/image/ab67616d00001e022cafbc6f61f8fad5e9d41114", "artist": ["MOD SUN"], "artistIds": ["3u2R8st1bb6zfBqNWceRXG"], "artistPop": [66], "genres": ["minnesota hip hop", "pop punk", "pop rap"]}, "6iai8D40xiwuktWrxcInt1": {"name": "Down Home", "coverArt": "https://i.scdn.co/image/ab67616d00001e02020ce110175387d42271d976", "artist": ["Jimmie Allen"], "artistIds": ["147nKr9upHZSSxqCzh9j7c"], "artistPop": [66], "genres": ["black americana", "contemporary country"]}, "7hI55ccDQBFpkNXYByCdUk": {"name": "Strange", "coverArt": "https://i.scdn.co/image/ab67616d00001e0232965c4399fa75ea68933e17", "artist": ["Miranda Lambert"], "artistIds": ["66lH4jAE7pqPlOlzUKbwA0"], "artistPop": [75], "genres": ["contemporary country", "country", "country dawn", "country road"]}, "1uf4itZeNCVYDHExNH9Ov3": {"name": "pressure", "coverArt": "https://i.scdn.co/image/ab67616d00001e021324126728be98a5b4775b4e", "artist": ["Orion Sun"], "artistIds": ["2efrqekWSHlvhATD50AG3m"], "artistPop": [59], "genres": ["alternative r&b", "bedroom pop", "chill r&b", "indie pop", "indie r&b", "indie soul"]}, "3zMii5HJl31nRBgcuvwHcf": {"name": "Everytime - Spotify Singles", "coverArt": "https://i.scdn.co/image/ab67616d00001e0209b0406fed26ad90362f06d8", "artist": ["Ethel Cain"], "artistIds": ["0avMDS4HyoCEP6RqZJWpY2"], "artistPop": [50], "genres": ["indie pop", "modern dream pop"]}, "3MWQIH5B6TSqxOT4mTYzJk": {"name": "Broke Mine", "coverArt": "https://i.scdn.co/image/ab67616d00001e027dac372ec327f605f61909f6", "artist": ["Verzache"], "artistIds": ["59KX7XUUgAOOo5IyDjca0T"], "artistPop": [67], "genres": ["lo-fi chill", "sad lo-fi"]}, "1G2J5KdJxNH6Sd0wEclV0P": {"name": "How We Do It (feat. Pia Mia)", "coverArt": "https://i.scdn.co/image/ab67616d00001e02db9feff6905dda2e3cd33564", "artist": ["Sean Paul", "Pia Mia"], "artistIds": ["3Isy6kedDrgPYoTS1dazA9", "1BhWF9W2PngtPSyobKg0rP"], "artistPop": [84, 66], "genres": ["dance pop", "dancehall", "pop", "pop rap", "dance pop", "pop", "pop r&b", "post-teen pop", "r&b", "social media pop", "urban contemporary"]}, "5gdhbzqHrZsjc3Rf3SdeXE": {"name": "FYN", "coverArt": "https://i.scdn.co/image/ab67616d00001e028a03578ac6ab87d7e450c77c", "artist": ["Rema", "AJ Tracey"], "artistIds": ["46pWGuE3dSwY3bMMXGBvVS", "4Xi6LSfFqv26XgP9NKN26U"], "artistPop": [70, 76], "genres": ["nigerian pop", "grime", "uk hip hop", "ukg revival"]}, "5TBEzhlJqpBFwalNZ3FUpx": {"name": "Who Do", "coverArt": "https://i.scdn.co/image/ab67616d00001e02c54cee18b5ffece401391ca7", "artist": ["Yella Beezy"], "artistIds": ["7kwCkEJ384PWm0UQW3hxjS"], "artistPop": [60], "genres": ["dfw rap", "hip hop", "pop rap", "rap", "southern hip hop", "trap"]}, "3aYpUar301x64WbolSxdwS": {"name": "Standards", "coverArt": "https://i.scdn.co/image/ab67616d00001e027c420370f0b6bbc0e0590cab", "artist": ["Kali"], "artistIds": ["1YRqgFNXqRyMDRr8ClS1NL"], "artistPop": [58], "genres": ["viral rap"]}, "1nfKS6fgYustmjIWp36qsW": {"name": "Counting Time", "coverArt": "https://i.scdn.co/image/ab67616d00001e020e3134250c2b7f39fc2e1d48", "artist": ["Mooski"], "artistIds": ["4NqH3V7GS0Igs1VyGMXEi8"], "artistPop": [56], "genres": ["alabama rap"]}, "63EYu4a6H2yxOiLMa6KarS": {"name": "Big Knife", "coverArt": "https://i.scdn.co/image/ab67616d00001e02b86ed5783e76272cee8ee75a", "artist": ["Ravenna Golden"], "artistIds": ["27Od4Wz93nItXglC5t5GuC"], "artistPop": [42], "genres": ["hyperpop"]}, "0Vzrki9UXx6emkXnhNKvG2": {"name": "about you", "coverArt": "https://i.scdn.co/image/ab67616d00001e029e351a1d252d67779d0b8f0e", "artist": ["NOTD", "Nightly"], "artistIds": ["5jAMCwdNHWr7JThxtMuEyy", "3qDMrpZHtZEtVl5i1l7hP3"], "artistPop": [71, 58], "genres": ["alt z", "dance pop", "edm", "electro house", "electropop", "pop", "pop dance", "pop edm", "post-teen pop", "tropical house", "alt z", "electropop", "indie poptimism"]}, "5DxVRNrKQJkjibB6jmUhej": {"name": "It Gets Dark", "coverArt": "https://i.scdn.co/image/ab67616d00001e0294782278ba1f4ccedf7a310f", "artist": ["Sigrid"], "artistIds": ["4TrraAsitQKl821DQY42cZ"], "artistPop": [68], "genres": ["dance pop", "norwegian pop", "pop"]}, "5fnYDXLhFOioudAeiQGOPD": {"name": "American Dream", "coverArt": "https://i.scdn.co/image/ab67616d00001e027a08e1b2cbc3824c5f8bdc5e", "artist": ["Bryce Vine"], "artistIds": ["1ShZZUjkbXCjhwrb18BA8I"], "artistPop": [72], "genres": ["electropop", "pop", "pop rap"]}, "2FEUloDXMvRnyfLcsrCfkw": {"name": "La Danza", "coverArt": "https://i.scdn.co/image/ab67616d00001e02383e7e9bde8853204eae3882", "artist": ["John Summit"], "artistIds": ["7kNqXtgeIwFtelmRjWv205"], "artistPop": [68], "genres": ["deep house", "edm", "electro house", "house", "pop dance"]}, "2ayyzfxamdoNRDI0au3wva": {"name": "Love We Lost (with R3HAB)", "coverArt": "https://i.scdn.co/image/ab67616d00001e02fa6c5e57352dc4c500a1585a", "artist": ["Armin van Buuren", "R3HAB", "Simon Ward"], "artistIds": ["0SfsnGyD8FpIN4U4WCkBZ5", "6cEuCEZu7PAE9ZSzLLc2oQ", "2yi9c8OXkt7PrwbBFOMgjP"], "artistPop": [77, 81, 52], "genres": ["dutch trance", "edm", "pop dance", "progressive house", "trance", "dance pop", "dutch house", "edm", "electro house", "pop", "pop dance", "progressive electro house", "slap house", "tropical house"]}, "4QjPzMrDf2wQXbsEjvKNe1": {"name": "Ziki Ziki (feat. Lil Baby, Snoop Dogg)", "coverArt": "https://i.scdn.co/image/ab67616d00001e02d02a96e71e06add427762757", "artist": ["Static & Ben El", "Snoop Dogg", "Lil Baby"], "artistIds": ["0xHa28taiElkcQf9o3z76g", "7hJcb9fa4alzcOq3EaNPoG", "5f7VJjfbwm532GiveGC0ZK"], "artistPop": [61, 88, 92], "genres": ["israeli pop", "jewish pop", "g funk", "gangster rap", "hip hop", "pop rap", "rap", "west coast rap", "atl hip hop", "atl trap", "rap", "trap"]}, "0cx4KCYlaHkp9BedyX6mTa": {"name": "Dead Homies", "coverArt": "https://i.scdn.co/image/ab67616d00001e02d695524e809187d07c7f0abc", "artist": ["Fenix Flexin"], "artistIds": ["63GIj2yhFvX1Bzphb9JgVb"], "artistPop": [69], "genres": ["cali rap"]}, "42p3DhJW9tC9YRvMsSd8VT": {"name": "The One", "coverArt": "https://i.scdn.co/image/ab67616d00001e028d83f9f0758e195b54a4030f", "artist": ["Stunna 4 Vegas"], "artistIds": ["44IvvHRk2XF243QLA2VOa8"], "artistPop": [65], "genres": ["trap"]}, "2oXYNuC2MyRIBEAuhVCIAz": {"name": "Teenager", "coverArt": "https://i.scdn.co/image/ab67616d00001e02719eb494cdac774cb9660a14", "artist": ["Superorganism", "CHAI", "Pi Ja Ma"], "artistIds": ["0Wkm45quqfx3NepJpXDvwE", "0NZsNnETGPWLKJj2Y0vpBx", "4Rvd84k54Bx41YK2kH3GoA"], "artistPop": [55, 51, 42], "genres": ["art pop", "japanese alternative rock", "french indie pop", "french indietronica"]}, "0vk4AYy92FJy72y2pQFWAJ": {"name": "Real", "coverArt": "https://i.scdn.co/image/ab67616d00001e027676d82eb187127b166980fb", "artist": ["ASTN"], "artistIds": ["7zkwepHPyac6tCYl0fL0co"], "artistPop": [67], "genres": ["bedroom soul", "chill r&b", "pop"]}, "03HYOtfzbzx0HPHMcfLFOe": {"name": "Oh Sorry Ya", "coverArt": "https://i.scdn.co/image/ab67616d00001e02a86abd5090b3fec2898a955a", "artist": ["SUNMI"], "artistIds": ["6MoXcK2GyGg7FIyxPU5yW6"], "artistPop": [67], "genres": ["k-pop"]}, "0B9aBa926M7kus4kDZyLEd": {"name": "New Day", "coverArt": "https://i.scdn.co/image/ab67616d00001e02eb2d10f576b459ee93a9b407", "artist": ["Alison Wonderland"], "artistIds": ["11gWrKZMBsGQWmobv3oNfW"], "artistPop": [63], "genres": ["aussietronica", "edm", "electra", "electro house", "electronic trap", "electropop", "escape room", "indietronica", "vapor twitch"]}, "2kHQScyzjnhhuBPQQ1AVfo": {"name": "Ugly", "coverArt": "https://i.scdn.co/image/ab67616d00001e02e1067fc9435d05ee011c07ee", "artist": ["Ella Henderson"], "artistIds": ["7nDsS0l5ZAzMedVRKPP8F1"], "artistPop": [75], "genres": ["dance pop", "pop", "pop dance", "talent show", "tropical house", "uk pop"]}, "2OfE3gVO974f6Vm9wqltl9": {"name": "All Loved Out", "coverArt": "https://i.scdn.co/image/ab67616d00001e023f6e0ea2f63125e4ec13c3b0", "artist": ["Patrick Droney"], "artistIds": ["78Rk1F0jGdipWWfrhyWwt3"], "artistPop": [63], "genres": ["indiecoustica", "nashville singer-songwriter", "neo mellow", "pop rock"]}, "6b97su2rHlDZm0aiyGQCaw": {"name": "Goodbye Mr. Blue", "coverArt": "https://i.scdn.co/image/ab67616d00001e0266b9d12969305730b2476edd", "artist": ["Father John Misty"], "artistIds": ["2kGBy2WHvF0VdZyqiVCkDT"], "artistPop": [65], "genres": ["chamber pop", "indie folk", "indie pop", "indie rock", "stomp and holler"]}, "1CONbh9I0awPEZ6VUVowW1": {"name": "SPF", "coverArt": "https://i.scdn.co/image/ab67616d00001e02d70555ca1d48b5dbbe1039c4", "artist": ["Felix Ames"], "artistIds": ["0UBIK7mjIJeYZ5qy6fUPG2"], "artistPop": [44], "genres": []}, "6QyNMgB28X9oCdz2rAEnp7": {"name": "Lately (with 6LACK)", "coverArt": "https://i.scdn.co/image/ab67616d00001e02a9d4658ba8371a166d98d52d", "artist": ["Eli Derby", "6LACK"], "artistIds": ["6Zyna13TkHdrEc4NFljS9u", "4IVAbR2w4JJNJDDRFP3E83"], "artistPop": [50, 81], "genres": ["alternative r&b", "atl hip hop", "hip hop", "melodic rap", "r&b", "rap", "trap"]}, "0zkOra5e9BZHIdK91pgKXP": {"name": "With The Villains", "coverArt": "https://i.scdn.co/image/ab67616d00001e02f6b9da1d9ad84fd76e0918d9", "artist": ["Tanna Leone"], "artistIds": ["1bPYCoigTRLOQwNfjpwmff"], "artistPop": [31], "genres": []}, "2Nqxtt1W2iSsqKGNL5XsN1": {"name": "Wannabe - Spotify Singles", "coverArt": "https://i.scdn.co/image/ab67616d00001e02d04d23eb73cb076ef0c73cf0", "artist": ["Bruses"], "artistIds": ["5bRLeMl4Tnozmg9wR1pY7y"], "artistPop": [62], "genres": ["indie triste"]}, "4ztgjcOsR0HGsm1vkzh0Ky": {"name": "Sunday (feat. Snoop Dogg)", "coverArt": "https://i.scdn.co/image/ab67616d00001e0228a8c70a993043ea0653b047", "artist": ["Ben Rector", "Snoop Dogg"], "artistIds": ["4AapPt7H6bGH4i7chTulpI", "7hJcb9fa4alzcOq3EaNPoG"], "artistPop": [67, 88], "genres": ["acoustic pop", "indiecoustica", "lds youth", "neo mellow", "piano rock", "pop rock", "g funk", "gangster rap", "hip hop", "pop rap", "rap", "west coast rap"]}, "6ie3zhD4Yyrz35wCouSk8T": {"name": "Another Falling Star", "coverArt": "https://i.scdn.co/image/ab67616d00001e02753e21db8a6c5fca23c54e96", "artist": ["Ben Abraham"], "artistIds": ["3FfbgiZhcCkoiI7IzOwXlI"], "artistPop": [53], "genres": ["indie anthem-folk"]}, "1a5KFrCyfZLa6EeOU6kr7S": {"name": "Higher", "coverArt": "https://i.scdn.co/image/ab67616d00001e02dfe97c5078b939f5596bb246", "artist": ["Michael Bubl\u00e9"], "artistIds": ["1GxkXlMwML1oSg5eLPiAz3"], "artistPop": [78], "genres": ["adult standards", "canadian pop", "jazz pop", "lounge"]}, "7dlCAK8HdnI6UGHqZkfvJT": {"name": "Broken Halos", "coverArt": "https://i.scdn.co/image/ab67616d00001e024f582a7765b766fac982283a", "artist": ["for KING & COUNTRY"], "artistIds": ["3sDbKMebVH2VYcRSl7u1VC"], "artistPop": [69], "genres": ["ccm", "christian alternative rock", "christian indie", "christian music", "world worship", "worship"]}, "0QFGZqqB1KDpOtyL3vXMXo": {"name": "Believe", "coverArt": "https://i.scdn.co/image/ab67616d00001e02a4499d1df218015e15baa311", "artist": ["Caamp"], "artistIds": ["0wyMPXGfOuQzNR54ujR9Ix"], "artistPop": [70], "genres": ["indie folk", "stomp and holler"]}, "6hRY7o0sJeAHmlbgrWVl8J": {"name": "RBS (Rich Bish Shit)", "coverArt": "https://i.scdn.co/image/ab67616d00001e0260fba59a8f99983861138703", "artist": ["BRS Kash"], "artistIds": ["5jJjvmEwRr8epuGZq4eUUa"], "artistPop": [55], "genres": []}, "3bU77XsRmbVmNekjx3DocH": {"name": "Good Time", "coverArt": "https://i.scdn.co/image/ab67616d00001e02f2493b51d061aecd22031792", "artist": ["Tailz."], "artistIds": ["49ckNZa4dIW3UluuEW2EC1"], "artistPop": [30], "genres": []}, "30VNqIVJx9ONVBNJorbemZ": {"name": "GUCCI FENDI", "coverArt": "https://i.scdn.co/image/ab67616d00001e02e57fe7be3b27a61d80c0dffd", "artist": ["Justin Quiles", "Eladio Carrion"], "artistIds": ["14zUHaJZo1mnYtn6IBRaRP", "5XJDexmWFLWOkjOEjOVX3e"], "artistPop": [88, 84], "genres": ["latin", "reggaeton", "trap latino", "trap boricua", "trap latino", "trap triste"]}, "47CgO81InO20CWqKR7bfWC": {"name": "Oro Negro", "coverArt": "https://i.scdn.co/image/ab67616d00001e028a3aa1294ad2ed4f9df65217", "artist": ["Andrekza"], "artistIds": ["7K2ZrWY8iteGlM7G4V9B0s"], "artistPop": [34], "genres": []}, "2cAYjs1WvosMFadzTDmmzD": {"name": "It's A Killa", "coverArt": "https://i.scdn.co/image/ab67616d00001e029b84d8aa3fcd46505e615372", "artist": ["FISHER", "Shermanology"], "artistIds": ["1VJ0briNOlXRtJUAzoUJdt", "4Siyzg8kWayQfPQsPSl6JI"], "artistPop": [70, 59], "genres": ["australian house", "house", "dutch house", "house"]}, "4iLavMOMViSouoJ5TY0ga5": {"name": "Cryo", "coverArt": "https://i.scdn.co/image/ab67616d00001e021da10c987867658f5940ea56", "artist": ["INNA"], "artistIds": ["2w9zwq3AktTeYYMuhMjju8"], "artistPop": [74], "genres": ["dance pop", "romanian house", "romanian pop"]}, "5lnl3Ssiu8aYTDTmgdcItA": {"name": "Who Am I But Someone", "coverArt": "https://i.scdn.co/image/ab67616d00001e029ff910b5da12a3b6461eb6da", "artist": ["Kate Bollinger"], "artistIds": ["4eArh1v6UwBbKkjdgHCned"], "artistPop": [50], "genres": ["charlottesville indie", "indie pop"]}, "70xCo0bPTDEKZFwgDzVUAv": {"name": "Beautiful Days", "coverArt": "https://i.scdn.co/image/ab67616d00001e0206c17ec69acededb490fcaa9", "artist": ["Ego Ella May"], "artistIds": ["7ANeFdhioipksT9lqg0Ay6"], "artistPop": [47], "genres": ["alternative r&b", "chill r&b", "indie jazz", "indie r&b", "indie soul", "neo r&b", "uk contemporary r&b"]}, "5L8RiA5CZQ0caDPrZBuPsx": {"name": "Flames", "coverArt": "https://i.scdn.co/image/ab67616d00001e02a115ade34fb2b6bfabc365c5", "artist": ["Donzell Taggart"], "artistIds": ["7tuipejn8aqFgqhhSEX5oJ"], "artistPop": [32], "genres": []}, "1ExEbycXUKSaC6gLNMcNmm": {"name": "Tick Tock", "coverArt": "https://i.scdn.co/image/ab67616d00001e02e568be96ee4fdedf48b91e95", "artist": ["Boza"], "artistIds": ["2NfSBtmWe7oPw1EmetJVso"], "artistPop": [76], "genres": ["latin", "latin pop", "reggaeton", "trap latino"]}, "1ZeNNGi93weFVbOHdmTB6F": {"name": "Beauty In The Madness", "coverArt": "https://i.scdn.co/image/ab67616d00001e025d7aa5fb9cab11d24807d6a7", "artist": ["Rexx Life Raj", "Fireboy DML", "Wale"], "artistIds": ["5rDXcEIODl8TgGTgrntnjX", "75VKfyoBlkmrJFDqo1o2VY", "67nwj3Y5sZQLl72VNUHEYE"], "artistPop": [63, 77, 77], "genres": ["alternative r&b", "cali rap", "pop rap", "trap soul", "underground hip hop", "gangster rap", "hip hop", "pop", "pop rap", "r&b", "rap", "southern hip hop", "trap", "urban contemporary"]}, "1JixF2WqbP3LyiroGiRyog": {"name": "Pain Killers", "coverArt": "https://i.scdn.co/image/ab67616d00001e02512a314c6195dafea6e40d2a", "artist": ["Key Glock"], "artistIds": ["0RESbWvOMyua0yuyVrztJ5"], "artistPop": [79], "genres": ["hip hop", "memphis hip hop", "rap", "southern hip hop", "tennessee hip hop", "trap"]}, "3aXFgq1C1bwPCFQOgGPuPA": {"name": "10 More Commandments (feat. Diddy)", "coverArt": "https://i.scdn.co/image/ab67616d00001e026f7e02a599bf17973444fdee", "artist": ["Benny The Butcher", "Diddy"], "artistIds": ["5Matrg5du62bXwer29cU5T", "59wfkuBoNyhDMQGCljbUbA"], "artistPop": [73, 76], "genres": ["boom bap", "buffalo hip hop", "hip hop", "rap", "southern hip hop", "underground hip hop", "upstate ny rap", "dance pop", "east coast hip hop", "hip hop", "hip pop", "pop rap", "r&b", "rap"]}, "3qcth5GYMyx9DhMEGKN98f": {"name": "underground pleasure", "coverArt": "https://i.scdn.co/image/ab67616d00001e02012a25bcab840f016cf91486", "artist": ["Hether"], "artistIds": ["5O35zGUolf87RATk2NgSD3"], "artistPop": [50], "genres": ["bedroom pop", "indie garage rock", "indie r&b", "modern indie pop"]}, "6Ql7rNuoP90aIdgwQkPYBP": {"name": "Synchronize", "coverArt": "https://i.scdn.co/image/ab67616d00001e02e7b4edb81735e39370600c50", "artist": ["Milky Chance"], "artistIds": ["1hzfo8twXdOegF3xireCYs"], "artistPop": [75], "genres": ["german pop"]}, "5ZZfo37znoAbkxbrt5YvJD": {"name": "Watcher In The Sky", "coverArt": "https://i.scdn.co/image/ab67616d00001e0239df655040aa0f194c6d2972", "artist": ["Ghost"], "artistIds": ["1Qp56T7n950O3EGMsSl81D"], "artistPop": [75], "genres": ["hard rock", "metal"]}, "5Y8LjJ9Riiw8i5d6D06fYS": {"name": "Part Of Me", "coverArt": "https://i.scdn.co/image/ab67616d00001e0233ccb546bc77361ea5ba2431", "artist": ["Nia Archives"], "artistIds": ["7BMR0fwtEvzGtK4rNGdoiQ"], "artistPop": [54], "genres": ["uk alternative hip hop"]}, "1KC3qyAfUfZ3k3Z1cwGGaP": {"name": "Un Buen D\u00eda", "coverArt": "https://i.scdn.co/image/ab67616d00001e02b8028442e1e65ca598b6e674", "artist": ["Leslie Grace"], "artistIds": ["6BeO1KuAWBqFriL1mLHtNc"], "artistPop": [66], "genres": ["bachata", "hollywood", "latin", "show tunes"]}, "4nYOh3kozGbtxwTEsBiMax": {"name": "Broke Nobody", "coverArt": "https://i.scdn.co/image/ab67616d00001e0236cb9ce7b08d7f068ef56223", "artist": ["RYL0"], "artistIds": ["4LwTWGYy9UJ1WYVkniVnSh"], "artistPop": [26], "genres": ["hyperpop"]}, "4cL8QGCssHgLZPW3QmKuT6": {"name": "Cry in the Mirror", "coverArt": "https://i.scdn.co/image/ab67616d00001e02c5670b8c2f8afbd5964c6670", "artist": ["Daisy the Great"], "artistIds": ["0SrIPejckovMwhrN3MZFPB"], "artistPop": [60], "genres": ["brooklyn indie", "indie pop"]}, "188d9yxQ59ZUuHnJ927vXM": {"name": "cool water", "coverArt": "https://i.scdn.co/image/ab67616d00001e025d42f68cb8f39c3313f214ce", "artist": ["dayaway"], "artistIds": ["6doiARNekKDdYtgBXIE5tX"], "artistPop": [20], "genres": []}}