{"00Blm7zeNqgYLPtW6zg8cj": {"name": "One Right Now (with The Weeknd)", "coverArt": "https://i.scdn.co/image/ab67616d00001e0243859d08fd2e070a23d4f9d4", "artist": ["Post Malone", "The Weeknd"], "artistIds": ["246dkjvS1zLTtiykXe5h60", "1Xyo4u8uXC1ZmMpatF05PJ"], "artistPop": [91, 96], "genres": ["dfw rap", "melodic rap", "rap", "canadian contemporary r&b", "canadian pop", "pop"]}, "4R67rQNSbbsR4TdUVOIdez": {"name": "ESCAPE PLAN", "coverArt": "https://i.scdn.co/image/ab67616d00001e021ba5d49b38bcabc22d48da6f", "artist": ["Travis Scott"], "artistIds": ["0Y5tJX1MQlPlqiwlOH1tJY"], "artistPop": [93], "genres": ["rap", "slap house"]}, "08SB2OtZkaliju77WYEKxk": {"name": "No Love (with SZA)", "coverArt": "https://i.scdn.co/image/ab67616d00001e02cd4fbef085542cb698fd598c", "artist": ["Summer Walker", "SZA"], "artistIds": ["57LYzLEk2LcFghVwuWbcuS", "7tYKF4w9nC0nq9CsPZTHyP"], "artistPop": [80, 87], "genres": ["pop", "pop rap", "r&b", "pop", "r&b", "rap"]}, "4iN16F8JtVxG2UTzp3avGl": {"name": "Smokin Out The Window", "coverArt": "https://i.scdn.co/image/ab67616d00001e02ca1fa2ec5795f48e610dc058", "artist": ["Bruno Mars", "Anderson .Paak", "Silk Sonic"], "artistIds": ["0du5cEVh5yTK9QJze8zA0C", "3jK9MiCrA42lLAdMGUZpwa", "6PvvGcCY2XtUcSRld1Wilr"], "artistPop": [91, 82, 77], "genres": ["dance pop", "pop", "escape room"]}, "2JvWoj5bTklsb6fPzRfZ3x": {"name": "New Shapes (feat. Christine and the Queens and Caroline Polachek)", "coverArt": "https://i.scdn.co/image/ab67616d00001e02ae73ba2982c1f8d7bc505c1b", "artist": ["Charli XCX", "Christine and the Queens", "Caroline Polachek"], "artistIds": ["25uiPmTg16RbhZWAqwLBy5", "04vj3iPUiVh5melWr0w3xT", "4Ge8xMJNwt6EEXOzVXju9a"], "artistPop": [82, 62, 62], "genres": ["art pop", "candy pop", "dance pop", "electropop", "hyperpop", "metropopolis", "pop", "post-teen pop", "uk pop", "art pop", "electro-pop francais", "electropop", "metropopolis", "shimmer pop", "art pop", "dance pop", "electropop", "escape room", "hyperpop", "indie pop", "indietronica", "pop"]}, "18asYwWugKjjsihZ0YvRxO": {"name": "The Motto", "coverArt": "https://i.scdn.co/image/ab67616d00001e026b64f7a7e0e7af3d604ab41e", "artist": ["Ti\u00ebsto", "Ava Max"], "artistIds": ["2o5jDhtHVPhrJdv3cEQ99Z", "4npEfmQ6YuiwW1GpUmaq3F"], "artistPop": [86, 84], "genres": ["big room", "brostep", "dance pop", "dutch edm", "edm", "house", "pop", "pop dance", "slap house", "trance", "tropical house", "dance pop", "pop"]}, "1z7LV5wkExwW8YJk0IrPUA": {"name": "Jumpin (feat. Polo G)", "coverArt": "https://i.scdn.co/image/ab67616d00001e02dc8725366774582754652880", "artist": ["NLE Choppa", "Polo G"], "artistIds": ["0ErzCpIMyLcjPiwT4elrtZ", "6AgTAQt8XS6jRWi4sX7w49"], "artistPop": [79, 90], "genres": ["memphis hip hop", "chicago rap"]}, "08F16baYbciTva9P4BvpiI": {"name": "MAFIA", "coverArt": "https://i.scdn.co/image/ab67616d00001e021ba5d49b38bcabc22d48da6f", "artist": ["Travis Scott"], "artistIds": ["0Y5tJX1MQlPlqiwlOH1tJY"], "artistPop": [93], "genres": ["rap", "slap house"]}, "0YMe6PHRbeDcN7KJdCG0bW": {"name": "The Dress", "coverArt": "https://i.scdn.co/image/ab67616d00001e02a68442f97c3ad2dcba0beae6", "artist": ["Dijon"], "artistIds": ["0knGpCTbmG4ctl1wzYRZs4"], "artistPop": [60], "genres": ["alternative r&b", "bedroom soul", "chill r&b", "indie r&b"]}, "188rKyWMsC4WsKKZ85lnUO": {"name": "Hold No Grudge - Bonus Track", "coverArt": "https://i.scdn.co/image/ab67616d00001e02a5603d487cfa2c30a05cdfaa", "artist": ["Lorde"], "artistIds": ["163tK9Wjr9P9DmM0AVK7lm"], "artistPop": [82], "genres": ["art pop", "dance pop", "electropop", "metropopolis", "nz pop", "pop"]}, "6RT5ir7all6RgZEAupLNlO": {"name": "Bad Life (feat. Kali Uchis)", "coverArt": "https://i.scdn.co/image/ab67616d00001e02700dbd6a79eccf6cb04ecd54", "artist": ["Omar Apollo", "Kali Uchis"], "artistIds": ["5FxD8fkQZ6KcsSYupDVoSO", "1U1el3k54VvEUzo3ybLPlM"], "artistPop": [68, 84], "genres": ["alternative r&b", "bedroom pop", "bedroom soul", "chill r&b", "indie r&b", "pop", "r&b", "colombian pop", "pop"]}, "7onHzHeOVE3M9p0tNKQbXc": {"name": "NEO", "coverArt": "https://i.scdn.co/image/ab67616d00001e026f39a467cf4f4575127415b6", "artist": ["Amin\u00e9"], "artistIds": ["3Gm5F95VdRxW3mqCn8RPBJ"], "artistPop": [75], "genres": ["hip hop", "pop", "portland hip hop", "rap", "underground hip hop"]}, "06cK6iwM27beDMNd9wNc7e": {"name": "Soufside", "coverArt": "https://i.scdn.co/image/ab67616d00001e02a611e4a7074c3f0de67cf95d", "artist": ["Latto"], "artistIds": ["3MdXrJWsbVzdn6fe5JYkSQ"], "artistPop": [70], "genres": ["pop", "pop r&b", "pop rap", "r&b", "trap queen"]}, "31MQR9rOHRXyg4J01hRY1h": {"name": "Fall in Love with You.", "coverArt": "https://i.scdn.co/image/ab67616d00001e027c6f690c4d0b60ba6ea7ec18", "artist": ["Montell Fish"], "artistIds": ["5nvWOyAkfNgVLKESq4fOj2"], "artistPop": [63], "genres": ["pittsburgh rap"]}, "280MV4FuB5uusjx8wj1dpt": {"name": "the older you get, the less you cry", "coverArt": "https://i.scdn.co/image/ab67616d00001e02f8fdc3086b9bfbf3e20ce494", "artist": ["LANY"], "artistIds": ["49tQo2QULno7gxHutgccqF"], "artistPop": [80], "genres": ["la pop", "pop"]}, "1fff5nZGyRJtFLkOrSSwOU": {"name": "Slow Down Summer", "coverArt": "https://i.scdn.co/image/ab67616d00001e02428ace1066496948962b4618", "artist": ["Thomas Rhett"], "artistIds": ["6x2LnllRG5uGarZMsD4iO8"], "artistPop": [78], "genres": ["contemporary country", "country", "country road", "modern country rock"]}, "38XLUjlR84JEwK0SOvX77a": {"name": "Let's go to Hell", "coverArt": "https://i.scdn.co/image/ab67616d00001e02f31d7b5f102a6f2da7c80a48", "artist": ["Tai Verdes"], "artistIds": ["2kCO8LXN1usaOPL3iEE28I"], "artistPop": [76], "genres": ["modern indie pop"]}, "7cZxllNvqJrFaU4op9YvK6": {"name": "HIGH", "coverArt": "https://i.scdn.co/image/ab67616d00001e022ee1af60703c55e71b0d560b", "artist": ["PnB Rock", "DJ Luke Nasty"], "artistIds": ["21WS9wngs9AqFckK7yYJPM", "1yZwlOVsfrp4wb6d29KkGM"], "artistPop": [76, 57], "genres": ["melodic rap", "pop rap", "r&b", "rap", "southern hip hop", "trap", "vapor trap", "north carolina hip hop", "trap"]}, "1h30YmutXoFXcSruha08zj": {"name": "M\u00e1quina del Tiempo", "coverArt": "https://i.scdn.co/image/ab67616d00001e02df0b90b83d8f39c239568514", "artist": ["Dalex", "Rauw Alejandro", "Lyanno"], "artistIds": ["0KPX4Ucy9dk82uj4GpKesn", "1mcTU81TzQhprhouKaTkpq", "1Ts9of7VPZElwPQnqnDSfW"], "artistPop": [82, 94, 78], "genres": ["latin", "r&b en espanol", "reggaeton", "trap latino", "puerto rican pop", "trap latino", "latin", "reggaeton", "reggaeton flow", "trap boricua", "trap latino"]}, "2N9fGz3nPXci2w80p1lQIW": {"name": "Between Us", "coverArt": "https://i.scdn.co/image/ab67616d00001e02b3db25a40fc9cd92d0b16132", "artist": ["Little Mix"], "artistIds": ["3e7awlrlDSwF3iM0WBjGMp"], "artistPop": [84], "genres": ["dance pop", "girl group", "pop", "post-teen pop", "talent show", "uk pop"]}, "0xEIY4zMquic0MRv9lSekG": {"name": "Scared - from the \"Bruised\" Soundtrack", "coverArt": "https://i.scdn.co/image/ab67616d00001e026fa385a9bbf7481b2360c6f8", "artist": ["City Girls", "Bruised Soundtrack"], "artistIds": ["37hAfseJWi0G3Scife12Il", "0CHgnpcHB0yfcUfJ3bdI3W"], "artistPop": [75, 0], "genres": ["dance pop", "pop", "pop rap", "r&b", "scam rap", "trap queen"]}, "0Q3DprZOlvkOWlC3pmr5Mx": {"name": "Panicking", "coverArt": "https://i.scdn.co/image/ab67616d00001e02d0c378f27ed121ea9b5a3727", "artist": ["French Montana", "Fivio Foreign"], "artistIds": ["6vXTefBL93Dj5IqAWq6OTv", "14CHVeJGrR5xgUGQFV5BVM"], "artistPop": [80, 77], "genres": ["gangster rap", "hip hop", "pop", "pop rap", "rap", "southern hip hop", "trap", "brooklyn drill", "new york drill", "rap", "trap"]}, "4SRkixF643LgySLh8owTkJ": {"name": "Dadada", "coverArt": "https://i.scdn.co/image/ab67616d00001e026eb6b97893bedf0e33a0b3fd", "artist": ["Trevor Daniel"], "artistIds": ["7uaIm6Pw7xplS8Dy06V6pT"], "artistPop": [74], "genres": ["alternative r&b", "melodic rap", "pop", "pop rap"]}, "12e5rUktNoga7mdtziCw33": {"name": "Deja Vu", "coverArt": "https://i.scdn.co/image/ab67616d00001e02b4158166c72d2b6c84a37dd7", "artist": ["James Arthur"], "artistIds": ["4IWBUUAFIplrNtaOHcJPRM"], "artistPop": [84], "genres": ["pop", "talent show", "uk pop"]}, "4MDDOpA7BwGDjYclTmCTVw": {"name": "Wake Me Up", "coverArt": "https://i.scdn.co/image/ab67616d00001e02161b4d8c126ba6f3f21c0bd6", "artist": ["Foals"], "artistIds": ["6FQqZYVfTNQ1pCqfkwVFEa"], "artistPop": [67], "genres": ["alternative dance", "indie rock", "modern alternative rock", "modern rock", "new rave", "oxford indie", "rock"]}, "3OFAd3QrT4Ftb70SnqeHFO": {"name": "Drive - Live At Electric Lady", "coverArt": "https://i.scdn.co/image/ab67616d00001e028e5fa83898ec851b2212d5c4", "artist": ["Bleachers"], "artistIds": ["2eam0iDomRHGBypaDQLwWI"], "artistPop": [68], "genres": ["double drumming", "indie pop", "indie poptimism", "modern alternative rock", "modern rock", "pop rock"]}, "3PUvGiVhw2lLV6YOHsu89h": {"name": "Circles", "coverArt": "https://i.scdn.co/image/ab67616d00001e029d6543d20bec7dbba273d1aa", "artist": ["iann dior"], "artistIds": ["6ASri4ePR7RlsvIQgWPJpS"], "artistPop": [84], "genres": ["melodic rap", "pop rap"]}, "2cyD0OE6HQwSk2nmDcQx1O": {"name": "New Tooth", "coverArt": "https://i.scdn.co/image/ab67616d00001e02f69438d7a9328cf79c1387f9", "artist": ["Rich Brian"], "artistIds": ["2IDLDx25HU1nQMKde4n61a"], "artistPop": [79], "genres": ["indonesian hip hop"]}, "4fcbxnnfUycb7fJAInJOob": {"name": "Your Song Saved My Life - From Sing 2", "coverArt": "https://i.scdn.co/image/ab67616d00001e0208772b817e93bfaada4fcd75", "artist": ["U2"], "artistIds": ["51Blml2LZPmy7TTiAg47vQ"], "artistPop": [81], "genres": ["irish rock", "permanent wave", "rock"]}, "46OKHucGhjhskazqD8tKnH": {"name": "When You Danced With Me", "coverArt": "https://i.scdn.co/image/ab67616d00001e02dc59cbb07b1064fc3f57b2a1", "artist": ["ABBA"], "artistIds": ["0LcJLqbBmaGUft1e9Mm8HV"], "artistPop": [84], "genres": ["europop", "swedish pop"]}, "6miahXSZE01l2lNDqNCfxQ": {"name": "Prada", "coverArt": "https://i.scdn.co/image/ab67616d00001e02715de2519d12d08ed0c27749", "artist": ["Arca"], "artistIds": ["4SQdUpG4f7UbkJG3cJ2Iyj"], "artistPop": [62], "genres": ["ai", "art pop", "dance pop", "deconstructed club", "electropop", "escape room", "experimental pop", "fluxwork", "pop"]}, "5Xks4meWbkd8vjWsxqYeNF": {"name": "Doctor (feat. Lil Tjay)", "coverArt": "https://i.scdn.co/image/ab67616d00001e02ca9f6a511d70cbbb4c482ef2", "artist": ["Hotboii", "Lil Tjay"], "artistIds": ["220xv2aB3dsGxaJI1gGs7l", "6jGMq4yGs7aQzuGsMgVgZR"], "artistPop": [66, 86], "genres": ["florida rap", "pop rap", "brooklyn drill", "melodic rap", "nyc rap"]}, "0RgClWZ50CVGxKCNRYooBD": {"name": "Splash", "coverArt": "https://i.scdn.co/image/ab67616d00001e020750e8a98d0e6fcd8dd5820c", "artist": ["Bobby Shmurda"], "artistIds": ["34Y0ldeyUv7jBvukWOGASO"], "artistPop": [67], "genres": ["nyc rap", "rap", "trap"]}, "3onuWjUbFaNSdAMD5Z2UOQ": {"name": "This Morning (feat. Arin Ray & Smino)", "coverArt": "https://i.scdn.co/image/ab67616d00001e0248b8a1744d1166c4e48b2cfb", "artist": ["Terrace Martin", "Arin Ray", "Smino"], "artistIds": ["7MNEVabc4cs19CbzAFZmXz", "6TvjXbopXg71XRM9OZWqUc", "1ybINI1qPiFbwDXamRtwxD"], "artistPop": [64, 58, 71], "genres": ["alternative r&b", "indie jazz", "indie soul", "alternative r&b", "chill r&b", "indie r&b", "indie soul", "pop r&b", "r&b", "trap soul", "alternative r&b", "hip hop", "rap", "underground hip hop"]}, "7n7ZuzfTUJEvo7cZJVvCwd": {"name": "Rich Kids", "coverArt": "https://i.scdn.co/image/ab67616d00001e02b5db4499b261945db636c704", "artist": ["Aiyana-Lee"], "artistIds": ["2IZXxSIGhFtkHJyMh6UTln"], "artistPop": [43], "genres": []}, "2PH533J1xudlfZ5GaHAdVX": {"name": "Se\u00f1or Juez", "coverArt": "https://i.scdn.co/image/ab67616d00001e02a59b2936e2e0fa1cab92ce35", "artist": ["Ozuna", "Anthony Santos"], "artistIds": ["1i8SpTcr7yvPOmcqrbnVXY", "06TVTkMAOR935MhkjX0i2A"], "artistPop": [91, 63], "genres": ["latin", "puerto rican pop", "reggaeton", "trap latino", "bachata", "bachata dominicana", "dominican pop", "latin", "tropical"]}, "5tQnoZNXlKBXlnu3rSVGZl": {"name": "Get Out Get Hurt", "coverArt": "https://i.scdn.co/image/ab67616d00001e02484d2402e2d425ac2c87ec3c", "artist": ["Don Diablo", "Gabrielle Aplin"], "artistIds": ["1l2ekx5skC4gJH8djERwh1", "3w6zswp5THsSKYLICUbDTZ"], "artistPop": [73, 66], "genres": ["dance pop", "edm", "electro house", "future house", "house", "pop dance", "progressive electro house", "tropical house", "acoustic pop", "alt z", "electropop", "indie poptimism", "neo mellow", "neo-singer-songwriter", "pop", "pop rock", "uk pop", "viral pop"]}, "56P7blUafQK9P8LKda9Y6P": {"name": "Stupid Boy (feat. Big Freedia)", "coverArt": "https://i.scdn.co/image/ab67616d00001e022e47ae9cae04ba1e93fd4a8b", "artist": ["Slayyyter", "Big Freedia"], "artistIds": ["4QM5QCHicznALtX885CnZC", "2gyv1akuIB9fQvXoGSPaJr"], "artistPop": [60, 54], "genres": ["art pop", "dance pop", "electropop", "escape room", "hyperpop", "pop", "bounce", "escape room", "lgbtq+ hip hop", "new orleans rap", "trap queen"]}, "1RBIzko2PMY5CP0d3MIkwl": {"name": "Scooter", "coverArt": "https://i.scdn.co/image/ab67616d00001e020fb6d4857bd587c629dce57e", "artist": ["Lolo Zoua\u00ef"], "artistIds": ["2qDIR2WlcW3llkGqJWg9VJ"], "artistPop": [56], "genres": ["pop"]}, "6sy5XzSPzBB5JuJ9berpu3": {"name": "R.I.P.", "coverArt": "https://i.scdn.co/image/ab67616d00001e020c7be078e0e107c3eee38a5d", "artist": ["Amy Allen"], "artistIds": ["4Ebm2DC4Spo173X85D1n5x"], "artistPop": [43], "genres": ["gen z singer-songwriter"]}, "650A0ErUKCd1d8Imckr7qV": {"name": "Overplayed", "coverArt": "https://i.scdn.co/image/ab67616d00001e0233d13e44e411f3fceff47556", "artist": ["Thomas Day"], "artistIds": ["5TwUXL3I6RaLckHy8le2Hq"], "artistPop": [41], "genres": ["gen z singer-songwriter"]}, "7xNYZeFtrB05pi9tc6lEeb": {"name": "Pick Me Up", "coverArt": "https://i.scdn.co/image/ab67616d00001e0247c1bb5f1a53ba1bb596d35a", "artist": ["Gabby Barrett"], "artistIds": ["6Iz3eq2aQGFf7TbGT2iahL"], "artistPop": [68], "genres": ["contemporary country"]}, "140d02skaVY4ABiW6irXom": {"name": "We Can Reach The Stars", "coverArt": "https://i.scdn.co/image/ab67616d00001e026fb49a66946ea34af2f5505e", "artist": ["Blake Shelton"], "artistIds": ["1UTPBmNbXNTittyMJrNkvw"], "artistPop": [75], "genres": ["contemporary country", "country", "country road", "oklahoma country"]}, "5yTpyXVKcB20zOGXU1ffgf": {"name": "Face Down In The Moment", "coverArt": "https://i.scdn.co/image/ab67616d00001e02bb2f27ac4ade940d5e6ed9d6", "artist": ["Nathaniel Rateliff & The Night Sweats"], "artistIds": ["02seUFsFQP7TH4hLrTj77o"], "artistPop": [64], "genres": ["funk", "indie folk", "modern blues rock", "rock", "stomp and holler"]}, "6zc5BnlGNETdLqsu2gK3y2": {"name": "Follow Me Around", "coverArt": "https://i.scdn.co/image/ab67616d00001e02a821d73808dd821c5e6ed578", "artist": ["Radiohead"], "artistIds": ["4Z8W4fKeB5YxbusRsdQVPb"], "artistPop": [81], "genres": ["alternative rock", "art rock", "melancholia", "oxford indie", "permanent wave", "rock"]}, "2BzAGK3lEZAQz5cU0Ae1wd": {"name": "Flowers (Say My Name)", "coverArt": "https://i.scdn.co/image/ab67616d00001e02a1a7cce05255e08fea9d6aba", "artist": ["ArrDee"], "artistIds": ["7m0BsF0t3K9WQFgKoPejfk"], "artistPop": [74], "genres": ["uk hip hop"]}, "6SDAOIs8wLJvhEXcIMgm5f": {"name": "Something Bout Me", "coverArt": "https://i.scdn.co/image/ab67616d00001e0266365ff312ca2679804342db", "artist": ["Key Glock"], "artistIds": ["0RESbWvOMyua0yuyVrztJ5"], "artistPop": [77], "genres": ["hip hop", "memphis hip hop", "rap", "southern hip hop", "tennessee hip hop", "trap"]}, "6fSRCnfSfTBCbgoa6Nwhim": {"name": "Wreck (feat. Big Sean)", "coverArt": "https://i.scdn.co/image/ab67616d00001e02aba0dea4ad052f0658afb152", "artist": ["2 Chainz", "Big Sean"], "artistIds": ["17lzZA2AlOHwCwFALHttmp", "0c173mlxpT3dSFRgMO8XPh"], "artistPop": [81, 84], "genres": ["atl hip hop", "gangster rap", "hip hop", "pop rap", "rap", "southern hip hop", "trap", "detroit hip hop", "hip hop", "pop", "pop rap", "rap", "southern hip hop", "trap"]}, "0FiwMxsaV8SNBnjmZkHHra": {"name": "On Guard (feat. 6lack)", "coverArt": "https://i.scdn.co/image/ab67616d00001e02411071d9d30a557d878844d3", "artist": ["Lauren Jauregui", "6LACK"], "artistIds": ["3J0BpFVUc9LeOIVeN5uNhU", "4IVAbR2w4JJNJDDRFP3E83"], "artistPop": [63, 81], "genres": ["pop", "post-teen pop", "r&b", "alternative r&b", "atl hip hop", "hip hop", "melodic rap", "pop rap", "r&b", "rap", "trap"]}, "1haivuHgqfSo4KMfXFEiZH": {"name": "Room For You - Original Song from Clifford The Big Red Dog", "coverArt": "https://i.scdn.co/image/ab67616d00001e022440d3eb25f8a3d97a57a014", "artist": ["Madison Beer"], "artistIds": ["2kRfqPViCqYdSGhYSM9R0Q"], "artistPop": [79], "genres": ["alt z", "dance pop", "electropop", "pop", "post-teen pop"]}, "16k7sLX58uNRKuueVzG6jy": {"name": "Strangers", "coverArt": "https://i.scdn.co/image/ab67616d00001e02a142bee0486bede7c6f9897a", "artist": ["Audrey Mika"], "artistIds": ["3JDG63cSaK3xgDnB2H55Xp"], "artistPop": [64], "genres": ["chill r&b"]}, "5PMp84lVFm0SWEWOx1aQsw": {"name": "Call Me A Dreamer", "coverArt": "https://i.scdn.co/image/ab67616d00001e025c1a6f48e2f864e4be560d6d", "artist": ["Kings Elliot"], "artistIds": ["3iUGCPBBseYhEhwqCG7PNy"], "artistPop": [38], "genres": []}, "77fRc8iT858bzRdcR4k8T8": {"name": "Glory", "coverArt": "https://i.scdn.co/image/ab67616d00001e0244a07a3d9215d05d665a018a", "artist": ["Snail Mail"], "artistIds": ["4QkSD9TRUnMtI8Fq1jXJJe"], "artistPop": [60], "genres": ["art pop", "baltimore indie", "bubblegrunge", "indie pop", "indie rock"]}, "3orm4i9NmMXd1TgTxaW2zD": {"name": "Fearmonger (feat. Daoud)", "coverArt": "https://i.scdn.co/image/ab67616d00001e0289451320f4a8cb92e4076f07", "artist": ["Saba", "Daoud"], "artistIds": ["7Hjbimq43OgxaBRpFXic4x", "3IjXTlY32rk1WyTrmC1Tod"], "artistPop": [68, 0], "genres": ["alternative r&b", "chicago rap", "hip hop", "rap", "underground hip hop"]}, "6sAic1RifoLBsJApRomgkq": {"name": "Show Me Something", "coverArt": "https://i.scdn.co/image/ab67616d00001e021f6c3c96f09abe7c34f1326b", "artist": ["Malik Moses", "Bas"], "artistIds": ["5I2ctAF4nrkZcdvZSETLOB", "70gP6Ry4Uo0Yx6uzPIdaiJ"], "artistPop": [24, 73], "genres": ["hip hop", "queens hip hop", "rap", "sudanese pop", "underground hip hop"]}, "3XywSitawcRWnoIKdSlnlV": {"name": "Blockchain", "coverArt": "https://i.scdn.co/image/ab67616d00001e02ecfe78051930d21b630b59b0", "artist": ["Money Man"], "artistIds": ["3Rx4PJ7SP6unkOk5elPUK7"], "artistPop": [72], "genres": ["memphis hip hop", "rap", "southern hip hop", "trap"]}, "5DA10wRfycixAJMmi1aKqt": {"name": "Cool, Calm & Collected (feat. Swae Lee)", "coverArt": "https://i.scdn.co/image/ab67616d00001e02cb2b9d3353fb9f8890ed8cbb", "artist": ["Pressa", "Swae Lee"], "artistIds": ["5olrQpDroHT7sjmYWMLivy", "1zNqQNIdeOUZHb8zbZRFMX"], "artistPop": [59, 82], "genres": ["canadian hip hop", "melodic rap", "rap montrealais", "toronto rap", "trap", "melodic rap", "trap"]}, "2unANVj3AikR24GGTMAsoH": {"name": "Stroke (feat. Jeremih)", "coverArt": "https://i.scdn.co/image/ab67616d00001e0299aef6c42c3f0ceb71f065aa", "artist": ["IV4", "Jeremih"], "artistIds": ["7z1y0PfVnWsyNGLUsY0EtG", "3KV3p5EY4AvKxOlhGHORLg"], "artistPop": [25, 80], "genres": ["chicago rap", "dance pop", "hip hop", "pop", "pop rap", "r&b", "southern hip hop", "trap", "urban contemporary"]}, "1mrGEef8GuaEnDdw8J5BQp": {"name": "Anuel AA: Bzrp Music Session: Vol. 46", "coverArt": "https://i.scdn.co/image/ab67616d00001e02b6212d4cebf7880eea8edd03", "artist": ["Bizarrap", "Anuel AA"], "artistIds": ["716NhGYqD1jl2wI1Qkgq36", "2R21vXR83lH98kGeO99Y66"], "artistPop": [84, 89], "genres": ["argentine hip hop", "pop venezolano", "trap argentino", "trap latino", "latin", "reggaeton", "reggaeton flow", "trap boricua", "trap latino"]}, "2tsArM8er9gkqiN4XiaW3r": {"name": "Wherever You Go (feat. John Martin)", "coverArt": "https://i.scdn.co/image/ab67616d00001e021c4a90cd8c123466d5c187a2", "artist": ["Alok", "John Martin"], "artistIds": ["0NGAZxHanS9e0iNHpR8f2W", "2auikkNYqigWStoHWK1Grq"], "artistPop": [83, 70], "genres": ["electro house", "pop nacional", "slap house", "pop edm"]}, "50piv7yyFzysKQW18Q2z7s": {"name": "Tongue Tied (feat. Terror Jr)", "coverArt": "https://i.scdn.co/image/ab67616d00001e029c86f9f2beb9780df2c08700", "artist": ["Kito", "Terror Jr"], "artistIds": ["3FLUBwpAnaIlIKeaBfsxFe", "5QatamYwvUTOmMHW6WA0AG"], "artistPop": [65, 52], "genres": ["edm", "electra", "pop dance", "alt z", "electropop", "indie electropop", "indie poptimism", "metropopolis", "pop"]}, "3opvO9NAWqhopiwcPTQGaI": {"name": "Hello Gorgeous", "coverArt": "https://i.scdn.co/image/ab67616d00001e02026c4301049bf916b534afbe", "artist": ["Cian Ducrot"], "artistIds": ["49jTY62Cpw3RYo4dLuG43W"], "artistPop": [50], "genres": ["alt z", "irish pop"]}, "6VVqPBFZIbcmv14zNfOc13": {"name": "She Likes It (feat. Jake Scott)", "coverArt": "https://i.scdn.co/image/ab67616d00001e02f06b4ea830400504f33b9cf8", "artist": ["Russell Dickerson", "Jake Scott"], "artistIds": ["1E2AEtxaFaJtH0lO7kgNKw", "0DxPHf2flBAcV2SnZPg3SV"], "artistPop": [68, 65], "genres": ["contemporary country", "country", "country road", "modern country rock", "alt z", "indiecoustica", "neo mellow", "pop", "pop rock"]}, "7k4HVWYcyrsdv3IiIqozat": {"name": "Villain in Me", "coverArt": "https://i.scdn.co/image/ab67616d00001e02bdc2c513c441739c792ac0b5", "artist": ["Tenille Townes"], "artistIds": ["3TyeX0lk4B7k56ukfzEE0z"], "artistPop": [59], "genres": ["alberta country", "contemporary country", "country", "country pop"]}, "2aQXnLW2uQwZeRDUR23VTU": {"name": "Follow Me Into The Dark", "coverArt": "https://i.scdn.co/image/ab67616d00001e025d38212476c2a545ada5d54a", "artist": ["Hajaj"], "artistIds": ["08yjRkGm8KNsShKjtbEmt6"], "artistPop": [40], "genres": []}, "1OkW0tv1k3kNB0IXDN2oPL": {"name": "3D Feelings", "coverArt": "https://i.scdn.co/image/ab67616d00001e025fd6494b0df8d633e01f7cf7", "artist": ["Alfie Templeman"], "artistIds": ["6QzMY3tnu0m56eKUnr4uCF"], "artistPop": [60], "genres": ["indie pop", "modern alternative pop"]}, "0mPh3y1fgrZiWlhuNmPq5Y": {"name": "sims", "coverArt": "https://i.scdn.co/image/ab67616d00001e025cec838afc7a850aa8c30eda", "artist": ["corook"], "artistIds": ["1rNVlQNJSIESCd5mixdqMt"], "artistPop": [0], "genres": []}, "69zIlo9KqVoQjenSCh10Wb": {"name": "Repeat Caller", "coverArt": "https://i.scdn.co/image/ab67616d00001e02c0aab062b874475354d86615", "artist": ["Max Leone"], "artistIds": ["4VrJDwgmhD1aIenZwn7JpE"], "artistPop": [45], "genres": ["modern indie pop"]}, "0tvJnQb8U0Q6FUuJNpqNt8": {"name": "Get Better", "coverArt": "https://i.scdn.co/image/ab67616d00001e025039133fdfd1fad801a98fef", "artist": ["alt-J"], "artistIds": ["3XHO7cRUPCLOr6jwp8vsx5"], "artistPop": [74], "genres": ["indie rock", "modern rock"]}, "6giM7T99H6Xr4O2q4i4MQS": {"name": "Time and Time Again - Single Edit", "coverArt": "https://i.scdn.co/image/ab67616d00001e02bc94d96725c0553e68613c27", "artist": ["Bob Moses"], "artistIds": ["6LHsnRBUYhFyt01PdKXAF5"], "artistPop": [63], "genres": ["canadian electronic", "canadian house"]}, "2LnsEYFfPwk6ueO2OCBNLA": {"name": "The Antidote", "coverArt": "https://i.scdn.co/image/ab67616d00001e0298f487cc5ad776f43620cf2b", "artist": ["Simple Plan"], "artistIds": ["2p4FqHnazRucYQHyDCdBrJ"], "artistPop": [72], "genres": ["canadian pop punk", "canadian punk", "canadian rock", "pop punk"]}, "72Kc3s9sqNDruvVBYgRSVd": {"name": "2 MUCH (feat. Jasiah & KA$HDAMI)", "coverArt": "https://i.scdn.co/image/ab67616d00001e024eb4c5ccb326fc0eab01536b", "artist": ["Whethan", "Jasiah", "KA$HDAMI"], "artistIds": ["0vqJkZ0RpLZixt3lTmD8vP", "7502fDxg339jvGV08Jd4R0", "4YEl33ar2WlUSF94Yh9CCf"], "artistPop": [68, 67, 70], "genres": ["edm", "electropop", "indie poptimism", "pop", "vapor soul", "vapor twitch", "dark trap", "ohio hip hop", "underground hip hop", "viral rap", "aesthetic rap"]}, "0l6C8iB17ABkRIZ2Yjrw8J": {"name": "Dasani (feat. DC The Don and SEBii)", "coverArt": "https://i.scdn.co/image/ab67616d00001e022cb6597d5c3c71abec9aa350", "artist": ["Quadeca", "DC The Don", "SEBii"], "artistIds": ["3zz52ViyCBcplK0ftEVPSS", "3YYbAExunnHv5pW7GUZefk", "5fAix5NwfNgHQqYRrHIPxo"], "artistPop": [61, 59, 53], "genres": ["meme rap", "pop rap", "melodic rap", "vapor trap", "glitchcore", "hyperpop"]}, "6aFn4ITLUanXywMFPWK6XH": {"name": "SRT", "coverArt": "https://i.scdn.co/image/ab67616d00001e02fe5c5f08501609b432de3bf9", "artist": ["SpotemGottem"], "artistIds": ["3Y2MLcrD3ZQXRXmtn4fZQx"], "artistPop": [66], "genres": ["florida rap", "viral rap"]}, "7EIOxjEUOz4PErfcJGWFRo": {"name": "Judy", "coverArt": "https://i.scdn.co/image/ab67616d00001e02fb57de9c5ce5eb80ee742626", "artist": ["Soldier Kidd"], "artistIds": ["7BA072InWOjB1X7MZGOloy"], "artistPop": [59], "genres": ["florida rap"]}, "51m0quCwhyDTKflI5sH0uc": {"name": "Brand New (with Kill Jasper)", "coverArt": "https://i.scdn.co/image/ab67616d00001e02128c6973100fef7d5f902ce9", "artist": ["YSB Tril", "Kill Jasper"], "artistIds": ["79TnwjflPC7KqP9O4pXpDQ", "3Hxle1ifo8pdsakQ06MMUH"], "artistPop": [50, 47], "genres": ["north carolina hip hop", "sad rap", "indie hip hop"]}, "1eGkDjR41Cc4kXsC7Nzlfu": {"name": "I Guess", "coverArt": "https://i.scdn.co/image/ab67616d00001e02075c81eb1c9f3e9b9f2f3106", "artist": ["Yella Beezy"], "artistIds": ["7kwCkEJ384PWm0UQW3hxjS"], "artistPop": [61], "genres": ["dfw rap", "gangster rap", "houston rap", "pop rap", "rap", "southern hip hop", "trap"]}, "3J2k1thSgkkd3BOZSZPEuW": {"name": "Californication (Feels Like I'm Falling In Love)", "coverArt": "https://i.scdn.co/image/ab67616d00001e024d816d59379b32913515a425", "artist": ["Col3trane"], "artistIds": ["4hTL3jOgvZwOqegEZTOrCc"], "artistPop": [58], "genres": ["alternative r&b", "chill r&b", "indie r&b", "indie soul", "r&b", "trap soul", "uk contemporary r&b"]}, "3RZauEkvORMeP06npyaIYa": {"name": "Famous", "coverArt": "https://i.scdn.co/image/ab67616d00001e024148eebf7cfaf56f5d3bb144", "artist": ["Parcels"], "artistIds": ["3oKRxpszQKUjjaHz388fVA"], "artistPop": [67], "genres": ["aussietronica", "indie soul"]}, "7CwAaS3gJk0UXWL6gbpsmV": {"name": "Inch Off The Earth", "coverArt": "https://i.scdn.co/image/ab67616d00001e02a9250f0009b4b30230379f2f", "artist": ["Mindchatter"], "artistIds": ["1He0ZKninbT4FMEV9hUZKn"], "artistPop": [51], "genres": ["hyperpop", "indie soul", "vapor soul"]}, "7BuzrXNz1be3Ko6r77fGJK": {"name": "Doses", "coverArt": "https://i.scdn.co/image/ab67616d00001e02830aaa9cd01b9dbdeca24297", "artist": ["TheHxliday"], "artistIds": ["2e3LzbZx1VP4wBNFCaxZVD"], "artistPop": [52], "genres": ["sad rap", "vapor trap"]}, "5Cfh8D9E3CFEVj0LGjf9wU": {"name": "Crying In The Club", "coverArt": "https://i.scdn.co/image/ab67616d00001e023da32bbab4112960348c5eed", "artist": ["Serena Isioma"], "artistIds": ["6u6AbTVrbabv27DLcSrF8i"], "artistPop": [60], "genres": ["alternative r&b", "chill r&b", "indie r&b", "modern indie pop"]}, "3TSSJEpfQo6AbtvxlmUyVe": {"name": "Certified Fool", "coverArt": "https://i.scdn.co/image/ab67616d00001e02639dfaeb8f171fab47d3d6b4", "artist": ["Frances Forever"], "artistIds": ["5uuqghaOBgtv92jDyDveQl"], "artistPop": [59], "genres": ["bedroom pop", "indie pop"]}, "4LXuSaMzY515ubvtGnCvBi": {"name": "Strawberry Kisses", "coverArt": "https://i.scdn.co/image/ab67616d00001e02e5d3bf39e53f36d8cf75001a", "artist": ["Thomas Headon"], "artistIds": ["0dn62y7ayEAxcIcMcBWXIE"], "artistPop": [54], "genres": ["modern indie pop"]}, "4zzEp5WCNZaMZaCxZVWVMg": {"name": "bones", "coverArt": "https://i.scdn.co/image/ab67616d00001e02585f40e2210296ec547f454e", "artist": ["Camylio"], "artistIds": ["2Mf6MBoMOgpxxm3QuH9Tk4"], "artistPop": [56], "genres": ["gen z singer-songwriter"]}, "4jLiu89QIhVwAES7bvSpWk": {"name": "Just Kids", "coverArt": "https://i.scdn.co/image/ab67616d00001e0269bee79f5381bd5d3d6603c2", "artist": ["Zach Hood"], "artistIds": ["5aHlyw2WWqZW0HLICBuv7U"], "artistPop": [66], "genres": ["alt z", "gen z singer-songwriter"]}, "3FuBFn7jnMJWNufU61mSv4": {"name": "Home Videos", "coverArt": "https://i.scdn.co/image/ab67616d00001e0238af22858f4dfcf972af509a", "artist": ["Clubhouse"], "artistIds": ["1LbK4g8mKezX7iAmpiq3sX"], "artistPop": [50], "genres": ["columbus ohio indie"]}, "70f71uZ7egz2Vshwx4D425": {"name": "Heavy", "coverArt": "https://i.scdn.co/image/ab67616d00001e020b2ca8e44c6009ccb81c5fe4", "artist": ["Peach PRC"], "artistIds": ["006j2rer9tZJCYniu7SaWS"], "artistPop": [53], "genres": ["alt z"]}, "14BCHAfRSVr9hdLbADSBFy": {"name": "The One", "coverArt": "https://i.scdn.co/image/ab67616d00001e02c9388820ece3d66af1b09b24", "artist": ["Hyd"], "artistIds": ["3pYle1qnqjdGhG0agFZLj5"], "artistPop": [35], "genres": ["escape room", "hyperpop"]}, "6P5yJhVBhB0nV27SXhwTZc": {"name": "Hollow", "coverArt": "https://i.scdn.co/image/ab67616d00001e020fe90b195bf790b60f26ab21", "artist": ["Emmit Fenn", "Shallou"], "artistIds": ["3VVLqeEqQQqTgT8YhfY9Z6", "7C3Cbtr2PkH2l4tOGhtCsk"], "artistPop": [64, 66], "genres": ["electropop", "tropical house", "vapor soul", "electropop", "indie poptimism", "new french touch", "tropical house", "vapor soul"]}, "2uL6H4ShIUYyu7FL0fRvsg": {"name": "Miracle Mile", "coverArt": "https://i.scdn.co/image/ab67616d00001e024dd1b200c04b0d4de805eeff", "artist": ["Houndmouth"], "artistIds": ["7EGwUS3c5dXduO4sMyLWC5"], "artistPop": [62], "genres": ["deep new americana", "indie folk", "modern folk rock", "modern rock", "new americana", "stomp and holler"]}, "4QakuMSCrvw79FQV55xx6T": {"name": "Steady Heart", "coverArt": "https://i.scdn.co/image/ab67616d00001e02ab24f9b6f8e305c7e54b90d4", "artist": ["Kameron Marlowe"], "artistIds": ["31n3CN1jSC5ALUJ9dwT8UI"], "artistPop": [60], "genres": ["contemporary country", "country pop"]}, "6R6V0yswnkY01L9buDZa7O": {"name": "Resurrender - Live", "coverArt": "https://i.scdn.co/image/ab67616d00001e026de2bce0bd08c1c081ec4ec4", "artist": ["Hillsong Worship", "Brooke Ligertwood"], "artistIds": ["3SgHzT552wy2W8pNLaLk24", "7iETGaxJ4crz3qaljDPCKC"], "artistPop": [76, 39], "genres": ["ccm", "christian music", "russian ccm", "world worship", "worship"]}, "7ytFo4I2OsaiGRhYdFGoQW": {"name": "Another year like that and we'd all be dead", "coverArt": "https://i.scdn.co/image/ab67616d00001e023d15494e3d35eceb23d5c9f8", "artist": ["FL\u00d8RE"], "artistIds": ["5aUy7Z5Q1m6f9fNp8or3sD"], "artistPop": [37], "genres": []}, "21yFr0OLxjieHKyrxg1Rvs": {"name": "Aubade", "coverArt": "https://i.scdn.co/image/ab67616d00001e02640e8b5bbd28485079c8c7b6", "artist": ["Hana Vu"], "artistIds": ["3diDUq8QMCCtx8a4Jy42aO"], "artistPop": [43], "genres": ["bedroom pop"]}, "2v0lR293is4KxCMS2YtgxV": {"name": "Like I Never Left", "coverArt": "https://i.scdn.co/image/ab67616d00001e02666f053403056af09df1ba43", "artist": ["Kid Bloom"], "artistIds": ["5CXdWANGwYYRPClH6hhC0P"], "artistPop": [55], "genres": ["indie garage rock", "indie pop"]}, "32R0306OOQN1q0XJzoi9NH": {"name": "cut my fingers off", "coverArt": "https://i.scdn.co/image/ab67616d00001e020b6d90cff28d48acd27952b5", "artist": ["Ethan Bortnick"], "artistIds": ["0LyP0Zn0mXLb65AgGOS6EY"], "artistPop": [29], "genres": []}, "02kKzWyyooIhMsqgt2UCqm": {"name": "In the Ground", "coverArt": "https://i.scdn.co/image/ab67616d00001e0245f7717507f688d302d0fc0d", "artist": ["The Aubreys"], "artistIds": ["7ijkc3O3uxDdAmSuQUg2f2"], "artistPop": [44], "genres": []}, "05nKsnLJGrsDwQIXAExTQt": {"name": "Heavy (feat. Your Smith)", "coverArt": "https://i.scdn.co/image/ab67616d00001e0233711b58e69d2b4eaaa69cbd", "artist": ["Flight Facilities", "Your Smith"], "artistIds": ["1lc8mnyGrCLtPhCoWjRxjM", "2kTZfKGZEj8R76z3ooKOF1"], "artistPop": [65, 51], "genres": ["alternative dance", "aussietronica", "australian dance", "australian indie", "indie soul", "nu disco", "indie pop", "minneapolis indie"]}}