{"6Kj17Afjo1OKJYpf5VzCeo": {"name": "Pain 1993 (with Playboi Carti)", "coverArt": "https://i.scdn.co/image/ab67616d00001e02bba7cfaf7c59ff0898acba1f", "artist": ["Drake", "Playboi Carti"], "artistIds": ["3TVXtAsR1Inumwj472S9r4", "699OTQXzgjhIYAHMy9RyPD"], "artistPop": [100, 83], "genres": ["canadian hip hop", "canadian pop", "hip hop", "pop rap", "rap", "toronto rap", "atl hip hop", "hip hop", "plugg", "rap", "trap"]}, "3Z8FwOEN59mRMxDCtb8N0A": {"name": "Be Kind (with Halsey)", "coverArt": "https://i.scdn.co/image/ab67616d00001e02fdf2e993e10e67396b3bf759", "artist": ["Marshmello", "Halsey"], "artistIds": ["64KEffDW9EtZ1y2vBYgq8T", "26VFTg2z8YR0cCuwLzESi2"], "artistPop": [86, 87], "genres": ["brostep", "edm", "pop", "pop dance", "progressive electro house", "dance pop", "electropop", "etherpop", "indie poptimism", "pop", "post-teen pop"]}, "5v4GgrXPMghOnBBLmveLac": {"name": "Savage Remix (feat. Beyonc\u00e9)", "coverArt": "https://i.scdn.co/image/ab67616d00001e02cd613f53a22b92b14694943c", "artist": ["Beyonc\u00e9", "Megan Thee Stallion"], "artistIds": ["6vWDO969PvNqNYHIOW5v0m", "181bsRPaVXVlUKXrxwZfHK"], "artistPop": [84, 86], "genres": ["dance pop", "pop", "post-teen pop", "r&b", "houston rap", "pop", "pop rap", "trap queen"]}, "6gxKUmycQX7uyMwJcweFjp": {"name": "We Paid (feat. 42 Dugg)", "coverArt": "https://i.scdn.co/image/ab67616d00001e0276a4577dd654bf457a4ad1f8", "artist": ["Lil Baby", "42 Dugg"], "artistIds": ["5f7VJjfbwm532GiveGC0ZK", "45gHcnDnMC15sgx3VL7ROG"], "artistPop": [91, 76], "genres": ["atl hip hop", "atl trap", "rap", "trap", "detroit trap", "rap", "southern hip hop", "trap"]}, "5fHrHoJKfCgBd35zwIBmUK": {"name": "D4L", "coverArt": "https://i.scdn.co/image/ab67616d00001e02bba7cfaf7c59ff0898acba1f", "artist": ["Future", "Drake", "Young Thug"], "artistIds": ["1RyvyyTE3xzB2ZywiAwp0i", "3TVXtAsR1Inumwj472S9r4", "50co4Is1HCEo8bhOyUWKpn"], "artistPop": [89, 100, 88], "genres": ["atl hip hop", "pop rap", "rap", "southern hip hop", "trap", "canadian hip hop", "canadian pop", "hip hop", "pop rap", "rap", "toronto rap", "atl hip hop", "atl trap", "gangster rap", "hip hop", "melodic rap", "pop rap", "rap", "trap"]}, "1Tfxi7N3DW4zvAuVjt9g8X": {"name": "Moana", "coverArt": "https://i.scdn.co/image/ab67616d00001e029b6c96055af3892145d4396b", "artist": ["G-Eazy", "Jack Harlow"], "artistIds": ["02kJSzxNuaWGqwubyUba0Z", "2LIk90788K0zvyj2JJVwkJ"], "artistPop": [81, 88], "genres": ["hip hop", "indie pop rap", "oakland hip hop", "pop rap", "rap", "deep underground hip hop", "kentucky hip hop", "pop rap", "rap"]}, "7CbxeQuHA0uysmwrbuWoSI": {"name": "I Know Alone", "coverArt": "https://i.scdn.co/image/ab67616d00001e024847cf25090d3ddabddfe83c", "artist": ["HAIM"], "artistIds": ["4Ui2kfOqGujY81UcPrb5KE"], "artistPop": [68], "genres": ["art pop", "dance pop", "indie pop", "metropopolis", "pop rock"]}, "4esIFtCJ2RUFbJpDGluVG4": {"name": "HEART ATTACK (feat. lau.ra)", "coverArt": "https://i.scdn.co/image/ab67616d00001e02d0776d3fecb1c45b710cb351", "artist": ["BRONSON", "ODESZA", "Golden Features", "lau.ra"], "artistIds": ["60yfafz0P3gqaUaOUIddae", "21mKp7DqtSNHhCAU2ugvUw", "2SrWifjYv7b5tR8EzEmn1x", "3uOdNUjwD6hhOh1z2dQEIn"], "artistPop": [54, 69, 58, 54], "genres": ["edm", "vapor twitch", "chillwave", "ninja"]}, "0ROE31C8Wu4neZoR9stM9e": {"name": "Sasuke", "coverArt": "https://i.scdn.co/image/ab67616d00001e026701f7b1cc95abe5e38b9e93", "artist": ["Lil Uzi Vert"], "artistIds": ["4O15NlyKLIASxsJ0PrXPfz"], "artistPop": [88], "genres": ["melodic rap", "philly rap", "rap", "trap"]}, "1BEre9NGa02ItxQaGaD1SB": {"name": "Unbelievable (feat. Kaash Paige)", "coverArt": "https://i.scdn.co/image/ab67616d00001e02aac27b33482a75fc902d3c3a", "artist": ["24kGoldn", "Kaash Paige"], "artistIds": ["6fWVd57NKTalqvmjRd2t8Z", "0f2YkMXwFNJNSX7MymevKE"], "artistPop": [81, 64], "genres": ["cali rap", "pop r&b", "r&b"]}, "0eUK9CbVwOk5zmMzxiKW8g": {"name": "F&MU", "coverArt": "https://i.scdn.co/image/ab67616d00001e02f09642f204393d1a18476a2b", "artist": ["Kehlani"], "artistIds": ["0cGUm45nv7Z6M6qdXYQGTX"], "artistPop": [79], "genres": ["dance pop", "pop", "pop rap", "post-teen pop", "r&b"]}, "11VApNQCWLJdzxWrlmwzUa": {"name": "Say So (feat. Nicki Minaj)", "coverArt": "https://i.scdn.co/image/ab67616d00001e02e7a221a05ef17fd41e9e4c0e", "artist": ["Doja Cat", "Nicki Minaj"], "artistIds": ["5cj0lLjcoR7YOSnhnX0Po5", "0hCNtLu0JehylgoiP8L4Gh"], "artistPop": [94, 88], "genres": ["dance pop", "pop", "dance pop", "hip pop", "pop", "pop rap", "post-teen pop", "queens hip hop"]}, "2mtLGVN6xZm93wDG9nvviS": {"name": "Wrong Places (from Songland)", "coverArt": "https://i.scdn.co/image/ab67616d00001e025844ff67027483b1d2e93cd6", "artist": ["H.E.R."], "artistIds": ["3Y7RZ31TRPVadSFVy1o8os"], "artistPop": [78], "genres": ["alternative r&b", "dance pop", "pop", "r&b"]}, "5Bkw0lMhwk8tF4kMgCCJLv": {"name": "Dreamland", "coverArt": "https://i.scdn.co/image/ab67616d00001e02c55406131ae59c45e87a82cb", "artist": ["Glass Animals"], "artistIds": ["4yvcSjfu4PC0CYQyLy4wSq"], "artistPop": [83], "genres": ["gauze pop", "indietronica", "shiver pop"]}, "1bWEngw5tAF7vWByrf5Oy5": {"name": "bloody valentine", "coverArt": "https://i.scdn.co/image/ab67616d00001e02d4dd01a39a4bd1b7378b4988", "artist": ["Machine Gun Kelly"], "artistIds": ["6TIYQ3jFPwQSRmorSezPxX"], "artistPop": [85], "genres": ["ohio hip hop", "pop rap"]}, "40PPqEI8aCgRGrtp23j9ow": {"name": "Ice Cold", "coverArt": "https://i.scdn.co/image/ab67616d00001e020b878870e1adb216ad326aaa", "artist": ["Lil Tjay"], "artistIds": ["6jGMq4yGs7aQzuGsMgVgZR"], "artistPop": [84], "genres": ["brooklyn drill", "melodic rap", "nyc rap"]}, "2vuIvaMhGOFI6f1G1sTMye": {"name": "Viral Moment", "coverArt": "https://i.scdn.co/image/ab67616d00001e022850ab529560e8d368e94761", "artist": ["Lil Durk"], "artistIds": ["3hcs9uc56yIGFCSy9leWe7"], "artistPop": [87], "genres": ["chicago drill", "chicago rap", "drill", "hip hop", "rap", "trap"]}, "31SdhreEaxPfyMJvWiw9R6": {"name": "Circles - Recorded at Electric Lady Studios NYC, 2020", "coverArt": "https://i.scdn.co/image/ab67616d00001e02bd82c528203d6601ad41fa46", "artist": ["Dashboard Confessional"], "artistIds": ["4ERtgeBbWRkFzIz6LaFCeY"], "artistPop": [59], "genres": ["emo", "neo mellow", "pop punk", "pop rock"]}, "7pJSpYDtskHUajG1HDlkhf": {"name": "Friends (feat. Powfu)", "coverArt": "https://i.scdn.co/image/ab67616d00001e0262296045e3db0d4efb6f4670", "artist": ["Mishaal", "Powfu"], "artistIds": ["2NM1t8dMvgeu9Lfl06574g", "6bmlMHgSheBauioMgKv2tn"], "artistPop": [60, 76], "genres": ["lo-fi beats", "lo-fi chill", "sad lo-fi", "sad rap", "sad rap"]}, "3wN7Spu4tWhefB3LooMLys": {"name": "Comeback (feat. Tory Lanez and 30 Roc)", "coverArt": "https://i.scdn.co/image/ab67616d00001e0227035c4153e7582763246b00", "artist": ["JoJo", "Tory Lanez", "30 Roc"], "artistIds": ["5xuNBZoM7z1Vv8IQ6uM0p6", "2jku7tDXc6XoB6MO2hFuqg", "7GtYDLjnMOi2qZu8QBnpXC"], "artistPop": [64, 81, 45], "genres": ["dance pop", "hip pop", "pop", "pop r&b", "pop rap", "post-teen pop", "r&b", "urban contemporary", "canadian hip hop", "canadian trap", "hip hop", "melodic rap", "pop rap", "r&b", "rap", "toronto rap", "trap"]}, "2hwf6IE0V4MVqw9tbWY9FQ": {"name": "Call Your Name", "coverArt": "https://i.scdn.co/image/ab67616d00001e02d905cb0e2954175104c95a90", "artist": ["Tora-i"], "artistIds": ["4oJsWKOJCNMfUbIpR2jk8Z"], "artistPop": [40], "genres": ["alternative r&b"]}, "2DylrERZbUpx845Cd8y7hU": {"name": "Kevin", "coverArt": "https://i.scdn.co/image/ab67616d00001e02326061b5c75a063b84087dcf", "artist": ["Oliver Malcolm"], "artistIds": ["5ut4VhaCRPsEjAZ93jpPfK"], "artistPop": [47], "genres": ["indie hip hop", "modern alternative pop"]}, "5wMh9hhqKQ4JfqLuvqAC7s": {"name": "Cold (feat. Tory Lanez)", "coverArt": "https://i.scdn.co/image/ab67616d00001e025839c48544919ac6264b12eb", "artist": ["French Montana", "Tory Lanez"], "artistIds": ["6vXTefBL93Dj5IqAWq6OTv", "2jku7tDXc6XoB6MO2hFuqg"], "artistPop": [78, 81], "genres": ["gangster rap", "hip hop", "pop rap", "rap", "southern hip hop", "trap", "canadian hip hop", "canadian trap", "hip hop", "melodic rap", "pop rap", "r&b", "rap", "toronto rap", "trap"]}, "3Cb1BM69vKCwiJu5aoEADz": {"name": "bummy!", "coverArt": "https://i.scdn.co/image/ab67616d00001e0288eef1d2025e3675a202c976", "artist": ["boylife"], "artistIds": ["6P8DiegQ0Inxj1UF6a9lCb"], "artistPop": [44], "genres": ["modern indie pop"]}, "2J3z8ARclylMrFZ0VS9HPL": {"name": "realtree", "coverArt": "https://i.scdn.co/image/ab67616d00001e027c230c050c166067832b34e9", "artist": ["boyband"], "artistIds": ["4OxvOPeLvZWDxihwqtOC4D"], "artistPop": [33], "genres": ["indie hip hop"]}, "1VbClJ27jcsMNmOxHnXlKV": {"name": "Coffee", "coverArt": "https://i.scdn.co/image/ab67616d00001e02fedbab9e1f2f2a1b66a87c55", "artist": ["Quinn XCII", "Marc E. Bassy"], "artistIds": ["3ApUX1o6oSz321MMECyIYd", "3tQx1LPXbsYjE9VwN1Peaa"], "artistPop": [74, 69], "genres": ["electropop", "indie pop rap", "pop", "pop rap", "alternative r&b", "pop", "pop rap", "r&b", "rap"]}, "2v08cjj3Th8RpfJgluECcj": {"name": "Happy Does", "coverArt": "https://i.scdn.co/image/ab67616d00001e02bbe08f107e81819abf0445a1", "artist": ["Kenny Chesney"], "artistIds": ["3grHWM9bx2E9vwJCdlRv9O"], "artistPop": [75], "genres": ["contemporary country", "country", "country road"]}, "3t8UQeExqrEDovBtETwiZQ": {"name": "Julianna Calm Down", "coverArt": "https://i.scdn.co/image/ab67616d00001e02baf65d44993c5bf752acd1bc", "artist": ["The Chicks"], "artistIds": ["25IG9fa7cbdmCIy3OnuH57"], "artistPop": [68], "genres": ["country", "country dawn"]}, "0KuY5AT5pVnoVce9Wk9gJF": {"name": "Still Hold Up", "coverArt": "https://i.scdn.co/image/ab67616d00001e02c2368be38a5d02cad046927b", "artist": ["Kevin Gates"], "artistIds": ["1gPhS1zisyXr5dHTYZyiMe"], "artistPop": [76], "genres": ["baton rouge rap", "rap", "southern hip hop", "trap"]}, "73ThEGwF5i9GrsXXGyZBRa": {"name": "I'm Just Feelin' (Du Du Du)", "coverArt": "https://i.scdn.co/image/ab67616d00001e022687509a8971dbd30e7d253d", "artist": ["Imanbek", "Martin Jensen"], "artistIds": ["5rGrDvrLOV2VV8SCFVGWlj", "4ehtJnVumNf6xzSCDk8aLB"], "artistPop": [79, 72], "genres": ["dance pop", "edm", "electro house", "pop dance", "slap house", "tropical house", "dance pop", "danish electronic", "edm", "electro house", "pop", "pop dance", "pop edm", "tropical house"]}, "7oFpSsfjl8ElUesHJPT8Cv": {"name": "Missed Calls (feat. Hayley Kiyoko)", "coverArt": "https://i.scdn.co/image/ab67616d00001e024e707f83cd6cd530da14f788", "artist": ["MAX", "Hayley Kiyoko"], "artistIds": ["1bqxdqvUtPWZri43cKHac8", "3LjhVl7GzYsza1biQjTpaN"], "artistPop": [73, 64], "genres": ["dance pop", "electropop", "pop", "pop rap", "post-teen pop", "viral pop", "alt z", "dance pop", "electropop", "indie pop", "indie poptimism", "pop", "post-teen pop"]}, "7c1oZvy31JERjS66gsmdQA": {"name": "Hindenburg Lover", "coverArt": "https://i.scdn.co/image/ab67616d00001e027916f553f027df16bbaf7542", "artist": ["Anson Seabra"], "artistIds": ["2jHp7gQArCQrlMvdrIVFCg"], "artistPop": [69], "genres": ["alt z", "indie cafe pop", "pop", "social media pop"]}, "0Fs0pr0lq3408wD1cemNll": {"name": "Love Songs", "coverArt": "https://i.scdn.co/image/ab67616d00001e02a35d2cea43b7ca82c8cef110", "artist": ["Lukas Graham"], "artistIds": ["25u4wHJWxCA9vO0CzxAbK7"], "artistPop": [74], "genres": ["danish pop", "pop", "scandipop"]}, "2RxC2peY3FtrurYmbbmanr": {"name": "Qu\u00e9 Maldici\u00f3n", "coverArt": "https://i.scdn.co/image/ab67616d00001e020c7d8f2356c994c328e5d639", "artist": ["Banda MS de Sergio Liz\u00e1rraga", "Snoop Dogg"], "artistIds": ["2C6i0I5RiGzDKN9IAF8reh", "7hJcb9fa4alzcOq3EaNPoG"], "artistPop": [81, 83], "genres": ["banda", "corrido", "norteno", "regional mexican", "g funk", "gangster rap", "hip hop", "pop rap", "rap", "west coast rap"]}, "33Eo3rlXt7iwdekSCIwRiR": {"name": "Baby Mama", "coverArt": "https://i.scdn.co/image/ab67616d00001e02f3aa0c01b4daaa874ae1d714", "artist": ["Brandy", "Chance the Rapper"], "artistIds": ["05oH07COxkXKIMt6mIPRee", "1anyVhU62p31KFi8MEzkbf"], "artistPop": [67, 79], "genres": ["dance pop", "hip hop", "hip pop", "neo soul", "pop", "pop rap", "r&b", "urban contemporary", "chicago rap", "conscious hip hop", "hip hop", "pop rap", "rap"]}, "5QZ11AHm7xiytOGXGlxQi5": {"name": "Back Home (feat. Summer Walker)", "coverArt": "https://i.scdn.co/image/ab67616d00001e0222ee525c040a5b933c8c8e4b", "artist": ["Trey Songz", "Summer Walker"], "artistIds": ["2iojnBLj0qIMiKPvVhLnsH", "57LYzLEk2LcFghVwuWbcuS"], "artistPop": [74, 77], "genres": ["dance pop", "hip pop", "pop", "pop r&b", "post-teen pop", "r&b", "southern hip hop", "trap", "urban contemporary", "pop", "r&b"]}, "0fzE5LlGfQwJLvEiJ7UqUZ": {"name": "Photo ID", "coverArt": "https://i.scdn.co/image/ab67616d00001e0222f585490de3f3fbfc06c2bc", "artist": ["Remi Wolf"], "artistIds": ["0NB5HROxc8dDBXpkIi1v3d"], "artistPop": [67], "genres": ["alternative r&b", "indie pop", "indie r&b", "modern alternative pop"]}, "6QT52j2GlfXHGR2sSCHLAU": {"name": "not ok", "coverArt": "https://i.scdn.co/image/ab67616d00001e02b0a854d8208d8280bbec43c0", "artist": ["Peach Tree Rascals"], "artistIds": ["0imE3buPhAowREqCrr4CYe"], "artistPop": [64], "genres": ["alternative r&b", "chill r&b", "indie r&b", "pop"]}, "4MWfwCswUIFo3x8s0fnK3x": {"name": "Kickin' Pushin'", "coverArt": "https://i.scdn.co/image/ab67616d00001e0215bcd5bb2abd152f9cb35589", "artist": ["Destiny Rogers"], "artistIds": ["6gezkje7GoJlQbHBgLXHuu"], "artistPop": [60], "genres": ["pop"]}, "5eBItdSExdZM3iD2Fa6GgC": {"name": "Butterflies", "coverArt": "https://i.scdn.co/image/ab67616d00001e02572e2516d1a4b01112aa2401", "artist": ["GASHI"], "artistIds": ["0JOxt5QOwq0czoJxvSc5hS"], "artistPop": [66], "genres": ["pop rap", "trap soul"]}, "5FOIBwRoopjwZr71KzL9u9": {"name": "Worst Enemy", "coverArt": "https://i.scdn.co/image/ab67616d00001e02849e1f9080f07dea78b08764", "artist": ["Evie Irie"], "artistIds": ["2ReivzVeWl6GawKNyVTLmK"], "artistPop": [46], "genres": ["alt z", "australian electropop"]}, "3onPL6KjCPM0K8wZkDeU7y": {"name": "A Troubled Mind", "coverArt": "https://i.scdn.co/image/ab67616d00001e029bdf7ddd51003bc6b491ce73", "artist": ["Noah Kahan"], "artistIds": ["2RQXRUsr4IW1f3mKyKsy4B"], "artistPop": [69], "genres": ["alt z", "electropop", "indie cafe pop", "indiecoustica", "pop", "pop rock", "stomp and holler"]}, "2s1axwuh5yFo2jox0t69mt": {"name": "Got Me (feat. Shane & Shane)", "coverArt": "https://i.scdn.co/image/ab67616d00001e026c3d22782dddb7b3f729633e", "artist": ["Gabby Barrett", "Shane & Shane"], "artistIds": ["6Iz3eq2aQGFf7TbGT2iahL", "2LFbgsbEhfilNpQYW7mied"], "artistPop": [67, 64], "genres": ["contemporary country", "country pop", "anthem worship", "ccm", "christian alternative rock", "christian music", "indiecoustica", "world worship", "worship"]}, "5zWlfvM2AfeIaTdISgSsK6": {"name": "Heart Stop", "coverArt": "https://i.scdn.co/image/ab67616d00001e028e6f0f792edc50042bacd777", "artist": ["Turbo"], "artistIds": ["0TYydMAKPBYjZB0jgGCN7h"], "artistPop": [46], "genres": []}, "5X3rA2iFKmOIG33Kheij8T": {"name": "I Spy", "coverArt": "https://i.scdn.co/image/ab67616d00001e028ac77119d5db121bb3240835", "artist": ["Tee Grizzley"], "artistIds": ["6AUl0ykLLpvTktob97x9hO"], "artistPop": [70], "genres": ["detroit hip hop", "detroit trap", "hip hop", "rap", "southern hip hop", "trap"]}, "7DYruZPqfEjCQRi3LWmHCn": {"name": "Outstanding", "coverArt": "https://i.scdn.co/image/ab67616d00001e0264cbdd701cda17d16370f4ca", "artist": ["Smoove'L"], "artistIds": ["6FheakPfcCNN0NeROtOKeQ"], "artistPop": [50], "genres": ["brooklyn drill", "new york drill"]}, "3I8lepBVkxvZTJSpjqxY7A": {"name": "Laugh Now Kry Later!", "coverArt": "https://i.scdn.co/image/ab67616d00001e02713d493f29f08a6f9b35e35f", "artist": ["YG"], "artistIds": ["0A0FS04o6zMoto8OKPsDwY"], "artistPop": [78], "genres": ["cali rap", "gangster rap", "hip hop", "pop rap", "rap", "southern hip hop", "trap"]}, "3E6X21pOIlHEIXJ9doBBLk": {"name": "Body Pump", "coverArt": "https://i.scdn.co/image/ab67616d00001e02a4a32b9e72bbe6178fee2eb2", "artist": ["Aluna", "AlunaGeorge"], "artistIds": ["5ITI6SEoUZMIXXkzCfr4oE", "2VAnyOxzJuSAj7XIuEOT38"], "artistPop": [62, 66], "genres": ["pop dance", "electropop", "house", "pop", "tropical house"]}, "0BIdtZ1RdHNAm1aJxbfyNk": {"name": "Wavvy", "coverArt": "https://i.scdn.co/image/ab67616d00001e02a2424785357c3fde4aa85922", "artist": ["Lav"], "artistIds": ["4yql3diaCYkv88Xrh7rwVl"], "artistPop": [47], "genres": []}, "634fDJYRCr5yzqfFWa9rfS": {"name": "Goteo", "coverArt": "https://i.scdn.co/image/ab67616d00001e02b95cf589b50f9d8bed576957", "artist": ["Paloma Mami"], "artistIds": ["7rOlQwf8OuFLFQp4aydjBt"], "artistPop": [66], "genres": ["latin pop", "reggaeton chileno", "trap chileno"]}, "36fHADliwp4ColP0Gypg5W": {"name": "Don't Let Me Down", "coverArt": "https://i.scdn.co/image/ab67616d00001e0216c8b7ddf12b07b0f81eb990", "artist": ["Milky Chance", "Jack Johnson"], "artistIds": ["1hzfo8twXdOegF3xireCYs", "3GBPw9NK25X1Wt2OUvOwY3"], "artistPop": [74, 77], "genres": ["german pop", "neo mellow"]}, "0PTeNRJqKk854bYCfms1oE": {"name": "Death", "coverArt": "https://i.scdn.co/image/ab67616d00001e027e712e88f3cded4938541bbb", "artist": ["Mt. Joy"], "artistIds": ["69tiO1fG8VWduDl3ji2qhI"], "artistPop": [64], "genres": ["indie folk", "modern rock", "pop rock", "stomp and holler"]}, "3qG7T8uZSlt4pnFulCvaqf": {"name": "Famous", "coverArt": "https://i.scdn.co/image/ab67616d00001e02962ca53ba96df449c656bf38", "artist": ["Car Seat Headrest"], "artistIds": ["5PbpKlxQE0Ktl5lcNABoFf"], "artistPop": [61], "genres": ["alternative rock", "indie pop", "indie rock", "modern rock"]}, "5OCgxL9wr0gLTiBE6525Ma": {"name": "Growing Up", "coverArt": "https://i.scdn.co/image/ab67616d00001e02de5d58fa20248fdcfdc2b1d2", "artist": ["Christian Alexander"], "artistIds": ["4bBaa9aj9JKI1tp7RZecxR"], "artistPop": [33], "genres": ["modern indie pop"]}, "2RhudVuGcbVnO4e349fuEB": {"name": "1894", "coverArt": "https://i.scdn.co/image/ab67616d00001e024ff5d836d03206c21d6e820c", "artist": ["Amber Mark"], "artistIds": ["0tbeZu9lv8YEKSQ9tZSslu"], "artistPop": [63], "genres": ["alternative r&b", "indie r&b", "indie soul", "neo soul", "nyc pop"]}, "6PrfQSePTkviCG7T34qKef": {"name": "B.Q.E", "coverArt": "https://i.scdn.co/image/ab67616d00001e028cd144178abccee1dd98d6d7", "artist": ["Kota the Friend", "Joey Bada$$", "Bas"], "artistIds": ["2AfU5LYBVCiCtuCCfM7uVX", "2P5sC9cVZDToPxyomzF1UH", "70gP6Ry4Uo0Yx6uzPIdaiJ"], "artistPop": [66, 74, 72], "genres": ["hip hop", "rap", "underground hip hop", "conscious hip hop", "hip hop", "rap", "underground hip hop", "hip hop", "queens hip hop", "rap", "sudanese pop", "underground hip hop"]}, "4rGPYNEXPzodL4u0RcNkWH": {"name": "Live Forever", "coverArt": "https://i.scdn.co/image/ab67616d00001e027f59d52da98a9ae5ddb87926", "artist": ["Kid Ink"], "artistIds": ["6KZDXtSj0SzGOV705nNeh3"], "artistPop": [72], "genres": ["dance pop", "hip hop", "pop rap", "rap", "southern hip hop", "trap"]}, "79aQX5Uq6t8apowFe5uueL": {"name": "I Look Good", "coverArt": "https://i.scdn.co/image/ab67616d00001e02efb973b8dd961df1a1eec0bb", "artist": ["O.T. Genasis"], "artistIds": ["1Zatb2YN4erBOoSivOXc0o"], "artistPop": [58], "genres": ["gangster rap", "pop rap", "rap", "southern hip hop", "trap"]}, "1Ko1nCXcMRnzhqCZL3kL9j": {"name": "Nominated", "coverArt": "https://i.scdn.co/image/ab67616d00001e020a78ad44804b6c538a3a79bd", "artist": ["Hit-Boy", "Dom Kennedy"], "artistIds": ["6q3p11nP1p80Ey6LrOOSed", "3s8alQfNnY0roAHaJh7Xxt"], "artistPop": [63, 62], "genres": ["cali rap", "cali rap", "hip hop", "rap", "southern hip hop", "trap", "underground hip hop", "west coast trap"]}, "2B5ub9OB8rZj5PqvsAwrKo": {"name": "Unfamiliar", "coverArt": "https://i.scdn.co/image/ab67616d00001e0272f88de87ad7e66daa2538e4", "artist": ["Seeb", "Goodboys", "HRVY"], "artistIds": ["5iNrZmtVMtYev5M9yoWpEq", "2nm38smINjms1LtczR0Cei", "28y6CyJNkGNjJQKrlx4AmN"], "artistPop": [71, 76, 69], "genres": ["dance pop", "edm", "electro house", "norwegian pop", "pop", "pop dance", "pop edm", "tropical house", "uk dance", "dance pop", "pop", "pop dance", "post-teen pop", "social media pop", "tropical house"]}, "6UiS2IW9dEZwC6TluY5zSy": {"name": "I Like It When You Love Me", "coverArt": "https://i.scdn.co/image/ab67616d00001e025c471c289c141b185f6e3738", "artist": ["Oh Wonder"], "artistIds": ["5cIc3SBFuBLVxJz58W2tU9"], "artistPop": [70], "genres": ["electropop", "indie poptimism", "pop", "pop rock"]}, "1KN2z32nlbkmh0I8XXlNWD": {"name": "BRB", "coverArt": "https://i.scdn.co/image/ab67616d00001e021f8129e7f7b9456b4f54cfbe", "artist": ["Mahalia"], "artistIds": ["16rCzZOMQX7P8Kmn5YKexI"], "artistPop": [66], "genres": ["alternative r&b", "chill r&b", "dance pop", "indie anthem-folk", "indie r&b", "indie soul", "pop", "r&b", "uk contemporary r&b"]}, "7EncNzyGs8uJiQittB38ef": {"name": "The Most Beautiful Thing", "coverArt": "https://i.scdn.co/image/ab67616d00001e02b72fa0f42c7dc2deac1dd045", "artist": ["Bruno Major"], "artistIds": ["0hDjKSKjl1DC7ovYTDJHe8"], "artistPop": [66], "genres": ["chill r&b", "indie cafe pop", "pop"]}, "3aMUiKCIXJeurR5ppEMJZD": {"name": "Six Feet Apart", "coverArt": "https://i.scdn.co/image/ab67616d00001e02617108650a71387305475d4e", "artist": ["Luke Combs"], "artistIds": ["718COspgdWOnwOFpJHRZHS"], "artistPop": [82], "genres": ["contemporary country", "country"]}, "3ySLzrN7950dpf1ncttONO": {"name": "Lady", "coverArt": "https://i.scdn.co/image/ab67616d00001e02501bb9c996bb12d609bf1fba", "artist": ["Brett Young"], "artistIds": ["0fiWOxhsBsQQvFDtxUQWo0"], "artistPop": [71], "genres": ["contemporary country"]}, "591lgphAIVn2aY9oyJRGuX": {"name": "Hang On", "coverArt": "https://i.scdn.co/image/ab67616d00001e024ab6481e843c3927ef29d161", "artist": ["NEEDTOBREATHE"], "artistIds": ["610EjgFatGvVPtib97jQ8G"], "artistPop": [69], "genres": ["ccm", "christian alternative rock", "christian indie", "christian music", "folk-pop", "indiecoustica", "neo mellow", "worship"]}, "0uQTa10RWdzQoIqpsRQq2c": {"name": "Lie Out Loud", "coverArt": "https://i.scdn.co/image/ab67616d00001e0237dfd92a32c5b990eeafc701", "artist": ["BLOXX"], "artistIds": ["4wYzzR0lpEub1gUU8bbBTw"], "artistPop": [44], "genres": ["english indie rock", "modern alternative rock"]}, "4MmoCAEzxkYRkJkDkfBWIv": {"name": "Carousel", "coverArt": "https://i.scdn.co/image/ab67616d00001e02a28431808fdf1dfd2be1d7e7", "artist": ["Caleb Peters"], "artistIds": ["1AaJS5oq6oQMUjd1mpO1t3"], "artistPop": [33], "genres": []}, "4o6noN1jZoACW3rlpKaDla": {"name": "It Gets Better", "coverArt": "https://i.scdn.co/image/ab67616d00001e0200f7f66c5f4f38284ec16ed3", "artist": ["salem ilese"], "artistIds": ["3QJUFtGBGL05vo0kCJZsmT"], "artistPop": [66], "genres": ["alt z", "modern indie pop", "social media pop"]}, "2QoiyjegLQ3DWKBfFX9ihX": {"name": "Time (You and I)", "coverArt": "https://i.scdn.co/image/ab67616d00001e024f65cbac819d0b2d34dd923e", "artist": ["Khruangbin"], "artistIds": ["2mVVjNmdjXZZDvhgQWiakk"], "artistPop": [70], "genres": ["neo-psychedelic"]}, "02VM3vd7Fj9pf0ojrzDOXB": {"name": "Love in Mine", "coverArt": "https://i.scdn.co/image/ab67616d00001e02720ad818fa62ac794628df41", "artist": ["Big Thief"], "artistIds": ["5QdyldG4Fl4TPiOIeMNpBZ"], "artistPop": [61], "genres": ["art pop", "brooklyn indie", "indie folk", "indie pop", "indie rock", "small room", "stomp and holler"]}, "0Khhft9qOXfvpEbg7Vn2jF": {"name": "Same Bed", "coverArt": "https://i.scdn.co/image/ab67616d00001e02ce67537b769e8588eb49a11c", "artist": ["Lola Young"], "artistIds": ["67FB4n52MgexGQIG8s0yUH"], "artistPop": [38], "genres": ["uk pop"]}, "1osEqrcVTAU1ERWcumNTFQ": {"name": "Every Time We Step", "coverArt": "https://i.scdn.co/image/ab67616d00001e025e76d2ae96524f621214911b", "artist": ["Lil Loaded"], "artistIds": ["7scapvSjZLSm0fBgqGM0Mn"], "artistPop": [66], "genres": ["dfw rap"]}, "30AW1wD8qK1Bqw3Z44xs3f": {"name": "Body Count (feat. King Von & G Herbo)", "coverArt": "https://i.scdn.co/image/ab67616d00001e027c79b2c174d594b80ac407c2", "artist": ["Mozzy", "King Von", "G Herbo"], "artistIds": ["4AA474G2hRfrHyGrfyDseO", "6QtgPSJPSzcnn7dPZ4VINp", "5QdEbQJ3ylBnc3gsIASAT5"], "artistPop": [68, 76, 74], "genres": ["cali rap", "sacramento hip hop", "trap", "chicago rap", "chicago drill", "chicago rap", "drill", "rap", "southern hip hop", "trap"]}, "60ABqMtWZFSWw1sxuzo8Pe": {"name": "Pikachu", "coverArt": "https://i.scdn.co/image/ab67616d00001e02321e42feea7aa7aeaa26c7c0", "artist": ["Yung Lean"], "artistIds": ["67lytN32YpUxiSeWlKfHJ3"], "artistPop": [64], "genres": ["psychedelic hip hop", "underground hip hop"]}, "4W1hy390P7IYBFbdvwzZBw": {"name": "For a Minute", "coverArt": "https://i.scdn.co/image/ab67616d00001e02f4f858a2aa26cc994079fc12", "artist": ["WizTheMc"], "artistIds": ["3ebS2RuCq8QeLyndUDmgB5"], "artistPop": [58], "genres": ["canadian contemporary r&b", "pop rap"]}, "3pQRslIZ0kdIb9rzPqSmkx": {"name": "MADE 4 U", "coverArt": "https://i.scdn.co/image/ab67616d00001e02127b3fbac5e1ad804e171888", "artist": ["Leven Kali", "Syd"], "artistIds": ["5YZ5AExR68U3ZblH6HcO6B", "3jk39CGeaaSO3FPKNx1RUx"], "artistPop": [57, 67], "genres": ["alternative r&b", "chill r&b", "indie r&b", "indie soul", "r&b", "alternative r&b", "chill r&b", "escape room", "indie r&b", "indie soul", "lgbtq+ hip hop", "r&b"]}, "4LdtAljggvH4qzlxNxo559": {"name": "Girasoles", "coverArt": "https://i.scdn.co/image/ab67616d00001e0211d9af69e107b3319280833a", "artist": ["Luis Fonsi"], "artistIds": ["4V8Sr092TqfHkfAA5fXXqG"], "artistPop": [78], "genres": ["latin", "latin pop", "puerto rican pop"]}, "3pY3tzGhHSysMGyEvkDyFl": {"name": "Right Time", "coverArt": "https://i.scdn.co/image/ab67616d00001e0264cdc20f7e9687d5753bec78", "artist": ["Hayden James", "Icona Pop"], "artistIds": ["4csQIMQm6vI2A2SCVDuM2z", "1VBflYyxBhnDc9uVib98rw"], "artistPop": [64, 69], "genres": ["aussietronica", "edm", "gauze pop", "house", "indie soul", "pop dance", "tropical house", "candy pop", "dance pop", "edm", "electropop", "metropopolis", "pop", "pop dance", "swedish electropop", "swedish synthpop"]}, "63koRk9rszZKFiVLuhdo88": {"name": "Are We Having Any Fun Yet?", "coverArt": "https://i.scdn.co/image/ab67616d00001e02205c51f6ebb9cd516dc0ec02", "artist": ["Larkins"], "artistIds": ["6cCfC12LHtD5XIc1rLsm8Y"], "artistPop": [43], "genres": ["english indie rock", "manchester indie"]}, "07GAbru1z3NEtppkE5W4LF": {"name": "Don't Stop... - Demo", "coverArt": "https://i.scdn.co/image/ab67616d00001e02685c4c6de881b9143fb7b85c", "artist": ["Oasis"], "artistIds": ["2DaxqgrOhkeH0fpeiQq2f4"], "artistPop": [78], "genres": ["beatlesque", "britpop", "madchester", "permanent wave", "rock"]}, "7uLJUEnHIbLNyjRltSd1Eg": {"name": "I Know It", "coverArt": "https://i.scdn.co/image/ab67616d00001e02dc99d8bb705c6fe1c7d3da38", "artist": ["Chicano Batman"], "artistIds": ["0LklyUMMUhpIjMgYHlV0hN"], "artistPop": [51], "genres": ["indie garage rock", "la indie", "latinx alternative", "psychedelic soul", "tropical alternativo"]}, "7ItOfW0Phlgis72tCdIcsw": {"name": "Treat You Right", "coverArt": "https://i.scdn.co/image/ab67616d00001e02d2413632009214a348fd8065", "artist": ["Yellow Days"], "artistIds": ["3dv4Q4q3LWOnbLJnC6GgTY"], "artistPop": [57], "genres": ["bedroom pop"]}, "6wpdCYRRzFtBT7HzdEqgK9": {"name": "Down", "coverArt": "https://i.scdn.co/image/ab67616d00001e0283e3ec1095656c515fb7bd94", "artist": ["Jack Curley"], "artistIds": ["1Unwe9Xco0JDlTTwpDVrcK"], "artistPop": [52], "genres": ["indie cafe pop", "uk pop"]}, "5pet1oAtPaMCmrx3uDxkzv": {"name": "When You're My Age (feat. Hillary Lindsey & Liz Rose)", "coverArt": "https://i.scdn.co/image/ab67616d00001e02d33f86648284f1eb82713cc5", "artist": ["Lori McKenna", "Liz Rose", "Hillary Lindsey"], "artistIds": ["1OV5mEATxtVma7fleFaUyl", "7pcKyVIatvXoHdZRr4Q3vT", "5mX9Z6qHTTHHFCreShrFIA"], "artistPop": [48, 37, 42], "genres": ["boston folk", "folk", "indie folk", "lilith", "modern folk rock", "new americana", "new england americana"]}, "5d9nNDxhtF99CgFfKm6NK5": {"name": "BOOTS", "coverArt": "https://i.scdn.co/image/ab67616d00001e02bf6dbd739f1ffc3d80c4f30a", "artist": ["HARDY"], "artistIds": ["5QNm7E7RU2m64l6Gliu8Oy"], "artistPop": [69], "genres": ["contemporary country"]}, "7ojEPq9dui0y7RKwi1s5JV": {"name": "If You Were Me", "coverArt": "https://i.scdn.co/image/ab67616d00001e0251779027c13418d50e3d941a", "artist": ["VOIL\u00c0"], "artistIds": ["6NnBBumbcMYsaPTHFhPtXD"], "artistPop": [45], "genres": ["la pop"]}, "68xsLv5JR0vog8gVNhWV2l": {"name": "S.O.S", "coverArt": "https://i.scdn.co/image/ab67616d00001e025fd040807605cba648d69026", "artist": ["Chaz Cardigan"], "artistIds": ["7DJUlhy4pX4sxaDfQcH0Ms"], "artistPop": [40], "genres": []}, "2Cj5LxM6O2HWQIr9p9h3TH": {"name": "TOGETHER", "coverArt": "https://i.scdn.co/image/ab67616d00001e023fb4fb86d47b324cf3ecaa1b", "artist": ["for KING & COUNTRY", "Kirk Franklin", "Tori Kelly"], "artistIds": ["3sDbKMebVH2VYcRSl7u1VC", "4akybxRTGHJZ1DXjLhJ1qu", "1vSN1fsvrzpbttOYGsliDr"], "artistPop": [65, 64, 69], "genres": ["ccm", "christian alternative rock", "christian indie", "christian music", "world worship", "worship", "gospel", "gospel r&b", "dance pop", "pop", "post-teen pop", "r&b", "viral pop"]}, "22SDKScydjlv3bUAetdYoI": {"name": "Elated", "coverArt": "https://i.scdn.co/image/ab67616d00001e021be762ef9961c39270c7f6a0", "artist": ["August Wahh"], "artistIds": ["4NsvRUCOVV4KrWRfF65Rcj"], "artistPop": [32], "genres": ["indie r&b", "pinoy r&b"]}, "3EATISg39vr81RXoosDtil": {"name": "Split It", "coverArt": "https://i.scdn.co/image/ab67616d00001e0279c6df98404920b937443afb", "artist": ["Doe Boy", "Moneybagg Yo"], "artistIds": ["6aLoJJxz7MV2iZ423S8tJC", "3tJoFztHeIJkJWMrx0td2f"], "artistPop": [56, 79], "genres": ["atl hip hop", "atl trap", "ohio hip hop", "rap", "southern hip hop", "trap", "underground hip hop", "vapor trap", "hip hop", "memphis hip hop", "rap", "southern hip hop", "tennessee hip hop", "trap"]}, "46lXAq0qLgGuQavi97UHgA": {"name": "Sticc to the Code", "coverArt": "https://i.scdn.co/image/ab67616d00001e020d2540196930e814f321dffd", "artist": ["Quando Rondo"], "artistIds": ["4IprNlQiJZUUJhDl0fL2SL"], "artistPop": [64], "genres": ["melodic rap", "trap"]}, "2UVgVlKj5Bnw7D3GenZhbR": {"name": "Lorna Love", "coverArt": "https://i.scdn.co/image/ab67616d00001e02dc89f8eb4343fb321e3637ec", "artist": ["Rahli"], "artistIds": ["6WwVzGJQWr2jU3iBgl8WPm"], "artistPop": [27], "genres": []}, "4XpjDbWALfyQNG2pJZ9lI7": {"name": "Issues (432 Hz) (feat. Juicy J)", "coverArt": "https://i.scdn.co/image/ab67616d00001e02ebad24ce851fae92a524e739", "artist": ["Maejor", "Juicy J"], "artistIds": ["3XcCT5MPlQPWFTJyzXbfuX", "5gCRApTajqwbnHHPbr2Fpi"], "artistPop": [64, 75], "genres": ["detroit hip hop", "crunk", "dirty south rap", "gangster rap", "hip hop", "memphis hip hop", "pop rap", "rap", "southern hip hop", "trap"]}, "0De46EQMJnoOunDixVAwf2": {"name": "THE TRADE", "coverArt": "https://i.scdn.co/image/ab67616d00001e0239e95c11cccb4ff54a412824", "artist": ["Jak Bannon", "quickly, quickly"], "artistIds": ["0X4ifzGeNDRXMdVjfgq7wQ", "5XTn5Az9AcSKu0oaauC5ES"], "artistPop": [29, 52], "genres": ["chillhop", "future bass", "lo-fi beats", "portland hip hop", "vapor twitch"]}, "7cgrzmkoIn4t0bMQ5NoatW": {"name": "I Never Stay In Love", "coverArt": "https://i.scdn.co/image/ab67616d00001e0268c33e4a046f15af93b40ec4", "artist": ["Stephen"], "artistIds": ["64N1HzkQEXvjlJBQinWeu2"], "artistPop": [56], "genres": ["indie poptimism", "la pop"]}, "3eN0UdI8lunnq9vAsRu3m5": {"name": "Nonbinary", "coverArt": "https://i.scdn.co/image/ab67616d00001e028d28c77fc88d989dcd26f858", "artist": ["Arca"], "artistIds": ["4SQdUpG4f7UbkJG3cJ2Iyj"], "artistPop": [60], "genres": ["ai", "art pop", "dance pop", "deconstructed club", "electropop", "escape room", "experimental pop", "fluxwork"]}, "2fVtXxKKnGzwWUeZXlZiaf": {"name": "Replacements", "coverArt": "https://i.scdn.co/image/ab67616d00001e02d4b72e8481d919dfd16f86cb", "artist": ["AD\u00c9"], "artistIds": ["5pDY9dgZO8O1yNZDARb62q"], "artistPop": [39], "genres": []}, "1pxagNME6StfSztZvSCQdl": {"name": "DICKIES SUIT", "coverArt": "https://i.scdn.co/image/ab67616d00001e02ec97a52eb682fc8ff851466e", "artist": ["ICECOLDBISHOP", "Kenny Beats"], "artistIds": ["04zbRSHjzlQYvV31SW7qZ4", "1rHOtdmGNr5vcYNw5v7QGC"], "artistPop": [41, 66], "genres": ["indie hip hop", "trap", "underground hip hop"]}}