{"2lUDBd7JrgAMltcp6dcd7D": {"name": "25 million", "coverArt": "https://i.scdn.co/image/ab67616d00001e028007e1fcf108e4270b6df942", "artist": ["Roddy Ricch"], "artistIds": ["757aE44tKEUQEqRuT6GnEB"], "artistPop": [84], "genres": ["melodic rap", "rap", "trap"]}, "60wMNCIWYZwbOywZXgfQ9P": {"name": "Tears In The Club (feat. The Weeknd)", "coverArt": "https://i.scdn.co/image/ab67616d00001e02c813333a4bf7b81e7a251566", "artist": ["FKA twigs", "The Weeknd"], "artistIds": ["6nB0iY1cjSY1KyhYyuIIKH", "1Xyo4u8uXC1ZmMpatF05PJ"], "artistPop": [67, 96], "genres": ["afrofuturism", "alternative r&b", "art pop", "dance pop", "escape room", "experimental r&b", "pop", "trip hop", "canadian contemporary r&b", "canadian pop", "pop"]}, "1NKilzEyipTC34AHEMnKAl": {"name": "Rent Free", "coverArt": "https://i.scdn.co/image/ab67616d00001e02c145e84c3fe38ee9cc51368c", "artist": ["6LACK"], "artistIds": ["4IVAbR2w4JJNJDDRFP3E83"], "artistPop": [81], "genres": ["alternative r&b", "atl hip hop", "hip hop", "melodic rap", "r&b", "rap", "trap"]}, "3ketN3dth18vSJ1T3HIztN": {"name": "B. D\u2019OR (feat. Wizkid)", "coverArt": "https://i.scdn.co/image/ab67616d00001e02ed808ecd866a67c6e47e33f9", "artist": ["Burna Boy", "WizKid"], "artistIds": ["3wcj11K77LjEY1PkEazffa", "3tVQdUvClmAT7URs9V3rsp"], "artistPop": [78, 80], "genres": ["afro dancehall", "dancehall", "nigerian hip hop", "nigerian pop", "afro dancehall", "afropop", "azonto", "nigerian hip hop", "nigerian pop"]}, "0kUz4NuENHYVUChlthlNaB": {"name": "The Best Part of Life", "coverArt": "https://i.scdn.co/image/ab67616d00001e02fe71b4a228f092da421125b3", "artist": ["SAINt JHN"], "artistIds": ["0H39MdGGX6dbnnQPt6NQkZ"], "artistPop": [76], "genres": ["melodic rap", "pop rap", "rap", "slap house", "trap"]}, "7M4fSXTAUQih72cf0FbMgA": {"name": "Poison", "coverArt": "https://i.scdn.co/image/ab67616d00001e0219a7f3ef41f4150fd005dff8", "artist": ["Aaliyah", "The Weeknd"], "artistIds": ["0urTpYCsixqZwgNTkPJOJ4", "1Xyo4u8uXC1ZmMpatF05PJ"], "artistPop": [69, 96], "genres": ["contemporary r&b", "dance pop", "hip pop", "pop", "pop rap", "r&b", "urban contemporary", "canadian contemporary r&b", "canadian pop", "pop"]}, "7f6CYOMT6sXv35ZTJRtXtA": {"name": "More Than Friends", "coverArt": "https://i.scdn.co/image/ab67616d00001e02afae5ae58eb98ab9eb032c47", "artist": ["24kGoldn"], "artistIds": ["6fWVd57NKTalqvmjRd2t8Z"], "artistPop": [81], "genres": ["cali rap", "pop rap"]}, "2mCefaKSDuz6S50YIS57wR": {"name": "Pesadilla", "coverArt": "https://i.scdn.co/image/ab67616d00001e027f067a921cc40f4111475a09", "artist": ["Camilo"], "artistIds": ["28gNT5KBp7IjEOQoevXf9N"], "artistPop": [86], "genres": ["colombian pop", "reggaeton colombiano"]}, "0LJFQp5QziQP4QjUybN9yP": {"name": "Toxic", "coverArt": "https://i.scdn.co/image/ab67616d00001e02f6ceaf875cd364bf49fe6976", "artist": ["RealestK"], "artistIds": ["35R1B97CfrqKFFI3QBkTDx"], "artistPop": [70], "genres": []}, "5RMe2tA7RRyWP3cb3upPLd": {"name": "Heaven", "coverArt": "https://i.scdn.co/image/ab67616d00001e02ceec88c8b1f810491f001345", "artist": ["Tierra Whack"], "artistIds": ["4lPl9gqgox3JDiaJ1yklKh"], "artistPop": [65], "genres": ["alternative r&b", "escape room", "indie soul"]}, "0qHPxjC83zQYcxe39xSShx": {"name": "thailand", "coverArt": "https://i.scdn.co/image/ab67616d00001e028007e1fcf108e4270b6df942", "artist": ["Roddy Ricch"], "artistIds": ["757aE44tKEUQEqRuT6GnEB"], "artistPop": [84], "genres": ["melodic rap", "rap", "trap"]}, "0X5lj4BaAPT5TZPp9Qd5DB": {"name": "Closure", "coverArt": "https://i.scdn.co/image/ab67616d00001e021ea641f2bed94dff7bd23411", "artist": ["Kodak Black"], "artistIds": ["46SHBwWsqBkxI7EeeBEQG7"], "artistPop": [83], "genres": ["florida rap", "hip hop", "melodic rap", "miami hip hop", "rap", "southern hip hop", "trap"]}, "4rmXVKUSU0PIblRyYFZHHi": {"name": "M&M (with Future feat. Lil Baby)", "coverArt": "https://i.scdn.co/image/ab67616d00001e0280a85658a64eb32504ce426d", "artist": ["Rvssian", "Future", "Lil Baby"], "artistIds": ["1fctva4kpRbg2k3v7kwRuS", "1RyvyyTE3xzB2ZywiAwp0i", "5f7VJjfbwm532GiveGC0ZK"], "artistPop": [78, 90, 92], "genres": ["latin", "latin hip hop", "reggaeton", "reggaeton flow", "trap latino", "atl hip hop", "hip hop", "pop rap", "rap", "southern hip hop", "trap", "atl hip hop", "atl trap", "rap", "trap"]}, "1RtVREAhqwLLN4QI6bzvQe": {"name": "Wrap Me Up", "coverArt": "https://i.scdn.co/image/ab67616d00001e02e14992ce771852dfc466e0ec", "artist": ["Jhen\u00e9 Aiko"], "artistIds": ["5ZS223C6JyBfXasXxrRqOk"], "artistPop": [81], "genres": ["alternative r&b", "dance pop", "pop", "r&b", "urban contemporary"]}, "416XBAqBQECEjtMS8dlPQM": {"name": "Drop Shit", "coverArt": "https://i.scdn.co/image/ab67616d00001e02632afec90c21633c033923b9", "artist": ["NLE Choppa"], "artistIds": ["0ErzCpIMyLcjPiwT4elrtZ"], "artistPop": [81], "genres": ["memphis hip hop"]}, "5joeIfncVcIwkrOqyXvKCx": {"name": "My Escape", "coverArt": "https://i.scdn.co/image/ab67616d00001e02c7fb0775fe44ec2cd241355d", "artist": ["Joyner Lucas"], "artistIds": ["6C1ohJrd5VydigQtaGy5Wa"], "artistPop": [78], "genres": ["boston hip hop", "hip hop", "pop rap", "rap"]}, "42qt8hsy7l4UR5CsO5ZLfL": {"name": "Dead Wrong (feat. Future)", "coverArt": "https://i.scdn.co/image/ab67616d00001e029db5054a75dd748d65dbab9a", "artist": ["EST Gee", "Future"], "artistIds": ["4FlG0V0jhLO4qGpayFOphj", "1RyvyyTE3xzB2ZywiAwp0i"], "artistPop": [72, 90], "genres": ["kentucky hip hop", "rap", "southern hip hop", "trap", "atl hip hop", "hip hop", "pop rap", "rap", "southern hip hop", "trap"]}, "6wjaAghthtTG3EEIPCI9b7": {"name": "Read My Mind", "coverArt": "https://i.scdn.co/image/ab67616d00001e0233ef99b06bb1f2b350280f7a", "artist": ["Rebecca Black", "Slayyyter"], "artistIds": ["3Vl9fyKMIdLMswk8ai3mm9", "4QM5QCHicznALtX885CnZC"], "artistPop": [55, 61], "genres": ["art pop", "dance pop", "electropop", "escape room", "hyperpop", "pop", "post-teen pop", "art pop", "dance pop", "electropop", "escape room", "hyperpop", "pop"]}, "1uU0Q4JrDzgqWK1QWXccwb": {"name": "SNOWMAN", "coverArt": "https://i.scdn.co/image/ab67616d00001e0296a36771e3c023beaeca00b0", "artist": ["Arizona Zervas"], "artistIds": ["0vRvGUQVUjytro0xpb26bs"], "artistPop": [73], "genres": ["pop rap", "rhode island rap"]}, "21txIUpB3w1dBeixm5X4DL": {"name": "Leaving (feat. the bootleg boy & Heroe)", "coverArt": "https://i.scdn.co/image/ab67616d00001e02a6f1afbe67950bf0e28b7657", "artist": ["Rxseboy", "the bootleg boy", "Heroe"], "artistIds": ["1ScHz7wPPxVTEKsc9g3Z0c", "2i17uDAKnwPO7PlDT4nLaz", "4MkrS9W3HKGDoFcg6vhbF1"], "artistPop": [69, 50, 36], "genres": ["aesthetic rap", "sad lo-fi", "sad rap", "lo-fi chill", "sad lo-fi", "sad rap"]}, "3IXAiQPAN5FXsETn9Gk3PR": {"name": "Make a Mall", "coverArt": "https://i.scdn.co/image/ab67616d00001e023e25b289f33d014dccf26b6b", "artist": ["Preme", "PARTYNEXTDOOR"], "artistIds": ["0bdJZl7TDeiymDYzMJnVh2", "2HPaUgqeutzr3jx5a9WyDV"], "artistPop": [64, 79], "genres": ["canadian hip hop", "canadian trap", "toronto rap", "trap", "trap soul", "pop", "pop rap", "r&b", "rap", "toronto rap", "trap", "urban contemporary"]}, "6KNXTW9dcRUbRH9D7uUZZW": {"name": "Hey Stranger", "coverArt": "https://i.scdn.co/image/ab67616d00001e02d62ee5547d6e674cae2d281a", "artist": ["Melii"], "artistIds": ["4udfTw7V8jI4AHi7PEfJfj"], "artistPop": [53], "genres": ["pop r&b", "r&b", "rap latina", "trap queen"]}, "4F7lBgkFp0BbO5ClrKrTXU": {"name": "Die Young", "coverArt": "https://i.scdn.co/image/ab67616d00001e024cabc9f9690fcd03527504c4", "artist": ["Scorey"], "artistIds": ["0X3nsc84A9qlFilmlWNwQb"], "artistPop": [63], "genres": ["upstate ny rap"]}, "07ShpyCaAqfCseA3fWFFMY": {"name": "Life Goes On (feat. Trippie Redd & Ski Mask The Slump God)", "coverArt": "https://i.scdn.co/image/ab67616d00001e02925275230e6804c9a6585269", "artist": ["Oliver Tree", "Trippie Redd", "Ski Mask The Slump God"], "artistIds": ["6TLwD7HPWuiOzvXEa3oCNe", "6Xgp2XMz1fhVYe7i6yNAax", "2rhFzFmezpnW82MNqEKVry"], "artistPop": [80, 88, 80], "genres": ["alternative hip hop", "melodic rap", "rap", "trap", "miami hip hop", "rap", "underground hip hop"]}, "5TqAWu0AhiQ7rPne0JMhxq": {"name": "No Smoke (feat. DC The Don)", "coverArt": "https://i.scdn.co/image/ab67616d00001e0294ce004e8f44b169f2dab9c6", "artist": ["midwxst", "DC The Don"], "artistIds": ["7CGSp2GbiOpLPSq61qjxf8", "3YYbAExunnHv5pW7GUZefk"], "artistPop": [60, 59], "genres": ["glitchcore", "hyperpop", "vapor trap", "melodic rap", "meme rap", "vapor trap"]}, "16xwg9hnjqaKGmOSiE5JFV": {"name": "Go Crazy", "coverArt": "https://i.scdn.co/image/ab67616d00001e02b88ed9e75d02985c5fe31f91", "artist": ["Imanbek", "Lil Xan", "KDDK"], "artistIds": ["5rGrDvrLOV2VV8SCFVGWlj", "3EXdLajEO02ziZ90P90bSW", "1793RNBnWXkl6iRbT196Nk"], "artistPop": [79, 65, 48], "genres": ["dance pop", "edm", "electro house", "pop dance", "slap house", "tropical house", "emo rap", "underground hip hop", "vapor trap"]}, "3GQ4WtNBEax7cYRGBNM0Js": {"name": "Shisha", "coverArt": "https://i.scdn.co/image/ab67616d00001e0253d435bee94d6b087b9422e3", "artist": ["Saucy Santana", "City Girls"], "artistIds": ["2NfwGBr2swqZ1rzE3kAV23", "37hAfseJWi0G3Scife12Il"], "artistPop": [54, 74], "genres": ["trap queen", "viral rap", "dance pop", "pop", "pop rap", "r&b", "scam rap", "trap queen"]}, "3olUFMwgASQGeXrlm4g6OH": {"name": "What Did I Do?", "coverArt": "https://i.scdn.co/image/ab67616d00001e02b7d68b9becc79d60bbdac0bf", "artist": ["Hayd"], "artistIds": ["1adGvsK8A0XG2D18ufk7fZ"], "artistPop": [62], "genres": ["alt z", "gen z singer-songwriter", "sad lo-fi", "sad rap"]}, "6LmgJRJKksk4FlSWBBLWpw": {"name": "Remember me Happy", "coverArt": "https://i.scdn.co/image/ab67616d00001e024744a6ac542ca68287f5142b", "artist": ["Alex Warren"], "artistIds": ["0fTSzq9jAh4c36UVb4V7CB"], "artistPop": [56], "genres": ["alt z", "gen z singer-songwriter", "pop"]}, "6JFe09i1OqQxMLlFVDIuDF": {"name": "Anchor", "coverArt": "https://i.scdn.co/image/ab67616d00001e02ff164cb68a84eeba381fb828", "artist": ["Madison Ryann Ward"], "artistIds": ["6eAUAR4N9NOpirukqdIzVI"], "artistPop": [56], "genres": ["alternative r&b"]}, "0Bz4zF649klc9hMb9xtj16": {"name": "Stars Don't Shine (feat. Global Dan)", "coverArt": "https://i.scdn.co/image/ab67616d00001e025cfd6668f148e3669a0a31f1", "artist": ["Steve Aoki", "Global Dan"], "artistIds": ["77AiFEVeAVj2ORpC85QVJs", "1lzugG0lqNh9nP6Fp2zG3c"], "artistPop": [78, 53], "genres": ["dance pop", "edm", "electro house", "pop dance", "pop rap", "tropical house", "emo rap", "melodic rap", "sad rap", "vapor trap"]}, "5FdiUDLORFvwxzTvqqOrcC": {"name": "Leave Here", "coverArt": "https://i.scdn.co/image/ab67616d00001e0234928fecec9b43c7bae973f3", "artist": ["Jacques Greene"], "artistIds": ["0ygIgsjUzKivFgxgjQ9iV9"], "artistPop": [47], "genres": ["canadian electronic", "electronica", "float house", "future garage", "indie soul", "microhouse", "uk bass", "wonky"]}, "7IQhSyhmcQvGAjL9G7FpwS": {"name": "Deer Island", "coverArt": "https://i.scdn.co/image/ab67616d00001e02afe4e817e1d43d20d1d5d109", "artist": ["Yot Club"], "artistIds": ["6FugQjLquBF4JzATRN70bR"], "artistPop": [71], "genres": ["bedroom pop", "indie pop"]}, "0V6whmxgRbeeJpijQXUbDN": {"name": "No Reason", "coverArt": "https://i.scdn.co/image/ab67616d00001e0255bc98763f20825e58285a30", "artist": ["Big Thief"], "artistIds": ["5QdyldG4Fl4TPiOIeMNpBZ"], "artistPop": [64], "genres": ["art pop", "brooklyn indie", "indie folk", "indie pop", "indie rock", "small room"]}, "6M6QXhVSFrdKC1LyGvYHsE": {"name": "Love Changes Everything - From The Motion Picture American Underdog", "coverArt": "https://i.scdn.co/image/ab67616d00001e022b0bdfbac00a11bf1260d5c5", "artist": ["Vince Gill", "Mickey Guyton"], "artistIds": ["3IhWQSrLj8EJjdvjFTpCyo", "6nfN5B7Jmi853SHa9106Hz"], "artistPop": [64, 58], "genres": ["country", "country rock", "oklahoma country", "black americana", "contemporary country", "country pop"]}, "3DZ8dbKg4OTSSqGARvecYd": {"name": "Broadway Girls (feat. Morgan Wallen)", "coverArt": "https://i.scdn.co/image/ab67616d00001e02e56c40e55f2d9ba5dc2b0c9d", "artist": ["Lil Durk", "Morgan Wallen"], "artistIds": ["3hcs9uc56yIGFCSy9leWe7", "4oUHIQIBe0LHzYfvXNW4QM"], "artistPop": [88, 85], "genres": ["chicago drill", "chicago rap", "drill", "hip hop", "rap", "trap", "contemporary country"]}, "1CjHbhYlTbT2Xiotbkkb2g": {"name": "Go It Alone (From Rumble)", "coverArt": "https://i.scdn.co/image/ab67616d00001e02133e4f294ada078c451d2b7a", "artist": ["Joe Jonas"], "artistIds": ["7gbmX8SsfjEjxDMzBi1ZOL"], "artistPop": [58], "genres": ["post-teen pop"]}, "0E8Torj5fhTNBghR1LlPNg": {"name": "The New Me", "coverArt": "https://i.scdn.co/image/ab67616d00001e023f5eeac17bb3285a35948e04", "artist": ["Thomas Day"], "artistIds": ["5TwUXL3I6RaLckHy8le2Hq"], "artistPop": [49], "genres": ["gen z singer-songwriter"]}, "1om7j46fwbaXC1W1vwtvuu": {"name": "How to Love Other People", "coverArt": "https://i.scdn.co/image/ab67616d00001e02bd434bfb8e91e77b7026849f", "artist": ["david hugo"], "artistIds": ["0IErJSgNHRD1DAH0X7yHvn"], "artistPop": [54], "genres": ["alt z", "modern indie pop"]}, "2PCdovP3wSlSS73NOtopJI": {"name": "Hills", "coverArt": "https://i.scdn.co/image/ab67616d00001e02c880f566beebadaa1a34063a", "artist": ["Naomi Sharon"], "artistIds": ["27WVFBOddxovimxMmBN4fb"], "artistPop": [38], "genres": ["dutch r&b"]}, "7imWwrAiyfIgLk9HVYrhLB": {"name": "Tuxedo", "coverArt": "https://i.scdn.co/image/ab67616d00001e020f30c5c8809fa6e6776dceaa", "artist": ["Chief Keef", "Tadoe"], "artistIds": ["15iVAtD3s3FsQR4w1v6M0P", "7AO1qih2zQeI7WYTQxC5fQ"], "artistPop": [77, 50], "genres": ["chicago bop", "chicago drill", "chicago rap", "drill", "hip hop", "pop rap", "rap", "southern hip hop", "trap", "underground hip hop", "chicago rap", "drill", "vapor trap"]}, "10TaZTWBzpWwDTVlsfXzMf": {"name": "Shmoney (feat. Quavo & Rowdy Rebel)", "coverArt": "https://i.scdn.co/image/ab67616d00001e020b560238ed2f7c82b4e12ce4", "artist": ["Bobby Shmurda", "Quavo", "Rowdy Rebel"], "artistIds": ["34Y0ldeyUv7jBvukWOGASO", "0VRj0yCOv2FXJNP47XQnx5", "6LXRvV2OAtXF7685fzh3mj"], "artistPop": [65, 82, 63], "genres": ["nyc rap", "pop rap", "rap", "southern hip hop", "trap", "atl hip hop", "hip hop", "melodic rap", "pop rap", "rap", "southern hip hop", "trap", "nyc rap"]}, "1OqRZUOy9RlJ4688w6m8rd": {"name": "EXTRAVAGANT", "coverArt": "https://i.scdn.co/image/ab67616d00001e0200ece45a69a45694f487a3e2", "artist": ["yvngxchris"], "artistIds": ["2qB0DlFsQOpNh0bdMCJLwr"], "artistPop": [62], "genres": ["aesthetic rap", "plugg"]}, "108WfZxkd6nSVKJ3z3F8SR": {"name": "Soldier, Like Me", "coverArt": "https://i.scdn.co/image/ab67616d00001e027b56e0acf5a9e29c39545dbe", "artist": ["Pritty", "Ravenna Golden", "Dylan Brady"], "artistIds": ["1vJZhbUzq6DxjIxtikFk1v", "27Od4Wz93nItXglC5t5GuC", "69Lf9TlJ7qID862aDGbZx1"], "artistPop": [34, 41, 44], "genres": ["hyperpop"]}, "69UOtmfLKZp5N6ZmdrbQw0": {"name": "Gucci Prada Balenciaga", "coverArt": "https://i.scdn.co/image/ab67616d00001e021b19b0e1f1ff07d57c3c6c1a", "artist": ["Hailey Knox"], "artistIds": ["6PgkNi6EyAfgiKtFwAwvbH"], "artistPop": [38], "genres": ["nyc pop"]}, "3Iid1bzzTHFY9bXoVs7SiJ": {"name": "Pretty Face", "coverArt": "https://i.scdn.co/image/ab67616d00001e02199758a69a80914ea3737f90", "artist": ["Worry Club"], "artistIds": ["7Fkc1Q81Zy25eZ5dmnURGl"], "artistPop": [33], "genres": ["modern indie pop"]}, "4oHHeXVDV8lcZNfMYpGP59": {"name": "Stepped On A Bee", "coverArt": "https://i.scdn.co/image/ab67616d00001e02dd97a60e700480ff1e8aff53", "artist": ["MisterWives"], "artistIds": ["5ivCbtrcD5N4rD337xIb2z"], "artistPop": [65], "genres": ["electropop", "indie poptimism", "modern rock", "nyc pop", "pop rock"]}, "6NBbpQfD2MZcCNBOy7iE7Q": {"name": "Beautiful", "coverArt": "https://i.scdn.co/image/ab67616d00001e0235eac2d54ef01359bc752da3", "artist": ["NCT 2021"], "artistIds": ["5Qnl3RAtzne7J1dxRv1UBc"], "artistPop": [43], "genres": []}, "6cm2FXJjs4YtaccHczvN1Y": {"name": "Welcome Back, Dummy", "coverArt": "https://i.scdn.co/image/ab67616d00001e02e54b88d34a688ad68050a383", "artist": ["Yung Bleu"], "artistIds": ["3KNIG74xSTc3dj0TRy7pGX"], "artistPop": [72], "genres": ["alabama rap", "pop r&b", "pop rap", "r&b", "trap"]}, "1qo8LZ0OHfObYJpA8Zdfhl": {"name": "Talk Nice", "coverArt": "https://i.scdn.co/image/ab67616d00001e028f0e62fb487dcbbfeee94f3e", "artist": ["Capella Grey"], "artistIds": ["59HbaJ5E8ud7FNLGqUN1KH"], "artistPop": [68], "genres": ["pop rap"]}, "1SLLQv5od5CwfyiuN3mrWu": {"name": "Karma", "coverArt": "https://i.scdn.co/image/ab67616d00001e02411afa8fb279c36ea0d1fa3b", "artist": ["Casper Magico", "Bryant Myers", "Flow La Movie"], "artistIds": ["1fux65HMCBvfJHqlBc4Nno", "6w9ToX5slZ4uIdmD17hJ3c", "2oT7xd9iTO2ejLsNGIMa5f"], "artistPop": [75, 80, 69], "genres": ["latin", "latin hip hop", "reggaeton", "reggaeton flow", "trap latino", "latin", "latin hip hop", "reggaeton", "reggaeton flow", "trap latino", "reggaeton", "trap latino"]}, "5BQE4BW0czfpNRIqnepA0c": {"name": "Whole Thing", "coverArt": "https://i.scdn.co/image/ab67616d00001e022c8a35013fa57ab579a6a2e3", "artist": ["Pia Mia"], "artistIds": ["1BhWF9W2PngtPSyobKg0rP"], "artistPop": [66], "genres": ["dance pop", "pop", "pop r&b", "post-teen pop", "r&b", "urban contemporary"]}, "3kewDExeHWRPVAUzYd1lTG": {"name": "Squid Game (Let's Play)", "coverArt": "https://i.scdn.co/image/ab67616d00001e020bc4b2c67488d4de1ebdcd8a", "artist": ["Alok"], "artistIds": ["0NGAZxHanS9e0iNHpR8f2W"], "artistPop": [82], "genres": ["electro house", "pop nacional", "slap house"]}, "4kz7knmVzbkHwo1dKhL8Yi": {"name": "ICE v3", "coverArt": "https://i.scdn.co/image/ab67616d00001e02ac3957e7d08b7d689f6a9d1d", "artist": ["Kaskade", "The Moth & The Flame"], "artistIds": ["6TQj5BFPooTa08A7pk8AQ1", "6Fk18HpdnXUsKWpN9mPb9R"], "artistPop": [69, 47], "genres": ["edm", "electro house", "pop", "pop dance", "progressive house", "vocal house", "modern alternative rock", "utah indie"]}, "7lptWvJDvjipxGWUm2nsfS": {"name": "No Kure", "coverArt": "https://i.scdn.co/image/ab67616d00001e02705683bebcc1dda725435661", "artist": ["whiterosemoxie"], "artistIds": ["3XlPXxJwM5utJ5D0PiBugV"], "artistPop": [49], "genres": ["indie hip hop"]}, "3ZJT9YonkUgHO0wUFKgTKu": {"name": "Room #624 (Married 2 My Mind)", "coverArt": "https://i.scdn.co/image/ab67616d00001e02d25fbdb1249d4bcfd216d081", "artist": ["EXUM"], "artistIds": ["5KJX1Zh0zfHcbwSCk5cPk0"], "artistPop": [28], "genres": []}, "1psooo00FPOftSv5NaY6fL": {"name": "Weight of the World", "coverArt": "https://i.scdn.co/image/ab67616d00001e027cbaaa83d8b1f6348cc74283", "artist": ["HARRY WAS HERE", "Senses Fail"], "artistIds": ["5ztMBMGr4A0rCnBPUWErBP", "591yCCsZCLXvaJ0Rg38vLZ"], "artistPop": [22, 58], "genres": ["emo", "metalcore", "pop punk", "post-hardcore", "screamo"]}, "120gZpbcyjQZ7KNKJxZXnx": {"name": "crashing down", "coverArt": "https://i.scdn.co/image/ab67616d00001e02f9344a1b304b8d78ee9231d9", "artist": ["Arlie"], "artistIds": ["6Bllzm0olEwqGwPujaLiuA"], "artistPop": [53], "genres": ["indie pop", "modern rock"]}, "1hKwgDLMXRMYF5ELuVr6ni": {"name": "Leading", "coverArt": "https://i.scdn.co/image/ab67616d00001e02262af6f60ed3a93688dce24d", "artist": ["Best Coast"], "artistIds": ["5YkBrE0wF8cAlq3GCOw5Eu"], "artistPop": [51], "genres": ["indie pop", "indie rock", "indie surf", "la indie", "metropopolis"]}, "4VEi6uIfVoOOFl1ZBrbKuk": {"name": "Oh Shhh", "coverArt": "https://i.scdn.co/image/ab67616d00001e0263af70b0a0ee8ea6ecfd465b", "artist": ["DreamDoll"], "artistIds": ["1nsdnHv49z0H5oPj3sJ3to"], "artistPop": [54], "genres": ["hip pop", "pop r&b", "trap queen"]}, "2RekFRVuBcZmSnTtTuJuLM": {"name": "Mr. Pyrex Man", "coverArt": "https://i.scdn.co/image/ab67616d00001e0241a77d1e8700bcc6d0dba65b", "artist": ["Benny The Butcher"], "artistIds": ["5Matrg5du62bXwer29cU5T"], "artistPop": [68], "genres": ["boom bap", "buffalo hip hop", "hip hop", "rap", "southern hip hop", "upstate ny rap"]}, "36q9e2bci1iIm9e1zlJ8y0": {"name": "Tomorrow", "coverArt": "https://i.scdn.co/image/ab67616d00001e0202e22cee389fe0e140c6236e", "artist": ["Waxahatchee"], "artistIds": ["5IWCU0V9evBlW4gIeGY4zF"], "artistPop": [56], "genres": ["alabama indie", "art pop", "bubblegrunge", "folk", "freak folk", "indie folk", "indie pop", "indie rock"]}, "1iu83btfdAEbMH4K2tRo71": {"name": "Walker", "coverArt": "https://i.scdn.co/image/ab67616d00001e025924df21a429a45ccfd730c4", "artist": ["Animal Collective"], "artistIds": ["4kwxTgCKMipBKhSnEstNKj"], "artistPop": [55], "genres": ["alternative dance", "alternative rock", "art pop", "art rock", "baltimore indie", "chillwave", "dream pop", "electronica", "experimental pop", "freak folk", "indie pop", "indie rock", "modern rock", "new rave", "noise pop"]}, "7uThAwbtW0yuK6fePJMpyg": {"name": "Quiet Zone", "coverArt": "https://i.scdn.co/image/ab67616d00001e02d7f5868d86b0bf239fdc819c", "artist": ["Edith Whiskers"], "artistIds": ["15K8w0bfYieOr55vhSMgJN"], "artistPop": [65], "genres": []}, "0tYfi7vl6FbspcxyGHCDCu": {"name": "Time Machine", "coverArt": "https://i.scdn.co/image/ab67616d00001e022959f2ca45e8974376e5abdf", "artist": ["LAYNE"], "artistIds": ["2rRf5V0hAZgB3yLGTE3T69"], "artistPop": [37], "genres": []}, "5zpR9iel4xXiZ3HP9owOiL": {"name": "Call It Like I See It", "coverArt": "https://i.scdn.co/image/ab67616d00001e02a058ab453183c35b918b1688", "artist": ["Big Time Rush"], "artistIds": ["0GWCNkPi54upO9WLlwjAHd"], "artistPop": [67], "genres": ["boy band", "dance pop", "pop", "post-teen pop"]}, "1p22yVi9e8DT6BEUvOZ0TL": {"name": "De Enero a Diciembre", "coverArt": "https://i.scdn.co/image/ab67616d00001e02a9bf7768ec0da0717efc40af", "artist": ["Emilia", "Rusherking"], "artistIds": ["0AqlFI0tz2DsEoJlKSIiT9", "3Apb2lGmGJaBmr0TTBJvIZ"], "artistPop": [73, 75], "genres": ["trap argentino", "trap triste"]}, "2ZQLEuaDw9rxJ5u5YR0KEw": {"name": "best friends", "coverArt": "https://i.scdn.co/image/ab67616d00001e02b82ec5d4e847c17a2e7d3e5f", "artist": ["sammy rash"], "artistIds": ["0yXuo2N8r6dzzGgnLNLGZm"], "artistPop": [55], "genres": ["gen z singer-songwriter", "sad rap"]}, "3gieuXDMPQtdKAARjItOas": {"name": "We Up (feat. DMX)", "coverArt": "https://i.scdn.co/image/ab67616d00001e027bb9d61d84094d56fee3f5ba", "artist": ["Chris Webby", "DMX"], "artistIds": ["3IstlZaHyUP9SONpulb4SM", "1HwM5zlC5qNWhJtM00yXzG"], "artistPop": [67, 74], "genres": ["indie pop rap", "pop rap", "rap", "east coast hip hop", "gangster rap", "hardcore hip hop", "hip hop", "pop rap", "rap"]}, "7dPMQj6Xm335zNKkVXf1Jk": {"name": "Bobby Brown (Feat. Olo Pack)", "coverArt": "https://i.scdn.co/image/ab67616d00001e022d23b2c4e6af3d52c13e061d", "artist": ["Westsidejhitt", "Olo Pack"], "artistIds": ["2GM6qjoFulmgwqbV3nwYVn", "7MK4x94jMoKsaU3x86cgxF"], "artistPop": [23, 5], "genres": []}, "4bM0W7XK0U7QTUCPbRuwvg": {"name": "Need 2 \u201919", "coverArt": "https://i.scdn.co/image/ab67616d00001e02852cae4fbb812c7b65464a0c", "artist": ["HIRA"], "artistIds": ["2rxiXXKdtR1e3ByeaGs7tv"], "artistPop": [30], "genres": []}, "3C5DBTeeFndaikRL8yMofn": {"name": "Dreaming On", "coverArt": "https://i.scdn.co/image/ab67616d00001e02dde2d6585bea9b113bc31cf8", "artist": ["NEFFEX"], "artistIds": ["3z97WMRi731dCvKklIf2X6"], "artistPop": [77], "genres": []}, "5GT7fRtPrfhjJScixSFdZW": {"name": "Clearview", "coverArt": "https://i.scdn.co/image/ab67616d00001e02b6fe1adf453a2f3c2d019b4c", "artist": ["Sophie Powers", "NOAHFINNCE"], "artistIds": ["0hrMKLqgNEIemiF4Ag8dTI", "6y7T3BaNMGAYgRbATEq4cM"], "artistPop": [40, 49], "genres": []}, "1JW8NvG8W6dXwETDQ9F1K3": {"name": "Ice Rink", "coverArt": "https://i.scdn.co/image/ab67616d00001e020fd454fed71cb4abe088c501", "artist": ["Dounia"], "artistIds": ["4fJsnm9CeDAPrwO4MAEToj"], "artistPop": [49], "genres": ["alt z", "alternative r&b", "electropop", "escape room"]}, "0ksR5KPinz2gURmTsZpWwU": {"name": "where I become someone", "coverArt": "https://i.scdn.co/image/ab67616d00001e02c82cd055fbc54a571d33c540", "artist": ["NEIL FRANCES", "Benny Sings"], "artistIds": ["587PA35pRGL1JwQr6idJbb", "4gHcu2JoaXJ0mV4aNPCd7N"], "artistPop": [62, 67], "genres": ["indie soul", "dutch pop", "indie jazz", "indie soul"]}, "6XEsyYactnjQEDarbVmnvR": {"name": "On My Way", "coverArt": "https://i.scdn.co/image/ab67616d00001e02dc466824665e099ae602fc26", "artist": ["Gaullin"], "artistIds": ["1aQwKFn00nswXRDUDipm0K"], "artistPop": [67], "genres": ["edm", "lithuanian edm", "lithuanian electronic", "pop dance", "tropical house"]}, "1REKc0AbUNi4iwJDo4RJhO": {"name": "who knows?", "coverArt": "https://i.scdn.co/image/ab67616d00001e02ba15cf7575a86ef498ab49a4", "artist": ["angelus"], "artistIds": ["56l5jbQerCGh7lfbwLnfaK"], "artistPop": [48], "genres": ["glitchcore", "hyperpop"]}, "7zjO4Hy7TjwyGTJmOwaYJs": {"name": "Come Thru (feat. Shady Moon & Ciscaux)", "coverArt": "https://i.scdn.co/image/ab67616d00001e020c4b8450ac0860dd1b7df656", "artist": ["1nonly", "Shady Moon", "Ciscaux"], "artistIds": ["3ZHU5AKrUmIPnCFfr82QER", "2urobxol2zYHXOUJXDh8n4", "5qVVvbyUOpNdgTGvNxzcMW"], "artistPop": [76, 65, 66], "genres": ["aesthetic rap", "aesthetic rap", "meme rap", "sad lo-fi", "sad rap", "aesthetic rap", "meme rap"]}, "2FHC2xTzANdprKYAwehB68": {"name": "Steppas Freestyle (feat. Sleepy Hallow)", "coverArt": "https://i.scdn.co/image/ab67616d00001e02a27ca3f51263f67aa1807fa2", "artist": ["Eli Fross", "Sleepy Hallow"], "artistIds": ["6Vy1VMVCyTgbcmA1iz0QFg", "6EPlBSH2RSiettczlz7ihV"], "artistPop": [56, 82], "genres": ["brooklyn drill", "brooklyn drill", "nyc rap"]}, "6nDIfZcCj06dGLY1sckgaZ": {"name": "Moncler Coat", "coverArt": "https://i.scdn.co/image/ab67616d00001e027b47daac7161909cd2cacd8b", "artist": ["Sally Sossa"], "artistIds": ["58q28H7IgX06YXkPvUtGgR"], "artistPop": [55], "genres": []}, "3lulXMWZo5rfXbqFKbdJ2Z": {"name": "Got What You Wanted", "coverArt": "https://i.scdn.co/image/ab67616d00001e027650b9274ed1467df6fdb703", "artist": ["Cal in Red"], "artistIds": ["3dXBDrVfLai40505fF4HH1"], "artistPop": [17], "genres": []}, "6p2DKSuKLPvIBIHkoqBTtX": {"name": "Flowers", "coverArt": "https://i.scdn.co/image/ab67616d00001e024fe6acb5a3726ebc2eb9efc6", "artist": ["ILIRA"], "artistIds": ["6mzs66iVW15C5iLt0JLt41"], "artistPop": [67], "genres": ["albanian pop"]}, "3fMhB9MljklvNMjxokHoiJ": {"name": "great", "coverArt": "https://i.scdn.co/image/ab67616d00001e0259a393fbb6ed85e166838242", "artist": ["Smrtdeath", "WHOKILLEDXIX"], "artistIds": ["4NYeChhB65zL0ywl4rHmSk", "0RSogp4qeGu0ZM71JRTay3"], "artistPop": [51, 65], "genres": ["canadian trap", "dark trap", "emo rap", "sad rap", "glitchcore", "viral rap"]}, "0sktDMLlBad3MdZAhPSut1": {"name": "No Bottom", "coverArt": "https://i.scdn.co/image/ab67616d00001e02b0229f992628b8ba194ff762", "artist": ["Kameron"], "artistIds": ["7Gui07OSDQGktpwL3oH8yt"], "artistPop": [45], "genres": []}, "0k9JviZtfjuKazOI6e7Yyf": {"name": "Station station", "coverArt": "https://i.scdn.co/image/ab67616d00001e026480f03e4ca3d3c19a2c4378", "artist": ["Miynt"], "artistIds": ["4grFkvUAEj8IWdGDEJ2F4b"], "artistPop": [36], "genres": ["indie electropop", "vapor soul"]}, "6EPVLVH60HAutxzxV4Tb6y": {"name": "Nac\u00ed Para Amarte", "coverArt": "https://i.scdn.co/image/ab67616d00001e02221a1ebe7bafd7aa10d04331", "artist": ["Junior H"], "artistIds": ["7Gi6gjaWy3DxyilpF1a8Is"], "artistPop": [81], "genres": ["corridos tumbados", "nuevo regional mexicano", "regional mexican", "sierreno"]}, "2LjEovfvxovl807CqAoJS8": {"name": "Quentin Tarantino", "coverArt": "https://i.scdn.co/image/ab67616d00001e028c48dcedff529a620896c94c", "artist": ["RZA", "Flatbush Zombies"], "artistIds": ["4iCwCMnqsNZ6atvRiADgtn", "1dqGS5sT6PE2wEvP1gROZC"], "artistPop": [69, 63], "genres": ["alternative hip hop", "east coast hip hop", "hardcore hip hop", "hip hop", "escape room", "hip hop", "psychedelic hip hop", "rap", "underground hip hop"]}, "2F36MK3mo9y03u5WeQuw7B": {"name": "Mad That I'm Rich (feat. FCG Heem)", "coverArt": "https://i.scdn.co/image/ab67616d00001e02c0b0cbc10e98fd0a9e41dfb3", "artist": ["Project Youngin", "FCG Heem"], "artistIds": ["0zSnym91x3cA9RTp3wHff0", "6GSZ8C4Dyu5VsGz16jAgPC"], "artistPop": [38, 43], "genres": ["florida rap", "florida rap"]}, "5TD67ukVHXuP8Cxp4MxhYb": {"name": "Slow Nights", "coverArt": "https://i.scdn.co/image/ab67616d00001e02a869121954c4dce3aec6e8bd", "artist": ["Besomorph", "Mougleta"], "artistIds": ["619CzMJPPWrCeZwx5qw6ko", "4gmndqcVVyxmzgOunTiuAD"], "artistPop": [67, 52], "genres": ["alt z", "slap house", "traprun"]}, "2rhq7qDZmgfPSq1REkDGEU": {"name": "HYPER", "coverArt": "https://i.scdn.co/image/ab67616d00001e0201cd00194a04bf45b88ca79e", "artist": ["Davina Michelle"], "artistIds": ["6OG9fZ1LKXyL0hShRmmnq1"], "artistPop": [64], "genres": ["dutch pop", "dutch rock"]}, "0sHwaKBOtXCz4vrlVFafXv": {"name": "Way Back When", "coverArt": "https://i.scdn.co/image/ab67616d00001e0234a395bc9af86a467459f220", "artist": ["Rozei"], "artistIds": ["4KDCtEFisBruCfqakuV4PZ"], "artistPop": [49], "genres": ["sad rap"]}, "00r8JL55INeWH0qQfiEhsl": {"name": "Shine", "coverArt": "https://i.scdn.co/image/ab67616d00001e0248438c19e1ae66b18a309bba", "artist": ["The Ballroom Thieves"], "artistIds": ["7kZBQcHbD4IKKEJIMnrRWC"], "artistPop": [52], "genres": ["boston folk", "deep new americana", "folk-pop", "indie folk", "indiecoustica", "new americana", "new england americana", "stomp and holler"]}, "5vu0s49tjSTpYNWWl3uPeW": {"name": "Cozy", "coverArt": "https://i.scdn.co/image/ab67616d00001e02af9c0d881756f72e5b421b8d", "artist": ["Valley Boy"], "artistIds": ["46VzbEZDkCQKJX3o4g8gMD"], "artistPop": [38], "genres": []}, "00tIiOoqhX2RM5WTtKm9Ep": {"name": "Sint Maarten", "coverArt": "https://i.scdn.co/image/ab67616d00001e022636b76b5d0f4296583d639a", "artist": ["BLOND:ISH"], "artistIds": ["6zsJjoCtL1WByG0VsuFWzR"], "artistPop": [50], "genres": ["deep disco house", "organic house"]}, "02kiSpaHtIrkNCPjGndAI1": {"name": "Tippy Toes (with Fancy Feelings feat. DSCOSTU) - BONUS TRACK", "coverArt": "https://i.scdn.co/image/ab67616d00001e025551adb75cf7c4737f93ed1d", "artist": ["Adam Buxton", "Fancy Feelings", "DSCOSTU"], "artistIds": ["1tELKM5wjfv7SlSNgVOdAq", "6PjDCeZZmEgmlenl4Bf5Pr", "4vg4AC4wgDKwGNV1xemLr1"], "artistPop": [16, 24, 16], "genres": []}, "4ElvDloHe5RukqNYYjyasR": {"name": "Shine Like Stars - Live", "coverArt": "https://i.scdn.co/image/ab67616d00001e0252c4d07482726990add99709", "artist": ["Passion", "Brett Younker", "Mary-Michael Brenner"], "artistIds": ["6piIAIurGAryW5h1rqQC16", "1bv56110xRuPw0V8YaWiM5", "1AXUTEMYKP33s5xSGXvYem"], "artistPop": [64, 43, 0], "genres": ["anthem worship", "ccm", "christian alternative rock", "christian music", "world worship", "worship", "alternative ccm"]}, "6h5Bu5TWQZwBvCyCjbsYxW": {"name": "Kojosese", "coverArt": "https://i.scdn.co/image/ab67616d00001e02354b5a04ddcdc79da46849ea", "artist": ["Naira Marley"], "artistIds": ["5DfaMudUwkoz6TAPYifqkJ"], "artistPop": [56], "genres": ["afro dancehall", "afropop", "afroswing", "azontobeats", "nigerian pop"]}, "2KdjpWrL4mhAuOu9ar1p4K": {"name": "Never Worried", "coverArt": "https://i.scdn.co/image/ab67616d00001e022334c89c3f4424be37d9cca8", "artist": ["SportVVS", "SoFaygo"], "artistIds": ["3MqSY6mADANAZHZcOOaoFu", "2SJhf6rTOU53g8yBdAjPby"], "artistPop": [33, 71], "genres": ["glitchcore", "plugg", "vapor trap"]}, "4c9fF18rZHbsA8X8apjuRd": {"name": "Feeling Myself (feat. DJ Drama)", "coverArt": "https://i.scdn.co/image/ab67616d00001e0224efb882fb6791e100f64e9b", "artist": ["Poundside Pop", "DJ Drama"], "artistIds": ["4GjElWvmSWy4FkKoGZbYs0", "5oNgAs7j5XcBMzWv3HAnHG"], "artistPop": [31, 63], "genres": ["philly drill", "philly rap", "dirty south rap", "gangster rap", "hip hop", "philly rap", "pop rap", "rap", "southern hip hop", "trap"]}}