{"5UusfWUMMLEXLMc1ViNZoe": {"name": "@ MEH", "coverArt": "https://i.scdn.co/image/ab67616d00001e0294b3462dba9f30136ccf5491", "artist": ["Playboi Carti"], "artistIds": ["699OTQXzgjhIYAHMy9RyPD"], "artistPop": [83], "genres": ["atl hip hop", "hip hop", "plugg", "rap", "trap"]}, "7ytR5pFWmSjzHJIeQkgog4": {"name": "ROCKSTAR (feat. Roddy Ricch)", "coverArt": "https://i.scdn.co/image/ab67616d00001e0220e08c8cc23f404d723b5647", "artist": ["DaBaby", "Roddy Ricch"], "artistIds": ["4r63FhuTkUYltbVAg5TQnk", "757aE44tKEUQEqRuT6GnEB"], "artistPop": [89, 83], "genres": ["north carolina hip hop", "rap", "melodic rap", "rap", "trap"]}, "1fipvP2zmef6vN2IwXfJhY": {"name": "I\u2019m Ready (with Demi Lovato)", "coverArt": "https://i.scdn.co/image/ab67616d00001e024faa7bcdea2019fc871ef49e", "artist": ["Sam Smith", "Demi Lovato"], "artistIds": ["2wY79sveU1sp5g7SokKOiI", "6S2OmqARrzebs0tKUEyXyp"], "artistPop": [85, 82], "genres": ["dance pop", "pop", "post-teen pop", "uk pop", "dance pop", "pop", "post-teen pop"]}, "2hfoyc7ve6xM4ZEiNIiU1B": {"name": "Gimme Love", "coverArt": "https://i.scdn.co/image/ab67616d00001e02b6d007e03bcf0712d7735bd7", "artist": ["Joji"], "artistIds": ["3MZsBdqDrRTJihTHQrO6Dq"], "artistPop": [81], "genres": ["alternative r&b", "viral pop"]}, "4YKcx7YxznAdBefrYdCZ9P": {"name": "somebody loves you", "coverArt": "https://i.scdn.co/image/ab67616d00001e027a223f00c4f15fb7080d1aec", "artist": ["Jeremy Zucker"], "artistIds": ["3gIRvgZssIb9aiirIg0nI3"], "artistPop": [78], "genres": ["electropop", "pop", "post-teen pop"]}, "67lKDoCZbRCJDa4RT68eme": {"name": "Secret (feat. Summer Walker)", "coverArt": "https://i.scdn.co/image/ab67616d00001e021dde84b245fa518dd2e61e3b", "artist": ["21 Savage", "Summer Walker"], "artistIds": ["1URnnhqYAYcrqrcwql10ft", "57LYzLEk2LcFghVwuWbcuS"], "artistPop": [86, 77], "genres": ["atl hip hop", "hip hop", "rap", "trap", "pop", "r&b"]}, "6Md0VfGaWXZgJc53IMqPkO": {"name": "PDLIF", "coverArt": "https://i.scdn.co/image/ab67616d00001e0294a0b1ff1f46bbbaee1c9457", "artist": ["Bon Iver"], "artistIds": ["4LEiUm1SRbFMgfqnQTwUbQ"], "artistPop": [76], "genres": ["eau claire indie", "indie folk", "melancholia"]}, "5PqreNOgHtz0JusSoeitaF": {"name": "im used to it", "coverArt": "https://i.scdn.co/image/ab67616d00001e0202fc302c2f688d51f1cfe6ac", "artist": ["Powfu"], "artistIds": ["6bmlMHgSheBauioMgKv2tn"], "artistPop": [76], "genres": ["sad rap"]}, "732FkQ12zMwfqKKJGsChmY": {"name": "Bad Friend", "coverArt": "https://i.scdn.co/image/ab67616d00001e020e0b1ad6d4ea29787c510097", "artist": ["Rina Sawayama"], "artistIds": ["2KEqzdPS7M5YwGmiuPTdr5"], "artistPop": [64], "genres": ["art pop", "dance pop", "electropop", "escape room", "pop", "post-teen pop"]}, "3hR48Bj9Wgl6xunDG4nsRZ": {"name": "Leader Of The Delinquents", "coverArt": "https://i.scdn.co/image/ab67616d00001e02adbc10fb0a1dead2cc76856d", "artist": ["Kid Cudi"], "artistIds": ["0fA0VVWsXO9YnASrzqfmYu"], "artistPop": [84], "genres": ["hip hop", "ohio hip hop", "pop rap", "rap"]}, "4vAvloma2hNHnD2M9vLSH0": {"name": "Do Si Do (feat. Blanco Brown)", "coverArt": "https://i.scdn.co/image/ab67616d00001e0299b3f239bb2628855d4c3545", "artist": ["Diplo", "Blanco Brown"], "artistIds": ["5fMUXHkw8R8eOP2RNVYEZX", "3yzRiNMZdTsSUgplcyYZ4i"], "artistPop": [82, 65], "genres": ["bmore", "dance pop", "edm", "electro house", "house", "moombahton", "ninja", "pop", "pop dance", "tropical house", "country rap"]}, "2QNndTbo9mvgOoOKJvpEl2": {"name": "I Got You", "coverArt": "https://i.scdn.co/image/ab67616d00001e0210eb5d74468254eca8666fdf", "artist": ["Bazzi"], "artistIds": ["4GvEc3ANtPPjt1ZJllr5Zl"], "artistPop": [77], "genres": ["dance pop", "electropop", "pop", "pop rap", "post-teen pop"]}, "3q8iHOd2icirSipnkE7fae": {"name": "Light Of Love", "coverArt": "https://i.scdn.co/image/ab67616d00001e02b72d7bf49dbb4057cdf93c3c", "artist": ["Florence + The Machine"], "artistIds": ["1moxjboGR7GNWYIMWsRjgG"], "artistPop": [75], "genres": ["baroque pop", "pop", "uk alternative pop"]}, "5Gj1wG8b12VQdEd3hUuSwo": {"name": "Freedom", "coverArt": "https://i.scdn.co/image/ab67616d00001e02bd5fd1da3f5f0272e71400a3", "artist": ["Kygo", "Zak Abel"], "artistIds": ["23fqKkggKUBHNkbKtXEls4", "6Gk5hoM7eW8NSCYhICMDHw"], "artistPop": [83, 65], "genres": ["edm", "pop", "pop dance", "tropical house", "uk contemporary r&b"]}, "1tXncn8RYWcTfX5dJoYQG4": {"name": "That's A Fact", "coverArt": "https://i.scdn.co/image/ab67616d00001e02fbc3ea2731e124638e0b6fca", "artist": ["French Montana"], "artistIds": ["6vXTefBL93Dj5IqAWq6OTv"], "artistPop": [78], "genres": ["gangster rap", "hip hop", "pop rap", "rap", "southern hip hop", "trap"]}, "7rTzrRdc5UbvLr0gwI1J3E": {"name": "Out Of Love (feat. Internet Money)", "coverArt": "https://i.scdn.co/image/ab67616d00001e022cb4ba829a129ae307624664", "artist": ["Lil Tecca", "Internet Money"], "artistIds": ["4Ga1P7PMIsmqEZqhYZQgDo", "6MPCFvOQv5cIGfw3jODMF0"], "artistPop": [83, 79], "genres": ["melodic rap", "rap", "trap", "pop rap", "rap", "trap"]}, "6Ok5DivyUJjsLVUUWLzz6o": {"name": "'Flawless' Do It Well Pt. 3 (feat. Summer Walker)", "coverArt": "https://i.scdn.co/image/ab67616d00001e023aba3bf1aad3ff1bb393e4b2", "artist": ["dvsn", "Summer Walker"], "artistIds": ["7e1ICztHM2Sc4JNLxeMXYl", "57LYzLEk2LcFghVwuWbcuS"], "artistPop": [67, 77], "genres": ["alternative r&b", "canadian contemporary r&b", "pop", "pop r&b", "pop rap", "r&b", "trap soul", "urban contemporary", "pop", "r&b"]}, "2pDKE8Q40TDGPl1O11DKKn": {"name": "Shameika", "coverArt": "https://i.scdn.co/image/ab67616d00001e02841292c1316c4bf85447bcd9", "artist": ["Fiona Apple"], "artistIds": ["3g2kUQ6tHLLbmkV7T4GPtL"], "artistPop": [62], "genres": ["art pop", "chamber pop", "indie pop", "lilith", "permanent wave", "piano rock", "pop rock", "singer-songwriter"]}, "4gtHfvLdEVcGGRL2CkWjKr": {"name": "You and Your Folks, Me and My Folks - Recorded at East West Studios", "coverArt": "https://i.scdn.co/image/ab67616d00001e0263009fdad40e52638cb0d78c", "artist": ["Brittany Howard"], "artistIds": ["4XquDVA8pkg5Lx91No1JxB"], "artistPop": [59], "genres": ["modern blues rock", "neo soul"]}, "3hARuUtzTdUuWH1KiLJlSf": {"name": "Window", "coverArt": "https://i.scdn.co/image/ab67616d00001e02fee5f7b500e33768601719bb", "artist": ["Still Woozy"], "artistIds": ["4iMO20EPodreIaEl8qW66y"], "artistPop": [73], "genres": ["bedroom pop", "modern rock", "oakland indie"]}, "45bE4HXI0AwGZXfZtMp8JR": {"name": "you broke me first", "coverArt": "https://i.scdn.co/image/ab67616d00001e020c2c97099fd6a637ed0aa4a4", "artist": ["Tate McRae"], "artistIds": ["45dkTj5sMRSjrmBSBeiHym"], "artistPop": [81], "genres": ["alt z", "dance pop", "pop", "post-teen pop"]}, "64YAQSR4jfmtHeJudcQix2": {"name": "Go Dumb (feat. blackbear, The Kid LAROI and Bankrol Hayden)", "coverArt": "https://i.scdn.co/image/ab67616d00001e02454a82fb2cc696d621481c6f", "artist": ["Y2K", "The Kid LAROI", "blackbear", "Bankrol Hayden"], "artistIds": ["6USMTwO0MNDnKte5a5h0xx", "2tIP7SsRs7vjIcLrU85W8J", "2cFrymmkijnjDg9SS92EPM", "0Yr4BBpK2dkCp2UsrJ9LZN"], "artistPop": [67, 92, 84, 68], "genres": ["pop rap", "australian hip hop", "pop", "pop rap", "melodic rap", "pop rap", "sad rap", "social media pop"]}, "5eU0KDvZVfFl4ehleRwGGF": {"name": "Sick and Tired", "coverArt": "https://i.scdn.co/image/ab67616d00001e025b33bdcd47416c53b2dba39f", "artist": ["iann dior", "Machine Gun Kelly", "Travis Barker"], "artistIds": ["6ASri4ePR7RlsvIQgWPJpS", "6TIYQ3jFPwQSRmorSezPxX", "4exLIFE8sISLr28sqG1qNX"], "artistPop": [82, 85, 79], "genres": ["melodic rap", "pop rap", "ohio hip hop", "pop rap", "rap rock"]}, "1P7tiVl5hgemZuH8oNyP6C": {"name": "midnight love", "coverArt": "https://i.scdn.co/image/ab67616d00001e02fc8bca9b498096c90cd1a6ee", "artist": ["girl in red"], "artistIds": ["3uwAm6vQy7kWPS2bciKWx9"], "artistPop": [77], "genres": ["bedroom pop", "bubblegrunge", "indie pop", "norwegian indie", "pop"]}, "2zRLogAqKnlcMRyOExw3LF": {"name": "Emerald Eyes", "coverArt": "https://i.scdn.co/image/ab67616d00001e02be0a4be4ee2fc8100b1389ae", "artist": ["Anson Seabra"], "artistIds": ["2jHp7gQArCQrlMvdrIVFCg"], "artistPop": [69], "genres": ["alt z", "indie cafe pop", "pop", "social media pop"]}, "6q2eAEsGYAjjb30A1SThGu": {"name": "Bigger Love", "coverArt": "https://i.scdn.co/image/ab67616d00001e02ba7f8121d1945b52a7eb1f1c", "artist": ["John Legend"], "artistIds": ["5y2Xq6xcjJb2jVM54GHK3t"], "artistPop": [79], "genres": ["neo soul", "pop", "pop soul", "r&b", "urban contemporary"]}, "0o58NWBiVXewJNfNDKQyjw": {"name": "I Dare You", "coverArt": "https://i.scdn.co/image/ab67616d00001e02497c2826813360436f0c2ed0", "artist": ["Kelly Clarkson"], "artistIds": ["3BmGtnKgCSGYIUhmivXKWX"], "artistPop": [75], "genres": ["dance pop", "neo mellow", "pop", "pop rock", "post-teen pop", "talent show"]}, "00PXRPuZFlM5dv1FeJa69J": {"name": "umbrellar", "coverArt": "https://i.scdn.co/image/ab67616d00001e0254214badf3fb0542af261aed", "artist": ["Dua Saleh"], "artistIds": ["2DGBzoOLcKLK3eWxFyugdB"], "artistPop": [42], "genres": ["alternative r&b", "escape room", "minnesota hip hop", "sudanese pop"]}, "1qg0uOaQhvAj0HPMSLtq3h": {"name": "PTSD", "coverArt": "https://i.scdn.co/image/ab67616d00001e02e62048235a9b713ce3c513d2", "artist": ["Kenny Mason"], "artistIds": ["4mwdnO2jZrMmMVrjcHsZBv"], "artistPop": [55], "genres": ["atl hip hop", "indie hip hop", "underground hip hop"]}, "2yNCD3Hs8j30hVZoH6rD3n": {"name": "Everybody Business", "coverArt": "https://i.scdn.co/image/ab67616d00001e025a743c6ecd8c1a220c8b2931", "artist": ["Kehlani"], "artistIds": ["0cGUm45nv7Z6M6qdXYQGTX"], "artistPop": [79], "genres": ["dance pop", "pop", "pop rap", "post-teen pop", "r&b"]}, "32ypPhtgTaETvFn3ZIHXTW": {"name": "Fade Away", "coverArt": "https://i.scdn.co/image/ab67616d00001e02f63100a724b938a500bf896c", "artist": ["The Kid LAROI", "Lil Tjay"], "artistIds": ["2tIP7SsRs7vjIcLrU85W8J", "6jGMq4yGs7aQzuGsMgVgZR"], "artistPop": [92, 84], "genres": ["australian hip hop", "brooklyn drill", "melodic rap", "nyc rap"]}, "55YMj9pA2x7CkC3NmDtBkl": {"name": "Idontknow", "coverArt": "https://i.scdn.co/image/ab67616d00001e026d4e7bd358891d4abb8953e7", "artist": ["Jamie xx"], "artistIds": ["7A0awCXkE1FtSU8B0qwOJQ"], "artistPop": [61], "genres": ["electronica", "future garage", "indie soul", "new rave"]}, "4eChGxuP1HLtOPpQFFXRbP": {"name": "they told us it was hard, but they were wrong. - Edit", "coverArt": "https://i.scdn.co/image/ab67616d00001e02e43f90cd455ffac911acb193", "artist": ["Ela Minus"], "artistIds": ["4rdJkXHNrMgowlwUdQAg8T"], "artistPop": [48], "genres": ["colombian indie", "latintronica", "pop electronico"]}, "1horDZRb64nwbtDXymIzLw": {"name": "Nothing Really Matters", "coverArt": "https://i.scdn.co/image/ab67616d00001e027cc52a30c6ea0ded16222d7b", "artist": ["Ti\u00ebsto", "Becky Hill"], "artistIds": ["2o5jDhtHVPhrJdv3cEQ99Z", "4EPJlUEBy49EX1wuFOvtjK"], "artistPop": [84, 79], "genres": ["big room", "brostep", "dance pop", "dutch edm", "edm", "house", "pop dance", "slap house", "trance", "tropical house", "dance pop", "house", "pop", "pop dance", "pop house", "tropical house", "uk dance", "uk pop"]}, "2AuWgceaQyfMoI3EGavwGb": {"name": "No Me Ame", "coverArt": "https://i.scdn.co/image/ab67616d00001e02155eef1dc49d17e457d64c05", "artist": ["Rvssian", "Anuel AA", "Juice WRLD"], "artistIds": ["1fctva4kpRbg2k3v7kwRuS", "2R21vXR83lH98kGeO99Y66", "4MCBfE4596Uoi2O4DtmEMz"], "artistPop": [70, 87, 92], "genres": ["latin", "latin hip hop", "reggaeton", "reggaeton flow", "trap latino", "latin", "reggaeton", "reggaeton flow", "trap boricua", "trap latino", "chicago rap", "melodic rap"]}, "7GGlr1GkWjre2lo69N0rVk": {"name": "COFFEE", "coverArt": "https://i.scdn.co/image/ab67616d00001e0226412821e36b1fb0eb0ec79b", "artist": ["Kelly Rowland"], "artistIds": ["3AuMNF8rQAKOzjYppFNAoB"], "artistPop": [68], "genres": ["atl hip hop", "dance pop", "hip pop", "neo soul", "pop", "pop r&b", "pop rap", "post-teen pop", "r&b", "urban contemporary"]}, "1KxbulzaXSOjDyy53TE1cX": {"name": "Catch Up (feat. Mike WiLL Made-It)", "coverArt": "https://i.scdn.co/image/ab67616d00001e02c7996feb63c432bf3cc0ae1f", "artist": ["Chloe x Halle", "Swae Lee", "Mike WiLL Made-It"], "artistIds": ["0AsThoR4KZSVktALiNcQwW", "1zNqQNIdeOUZHb8zbZRFMX", "0NWbwDZY1VkRqFafuQm6wk"], "artistPop": [65, 81, 68], "genres": ["alternative r&b", "dance pop", "pop", "pop rap", "post-teen pop", "r&b", "melodic rap", "trap", "atl hip hop", "hip hop", "pop rap", "rap", "southern hip hop", "trap", "underground hip hop"]}, "59S3SiDxj914oyXd25zt3j": {"name": "Automatic Driver - Tyler, The Creator Remix", "coverArt": "https://i.scdn.co/image/ab67616d00001e02d2cf78fa70a49bb130f54f1e", "artist": ["La Roux", "Tyler, The Creator"], "artistIds": ["3K2zB87GZv1krx031en5VA", "4V8LLVI7PbaPR0K2TGSxFF"], "artistPop": [63, 86], "genres": ["alternative dance", "dance pop", "electropop", "neo-synthpop", "new rave", "hip hop", "rap"]}, "1iJ5pNS5qk1dCTwhwcj85I": {"name": "The Beach", "coverArt": "https://i.scdn.co/image/ab67616d00001e023575d0bf5429481147873112", "artist": ["Max Leone"], "artistIds": ["4VrJDwgmhD1aIenZwn7JpE"], "artistPop": [43], "genres": ["modern indie pop"]}, "4XI5GjQ6zcJXsDnuyOGGEa": {"name": "Look For The Good - Single Version", "coverArt": "https://i.scdn.co/image/ab67616d00001e021838fae6c49eebe9edb80495", "artist": ["Jason Mraz"], "artistIds": ["4phGZZrJZRo4ElhRtViYdl"], "artistPop": [75], "genres": ["acoustic pop", "neo mellow", "pop", "pop rock"]}, "6Lgi0kDsSMAalC69EMtrGe": {"name": "My Love", "coverArt": "https://i.scdn.co/image/ab67616d00001e02475afbb8378c658c2861b4c4", "artist": ["Jack Gilinsky", "Don Toliver"], "artistIds": ["03i0YtDLk0dFQpVMNCYO9L", "4Gso3d4CscCijv0lmajZWs"], "artistPop": [33, 83], "genres": ["teen pop", "rap", "trap"]}, "6wFqLYmiXyGvprbWa4ogm8": {"name": "i think too much", "coverArt": "https://i.scdn.co/image/ab67616d00001e0256a936a6318a9c5c0174010b", "artist": ["Christian French"], "artistIds": ["7naAJDAh7AZnf18YYfQruM"], "artistPop": [63], "genres": ["alt z", "electropop", "pop", "sad rap"]}, "5WlA4gg4yyjPQgZ1cu4XYr": {"name": "Champagne Night - From Songland", "coverArt": "https://i.scdn.co/image/ab67616d00001e02f5309591eecaea996db90a26", "artist": ["Lady A"], "artistIds": ["32WkQRZEVKSzVAAYqukAEA"], "artistPop": [71], "genres": ["contemporary country", "country", "country dawn", "country pop", "country road"]}, "1o0UHbEDYCCpzz8cVQfWxp": {"name": "Gabrielle", "coverArt": "https://i.scdn.co/image/ab67616d00001e02f9b42aca3895fc6e8fcac7ec", "artist": ["Brett Eldredge"], "artistIds": ["0qSX3s5pJnAlSsgsCne8Cz"], "artistPop": [63], "genres": ["contemporary country", "country", "country road", "modern country rock"]}, "5clIpJtJdJbV1WMioS5CXS": {"name": "Keep On Dancing", "coverArt": "https://i.scdn.co/image/ab67616d00001e02e493173de9a081d38d1f2fca", "artist": ["Oh Wonder"], "artistIds": ["5cIc3SBFuBLVxJz58W2tU9"], "artistPop": [70], "genres": ["electropop", "indie poptimism", "pop", "pop rock"]}, "4TcpNrmOpahEhYmMvsanMY": {"name": "Miami", "coverArt": "https://i.scdn.co/image/ab67616d00001e02985337a260aee34a64114ce5", "artist": ["Noah Cunane"], "artistIds": ["477tsxxnnHIlgh6oY6t9eq"], "artistPop": [40], "genres": []}, "0uLgF7pdj9Gk4ok1z5OVFh": {"name": "what would baby do?", "coverArt": "https://i.scdn.co/image/ab67616d00001e02f38240268a558b4c6e59b8e8", "artist": ["bbno$", "lentra"], "artistIds": ["41X1TR6hrK8Q2ZCpp2EqCz", "484bfoveqgHfx2VhNY4zzT"], "artistPop": [77, 64], "genres": ["canadian hip hop", "dark trap", "pop rap", "vapor trap", "canadian hip hop"]}, "0TXK1dsiK9lkeaK6neSP2j": {"name": "French Toast", "coverArt": "https://i.scdn.co/image/ab67616d00001e02c5c36d134537b2809a8c22c6", "artist": ["Westside Gunn", "Wale", "Joyce Wrice"], "artistIds": ["0ABk515kENDyATUdpCKVfW", "67nwj3Y5sZQLl72VNUHEYE", "24Cf1irKt7kcewb9OOkPum"], "artistPop": [65, 74, 53], "genres": ["alternative hip hop", "boom bap", "buffalo hip hop", "hip hop", "rap", "underground hip hop", "upstate ny rap", "dance pop", "gangster rap", "hip hop", "pop", "pop rap", "r&b", "rap", "southern hip hop", "trap", "urban contemporary", "alternative r&b", "chill r&b", "indie r&b", "indie soul", "r&b"]}, "6mqHVyM6tzfNCY0kCMAn5t": {"name": "Bad Boys", "coverArt": "https://i.scdn.co/image/ab67616d00001e0254e615dacfac229d60e680aa", "artist": ["Buddy", "Kent Jamz"], "artistIds": ["6PDLwWvgYNMfBRLqC1h5cJ", "4JgGhWEWcKIyT84mknHP2w"], "artistPop": [63, 42], "genres": ["alternative r&b", "cali rap", "underground hip hop", "indie hip hop"]}, "2qx64wz99OxqCJYgLPZH3h": {"name": "Get Even", "coverArt": "https://i.scdn.co/image/ab67616d00001e021b5db0dfd0cee356ba6e7eeb", "artist": ["Fredo Bang", "Lil Baby"], "artistIds": ["4yTmEo2clwWq2jwelvqgVv", "5f7VJjfbwm532GiveGC0ZK"], "artistPop": [63, 91], "genres": ["baton rouge rap", "southern hip hop", "trap", "atl hip hop", "atl trap", "rap", "trap"]}, "2a7kFbxMwmmZWDvH0JbZFU": {"name": "Touch", "coverArt": "https://i.scdn.co/image/ab67616d00001e02a3d67ccc06d8929df12a2ed1", "artist": ["Dillon Francis", "BabyJake"], "artistIds": ["5R3Hr2cnCCjt220Jmt2xLf", "07Asx51VtMw5kbNXKrpZlq"], "artistPop": [67, 62], "genres": ["brostep", "dance pop", "edm", "electro house", "electronic trap", "electropop", "house", "moombahton", "pop", "pop dance", "slap house", "tropical house", "pop", "pop rap"]}, "6iL8HJz9hm6et1pU9JIvx2": {"name": "Call My Phone Thinking I'm Doing Nothing Better", "coverArt": "https://i.scdn.co/image/ab67616d00001e02760cc36398e5cc923d54d31c", "artist": ["The Streets", "Tame Impala"], "artistIds": ["4GvOygVQquMaPm8oAc0vXi", "5INjqkS1o8h1imAzPqGZBb"], "artistPop": [59, 79], "genres": ["birmingham hip hop", "grime", "modern rock", "uk garage", "australian psych", "neo-psychedelic"]}, "6sqjaO9q52sNKJ8S4x53DD": {"name": "Waiting - Demo", "coverArt": "https://i.scdn.co/image/ab67616d00001e0242f0020c4c13565405132b84", "artist": ["Amber Mark"], "artistIds": ["0tbeZu9lv8YEKSQ9tZSslu"], "artistPop": [63], "genres": ["alternative r&b", "indie r&b", "indie soul", "neo soul", "nyc pop"]}, "698qfbrci5r8U0EKceXhml": {"name": "Think About You - Notion Mix", "coverArt": "https://i.scdn.co/image/ab67616d00001e023f38d289496a3c162652f708", "artist": ["Tiana Major9"], "artistIds": ["1Naqgo0HMRoumRP0e2MXD9"], "artistPop": [55], "genres": ["alternative r&b", "chill r&b", "indie r&b", "r&b", "uk contemporary r&b"]}, "52Jv5TSAOgAELwDC07F3EN": {"name": "Wee Hours (feat. Jhen\u00e9 Aiko)", "coverArt": "https://i.scdn.co/image/ab67616d00001e02dfd72c88f2d2bb694bb7326b", "artist": ["The-Dream", "Jhen\u00e9 Aiko"], "artistIds": ["1W3FSF1BLpY3hlVIgvenLz", "5ZS223C6JyBfXasXxrRqOk"], "artistPop": [68, 79], "genres": ["dance pop", "hip hop", "hip pop", "pop r&b", "r&b", "southern hip hop", "trap", "urban contemporary", "alternative r&b", "dance pop", "pop", "pop rap", "r&b", "urban contemporary"]}, "4Sq71vakNYzewI1nnZItEC": {"name": "I Believe That We Will Win (World Anthem)", "coverArt": "https://i.scdn.co/image/ab67616d00001e02ba56707d34e8af9adb0645da", "artist": ["Pitbull"], "artistIds": ["0TnOYISbd1XYRBk9myaseg"], "artistPop": [84], "genres": ["dance pop", "latin", "miami hip hop", "pop"]}, "2efF9ZPcJQolc3hLVFQ34V": {"name": "They Ain't Ready", "coverArt": "https://i.scdn.co/image/ab67616d00001e02ebe4c768a9987a01d6b0e920", "artist": ["Becky G"], "artistIds": ["4obzFoKoKRHIphyHzJ35G3"], "artistPop": [82], "genres": ["dance pop", "latin", "latin pop", "latin viral pop", "pop", "rap latina", "reggaeton", "trap latino"]}, "2htP8GRErK7IZi4igh59Q1": {"name": "Check Your Phone (Feat. Pete Wentz of Fall Out Boy)", "coverArt": "https://i.scdn.co/image/ab67616d00001e02ad76b74003e6f0c70a87af5a", "artist": ["Cheap Cuts", "Pete Wentz"], "artistIds": ["2el2xI4E9IqiwhRJr2OJqu", "6eNCYcluBDxyf0kkn4j7rD"], "artistPop": [22, 17], "genres": []}, "616gGcmSpT30DezgtMyi8S": {"name": "Juice", "coverArt": "https://i.scdn.co/image/ab67616d00001e02e7df507a0fbc6a50ef96d24f", "artist": ["Sueco"], "artistIds": ["4iDroUFo89Y7YBsdDTBmTD"], "artistPop": [71], "genres": ["cali rap", "pop rap"]}, "72d2Dyum5DZrPx4xT2c8OR": {"name": "I Got Money Now (feat. JID)", "coverArt": "https://i.scdn.co/image/ab67616d00001e02af3e9fd58864caebb5c45a35", "artist": ["Deante' Hitchcock", "JID"], "artistIds": ["5REHfa3YDopGOzrxwTsPvH", "6U3ybJ9UHNKEdsH7ktGBZ7"], "artistPop": [50, 73], "genres": ["alternative r&b", "atl hip hop", "underground hip hop", "hip hop", "rap", "underground hip hop"]}, "37zPeDrvvawkCeyY4DMiPs": {"name": "Designer Junkie", "coverArt": "https://i.scdn.co/image/ab67616d00001e02249bf9b61378425d5c50aeea", "artist": ["YFN Lucci", "Bankroll Freddie"], "artistIds": ["5Berubt6ysOy2LCMyqhmXP", "20vLls6BmcHB0zEwpB91O2"], "artistPop": [63, 47], "genres": ["arkansas hip hop", "atl hip hop", "melodic rap", "pop r&b", "pop rap", "rap", "southern hip hop", "trap", "arkansas hip hop", "atl trap", "trap"]}, "3a29UVSEIj6x3YcfKs2rdi": {"name": "El Mismo Aire", "coverArt": "https://i.scdn.co/image/ab67616d00001e02b4da01f3f98d18af9432e3dd", "artist": ["Camilo"], "artistIds": ["28gNT5KBp7IjEOQoevXf9N"], "artistPop": [85], "genres": ["colombian pop", "reggaeton colombiano"]}, "14d79QOV2pvJHH9vlUfZwJ": {"name": "Love To Go", "coverArt": "https://i.scdn.co/image/ab67616d00001e0273c3ab1248a802523669f383", "artist": ["Lost Frequencies", "Zonderling", "Kelvin Jones"], "artistIds": ["7f5Zgnp2spUuuzKplmRkt7", "0bMKf3lIYR9GaNTdFKkTOr", "2t1vHqFELDwweQWM6JYxHG"], "artistPop": [78, 60, 63], "genres": ["belgian edm", "edm", "pop", "pop dance", "tropical house", "edm", "electro house", "house", "progressive house", "uk pop"]}, "1wiphSU5URcMkpMoGK5mFO": {"name": "50ft.", "coverArt": "https://i.scdn.co/image/ab67616d00001e0278579404bfe78cd573f230ea", "artist": ["Lauren Jauregui"], "artistIds": ["3J0BpFVUc9LeOIVeN5uNhU"], "artistPop": [60], "genres": ["pop", "post-teen pop", "r&b"]}, "5G5qyRHlLmZgy915TBTCkB": {"name": "Figure It Out", "coverArt": "https://i.scdn.co/image/ab67616d00001e02600db082d5dbd86bfb3f7d2b", "artist": ["Blu DeTiger"], "artistIds": ["5NyCIBCeU080ynEj33S4hC"], "artistPop": [54], "genres": []}, "6tnedmxMVEHzPJfWucWzHo": {"name": "On Our Own", "coverArt": "https://i.scdn.co/image/ab67616d00001e02e1225196df3f67528c87c7fd", "artist": ["Lime Cordiale"], "artistIds": ["6yrtCy4XJHXM6tczo4RlTs"], "artistPop": [61], "genres": ["australian pop"]}, "6HRc49nTtMCLOXVU9qDboy": {"name": "Why We Ever", "coverArt": "https://i.scdn.co/image/ab67616d00001e0250409546c66e3e19e591a018", "artist": ["Hayley Williams"], "artistIds": ["6Rx1JKzBrSzoKQtmbVmBnM"], "artistPop": [68], "genres": ["art pop", "indie pop"]}, "5UMjPT47GpOwkUo6e99R3s": {"name": "No I in Beer", "coverArt": "https://i.scdn.co/image/ab67616d00001e02150b51596dc5ebad7bf41420", "artist": ["Brad Paisley"], "artistIds": ["13YmWQJFwgZrd4bf5IjMY4"], "artistPop": [69], "genres": ["contemporary country", "country", "country road"]}, "6FniJZn4agmDtPx1pKZQsa": {"name": "More Than My Hometown", "coverArt": "https://i.scdn.co/image/ab67616d00001e02d630dbe9cbf7ad80807ffdfe", "artist": ["Morgan Wallen"], "artistIds": ["4oUHIQIBe0LHzYfvXNW4QM"], "artistPop": [83], "genres": ["contemporary country"]}, "7eEECZKs0gpI2FgkTTFT0m": {"name": "None For You", "coverArt": "https://i.scdn.co/image/ab67616d00001e029a366a74d2b1ef13490272a2", "artist": ["Lola Young"], "artistIds": ["67FB4n52MgexGQIG8s0yUH"], "artistPop": [38], "genres": ["uk pop"]}, "0WBaWHu6eLYiatba49zosh": {"name": "Resisto Y Ya", "coverArt": "https://i.scdn.co/image/ab67616d00001e02802fedd4354077a836e6a3e2", "artist": ["Lido Pimienta"], "artistIds": ["1IdkKQ9CM1i0wygfxYV4Z3"], "artistPop": [48], "genres": ["canadian latin", "deep latin alternative", "latintronica", "tropical alternativo"]}, "7is7jaDS2hbGyebTOsP5xW": {"name": "Frank Ocean", "coverArt": "https://i.scdn.co/image/ab67616d00001e026a852763ecec0410f2900d6e", "artist": ["Kaash Paige"], "artistIds": ["0f2YkMXwFNJNSX7MymevKE"], "artistPop": [64], "genres": ["pop r&b", "r&b"]}, "0b7VqaKrnpt5Xt4HEhi4zm": {"name": "Dr. Sebagh", "coverArt": "https://i.scdn.co/image/ab67616d00001e0223f76b8315f99229d5a16f63", "artist": ["Tech N9ne", "Landxn Fyre"], "artistIds": ["6UBA15slIuadJ8h2lPRPos", "1ZosO4d6BWK4ysS1BG0ooc"], "artistPop": [72, 26], "genres": ["hip hop", "kansas city hip hop", "pop rap", "rap"]}, "0Q0hhXFFnSU5fVLzw7Ab5z": {"name": "Like a Million", "coverArt": "https://i.scdn.co/image/ab67616d00001e0202118ef4216353cea796d10d", "artist": ["Jackboy", "Kodak Black"], "artistIds": ["2S2mt1DiA4QKdKvtqwxrbB", "46SHBwWsqBkxI7EeeBEQG7"], "artistPop": [61, 81], "genres": ["florida rap", "southern hip hop", "trap", "florida rap", "hip hop", "melodic rap", "miami hip hop", "rap", "southern hip hop", "trap"]}, "1oa582Z90PkwGTetHl0XdE": {"name": "No Dealings", "coverArt": "https://i.scdn.co/image/ab67616d00001e02dcdbc1757810c60dabcc588e", "artist": ["Lil Keed"], "artistIds": ["3uJx5SnOM59Li7lCxA3b29"], "artistPop": [63], "genres": ["melodic rap", "rap", "southern hip hop", "trap", "vapor trap"]}, "5t8ACqlYKgQjXuZwy5BHuH": {"name": "Tour", "coverArt": "https://i.scdn.co/image/ab67616d00001e02406f37464a9c70b8862b971e", "artist": ["Blueface", "Asian Doll", "Glokk 9", "NLE Choppa", "Sada Baby", "Kiddo Curry"], "artistIds": ["3Fl1V19tmjt57oBdxXKAjJ", "4guK7U9J36z76E1tWecJ0J", "1HTb9sLfMzTkX0t0Ta9rC0", "0ErzCpIMyLcjPiwT4elrtZ", "2JSwnwAT1BupAQkhqcRCUw", "5s7mJGxmFRrzZBOy6zfbIU"], "artistPop": [75, 52, 29, 77, 64, 29], "genres": ["cali rap", "trap", "dfw rap", "escape room", "pop r&b", "trap queen", "viral rap", "memphis hip hop", "detroit trap", "scam rap", "trap"]}, "1VxXuZmFSm6aKIVR5mBJGx": {"name": "The Low", "coverArt": "https://i.scdn.co/image/ab67616d00001e020efbf25929c5477d60de17e2", "artist": ["Jonah Mutono"], "artistIds": ["6DycDXzvurfW6Z7CMCQC4P"], "artistPop": [29], "genres": ["alternative r&b"]}, "0kbV7kYqrsp1Y1HmsbX7lU": {"name": "Head in the Clouds", "coverArt": "https://i.scdn.co/image/ab67616d00001e0291e71a9cc061979799fad07f", "artist": ["Gerry Cinnamon"], "artistIds": ["7cpCnhhBIU1gA7EhTFApN1"], "artistPop": [63], "genres": ["glasgow indie", "modern rock", "scottish indie rock"]}, "2hVKFfp7Rmr2XPK31jFCrX": {"name": "Mindreader", "coverArt": "https://i.scdn.co/image/ab67616d00001e028d34082f5b6f2ef469dc01fe", "artist": ["A Day To Remember"], "artistIds": ["4NiJW4q9ichVqL1aUsgGAN"], "artistPop": [71], "genres": ["metalcore", "pop punk", "screamo"]}, "6XmQuWdDRF0E2QwDsrRbkb": {"name": "Cathedral Bell", "coverArt": "https://i.scdn.co/image/ab67616d00001e02e11106d04e6ef9078b6a8da7", "artist": ["The Used"], "artistIds": ["55VydwMyCuGcavwPuhutPL"], "artistPop": [66], "genres": ["post-hardcore", "screamo"]}, "6gfVpv1Yc6DtMvkmZeMTBj": {"name": "Hollywood", "coverArt": "https://i.scdn.co/image/ab67616d00001e022975d999e0d9222b5326df61", "artist": ["Car Seat Headrest"], "artistIds": ["5PbpKlxQE0Ktl5lcNABoFf"], "artistPop": [61], "genres": ["alternative rock", "indie pop", "indie rock", "modern rock"]}, "3tHScpIYBH11aMCbizU2E4": {"name": "Airport", "coverArt": "https://i.scdn.co/image/ab67616d00001e02c849a2f8e54d63b40da25a99", "artist": ["Nate Traveller", "Mills"], "artistIds": ["34qyuX5yO72yzL8Z4JclBc", "7MceGzCJ3bPNyErb440Izo"], "artistPop": [45, 42], "genres": []}, "11cSu6WD6UXzlmymptJse6": {"name": "Tears In December", "coverArt": "https://i.scdn.co/image/ab67616d00001e02284122ff748f764bae14c05b", "artist": ["Rence"], "artistIds": ["3VJTtTgub426X1NuzcyAOb"], "artistPop": [52], "genres": ["pop rap"]}, "0zLDlRfE4plaWwDUhD7kmT": {"name": "Waiting", "coverArt": "https://i.scdn.co/image/ab67616d00001e02898290c4f01545cadad91bee", "artist": ["Zhavia Ward"], "artistIds": ["1CO6e7WRJvSFenmQO8n64C"], "artistPop": [61], "genres": ["dance pop", "pop", "post-teen pop"]}, "5v6eZ0jEqgmffx0qGha0yr": {"name": "Nightcrawler", "coverArt": "https://i.scdn.co/image/ab67616d00001e023ce84b2c05a3bac3d48c8217", "artist": ["Duke Dumont", "Say Lou Lou"], "artistIds": ["61lyPtntblHJvA7FMMhi7E", "0flVPOQPuTboUwEtzPk6vj"], "artistPop": [68, 44], "genres": ["destroy techno", "edm", "electro house", "house", "pop dance", "progressive house", "tropical house", "uk dance", "electropop", "indie poptimism", "metropopolis", "swedish electropop", "vapor pop"]}, "6Nukn6WojFMJN6506TZoGV": {"name": "If you're meant to come back", "coverArt": "https://i.scdn.co/image/ab67616d00001e02831ff155f6daed2533e6a082", "artist": ["Justin Jesso"], "artistIds": ["1QDrz3DMMaz3TB1cm0PGDu"], "artistPop": [63], "genres": ["indie cafe pop"]}, "3oRGQ85nPr73yqCFF6g6YK": {"name": "Sad Bitch", "coverArt": "https://i.scdn.co/image/ab67616d00001e02d1d2e25cf27a9426e3e063c5", "artist": ["\u0141aszewo"], "artistIds": ["6jxGLrn1I14RIeRYodOpLN"], "artistPop": [46], "genres": ["indie electropop"]}, "1A3i308mGiVpHLu9AtZt0k": {"name": "Devil On My Shoulder", "coverArt": "https://i.scdn.co/image/ab67616d00001e02e502bf05c37539eb58dcad2b", "artist": ["Kelsy Karter"], "artistIds": ["2mAAO54PkHr3NjdlRpzEDl"], "artistPop": [44], "genres": ["alt z"]}, "62tz6SFL395514c4ZXCnQa": {"name": "Out Of My Way", "coverArt": "https://i.scdn.co/image/ab67616d00001e02a4e6e3d52ab68334822353c3", "artist": ["RIMON"], "artistIds": ["4DtUsfaVQBhypuwYmobdSm"], "artistPop": [49], "genres": ["alternative r&b", "chill r&b", "dutch r&b", "indie r&b", "indie soul"]}, "0ztJV74UOL4haip4gLuQvd": {"name": "Yellow", "coverArt": "https://i.scdn.co/image/ab67616d00001e02cc0d50c9b8974a5f55f24c92", "artist": ["Paige"], "artistIds": ["2hscsIIlxYGIUYsfarFCG7"], "artistPop": [43], "genres": ["nz pop"]}, "3WjURarf3ODlvegw0KSBqs": {"name": "Banksters", "coverArt": "https://i.scdn.co/image/ab67616d00001e020af4290716ea10135b8e99b3", "artist": ["EOB"], "artistIds": ["4CX6yOoTFQeiwL5yxuFuIG"], "artistPop": [39], "genres": ["oxford indie"]}, "3h6y9Szpin5b7yFXMTU18c": {"name": "Brave", "coverArt": "https://i.scdn.co/image/ab67616d00001e02679be80bfbaf14c0259502f6", "artist": ["Ruston Kelly"], "artistIds": ["5zuqnTZOeJzI0N0yQ7XA7I"], "artistPop": [53], "genres": ["new americana"]}, "3dV1fjKOlLnaNK5MeZHXGv": {"name": "Cold Beer Calling My Name", "coverArt": "https://i.scdn.co/image/ab67616d00001e02615dcbe21b22cb8b3a17d456", "artist": ["Jameson Rodgers", "Luke Combs"], "artistIds": ["5pyVHz7lcfqKoV9BflFYwN", "718COspgdWOnwOFpJHRZHS"], "artistPop": [62, 82], "genres": ["contemporary country", "country", "country pop", "contemporary country", "country"]}, "3QM7nsNFSFZUyyAvxULu0v": {"name": "All That's Left Is Love", "coverArt": "https://i.scdn.co/image/ab67616d00001e0224346fc3bd4bd577efd27e01", "artist": ["Angels & Airwaves"], "artistIds": ["7xklw3WodFZiNNmQt3DIgp"], "artistPop": [62], "genres": ["modern rock", "pop punk", "socal pop punk"]}, "2ktOltOBgYAeYyo6tGkTLD": {"name": "Wit The Business", "coverArt": "https://i.scdn.co/image/ab67616d00001e02d23e86ad9770ce1c2028b32f", "artist": ["Lil Loaded"], "artistIds": ["7scapvSjZLSm0fBgqGM0Mn"], "artistPop": [66], "genres": ["dfw rap"]}, "1K4QM15T0akTL8jrKGT16P": {"name": "Company", "coverArt": "https://i.scdn.co/image/ab67616d00001e02dc7343387cbe120c9e569e83", "artist": ["Lil Benny"], "artistIds": ["3V5erRwkViNiYbgKqXjrF0"], "artistPop": [26], "genres": []}, "0ph0gSWE3EJ59Bq9It4mK5": {"name": "My House", "coverArt": "https://i.scdn.co/image/ab67616d00001e02593f00080faa9f1aaad47f9c", "artist": ["Elah Hale"], "artistIds": ["0EDEUACmghvLBhxLnMpyeU"], "artistPop": [35], "genres": ["modern indie pop"]}, "2Ehyi5CODAtKcIQGSJopfn": {"name": "Simulation (feat. Swamp Dogg, Justin Vernon)", "coverArt": "https://i.scdn.co/image/ab67616d00001e02b990c057d5bb2de75cca61fe", "artist": ["Naeem", "Swamp Dogg", "Justin Vernon"], "artistIds": ["2HmiQV6GQR2VlOZmjEmtnX", "6ZEUa75BqZkvpjhuVzCsdX", "13rHmjtJmlIJ2aDyJc7CLV"], "artistPop": [38, 43, 48], "genres": ["experimental r&b", "funk", "soul", "southern soul", "eau claire indie"]}}