{"1nH2PkJL1XoUq8oE6tBZoU": {"name": "Sacrifice", "coverArt": "https://i.scdn.co/image/ab67616d00001e020d784240ba205fb589a1ed05", "artist": ["The Weeknd"], "artistIds": ["1Xyo4u8uXC1ZmMpatF05PJ"], "artistPop": [99], "genres": ["canadian contemporary r&b", "canadian pop", "pop"]}, "5XbA7TAqsD0fj0dGBrbb0D": {"name": "I Heard You\u2019re Married (feat. Lil Wayne)", "coverArt": "https://i.scdn.co/image/ab67616d00001e020d784240ba205fb589a1ed05", "artist": ["The Weeknd", "Lil Wayne"], "artistIds": ["1Xyo4u8uXC1ZmMpatF05PJ", "55Aa2cqylxrFIXC767Z865"], "artistPop": [99, 91], "genres": ["canadian contemporary r&b", "canadian pop", "pop", "hip hop", "new orleans rap", "pop rap", "rap", "trap"]}, "3LnpBazWpD31QMTn6LgVGv": {"name": "pushin P (feat. Young Thug)", "coverArt": "https://i.scdn.co/image/ab67616d00001e02963b0f9c4305995cf3dc991d", "artist": ["Gunna", "Future", "Young Thug"], "artistIds": ["2hlmm7s2ICUX0LVIhVFlZQ", "1RyvyyTE3xzB2ZywiAwp0i", "50co4Is1HCEo8bhOyUWKpn"], "artistPop": [91, 91, 90], "genres": ["atl hip hop", "hip hop", "melodic rap", "rap", "trap", "atl hip hop", "hip hop", "pop rap", "rap", "southern hip hop", "trap", "atl hip hop", "atl trap", "gangster rap", "hip hop", "melodic rap", "rap", "trap"]}, "76gkzHEZKCrHwXqv4JsE1o": {"name": "People disappear here", "coverArt": "https://i.scdn.co/image/ab67616d00001e0213396a703240d3580673d245", "artist": ["Halsey"], "artistIds": ["26VFTg2z8YR0cCuwLzESi2"], "artistPop": [88], "genres": ["dance pop", "electropop", "etherpop", "indie poptimism", "pop"]}, "13G5xv1wUKvJYbK0wYmioN": {"name": "Circles Around This Town", "coverArt": "https://i.scdn.co/image/ab67616d00001e02d27150040a8c7eb9ff0d1af9", "artist": ["Maren Morris"], "artistIds": ["6WY7D3jk8zTrHtmkqqo5GI"], "artistPop": [78], "genres": ["contemporary country", "country", "texas country"]}, "5x2qaRAkD9nwiechyghoSz": {"name": "and i'd go a thousand miles", "coverArt": "https://i.scdn.co/image/ab67616d00001e02db44fd7d0cb0317d7940a1c0", "artist": ["Montell Fish"], "artistIds": ["5nvWOyAkfNgVLKESq4fOj2"], "artistPop": [72], "genres": ["pittsburgh rap"]}, "3IZWCcD1FYpyeY3ki2VUmL": {"name": "Million Dollars Worth of Game (feat. 42 Dugg)", "coverArt": "https://i.scdn.co/image/ab67616d00001e020d35bb497dd1ba0cd967f6e6", "artist": ["2 Chainz", "42 Dugg"], "artistIds": ["17lzZA2AlOHwCwFALHttmp", "45gHcnDnMC15sgx3VL7ROG"], "artistPop": [82, 77], "genres": ["atl hip hop", "gangster rap", "hip hop", "pop rap", "rap", "southern hip hop", "trap", "detroit trap", "pop rap", "rap", "southern hip hop", "trap"]}, "2AQrDkF3XiC3xCkAM4OkJx": {"name": "Amor Pasajero", "coverArt": "https://i.scdn.co/image/ab67616d00001e02b676f911277db916294127a0", "artist": ["Sebastian Yatra"], "artistIds": ["07YUOmWljBTXwIseAUd9TW"], "artistPop": [87], "genres": ["colombian pop", "latin", "reggaeton colombiano"]}, "5S9Zs5g9lTWnLIboN1pdlU": {"name": "Fingers Crossed", "coverArt": "https://i.scdn.co/image/ab67616d00001e027904dbff5b1dac889cdff376", "artist": ["Lauren Spencer-Smith"], "artistIds": ["79AyR6ATpj2LTPxfb6FX50"], "artistPop": [72], "genres": ["alt z", "gen z singer-songwriter", "pop"]}, "6BMAOOrAC6LxdYjVbkk7h9": {"name": "EXPIRATION DATE", "coverArt": "https://i.scdn.co/image/ab67616d00001e02eda39bde303753c6cf695c6a", "artist": ["MICHELLE"], "artistIds": ["4yYvor6Rq4fG82J1L47DYp"], "artistPop": [57], "genres": ["bedroom pop", "indie pop", "indie r&b"]}, "3Qfqbu22C7aK2MuWBSnM5A": {"name": "From You", "coverArt": "https://i.scdn.co/image/ab67616d00001e02fcd1716c829b6e7c859ee12e", "artist": ["Bonobo", "Joji"], "artistIds": ["0cmWgDlu9CwTgxPhf403hb", "3MZsBdqDrRTJihTHQrO6Dq"], "artistPop": [69, 85], "genres": ["downtempo", "electronica", "jazztronica", "ninja", "nu jazz", "trip hop", "alternative r&b", "viral pop"]}, "2SLwbpExuoBDZBpjfefCtV": {"name": "Out of Time", "coverArt": "https://i.scdn.co/image/ab67616d00001e020d784240ba205fb589a1ed05", "artist": ["The Weeknd"], "artistIds": ["1Xyo4u8uXC1ZmMpatF05PJ"], "artistPop": [99], "genres": ["canadian contemporary r&b", "canadian pop", "pop"]}, "7uJFQs4kxilsiPKe3UHPUT": {"name": "Dear Fear", "coverArt": "https://i.scdn.co/image/ab67616d00001e02429f2328d077e9cccb3ab72b", "artist": ["Kota the Friend"], "artistIds": ["2AfU5LYBVCiCtuCCfM7uVX"], "artistPop": [69], "genres": ["hip hop", "rap", "underground hip hop"]}, "3XLbDUB5BX2WqL2qoAsvtb": {"name": "thought i was playing", "coverArt": "https://i.scdn.co/image/ab67616d00001e02963b0f9c4305995cf3dc991d", "artist": ["Gunna", "21 Savage"], "artistIds": ["2hlmm7s2ICUX0LVIhVFlZQ", "1URnnhqYAYcrqrcwql10ft"], "artistPop": [91, 89], "genres": ["atl hip hop", "hip hop", "melodic rap", "rap", "trap", "atl hip hop", "hip hop", "rap", "trap"]}, "1E8xVRD9lPeXJQ3vXIlJk2": {"name": "Retail Therapy", "coverArt": "https://i.scdn.co/image/ab67616d00001e02ab10f008fe408c05efe707de", "artist": ["Central Cee"], "artistIds": ["5H4yInM5zmHqpKIoMNAx4r"], "artistPop": [80], "genres": ["drill brasileiro"]}, "5zGOmNgWKgfzn9YcGsNQFx": {"name": "Parallel Heartbreak", "coverArt": "https://i.scdn.co/image/ab67616d00001e020e62f2876d3e562c90745f43", "artist": ["Moore Kismet", "Pauline Herr"], "artistIds": ["50uPj85gZxHFuFOlNBnnr5", "66VgJGpaRMwrNaS2MPqIDf"], "artistPop": [49, 51], "genres": ["dubstep", "future bass", "gaming dubstep", "vapor twitch"]}, "2orOji9Xa4xhCWUtSAZrFT": {"name": "Funny Girl", "coverArt": "https://i.scdn.co/image/ab67616d00001e02864fd43b733377feafeea9e6", "artist": ["Father John Misty"], "artistIds": ["2kGBy2WHvF0VdZyqiVCkDT"], "artistPop": [67], "genres": ["art pop", "freak folk", "indie folk", "indie pop", "indie rock", "stomp and holler"]}, "0OvR1iYRUwrsSwu6Zli9iz": {"name": "Run", "coverArt": "https://i.scdn.co/image/ab67616d00001e02b31bb928a9f06f8657448b4e", "artist": ["Morgan Wade"], "artistIds": ["4eYE8Z6cfEHEdG22lTyucP"], "artistPop": [63], "genres": ["contemporary country"]}, "6gPPoRYJwCsoB2VVdPJfmo": {"name": "Miserable Man", "coverArt": "https://i.scdn.co/image/ab67616d00001e023098c022f4ffe7065e033451", "artist": ["David Kushner"], "artistIds": ["33NVpKoXjItPwUJTMZIOiY"], "artistPop": [62], "genres": ["alt z", "gen z singer-songwriter"]}, "28pyXNW0jwILn3SZ0zIzJc": {"name": "Face To Face", "coverArt": "https://i.scdn.co/image/ab67616d00001e029108851d3c6600ab20d325a2", "artist": ["Don Diablo", "WATTS"], "artistIds": ["1l2ekx5skC4gJH8djERwh1", "4B3aifxHtpcKHuNi12lmSt"], "artistPop": [73, 55], "genres": ["dance pop", "edm", "electro house", "future house", "house", "pop dance", "progressive electro house", "tropical house"]}, "0VoCmyKz6GRRl6AuT7if6t": {"name": "Blessings (feat. Chronixx)", "coverArt": "https://i.scdn.co/image/ab67616d00001e02e9376de3601ad1c28b9b9388", "artist": ["Young T & Bugsey", "Chronixx"], "artistIds": ["6M6XXCcO5gI68XpIlrUL3Z", "2oZcMYiKpjaA2Et5mU3RPP"], "artistPop": [67, 66], "genres": ["afroswing", "nottingham hip hop", "uk hip hop", "dancehall", "modern reggae"]}, "6SLsVEicNrL81TCoUh2yhy": {"name": "Titanic", "coverArt": "https://i.scdn.co/image/ab67616d00001e02f4e15bcb14b7cb3de57b15f3", "artist": ["Earl Sweatshirt"], "artistIds": ["3A5tHz1SfngyOZM2gItYKu"], "artistPop": [74], "genres": ["alternative hip hop", "experimental hip hop", "hip hop", "rap", "underground hip hop"]}, "7LNm1oWd6PniO9wRYpNY5o": {"name": "j's lullaby (darlin' i'd wait for you)", "coverArt": "https://i.scdn.co/image/ab67616d00001e025d901e0e208e247549ea2f92", "artist": ["Delaney Bailey"], "artistIds": ["3Os4q49SgEN0Tv3fxKw3Sp"], "artistPop": [57], "genres": ["gen z singer-songwriter"]}, "2tbu7dOzCjM5JrPGr0sIes": {"name": "drunk text me", "coverArt": "https://i.scdn.co/image/ab67616d00001e0259b5ca73ee6eca056655143e", "artist": ["Lexi Jayde"], "artistIds": ["69761NObDw2KwmmFgZmxzC"], "artistPop": [56], "genres": ["alt z", "social media pop"]}, "3Ola5gPTe1NK9GgnVgLoVX": {"name": "A Dangerous Thing", "coverArt": "https://i.scdn.co/image/ab67616d00001e0243636f5457288cf5b25417ea", "artist": ["AURORA"], "artistIds": ["1WgXqy2Dd70QQOU7Ay074N"], "artistPop": [78], "genres": ["art pop", "norwegian pop"]}, "2Aa4sRrWDddEmVRfAjVjsw": {"name": "You Will Never Work In Television Again", "coverArt": "https://i.scdn.co/image/ab67616d00001e0295a2f2b033f2ad4587b96cea", "artist": ["The Smile"], "artistIds": ["6styCzc1Ej4NxISL0LiigM"], "artistPop": [42], "genres": []}, "6oNlhbPtDLVMcSKzloa3WO": {"name": "Most Men - A COLORS SHOW", "coverArt": "https://i.scdn.co/image/ab67616d00001e022bccf3887c532767e531b3fe", "artist": ["Amber Mark"], "artistIds": ["0tbeZu9lv8YEKSQ9tZSslu"], "artistPop": [66], "genres": ["alternative r&b", "indie r&b", "indie soul", "nyc pop"]}, "3LEgGAl9zLcQWGTp7ptqtQ": {"name": "Don\u2019t Wake Me Up", "coverArt": "https://i.scdn.co/image/ab67616d00001e020e3723dac6e7b6c08a553397", "artist": ["Jonas Blue", "Why Don't We"], "artistIds": ["1HBjj22wzbscIZ9sEb5dyf", "2jnIB6XdLvnJUeNTy5A0J2"], "artistPop": [79, 76], "genres": ["dance pop", "edm", "pop", "pop dance", "tropical house", "uk dance", "boy band", "dance pop", "electropop", "pop", "post-teen pop", "teen pop"]}, "20axrgBlxsVZ5m1otNOvC1": {"name": "Pink Convertible", "coverArt": "https://i.scdn.co/image/ab67616d00001e02fb7fde8fe522ceca8bf1ee80", "artist": ["MARINA"], "artistIds": ["6CwfuxIqcltXDGjfZsMd9A"], "artistPop": [79], "genres": ["art pop", "dance pop", "electropop", "metropopolis", "pop", "uk alternative pop"]}, "05NA0nspTPyXKBAAWqUsIr": {"name": "PHUCKBOI REJECTS", "coverArt": "https://i.scdn.co/image/ab67616d00001e02ebe21bbad7c43551483d79c4", "artist": ["Royal & the Serpent"], "artistIds": ["64EHXDoln95lnccszdPum0"], "artistPop": [68], "genres": ["alt z", "indie electropop", "modern alternative pop", "social media pop"]}, "6x3BWyMi95035qz5pB8snv": {"name": "off the leash! (feat. yvngxchris and Luisss)", "coverArt": "https://i.scdn.co/image/ab67616d00001e02c44c0b18f15140d3d9e4ef51", "artist": ["BabySantana", "yvngxchris", "Luisss"], "artistIds": ["1xgl9yxqIVq8PEEMai38uV", "2qB0DlFsQOpNh0bdMCJLwr", "1QQITM74vtuxr0JbguPWNI"], "artistPop": [68, 63, 35], "genres": ["hyperpop francais", "aesthetic rap", "plugg"]}, "0SDzyn3KL8KLsyWv0A35RV": {"name": "Somebody I Know", "coverArt": "https://i.scdn.co/image/ab67616d00001e022ff2f2a112c75e50296d9189", "artist": ["Era", "Dro Kenji"], "artistIds": ["1jNgTr6PmUuRZnpJ6qfxzj", "46fHMu9KxdQwcGV9xI1L9R"], "artistPop": [48, 65], "genres": ["sad rap"]}, "2YCDVu4FofMFvSJt5Vggu2": {"name": "Know Better", "coverArt": "https://i.scdn.co/image/ab67616d00001e0247a908ef3d6428318e2f4984", "artist": ["KillBunk"], "artistIds": ["7FGjkq9WfrRmBFL64ST0p9"], "artistPop": [64], "genres": ["sad rap"]}, "4cIWpQMGFZWEuGW0TWMDjT": {"name": "Dipshit", "coverArt": "https://i.scdn.co/image/ab67616d00001e02d57ccd848fd7f15cb5d59291", "artist": ["marinelli"], "artistIds": ["0iqCNJHozJhcjPDoX1EJ6a"], "artistPop": [48], "genres": ["modern indie pop"]}, "2JdhkE7xcEhfk7B646bdG8": {"name": "911", "coverArt": "https://i.scdn.co/image/ab67616d00001e02acf70256efcfb5f288c7d965", "artist": ["Teddy Swims"], "artistIds": ["33qOK5uJ8AR2xuQQAhHump"], "artistPop": [63], "genres": []}, "0jDROv5ssPfOrkj23VqEIq": {"name": "Living My Best Life", "coverArt": "https://i.scdn.co/image/ab67616d00001e022d8d7dc2e2293296e1c9ba48", "artist": ["Ben Rector"], "artistIds": ["4AapPt7H6bGH4i7chTulpI"], "artistPop": [66], "genres": ["acoustic pop", "indiecoustica", "lds youth", "neo mellow", "piano rock", "pop rock"]}, "55M9eKCXJFCpid6WBVyEct": {"name": "Good Beer", "coverArt": "https://i.scdn.co/image/ab67616d00001e0291bb8f7ec51af2d93a09a015", "artist": ["Seaforth", "Jordan Davis"], "artistIds": ["1ryJB2bhfYjjIt8kqy4BoG", "77kULmXAQ6vWer7IIHdGzI"], "artistPop": [58, 73], "genres": ["contemporary country", "country pop", "contemporary country"]}, "1WHXFNYQBjxeDPyB7FxSrI": {"name": "Hard Drive Gold", "coverArt": "https://i.scdn.co/image/ab67616d00001e02eac9966095cb83c8b5a64540", "artist": ["alt-J"], "artistIds": ["3XHO7cRUPCLOr6jwp8vsx5"], "artistPop": [75], "genres": ["indie rock", "modern rock"]}, "1mT8ynmtag8TCA01FUujxl": {"name": "rapunzel", "coverArt": "https://i.scdn.co/image/ab67616d00001e02c1930a52ec45fa183f58384a", "artist": ["emlyn"], "artistIds": ["1qMJAm3nqZq6AsqeaAk2m1"], "artistPop": [56], "genres": ["alt z", "social media pop"]}, "3Av5sPAsNXVW2tmbz0LA6j": {"name": "Purple Sun", "coverArt": "https://i.scdn.co/image/ab67616d00001e02059f829db40454dc31e51c9b", "artist": ["Cannons"], "artistIds": ["7FtCyCJCJaxabYO7Uyda5B"], "artistPop": [65], "genres": ["vapor soul"]}, "6VOiyOngpEqCw17OdUfSQj": {"name": "Upstairs Flat", "coverArt": "https://i.scdn.co/image/ab67616d00001e0220ae06f8493716df154bef7c", "artist": ["Burial"], "artistIds": ["0uCCBpmg6MrPb1KY2msceF"], "artistPop": [57], "genres": ["classic dubstep", "electronica", "hauntology", "microhouse", "uk bass"]}, "2pcZglQR5vcE8z09qLaQoV": {"name": "Black Leaves", "coverArt": "https://i.scdn.co/image/ab67616d00001e02374e5da074148d337dce1379", "artist": ["KIRBY"], "artistIds": ["5lcDGoJUr5WY5bCFAfYbCU"], "artistPop": [55], "genres": ["alternative r&b", "chill r&b", "indie r&b", "indie triste"]}, "2gw18LNTvCUs0ZTe9o5qA4": {"name": "Numero Uno", "coverArt": "https://i.scdn.co/image/ab67616d00001e02904adbefb8b038a19946b453", "artist": ["Sage The Gemini"], "artistIds": ["6d47Z08T4snK50HgTEHo5Z"], "artistPop": [70], "genres": ["dance pop", "hyphy", "pop rap", "rap", "southern hip hop", "trap"]}, "00I2ZzY3LBCOfWvyqgPsJb": {"name": "IN THE MIDDLE", "coverArt": "https://i.scdn.co/image/ab67616d00001e02d41fcce33290514c7ca6a790", "artist": ["TOKYO\u2019S REVENGE"], "artistIds": ["5TbLOwv8BNnik3f03NZJlt"], "artistPop": [66], "genres": ["meme rap", "sad rap", "vapor trap", "viral rap"]}, "2T5R8pPzJsTOfbRcSCdMeN": {"name": "suhwee", "coverArt": "https://i.scdn.co/image/ab67616d00001e02c06b2f4b46beeb9a6ad61e17", "artist": ["ceo@business.net", "Shotgun Willy", "lentra"], "artistIds": ["62AQgmEbWNT2jh8uL4PfRR", "7Gz6VlTVwlNtBNMYV4OI3w", "484bfoveqgHfx2VhNY4zzT"], "artistPop": [51, 69, 66], "genres": ["meme rap", "aesthetic rap", "meme rap", "sad lo-fi", "sad rap", "canadian hip hop"]}, "1qXTtWP0sNcePb3tT2eHWL": {"name": "Welcome to the Playhouse", "coverArt": "https://i.scdn.co/image/ab67616d00001e024bcc4e43f022acf74d1c91b5", "artist": ["Steve Aoki", "Shaquille O'Neal"], "artistIds": ["77AiFEVeAVj2ORpC85QVJs", "67RWyN1fDOu7WuSTIi5hE7"], "artistPop": [79, 50], "genres": ["dance pop", "edm", "electro house", "pop dance", "pop rap", "tropical house", "new jersey rap"]}, "0sBAwzKnPSSi74NMbn9WKI": {"name": "Menace", "coverArt": "https://i.scdn.co/image/ab67616d00001e02e7879474496711f094ae2d34", "artist": ["Rezz"], "artistIds": ["4aKdmOXdUKX07HVd3sGgzw"], "artistPop": [68], "genres": ["canadian electronic", "edm", "electra", "electro house"]}, "5SfQhaZTGL7IewCIvMifFJ": {"name": "Brave", "coverArt": "https://i.scdn.co/image/ab67616d00001e02324725fb6fdf579e214c4987", "artist": ["Ella Henderson"], "artistIds": ["7nDsS0l5ZAzMedVRKPP8F1"], "artistPop": [75], "genres": ["dance pop", "pop", "pop dance", "talent show", "tropical house", "uk pop"]}, "4rqjF6HMDIPWx52U09kNwV": {"name": "Drinking Songs", "coverArt": "https://i.scdn.co/image/ab67616d00001e02ec768f716cd14f982b9d2e76", "artist": ["Walker Hayes"], "artistIds": ["7sKxqpSqbIzphAKAhrqvlf"], "artistPop": [73], "genres": ["contemporary country", "country", "country road", "modern country rock"]}, "3HpRwCE2XIB9u1VXj5R6T9": {"name": "WOKEUPTHINKINBOUT", "coverArt": "https://i.scdn.co/image/ab67616d00001e02261b72701ed3e60dbaaa195f", "artist": ["Aaron May"], "artistIds": ["2rwALQ1SXdfUWPUd6WOfYS"], "artistPop": [66], "genres": ["hip hop", "rap", "underground hip hop"]}, "6dhGD1PDtnv99qkRPfvOEF": {"name": "Fenty Secrets", "coverArt": "https://i.scdn.co/image/ab67616d00001e02cc6657defd6378e7552a04f9", "artist": ["Kid Ink"], "artistIds": ["6KZDXtSj0SzGOV705nNeh3"], "artistPop": [74], "genres": ["dance pop", "hip hop", "pop rap", "rap", "southern hip hop", "trap"]}, "05IbhAKODbXn8og9uaUgpc": {"name": "Permanence", "coverArt": "https://i.scdn.co/image/ab67616d00001e02e469d452909ad1933ec36a5d", "artist": ["David Guetta", "MORTEN"], "artistIds": ["1Cs0zKBU1kc0i8ypK3B9ai", "19HFRWmRCl27kTk6LeqAO8"], "artistPop": [91, 69], "genres": ["big room", "dance pop", "edm", "pop", "pop dance", "pop rap", "danish electronic", "scandipop"]}, "4vjB69VckVUeu0GzAxoZRm": {"name": "in the wake of your leave", "coverArt": "https://i.scdn.co/image/ab67616d00001e0234dc1f4c6bee65cf32fcf3d2", "artist": ["Gang of Youths"], "artistIds": ["142YBUGmLWCJigFLzgguf8"], "artistPop": [65], "genres": ["australian indie", "australian pop", "modern rock"]}, "70LHZbkrT4kOBcyICCJ0xJ": {"name": "When It's Too Good", "coverArt": "https://i.scdn.co/image/ab67616d00001e022abef49e8c05e0776054130b", "artist": ["BENNETT"], "artistIds": ["5kI5USw1eQqhK4h3uebeLk"], "artistPop": [43], "genres": ["bedroom soul", "swedish hip hop"]}, "7eUarVRO7tNoJy6WZDhkoR": {"name": "Chitty Bang", "coverArt": "https://i.scdn.co/image/ab67616d00001e02830bf2332133de37cd0425f9", "artist": ["Leikeli47"], "artistIds": ["0DtXHIvJ8NWBg5pGvsgWnR"], "artistPop": [55], "genres": ["escape room", "hip pop", "trap queen"]}, "5G9i6PTCmXdOVmUfDRlc6t": {"name": "Been Himma", "coverArt": "https://i.scdn.co/image/ab67616d00001e0204c8f36ff7813aaaeba067d3", "artist": ["Dom Vallie"], "artistIds": ["7z29vXpa0PYA6mngEsWNXk"], "artistPop": [50], "genres": []}, "0JEViMA9EhoTE501kxvJMU": {"name": "selfdestruct", "coverArt": "https://i.scdn.co/image/ab67616d00001e024a33d2f9a4712a52577e09be", "artist": ["torr"], "artistIds": ["6fq8lpmabNBMPao92rMw3m"], "artistPop": [36], "genres": []}, "6uwjDA0Qi6hk8C6lPJIMc9": {"name": "Gassed Up", "coverArt": "https://i.scdn.co/image/ab67616d00001e02729edadd8d15058d273116b0", "artist": ["Zeds Dead", "Subtronics", "Flowdan"], "artistIds": ["67qogtRNI0GjUr8PlaG6Zh", "3NJ94iuAmmMjbszODYT6pO", "07CimrZi5vs9iEao47TNQ4"], "artistPop": [68, 63, 51], "genres": ["brostep", "canadian electronic", "dubstep", "edm", "electro house", "electronic trap", "melodic dubstep", "progressive electro house", "dubstep", "edm", "electro house", "deep dubstep", "grime"]}, "12MinAwnBD9uFK2amDeXty": {"name": "Call Me Your Hope", "coverArt": "https://i.scdn.co/image/ab67616d00001e026e52b4159b70e8925c806e23", "artist": ["Tobias Dray"], "artistIds": ["52X0HmQRQ8oRiq0pSEmJ9W"], "artistPop": [58], "genres": []}, "1SmlpzSJLpt3puZ9Zv3zTo": {"name": "Pressurized", "coverArt": "https://i.scdn.co/image/ab67616d00001e02e123aead0f02139e1603a132", "artist": ["Take Van"], "artistIds": ["3BLx7avD36sNpMNA1nZ7Dj"], "artistPop": [42], "genres": []}, "6ZhHnHbRmeJZ5XtANZIPoX": {"name": "Other Men", "coverArt": "https://i.scdn.co/image/ab67616d00001e0253e5f4de206b9d63e5e9dba0", "artist": ["Crystal Murray", "Le Diouck"], "artistIds": ["2lRXAjsNoYGqyYkgHxk5OH", "1EeZGqKiuxGQlAWqGDkd1C"], "artistPop": [43, 28], "genres": []}, "6awEFGRJn9q75S3oYxnJEs": {"name": "i don't wanna let u go", "coverArt": "https://i.scdn.co/image/ab67616d00001e02cf3a3e3f700b2ba7355d3fac", "artist": ["yaeow"], "artistIds": ["4Abe9XH0fplj8dbOddoYgH"], "artistPop": [67], "genres": ["lo-fi chill", "sad lo-fi", "sad rap"]}, "5ijpPkVMurycFFfNKVlcoc": {"name": "Lost On Me", "coverArt": "https://i.scdn.co/image/ab67616d00001e027dde3b635e6cf355cf305312", "artist": ["Eric Nam"], "artistIds": ["2FLqlgckDKdmpBrvLAT5BM"], "artistPop": [67], "genres": ["k-pop"]}, "2oNBiu3NDYp7VRIJV5llR7": {"name": "CHAMELEON", "coverArt": "https://i.scdn.co/image/ab67616d00001e0250ce9cb6e9236befae4ee17e", "artist": ["Heather Sommer"], "artistIds": ["0EHYuPn9Xng2lZP2cfz4cV"], "artistPop": [54], "genres": ["alt z", "indie electropop", "nyc pop"]}, "3u6YTdxBfx3dzIC5qJ9Afu": {"name": "Strangers", "coverArt": "https://i.scdn.co/image/ab67616d00001e02f8ce55a5b427d27ec26bf49a", "artist": ["Maddie & Tae"], "artistIds": ["34bhyY8jfKez7uKakMfy4y"], "artistPop": [66], "genres": ["contemporary country", "country", "country pop"]}, "6wKCMaczSlS2V3Vv7mSgNA": {"name": "Unsung Hero", "coverArt": "https://i.scdn.co/image/ab67616d00001e025a11684064752747f68251f9", "artist": ["for KING & COUNTRY"], "artistIds": ["3sDbKMebVH2VYcRSl7u1VC"], "artistPop": [72], "genres": ["ccm", "christian alternative rock", "christian indie", "christian music", "world worship", "worship"]}, "2m9x2CsVhMXQZW0LtBKeZk": {"name": "Howl With Me", "coverArt": "https://i.scdn.co/image/ab67616d00001e028f81ae8cdd53dc386a0fa7ff", "artist": ["DOPE LEMON"], "artistIds": ["7oZLKL1GjYiaAgssXsLmW8"], "artistPop": [65], "genres": []}, "4vtzbijWEew1JlxamzNUBE": {"name": "Bleed", "coverArt": "https://i.scdn.co/image/ab67616d00001e02e29d91843c585a1d28a0c9a5", "artist": ["Connor Kauffman"], "artistIds": ["0bFEOKy3T1knA0g7ZaPnHe"], "artistPop": [44], "genres": []}, "1yx3NZHo3H1APM30i9bcaR": {"name": "celebration", "coverArt": "https://i.scdn.co/image/ab67616d00001e02a0796b6cc0d063e9bfa88722", "artist": ["conner", "Landon Cube"], "artistIds": ["6FUrCaaUDkYwhFOmP6FfBf", "04ei5kNgmDuNAydFhhIHnD"], "artistPop": [35, 67], "genres": ["emo rap", "sad rap", "underground hip hop", "vapor trap"]}, "24OmaiYqI3gfwfuf41vRFj": {"name": "Fall Apart", "coverArt": "https://i.scdn.co/image/ab67616d00001e027411347abe1ef5a8e8399eaf", "artist": ["Nicholas Mick", "Prentiss"], "artistIds": ["0HmWuWhwxKEIuwTVtFyI8s", "0uzKt8lgkTlxm4OUWiCX3H"], "artistPop": [28, 39], "genres": []}, "4bLjPoP25YBKGei1CfBgE2": {"name": "Feelwitchu", "coverArt": "https://i.scdn.co/image/ab67616d00001e02b03a9eacdc9fcb73fe46a7f8", "artist": ["Tennyson"], "artistIds": ["3Nb8N20WChM0swo5qWTvm8"], "artistPop": [52], "genres": ["edmonton indie", "future bass", "vapor twitch"]}, "3lVaRWkDwUkHveuSbilYdE": {"name": "Fear Of Dying", "coverArt": "https://i.scdn.co/image/ab67616d00001e02abd08afcc1efd1f147ed1853", "artist": ["Alison Wonderland"], "artistIds": ["11gWrKZMBsGQWmobv3oNfW"], "artistPop": [64], "genres": ["aussietronica", "edm", "electra", "electro house", "electronic trap", "electropop", "escape room", "indietronica", "vapor twitch"]}, "0CF0U2FtLvWRB9K5Ol5gfm": {"name": "Golden Hour", "coverArt": "https://i.scdn.co/image/ab67616d00001e0237d97dc5ca19d0072f850dae", "artist": ["HRVY"], "artistIds": ["28y6CyJNkGNjJQKrlx4AmN"], "artistPop": [70], "genres": ["dance pop", "pop", "pop dance", "post-teen pop", "social media pop", "tropical house"]}, "5b5QTqakCuGZhVhPBBBqrA": {"name": "Don't Mess With Love", "coverArt": "https://i.scdn.co/image/ab67616d00001e0228070b11eefa07816a8021c1", "artist": ["James Morrison"], "artistIds": ["3LpLGlgRS1IKPPwElnpW35"], "artistPop": [69], "genres": ["neo mellow", "pop", "pop rock"]}, "3HyzMwZ7JHVp07a9YQnpWJ": {"name": "Damn I'm Tired", "coverArt": "https://i.scdn.co/image/ab67616d00001e029f761e200e4e6a8745a44bb3", "artist": ["Sports"], "artistIds": ["4AGNJdJiVltImYk1UTLE0K"], "artistPop": [57], "genres": ["indie garage rock", "tulsa indie"]}, "52INmBPUsLUQ6to3WnGWUm": {"name": "You", "coverArt": "https://i.scdn.co/image/ab67616d00001e02c3ff35fffb6052a81cec1883", "artist": ["Armaan Malik"], "artistIds": ["4IKVDbCSBTxBeAsMKjAuTs"], "artistPop": [74], "genres": ["desi pop", "filmi", "modern bollywood"]}, "0JovAYpOGoftOSuQv3TRwO": {"name": "Hate To Say It", "coverArt": "https://i.scdn.co/image/ab67616d00001e028a2f47d9f8efaac4b0675af0", "artist": ["Azizi Gibson", "Freddie Gibbs"], "artistIds": ["2NjfafEappzvGGGDdMRJMP", "0Y4inQK6OespitzD6ijMwb"], "artistPop": [59, 73], "genres": ["dark trap", "underground hip hop", "alternative hip hop", "hip hop", "indiana hip hop", "rap", "southern hip hop", "trap", "underground hip hop"]}, "48ftvy55wQVtwnk1ijfZ5a": {"name": "Long Time Comin", "coverArt": "https://i.scdn.co/image/ab67616d00001e0220930ef1ffd14db8650640e1", "artist": ["Baby Money"], "artistIds": ["1AMm82jgWgkDpczxW5DMjn"], "artistPop": [43], "genres": ["detroit hip hop"]}, "2UQybDOjXvNdP1jFQBWcLy": {"name": "Grief", "coverArt": "https://i.scdn.co/image/ab67616d00001e02f2d3f7c712d0fcf2ffc3504a", "artist": ["SAM\u00a0LEX", "Nate Good"], "artistIds": ["3qS9hbnV1go0xKB1fm1Znd", "2OPyK48uFk5aZ8GKWa5FPl"], "artistPop": [41, 50], "genres": ["sad rap", "deep underground hip hop", "indie pop rap", "pop rap"]}, "3TAvhqb2YtfR4J7ejniBg2": {"name": "cheerios", "coverArt": "https://i.scdn.co/image/ab67616d00001e02bafacb6b5663d0a36d7d0c20", "artist": ["Oscar Anton", "VV"], "artistIds": ["1g3dAnqp218LiNN9ng5dIh", "3Lx3LW1eYrkig48NsWAPdh"], "artistPop": [57, 33], "genres": ["french indie pop", "new french touch", "italian indie pop"]}, "4OVpyR6yhYyVoRj9D7CERz": {"name": "Ojos Cerrados", "coverArt": "https://i.scdn.co/image/ab67616d00001e02aac2dec00208d9b597a6a10f", "artist": ["Banda MS de Sergio Liz\u00e1rraga", "Carin Leon"], "artistIds": ["2C6i0I5RiGzDKN9IAF8reh", "66ihevNkSYNzRAl44dx6jJ"], "artistPop": [84, 84], "genres": ["banda", "norteno", "regional mexican", "corrido", "nuevo regional mexicano", "regional mexican", "sierreno"]}, "2bwIvnMw0XQ1tzZhrM4mLA": {"name": "Smile", "coverArt": "https://i.scdn.co/image/ab67616d00001e0219322aa1656fa4daf5d1eca0", "artist": ["RuPaul"], "artistIds": ["2SdOKxC1sSxEyv8JYERaNe"], "artistPop": [64], "genres": ["dance pop", "diva house", "pop", "strut", "vocal house"]}, "4sWH0Fhl1a6yBCXnYm73Jp": {"name": "Always On My Mind", "coverArt": "https://i.scdn.co/image/ab67616d00001e029de6ec91c96a05b3e09d8550", "artist": ["INNA"], "artistIds": ["2w9zwq3AktTeYYMuhMjju8"], "artistPop": [74], "genres": ["dance pop", "romanian house", "romanian pop"]}, "1KKMr0ZDhEdbaB7YfI61Te": {"name": "Already Mine", "coverArt": "https://i.scdn.co/image/ab67616d00001e025d5e365daf0e3d475dc0117f", "artist": ["Sam Short"], "artistIds": ["0lhNnj2stuzFCs8ihzu0mz"], "artistPop": [32], "genres": []}, "5ktOGNBypzC0E6mQ8hHDjk": {"name": "Best They Ever Had", "coverArt": "https://i.scdn.co/image/ab67616d00001e02400f54f9a86a219437ceaa72", "artist": ["ROZES"], "artistIds": ["6jsjhAEteAlY0vCiLvMLBA"], "artistPop": [67], "genres": ["electropop", "indie poptimism", "pop edm"]}, "1QuZqUUSGzfWmeriWQ9t0p": {"name": "We Don't Have To Die", "coverArt": "https://i.scdn.co/image/ab67616d00001e028dacd35b7f0341ab24125baf", "artist": ["Sarah Barrios"], "artistIds": ["0HJsX1aTdgG1VDIRDiseSJ"], "artistPop": [52], "genres": ["alt z"]}, "4kUTA4ftbqY5uZHJzm0wCL": {"name": "Everybody (feat. Jenny Lewis)", "coverArt": "https://i.scdn.co/image/ab67616d00001e028426419bf880cee996b795ee", "artist": ["The Cactus Blossoms", "Jenny Lewis"], "artistIds": ["7kWwQAe9JnYNMk4kuEe73S", "5cMVRrisBpDkXCVG48epED"], "artistPop": [46, 52], "genres": ["alternative country", "midwest americana", "new americana", "indie pop"]}, "7nFrk76TTg9FJQ8CAoQMWt": {"name": "Up in the Sky", "coverArt": "https://i.scdn.co/image/ab67616d00001e02771be4042c35fc15710703f8", "artist": ["Waxahatchee"], "artistIds": ["5IWCU0V9evBlW4gIeGY4zF"], "artistPop": [58], "genres": ["alabama indie", "art pop", "bubblegrunge", "folk", "freak folk", "indie folk", "indie pop", "indie rock"]}, "4PfmDu5FfaGBX5wYUE6xzK": {"name": "CUT", "coverArt": "https://i.scdn.co/image/ab67616d00001e02fecb4a596e013c678d15a34d", "artist": ["Jaguar Jonze"], "artistIds": ["0QClnkSUCnc9chv8MLyTaR"], "artistPop": [36], "genres": ["brisbane indie"]}, "5kFLWyiAXjYrecLHnR7bTk": {"name": "Love Talking", "coverArt": "https://i.scdn.co/image/ab67616d00001e02c3f9c0bff9fcaac77765593d", "artist": ["Eli Young Band"], "artistIds": ["6eKWqnckwdIlSnjaYgIyxv"], "artistPop": [65], "genres": ["contemporary country", "country", "country road", "heartland rock", "modern country rock", "texas country"]}, "7dX7gCMEviiaH9YDb9RnCJ": {"name": "I Give Everything", "coverArt": "https://i.scdn.co/image/ab67616d00001e02be5906cd94f9ace55ba67892", "artist": ["Ryland James"], "artistIds": ["4WXIF211lYZfYEn0d13Ac0"], "artistPop": [56], "genres": []}, "2GZ7hpra0vcDNXLVQiJsMN": {"name": "Expensive Taste", "coverArt": "https://i.scdn.co/image/ab67616d00001e022e02fc0fca194f8a607d691a", "artist": ["Kevin Holliday"], "artistIds": ["30VidDqHTbEp8U7CBe1mX0"], "artistPop": [38], "genres": ["indie r&b"]}, "0V3mdaIPmadVbYujq3nfSd": {"name": "Buzz", "coverArt": "https://i.scdn.co/image/ab67616d00001e028208870f6d2b3d7bbe2ec120", "artist": ["Lil PJ"], "artistIds": ["4hQ6HwJgCPtkWpPEFZmaHv"], "artistPop": [36], "genres": []}, "5texEDBxbbPZA9sfc1Xj5j": {"name": "ed hardy", "coverArt": "https://i.scdn.co/image/ab67616d00001e021585b68fe009d4c642d35980", "artist": ["rouri404", "Vaeo"], "artistIds": ["6lQsMKSDG7XdirlE6YImHa", "2ahbiJn3gxyByrDXIMaACV"], "artistPop": [40, 32], "genres": ["glitchcore"]}, "6BHd0Muix09Lojx6Oi1Ybf": {"name": "Fuck That!", "coverArt": "https://i.scdn.co/image/ab67616d00001e02ee5910c8080302bf93d05447", "artist": ["Jonah Roy"], "artistIds": ["0bhTD2sTUzxTEsgEUTAVQX"], "artistPop": [28], "genres": []}, "47NoCaEOxlLifJ86Pr3hb8": {"name": "Sleepyhead", "coverArt": "https://i.scdn.co/image/ab67616d00001e021d978d79d2a49fc6b86aa0ce", "artist": ["Hunter Moreau"], "artistIds": ["18E7vRs277FpAIZelUzoCQ"], "artistPop": [19], "genres": []}, "2pO0ctmVG6RYfmLbs7CakL": {"name": "Coming Of Age", "coverArt": "https://i.scdn.co/image/ab67616d00001e027774d7dd901b7258f7f17f45", "artist": ["Anna Mae"], "artistIds": ["1LqshAgbw4iC1QlZSSR4qv"], "artistPop": [35], "genres": ["indie electropop"]}, "44mc4SiibMcqmeFnbJMGum": {"name": "Smoke Signals", "coverArt": "https://i.scdn.co/image/ab67616d00001e022c1614c7b366a8fee9fb6daf", "artist": ["Menna"], "artistIds": ["5kLvMAFanr3jQ7iuciSCuM"], "artistPop": [36], "genres": []}, "3hIFiQfRn4tOaIS6ePCNXr": {"name": "Ya Se Fue", "coverArt": "https://i.scdn.co/image/ab67616d00001e02fc0a4162205df1a959d58bc7", "artist": ["Pancho Barraza", "Alfredo Olivas"], "artistIds": ["5dmU7FrmtbQaSzIvGsE4Jp", "5xYNmNkaWRqu3e5F4UXME8"], "artistPop": [74, 75], "genres": ["banda", "nuevo regional mexicano", "regional mexican", "tropical", "banda", "corrido", "deep regional mexican", "nuevo regional mexicano", "regional mexican"]}, "4Qe0FN3PyLchrjvh3eAI7z": {"name": "MAGIC", "coverArt": "https://i.scdn.co/image/ab67616d00001e0254c508588c0e2447b4ec480a", "artist": ["Samaki"], "artistIds": ["5sqFxtsACgJNFctsg9VZQZ"], "artistPop": [31], "genres": []}}