{"748mdHapucXQri7IAO8yFK": {"name": "Kiss Me More (feat. SZA)", "coverArt": "https://i.scdn.co/image/ab67616d00001e02908280d9807127e185b71d56", "artist": ["Doja Cat", "SZA"], "artistIds": ["5cj0lLjcoR7YOSnhnX0Po5", "7tYKF4w9nC0nq9CsPZTHyP"], "artistPop": [94, 86], "genres": ["dance pop", "pop", "pop", "pop rap", "r&b", "rap"]}, "2CdTLdDjwZdVcm0bresVWx": {"name": "Otra Noche Sin Ti", "coverArt": "https://i.scdn.co/image/ab67616d00001e020be3514a5b184c135a27d7f1", "artist": ["J Balvin", "Khalid"], "artistIds": ["1vyhD5VmyZ7KMfW5gqLgo5", "6LuN9FCkKOj5PcnpouEgny"], "artistPop": [94, 88], "genres": ["latin", "reggaeton", "reggaeton colombiano", "trap latino", "pop", "pop r&b"]}, "7l2tmgUhV7Y2aJHjiszifg": {"name": "Mr. Perfectly Fine (Taylor\u2019s Version) (From The Vault)", "coverArt": "https://i.scdn.co/image/ab67616d00001e0245731927c3396bb4c0276543", "artist": ["Taylor Swift"], "artistIds": ["06HL4z0CvFAxyc27GXpf02"], "artistPop": [93], "genres": ["pop", "post-teen pop"]}, "2z0IupRlVRlDN5r2IVqHyN": {"name": "Shy Away", "coverArt": "https://i.scdn.co/image/ab67616d00001e020b33607f183db7e2e3fe2957", "artist": ["Twenty One Pilots"], "artistIds": ["3YQKmKGau1PzlVlkL1iodx"], "artistPop": [83], "genres": ["modern rock", "rock"]}, "43PGPuHIlVOc04jrZVh9L6": {"name": "RAPSTAR", "coverArt": "https://i.scdn.co/image/ab67616d00001e02175715816616d0fb317fabeb", "artist": ["Polo G"], "artistIds": ["6AgTAQt8XS6jRWi4sX7w49"], "artistPop": [88], "genres": ["chicago rap"]}, "3MK6OsCb4VJGdPxvXjW8Q9": {"name": "BANKROLL (feat. A$AP Rocky & A$AP Ferg)", "coverArt": "https://i.scdn.co/image/ab67616d00001e02bcfe3442f0a375df1d21efcf", "artist": ["BROCKHAMPTON", "A$AP Rocky", "A$AP Ferg"], "artistIds": ["1Bl6wpkWCQ4KVgnASpvzzA", "13ubrt8QOOCPljQ2FL1Kca", "5dHt1vcEm9qb8fCyLcB3HL"], "artistPop": [73, 82, 75], "genres": ["boy band", "hip hop", "rap", "east coast hip hop", "hip hop", "rap", "trap", "hip hop", "pop rap", "rap", "southern hip hop", "trap", "underground hip hop"]}, "0FhfNle9FovXRL03awCJbe": {"name": "Set Him Up (feat. Ari Lennox)", "coverArt": "https://i.scdn.co/image/ab67616d00001e02f96f27b7eaec8349fea96deb", "artist": ["Queen Naija", "Ari Lennox"], "artistIds": ["3nViOFa3kZW8OMSNOzwr98", "1vaQ6v3pOFxAIrFoPrAcom"], "artistPop": [66, 66], "genres": ["dance pop", "pop", "pop r&b", "pop rap", "r&b", "urban contemporary", "alternative r&b", "dmv rap", "indie r&b", "indie soul", "neo soul", "pop", "r&b", "urban contemporary"]}, "2WJVFqVQ3ivhAoAQWzEzeL": {"name": "Starstruck", "coverArt": "https://i.scdn.co/image/ab67616d00001e0217cb524296459ba0fcfda8ec", "artist": ["Years & Years"], "artistIds": ["5vBSrE1xujD2FXYRarbAXc"], "artistPop": [70], "genres": ["dance pop", "electropop", "gauze pop", "pop", "post-teen pop", "tropical house"]}, "5BQHyj5Pb3dUY8W6TSjeTF": {"name": "Waves of Blue", "coverArt": "https://i.scdn.co/image/ab67616d00001e02086f9f81ebd2ef9a7495ab92", "artist": ["Majid Jordan"], "artistIds": ["4HzKw8XcD0piJmDrrPRCYk"], "artistPop": [67], "genres": ["alternative r&b", "canadian contemporary r&b", "pop", "r&b", "trap soul"]}, "6VFKuuqSbA1GpMEosUgTwQ": {"name": "Nobody But You", "coverArt": "https://i.scdn.co/image/ab67616d00001e024ea1dc12584cb9ec10d2b058", "artist": ["Sonder", "Jorja Smith"], "artistIds": ["2ICR2m4hOBPhaYiZB3rnLW", "1CoZyIx7UvdxT5c8UkMzHd"], "artistPop": [63, 75], "genres": ["alternative r&b", "r&b", "pop", "r&b", "uk contemporary r&b"]}, "6TQeWWQMtSWFNgR7yxvcg6": {"name": "Freedom (with BEAM)", "coverArt": "https://i.scdn.co/image/ab67616d00001e0233725895b46d20ffcbe26047", "artist": ["Justin Bieber", "BEAM"], "artistIds": ["1uNFoZAHBGtllmzznpCI3s", "46MWeeHNVMYRIIofQBEX98"], "artistPop": [96, 62], "genres": ["canadian pop", "pop", "post-teen pop", "trap soul"]}, "5Ne1q9Hv3l2NHBA3Agt8WT": {"name": "Wave of You", "coverArt": "https://i.scdn.co/image/ab67616d00001e020011e7236c7e36e6f934248c", "artist": ["Surfaces"], "artistIds": ["4ETSs924pXMzjIeD6E9b4u"], "artistPop": [75], "genres": ["bedroom soul", "pop"]}, "2eeOF8wsCKNPmbCqg855TH": {"name": "Survivor", "coverArt": "https://i.scdn.co/image/ab67616d00001e0239d74562c42e38a64f85bc4a", "artist": ["KNOWN.", "Powfu", "KULTARGOTBOUNCE"], "artistIds": ["1hq8aXIxLXBwfeXGD1sGot", "6bmlMHgSheBauioMgKv2tn", "4AVBIZZuqtat8RReyNdqck"], "artistPop": [49, 76, 35], "genres": ["bc underground hip hop", "canadian underground hip hop", "sad rap"]}, "0a2Yk4ORO4MsGaJ4DI03qx": {"name": "Whipski (feat. Lil Skies & Internet Money)", "coverArt": "https://i.scdn.co/image/ab67616d00001e0266af01683b00bbe4c7e52ded", "artist": ["$NOT", "Lil Skies", "Internet Money"], "artistIds": ["5IbEL2xjRtKsunfmsahLuO", "7d3WFRME3vBY2cgoP38RDo", "6MPCFvOQv5cIGfw3jODMF0"], "artistPop": [77, 75, 79], "genres": ["aesthetic rap", "florida rap", "underground hip hop", "melodic rap", "pop rap", "rap", "trap", "pop rap", "rap", "trap"]}, "3BGppswSnFNGUSFiJ6rj4n": {"name": "Show Me Up", "coverArt": "https://i.scdn.co/image/ab67616d00001e02aaf487c92264d891ed0a4c41", "artist": ["Lil Tecca"], "artistIds": ["4Ga1P7PMIsmqEZqhYZQgDo"], "artistPop": [83], "genres": ["melodic rap", "rap", "trap"]}, "3RasiWohReHWYM1FJ9d1ZD": {"name": "Amor en Coma", "coverArt": "https://i.scdn.co/image/ab67616d00001e028c81e79fe0b1bfa9df161749", "artist": ["Manuel Turizo", "Maluma"], "artistIds": ["0tmwSHipWxN12fsoLcFU3B", "1r4hJ1h58CWwUQe3MxPuau"], "artistPop": [81, 88], "genres": ["colombian pop", "latin", "reggaeton", "reggaeton colombiano", "trap latino", "latin", "reggaeton", "reggaeton colombiano"]}, "1qYnqHydtG4iV9YenAz8Ux": {"name": "Sunset", "coverArt": "https://i.scdn.co/image/ab67616d00001e021d13d67552674349ee105bf7", "artist": ["Demi Lovato"], "artistIds": ["6S2OmqARrzebs0tKUEyXyp"], "artistPop": [82], "genres": ["dance pop", "pop", "post-teen pop"]}, "4vNxFySlHhuWuxOHvphZuP": {"name": "Haunted House", "coverArt": "https://i.scdn.co/image/ab67616d00001e0250b968435c395124828e3173", "artist": ["Holly Humberstone"], "artistIds": ["0nnYdIpahs41QiZ9MWp5Wx"], "artistPop": [62], "genres": ["alt z", "indie pop", "modern alternative pop", "uk pop"]}, "3sZWxtVuRc1Iet6ELwRz43": {"name": "Anywhere Away From Here (Rag\u2019n\u2019Bone Man & P!nk)", "coverArt": "https://i.scdn.co/image/ab67616d00001e02fa4aa535d970e9ad91c50cb9", "artist": ["Rag'n'Bone Man", "P!nk"], "artistIds": ["4f9iBmdUOhQWeP7dcAn1pf", "1KCSPY1glIKqW2TotWuXOR"], "artistPop": [72, 83], "genres": ["neo soul", "dance pop", "pop", "post-teen pop"]}, "027269uzraETHuoG6aMs6a": {"name": "Waves", "coverArt": "https://i.scdn.co/image/ab67616d00001e0249232a619d47a43360823024", "artist": ["Luke Bryan"], "artistIds": ["0BvkDsjIUla7X0k6CSWh1I"], "artistPop": [78], "genres": ["contemporary country", "country", "country road"]}, "6UtHBJDGixsNioxZkzNTdJ": {"name": "Sociopath", "coverArt": "https://i.scdn.co/image/ab67616d00001e023b048daf5d8d54e2570ae14a", "artist": ["Olivia O'Brien"], "artistIds": ["1QRj3hoop9Mv5VvHQkwPEp"], "artistPop": [72], "genres": ["alt z", "dance pop", "electropop", "indie cafe pop", "indie poptimism", "pop", "post-teen pop"]}, "27gRd0sbdd8cJdI6yx6dt8": {"name": "I'm Fine", "coverArt": "https://i.scdn.co/image/ab67616d00001e0215d77c293f377a2d082c2442", "artist": ["Ashe"], "artistIds": ["6P5NO5hzJbuOqSdyPB7SJM"], "artistPop": [71], "genres": ["alt z", "electropop", "indie pop", "pop", "post-teen pop"]}, "1erZEUKhZ03cHHD0vOr8aQ": {"name": "So I Lie", "coverArt": "https://i.scdn.co/image/ab67616d00001e0228b52bad4d41c2393dbe8e9f", "artist": ["Miguel"], "artistIds": ["360IAlyVv4PCEVjgyMZrxK"], "artistPop": [78], "genres": ["dance pop", "pop", "r&b", "urban contemporary"]}, "4KKfz33BvPygaynUJyeyC2": {"name": "Set The Table (feat. Claud)", "coverArt": "https://i.scdn.co/image/ab67616d00001e025f04425f7deb42688142ebd1", "artist": ["Ritt Momney", "Claud"], "artistIds": ["7MPGCB854Qo4alYMOPkBka", "5MaQlvNGOaTj39apHsXVq1"], "artistPop": [66, 56], "genres": ["bedroom pop", "indie pop", "bedroom pop", "indie pop"]}, "38RlMAF5xsbuf0bxHOosxp": {"name": "BLACK EYE", "coverArt": "https://i.scdn.co/image/ab67616d00001e02f7eb05792de0f890da84fe5b", "artist": ["THE BLOSSOM"], "artistIds": ["7lq7hz0Z6rG6v9zbJRRn4K"], "artistPop": [42], "genres": ["indie r&b"]}, "5buGEKUWGl3pZYQ9sh3392": {"name": "Boyz II Men", "coverArt": "https://i.scdn.co/image/ab67616d00001e024a2459417c6e4dcc333e62d7", "artist": ["KIRBY"], "artistIds": ["5lcDGoJUr5WY5bCFAfYbCU"], "artistPop": [51], "genres": ["alternative r&b", "indie r&b", "indie triste"]}, "11Yft9qfxqdK9sURatUNZ1": {"name": "Link", "coverArt": "https://i.scdn.co/image/ab67616d00001e02ffbaea5f3c1632e69b3ad81b", "artist": ["Tierra Whack"], "artistIds": ["4lPl9gqgox3JDiaJ1yklKh"], "artistPop": [62], "genres": ["alternative r&b", "escape room", "indie soul"]}, "49lrrlWBTkVEIuHkjnf7tI": {"name": "Easter In Miami", "coverArt": "https://i.scdn.co/image/ab67616d00001e02fa9dfeaa17aa66b0485cb618", "artist": ["Kodak Black"], "artistIds": ["46SHBwWsqBkxI7EeeBEQG7"], "artistPop": [81], "genres": ["florida rap", "hip hop", "melodic rap", "miami hip hop", "rap", "southern hip hop", "trap"]}, "2nDWvZb0htYG0NrHS2Otr0": {"name": "Lil Freak (feat. DreamDoll)", "coverArt": "https://i.scdn.co/image/ab67616d00001e02541fd440bea371b550830351", "artist": ["CJ", "DreamDoll"], "artistIds": ["7arQA31aZVS8yS6zUveWzb", "1nsdnHv49z0H5oPj3sJ3to"], "artistPop": [72, 52], "genres": ["nyc rap", "hip pop", "pop r&b", "trap queen"]}, "3QExHWxDu8bLDugoUa6Isx": {"name": "burnout", "coverArt": "https://i.scdn.co/image/ab67616d00001e0274ae375acd99d591293a4cbd", "artist": ["Chynna"], "artistIds": ["41TSOINjztNAFtwuGenWVA"], "artistPop": [46], "genres": ["electra", "escape room", "trap queen"]}, "5OBUmFuhkit7MYdaVZc2bs": {"name": "The Limit", "coverArt": "https://i.scdn.co/image/ab67616d00001e02f09ad0152ad7b783354d015d", "artist": ["DARKSIDE"], "artistIds": ["2933wDUojoQmvqSdTAE5NB"], "artistPop": [53], "genres": ["downtempo", "electronica"]}, "67aZdAS6doqinEJfperUnH": {"name": "Black Coffee", "coverArt": "https://i.scdn.co/image/ab67616d00001e02ca95d9bfede11e327e6419e9", "artist": ["AVIV"], "artistIds": ["1EWcnusq6BavKMW5OCsRMo"], "artistPop": [37], "genres": []}, "0ANOK8C8kRTR5AKjW3G62V": {"name": "Bottle Rocket", "coverArt": "https://i.scdn.co/image/ab67616d00001e0268fe8b89aa3680aeda30779f", "artist": ["Briston Maroney"], "artistIds": ["7vtSUU3zpHeYJfX6BPNrJd"], "artistPop": [64], "genres": ["indie pop", "modern rock", "nashville indie"]}, "5gVHN44I2vrBWeJcVqlCCU": {"name": "Night & Day", "coverArt": "https://i.scdn.co/image/ab67616d00001e02897b771559b5ac014de92162", "artist": ["Kid Ink"], "artistIds": ["6KZDXtSj0SzGOV705nNeh3"], "artistPop": [72], "genres": ["dance pop", "hip hop", "pop rap", "rap", "southern hip hop", "trap"]}, "6VbLCyuf6zaDVb1htR8U82": {"name": "Hunnid Or Better (feat. Bizzy Banks)", "coverArt": "https://i.scdn.co/image/ab67616d00001e02e25355eef9884c87588a61d7", "artist": ["Lil Eazzyy", "Bizzy Banks"], "artistIds": ["0rpUnzu4JIoRkKkGvdcm7b", "7s3eCGNZMrwUQraXlocCBv"], "artistPop": [61, 63], "genres": ["chicago rap", "brooklyn drill", "new york drill"]}, "1iCVw7fVBPdEzPibIQ0JCv": {"name": "Stop", "coverArt": "https://i.scdn.co/image/ab67616d00001e02505a7c8170e5d5fbdbfb2a5b", "artist": ["AJ Mitchell"], "artistIds": ["6dn6x1XOng3LOAnfTjUn77"], "artistPop": [67], "genres": ["alt z", "dance pop", "electropop", "indie cafe pop", "pop", "post-teen pop", "social media pop"]}, "0Pg62unxwGkccJeMEzfzkj": {"name": "fooly cooly", "coverArt": "https://i.scdn.co/image/ab67616d00001e026c17d87304af04d148a6d68d", "artist": ["boyband"], "artistIds": ["4OxvOPeLvZWDxihwqtOC4D"], "artistPop": [34], "genres": ["indie hip hop"]}, "2hNBhYGXQbq9KHYvK2itFY": {"name": "Kids feat. KYLE", "coverArt": "https://i.scdn.co/image/ab67616d00001e0247abf28ced70fece13b36499", "artist": ["Benny Sings", "KYLE"], "artistIds": ["4gHcu2JoaXJ0mV4aNPCd7N", "4qBgvVog0wzW75IQ48mU7v"], "artistPop": [64, 70], "genres": ["dutch pop", "indie jazz", "indie soul", "pop rap", "rap", "social media pop"]}, "6csiIHo2pYktlmyXZgKJns": {"name": "Paradise", "coverArt": "https://i.scdn.co/image/ab67616d00001e028b587f8c2ac3e1d9cef7cda0", "artist": ["Cuco"], "artistIds": ["2Tglaf8nvDzwSQnpSrjLHP"], "artistPop": [71], "genres": ["bedroom pop", "dream pop"]}, "7LRtNuhLfYYNgbUsll0uxE": {"name": "Vertigo", "coverArt": "https://i.scdn.co/image/ab67616d00001e023afcb3671048de1c014a63ee", "artist": ["Alice Merton"], "artistIds": ["7f0OLhGgBMX9fUjm1dcPip"], "artistPop": [63], "genres": []}, "22hoscwut5PWqmBa5eTk77": {"name": "Money On The Table (ft. Benny The Butcher)", "coverArt": "https://i.scdn.co/image/ab67616d00001e02e3ccff2e2ea4b121ac8d7e79", "artist": ["Belly", "Benny The Butcher"], "artistIds": ["0FOWNUFHPnMy0vOw1siGqi", "5Matrg5du62bXwer29cU5T"], "artistPop": [70, 65], "genres": ["canadian hip hop", "canadian trap", "pop rap", "rap", "southern hip hop", "trap", "trap soul", "boom bap", "buffalo hip hop", "hip hop", "rap", "underground hip hop", "upstate ny rap"]}, "3U8n8S6i2bUyF6cHzc8RMT": {"name": "La La La", "coverArt": "https://i.scdn.co/image/ab67616d00001e02d679ea5c1b3a339c343740a2", "artist": ["AREA21"], "artistIds": ["76YIoWHp3Ri3q1ocOPtFzp"], "artistPop": [61], "genres": ["edm", "pop dance"]}, "7hcYAIyiOVdmRhpGtSJRTP": {"name": "Close To You (with Andy Grammer)", "coverArt": "https://i.scdn.co/image/ab67616d00001e02d265e0065a137683532cbc6f", "artist": ["R3HAB", "Andy Grammer"], "artistIds": ["6cEuCEZu7PAE9ZSzLLc2oQ", "2oX42qP5ineK3hrhBECLmj"], "artistPop": [78, 73], "genres": ["dance pop", "dutch house", "edm", "electro house", "pop", "pop dance", "progressive electro house", "slap house", "tropical house", "dance pop", "modern rock", "neo mellow", "pop", "pop rock", "post-teen pop"]}, "0uTFjOzKhhXkYcC3r3lWeZ": {"name": "Dancing On Dangerous", "coverArt": "https://i.scdn.co/image/ab67616d00001e02d7eb766ec1b98452224f3c6b", "artist": ["Imanbek", "Sean Paul", "Sof\u00eda Reyes"], "artistIds": ["5rGrDvrLOV2VV8SCFVGWlj", "3Isy6kedDrgPYoTS1dazA9", "0haZhu4fFKt0Ag94kZDiz2"], "artistPop": [79, 81, 73], "genres": ["dance pop", "edm", "electro house", "pop dance", "slap house", "tropical house", "dance pop", "dancehall", "pop", "pop rap", "dance pop", "latin", "latin pop", "mexican pop", "pop", "reggaeton"]}, "4YMApzzqCO31TPxPvgdHhh": {"name": "Way Too Long", "coverArt": "https://i.scdn.co/image/ab67616d00001e02f33af33d427cdcc471adc938", "artist": ["Nathan Dawe", "Anne-Marie", "MoStack"], "artistIds": ["2gduEC76ry33RVurAvT05p", "1zNqDE7qDGCsyzJwohVaoX", "14H15rElxdGClICOZXEYHP"], "artistPop": [66, 82, 65], "genres": ["dance pop", "house", "pop dance", "post-teen pop", "tropical house", "uk dance", "dance pop", "pop", "pop dance", "post-teen pop", "tropical house", "uk pop", "afro dancehall", "afroswing", "grime", "london rap", "uk hip hop"]}, "4kdMfObhCkNZ47gsl63uXP": {"name": "BURBERRY", "coverArt": "https://i.scdn.co/image/ab67616d00001e02361556234eec082515964488", "artist": ["Myke Towers", "\u00d1engo Flow"], "artistIds": ["7iK8PXO48WeuP03g8YR51W", "12vb80Km0Ew53ABfJOepVz"], "artistPop": [90, 77], "genres": ["trap latino", "latin", "latin hip hop", "reggaeton", "reggaeton flow", "trap latino"]}, "7nOkNaXqygqopH34aDBmUl": {"name": "Perfect", "coverArt": "https://i.scdn.co/image/ab67616d00001e02d0d59631f0c11267ab4c5249", "artist": ["Lakeyah", "Yung Bleu"], "artistIds": ["77gMBvQ2frbQAPyCeoYGm7", "3KNIG74xSTc3dj0TRy7pGX"], "artistPop": [54, 71], "genres": ["pop r&b", "alabama rap", "pop r&b", "r&b", "trap"]}, "6jgVOTrTLEaBII7hnaXBpb": {"name": "I Got Feelings", "coverArt": "https://i.scdn.co/image/ab67616d00001e02bd22b059dc8a952798b0ded4", "artist": ["Kevo Muney"], "artistIds": ["2s1fodCLf7tb0bogSUNBqY"], "artistPop": [55], "genres": ["memphis hip hop", "tennessee hip hop"]}, "5nzX0GtmuW03QGb2l9Hw0C": {"name": "Syrup", "coverArt": "https://i.scdn.co/image/ab67616d00001e0232e2565f4343dcfe16e91fcc", "artist": ["Tkay Maidza"], "artistIds": ["1kMPdZQVdUhMDKDWOJM5iK"], "artistPop": [58], "genres": ["alternative r&b", "australian hip hop", "escape room"]}, "1hAELGsPupvsffkG4tj9gu": {"name": "Posing In Bondage", "coverArt": "https://i.scdn.co/image/ab67616d00001e02d8af1b2a0ba2311359aa3ed6", "artist": ["Japanese Breakfast"], "artistIds": ["7MoIc5s9KXolCBH1fy9kkw"], "artistPop": [61], "genres": ["art pop", "eugene indie", "indie pop", "philly indie"]}, "6MFZUAPmeiF9cm8tSspED7": {"name": "counting houses", "coverArt": "https://i.scdn.co/image/ab67616d00001e02c144a292a707e9d6aa2adfe9", "artist": ["Luz"], "artistIds": ["3cdI6SvJ24KsOcvYyBwH9c"], "artistPop": [55], "genres": ["alt z", "indie anthem-folk", "indie cafe pop", "irish pop", "uk pop"]}, "0O9iSYd5NrLQ5sHVsgoIEC": {"name": "America", "coverArt": "https://i.scdn.co/image/ab67616d00001e0206ba9e4259d6545ee5d119c2", "artist": ["London Grammar"], "artistIds": ["3Bd1cgCjtCI32PYvDC3ynO"], "artistPop": [68], "genres": ["metropopolis", "nottingham indie"]}, "0u1MpXDHXCyBdcauPjT8x2": {"name": "f*kn around", "coverArt": "https://i.scdn.co/image/ab67616d00001e021df4de25284fc149ea1a7452", "artist": ["Darren Criss"], "artistIds": ["3nQ59hkeciYoR6RreQL4Rv"], "artistPop": [56], "genres": []}, "1pduTu9RLjOUFz9szYKn0E": {"name": "Destroyer", "coverArt": "https://i.scdn.co/image/ab67616d00001e021e615657055e49fc2546b806", "artist": ["Of Monsters and Men"], "artistIds": ["4dwdTW1Lfiq0cM8nBAqIIz"], "artistPop": [71], "genres": ["folk-pop", "metropopolis", "modern alternative rock", "modern rock", "pop rock", "stomp and holler"]}, "1BVxc8PF2RuHwgaubSSJTr": {"name": "Heartbreak Tour", "coverArt": "https://i.scdn.co/image/ab67616d00001e02b4fa9fd3a3588ae3af40f012", "artist": ["Kat & Alex"], "artistIds": ["6K4y1ejK5kZ0kRdgCv5bRg"], "artistPop": [34], "genres": []}, "5xtG60SJPPZ0VKo7r51MEY": {"name": "I Hate Every1", "coverArt": "https://i.scdn.co/image/ab67616d00001e02aa4c966e225857c3754ff567", "artist": ["NOT THE MAIN CHARACTERS"], "artistIds": ["3zXPbW06DXFBAToUstfD1V"], "artistPop": [40], "genres": ["alt z"]}, "5DyeeOjngCAMjXL9iUsuhe": {"name": "I Think You Should Leave", "coverArt": "https://i.scdn.co/image/ab67616d00001e0240aeef656bd3062c8f296fd7", "artist": ["OSTON"], "artistIds": ["4PR77KtW5drJXCsqcyfuzJ"], "artistPop": [45], "genres": ["alt z"]}, "4Ib4EWekB5z7NSju9BDXcd": {"name": "Lit (feat. YFN Lucci)", "coverArt": "https://i.scdn.co/image/ab67616d00001e0212d9e0eb53e981e0e2672240", "artist": ["MO3", "YFN Lucci"], "artistIds": ["44JEJiBvti7NiEhAfzWstv", "5Berubt6ysOy2LCMyqhmXP"], "artistPop": [67, 63], "genres": ["dfw rap", "trap", "arkansas hip hop", "atl hip hop", "melodic rap", "pop r&b", "rap", "southern hip hop", "trap"]}, "3wL6HzWOL9s5V2joGaZzZ6": {"name": "Blood Roses (feat. Jae Skeese)", "coverArt": "https://i.scdn.co/image/ab67616d00001e0280da49be4dec5c8176bc3a9a", "artist": ["Conway the Machine", "Jae Skeese"], "artistIds": ["67gqUXxHedeUGDTxwBzdjS", "4DaFgJf7fynXYWpmyVnkAZ"], "artistPop": [62, 33], "genres": ["alternative hip hop", "boom bap", "buffalo hip hop", "hardcore hip hop", "hip hop", "underground hip hop", "upstate ny rap", "buffalo hip hop", "upstate ny rap"]}, "4pMVVXuGL5qPeeTyrk2FTy": {"name": "Cowboys", "coverArt": "https://i.scdn.co/image/ab67616d00001e02d7bfffb17cdea14e9db023fa", "artist": ["Slayyyter"], "artistIds": ["4QM5QCHicznALtX885CnZC"], "artistPop": [58], "genres": ["art pop", "dance pop", "electropop", "escape room", "hyperpop", "pop"]}, "0Ky7dNE5kiSBgqNiwwl1jx": {"name": "Relapse", "coverArt": "https://i.scdn.co/image/ab67616d00001e026d6767eb6ccf3c7683448995", "artist": ["Boys World"], "artistIds": ["0YgZTREOQz8oOGVABXEoXi"], "artistPop": [48], "genres": []}, "24qTFQSTSe3cac6LAgBuC4": {"name": "Yoga (with salem ilese)", "coverArt": "https://i.scdn.co/image/ab67616d00001e0250aad890e6f54a576a78534f", "artist": ["LLusion", "salem ilese"], "artistIds": ["5XBb04uBpKPWPWC2jXgGqb", "3QJUFtGBGL05vo0kCJZsmT"], "artistPop": [58, 66], "genres": ["lo-fi beats", "sad lo-fi", "alt z", "modern indie pop", "social media pop"]}, "3M3oBRNhyF1u9kGSbGk9WR": {"name": "Paper Boy", "coverArt": "https://i.scdn.co/image/ab67616d00001e0216da35e462033c40b458678e", "artist": ["Henjila"], "artistIds": ["5pYcIcxfIowCcvR2wNxy0l"], "artistPop": [31], "genres": []}, "50PiPsMRFrml18j4XSBOB4": {"name": "Nightstand", "coverArt": "https://i.scdn.co/image/ab67616d00001e026bed261d7fd197581bd3fb7d", "artist": ["Justus Bennetts"], "artistIds": ["4PcesEvU9iICf7dwNt5B3l"], "artistPop": [63], "genres": ["alt z", "social media pop"]}, "2tYQKE3eyNkFtHLQZgPKgk": {"name": "Nolia Flow", "coverArt": "https://i.scdn.co/image/ab67616d00001e021bea7f9c6872c265b7a775e4", "artist": ["Dee Watkins"], "artistIds": ["5cNn5kF2qKIOtBQJ2z4FM3"], "artistPop": [55], "genres": ["florida rap", "vapor trap"]}, "7IgQkpoFULgTvyWptkH1pO": {"name": "Need It Back", "coverArt": "https://i.scdn.co/image/ab67616d00001e02281e42a507f25db3c2560072", "artist": ["Jay Loud"], "artistIds": ["2zlYZjumfIxajIKfk41H9A"], "artistPop": [40], "genres": ["indiana hip hop"]}, "2dFp0fdBqHlEnlpZktUK7E": {"name": "Might Not Like It", "coverArt": "https://i.scdn.co/image/ab67616d00001e02411ce60c1437cf1706469a07", "artist": ["KenTheMan"], "artistIds": ["6o4O5GX5kOWAGXtZUedxo3"], "artistPop": [51], "genres": ["houston rap", "pop r&b"]}, "5E7WrjXGL1lh4PLIAt05SD": {"name": "Never Could", "coverArt": "https://i.scdn.co/image/ab67616d00001e020f05496ea4481a4bbaf4bed7", "artist": ["Mr.Chicken"], "artistIds": ["7wkF8j8BCMh9fUNrxXmUlz"], "artistPop": [32], "genres": ["melodic rap"]}, "2JJizMJ5Ze77pgVT5LnECc": {"name": "Level Up", "coverArt": "https://i.scdn.co/image/ab67616d00001e02809503e6ee927d68286bc2d7", "artist": ["ppcocaine"], "artistIds": ["2u1aL8XADqj0nJFHMKRjNw"], "artistPop": [59], "genres": ["viral rap"]}, "52t3lx38kiruAIGY2gISfc": {"name": "All I Need (DJ-Kicks) - Edit", "coverArt": "https://i.scdn.co/image/ab67616d00001e02093833122d320a5ea89fb00f", "artist": ["Jayda G"], "artistIds": ["3NKVm2Jedcf6ibJr6pMUVx"], "artistPop": [53], "genres": ["canadian electronic", "float house"]}, "7eZNrmLFIuWUG8Y9PQTdNY": {"name": "HIGH/BYE", "coverArt": "https://i.scdn.co/image/ab67616d00001e0204c156646d773fea5bf7ea17", "artist": ["Cody Frost"], "artistIds": ["3FobDbMc9jNxkZ8GCc685W"], "artistPop": [36], "genres": []}, "5CM1jEYAsLwhhQEUYwEBs7": {"name": "king of the nosebleeds", "coverArt": "https://i.scdn.co/image/ab67616d00001e02730954808673fc0f9859ce28", "artist": ["gabriel black"], "artistIds": ["6lWQ8ff0y4b0fozjUcmvaJ"], "artistPop": [43], "genres": ["modern alternative pop"]}, "0FrZlv2YeaeNoegY6ZwWJ3": {"name": "Purple", "coverArt": "https://i.scdn.co/image/ab67616d00001e02c7f59db71ac85eb6d1e09731", "artist": ["Unusual Demont"], "artistIds": ["5KpmWCJ5NqsY9meqhjwbxR"], "artistPop": [49], "genres": ["indie r&b", "modern alternative pop"]}, "7sUTbNjYpJkUhICiLEoYdf": {"name": "Hey Michael", "coverArt": "https://i.scdn.co/image/ab67616d00001e028985282051173315e5149258", "artist": ["Wallice", "marinelli"], "artistIds": ["6d6ts87Fxm1EdULf4CaLw4", "0iqCNJHozJhcjPDoX1EJ6a"], "artistPop": [49, 46], "genres": ["indie pop", "indie r&b", "modern indie pop"]}, "4Dicd9CnldAenKEzOj6dGp": {"name": "exception", "coverArt": "https://i.scdn.co/image/ab67616d00001e021a0586b6b2f8aa814ae0ac28", "artist": ["renforshort"], "artistIds": ["3GYvf7puxwkr51EYoD9E7D"], "artistPop": [57], "genres": ["alt z", "canadian pop", "indie pop", "pop", "social media pop"]}, "0mOgDwfv2nL3VWB6wuig1Z": {"name": "Osaka", "coverArt": "https://i.scdn.co/image/ab67616d00001e0247cda3a19516d94ad074b9d7", "artist": ["SHAED"], "artistIds": ["3KwmxIhSe9UTSEF37kwngR"], "artistPop": [66], "genres": ["electropop", "pop"]}, "6Fo8RpgLKQsjVnNK8hh2lU": {"name": "Avalon (with Francesco Turrisi)", "coverArt": "https://i.scdn.co/image/ab67616d00001e02ea767f6700cfdc04dec72b22", "artist": ["Rhiannon Giddens", "Francesco Turrisi"], "artistIds": ["1EI0NtLHoh9KBziYCeN1vM", "4ds2NOrovBxUtTi29RWIBC"], "artistPop": [50, 36], "genres": ["folk", "new americana", "north carolina roots"]}, "39ZpHwLpCFBDeLpOphQYLQ": {"name": "Madelyn", "coverArt": "https://i.scdn.co/image/ab67616d00001e026df643ac94060e3d3b1441de", "artist": ["Anderson East"], "artistIds": ["5q6z6GTth6lMbL9I8CAgby"], "artistPop": [56], "genres": ["indie folk", "modern blues", "new americana"]}, "6cbLD7eopxTQlI7JqIabla": {"name": "Die to Go Home", "coverArt": "https://i.scdn.co/image/ab67616d00001e02cde76d94f59b2642d58c010f", "artist": ["Brett Kissel"], "artistIds": ["6VOaUBrKfzd49nIAzjVKmm"], "artistPop": [51], "genres": ["alberta country", "canadian contemporary country", "canadian country", "contemporary country", "country pop"]}, "6iUloUfQZyNj8v6qclDuKT": {"name": "Love Again", "coverArt": "https://i.scdn.co/image/ab67616d00001e02ad4a0c7512c80829837854f9", "artist": ["Fancy Hagood"], "artistIds": ["1klmpKnfBdJkVqr94BnuOF"], "artistPop": [41], "genres": []}, "0niSvMJT1JDZ7kp07Y0z8I": {"name": "Prosper", "coverArt": "https://i.scdn.co/image/ab67616d00001e026b94e25d8f0e07a45d7fc073", "artist": ["S.O."], "artistIds": ["6nELoJ6eMXfYHX5xocKf33"], "artistPop": [47], "genres": ["christian hip hop", "christian trap", "uk christian rap"]}, "0iWxrdjwEGOrTC9AszgAJk": {"name": "Viendo el Techo", "coverArt": "https://i.scdn.co/image/ab67616d00001e023c7c8905b2e91c14280d87c6", "artist": ["Jay Wheeler"], "artistIds": ["2cPqdH7XMvwaBJEVjheH8g"], "artistPop": [81], "genres": ["latin", "reggaeton", "trap latino"]}, "6VSqMGR9ki01c3J2mUvMeH": {"name": "First Gear", "coverArt": "https://i.scdn.co/image/ab67616d00001e02e3cb02338c74766452237d17", "artist": ["Angelo Mota"], "artistIds": ["1PpFka2STGQ57kJcgYBgEF"], "artistPop": [41], "genres": ["indie hip hop", "new jersey rap"]}, "4jCD0pWplxDw7Gkbyxe5H7": {"name": "Bout Mine", "coverArt": "https://i.scdn.co/image/ab67616d00001e02400159bb6ea0d77a5a38883a", "artist": ["Tru Carr", "Sada Baby"], "artistIds": ["70LeECrcNFIOvGZqe8byzQ", "2JSwnwAT1BupAQkhqcRCUw"], "artistPop": [51, 64], "genres": ["detroit trap", "scam rap", "trap"]}, "37n7Feuicqcab5YxxcsoUo": {"name": "Walk Down (feat. Pooh Shiesty)", "coverArt": "https://i.scdn.co/image/ab67616d00001e0271a5000b274fcaf8a58a4f33", "artist": ["BigKayBeezy", "Pooh Shiesty"], "artistIds": ["4wpwsRGyik5kVa8fG37Q50", "5F1aAS1duwlzExnPs3l2Xe"], "artistPop": [54, 76], "genres": ["chicago rap", "philly drill", "memphis hip hop", "rap", "tennessee hip hop", "trap"]}, "4VhMAg3gWR7EVpATeviXEp": {"name": "First Day Out", "coverArt": "https://i.scdn.co/image/ab67616d00001e02fb89ec4a05762c848d449d07", "artist": ["Fam0us.Twinsss"], "artistIds": ["5Nrl4fJ98iiMiTqhKjy8ZL"], "artistPop": [42], "genres": ["trap queen", "viral rap"]}, "0T56FSDWcKwWfXy2MXAzZG": {"name": "In My Corner", "coverArt": "https://i.scdn.co/image/ab67616d00001e026cf3868de7dded30e017afdf", "artist": ["ELHAE"], "artistIds": ["6TrQLQR8tUluPbmdPy6jqY"], "artistPop": [53], "genres": ["alternative r&b", "chill r&b", "indie r&b", "pop r&b", "r&b", "trap soul"]}, "3FUWMdBqP2U5SMHwZ8yLuZ": {"name": "I Don't Really Think About You No More", "coverArt": "https://i.scdn.co/image/ab67616d00001e0279c0c6743284a54c84379a5b", "artist": ["Kasai"], "artistIds": ["4kn9HNC5JHp0IgHH9hRML8"], "artistPop": [17], "genres": ["british soul"]}, "1IY1Ge6tFl0m9pr2Yg0OFe": {"name": "LAVENDER", "coverArt": "https://i.scdn.co/image/ab67616d00001e028c3afdb351c4d6d6b2212436", "artist": ["Dounia"], "artistIds": ["4fJsnm9CeDAPrwO4MAEToj"], "artistPop": [47], "genres": ["alt z", "alternative r&b", "electropop", "escape room"]}, "0SOkBOtvW4esakReEhuJXf": {"name": "Could Be Good", "coverArt": "https://i.scdn.co/image/ab67616d00001e0266d3c3321c8ee7783d23f96b", "artist": ["Kat Cunning"], "artistIds": ["0THdxk7bYWo6wciF1gInBK"], "artistPop": [45], "genres": []}, "1MIlGM2pyNUxzjTG2RgK0C": {"name": "Hurricane (feat. HON & SMBDY)", "coverArt": "https://i.scdn.co/image/ab67616d00001e020ce99d23214603e375b6fdcf", "artist": ["BUNT.", "HON", "SMBDY"], "artistIds": ["2CpLIMBoE2ZzyY3ZBCRZ7j", "4ErLqbv0gQ49ED1AKtvrBr", "3EVIvUOdQq6byU8fIljO2e"], "artistPop": [57, 47, 43], "genres": ["deep tropical house", "pop dance", "pop edm", "tropical house", "swedish pop"]}, "7jIQpaEwnc31da41mUwSbt": {"name": "Umbrella", "coverArt": "https://i.scdn.co/image/ab67616d00001e026c11acc5c97aab1007de4481", "artist": ["Wacotron", "G Herbo", "Marshmello"], "artistIds": ["4CAL0nDGvLhUfQEpwSLnUz", "5QdEbQJ3ylBnc3gsIASAT5", "64KEffDW9EtZ1y2vBYgq8T"], "artistPop": [47, 74, 86], "genres": ["chicago drill", "chicago rap", "drill", "rap", "southern hip hop", "trap", "brostep", "edm", "pop", "pop dance", "progressive electro house"]}, "3gXyomtyDJnE7o6UdxDrq7": {"name": "Belaire", "coverArt": "https://i.scdn.co/image/ab67616d00001e024b17c4ed97cfe27608b64ed0", "artist": ["Yung Mal"], "artistIds": ["6m0MLa2Q5RwIF8R7nwQkQ2"], "artistPop": [50], "genres": ["atl trap", "memphis hip hop", "trap", "vapor trap"]}, "0stfZSMUC46cbsQh4j1oSG": {"name": "Stain", "coverArt": "https://i.scdn.co/image/ab67616d00001e0250a89ad3a1d8b02c7f1c899d", "artist": ["Peter Rosenberg", "Westside Gunn"], "artistIds": ["36OaFcMjn2RWlJlcez2fhA", "0ABk515kENDyATUdpCKVfW"], "artistPop": [37, 65], "genres": ["boom bap", "alternative hip hop", "boom bap", "buffalo hip hop", "hip hop", "rap", "underground hip hop", "upstate ny rap"]}, "4nBsvvjN134KFVcvFMLWwK": {"name": "she calls me daddy", "coverArt": "https://i.scdn.co/image/ab67616d00001e02fcef543ac8f55c57cf11337c", "artist": ["KiNG MALA"], "artistIds": ["5Lz5CnywFeg4Rs4l76OtG2"], "artistPop": [51], "genres": ["alt z"]}, "4UVp2XD2Z9F2aY9vLlKwhv": {"name": "I'll Be There", "coverArt": "https://i.scdn.co/image/ab67616d00001e02e57d0677da756937d2909369", "artist": ["Yoshi Flower"], "artistIds": ["0rAt7V95LWbRPvWQFd21il"], "artistPop": [44], "genres": ["detroit indie"]}, "1CxImGOa5w53prpeB3F7uA": {"name": "if i don't have your love", "coverArt": "https://i.scdn.co/image/ab67616d00001e0285eb6a82a2cc813cd398e63c", "artist": ["Afgan"], "artistIds": ["4cgBCGxtlfap2g6jveB7du"], "artistPop": [62], "genres": ["indonesian pop", "malaysian pop"]}, "1i8LN49oJAHir8Y3V57DbE": {"name": "Recovery", "coverArt": "https://i.scdn.co/image/ab67616d00001e02ab1020b735b556e4f08e0c06", "artist": ["Rose Betts"], "artistIds": ["3DYAP9CXyfNiM2nlu09w4i"], "artistPop": [35], "genres": ["indie anthem-folk"]}, "4XVmKDQDqotv3hHuJnNZki": {"name": "Palm Trees", "coverArt": "https://i.scdn.co/image/ab67616d00001e02d2fab9b70ac3c21108380582", "artist": ["Charm La'Donna"], "artistIds": ["4EATVWAsGWEbpI1GH0lCiT"], "artistPop": [25], "genres": []}, "5jIxSgeyKZbz9qDh2KZF79": {"name": "Welcome 2 America", "coverArt": "https://i.scdn.co/image/ab67616d00001e02e8dfeab28937a89a2465c078", "artist": ["Prince"], "artistIds": ["5a2EaR3hamoenG9rDuVn8j"], "artistPop": [73], "genres": ["funk", "funk rock", "minneapolis sound", "synth funk"]}}