{"43CIWpJaJHRcI4mUSjqgc2": {"name": "Bad Boy (with Young Thug)", "coverArt": "https://i.scdn.co/image/ab67616d00001e020bda1f6aa92d42f44d621db6", "artist": ["Juice WRLD", "Young Thug"], "artistIds": ["4MCBfE4596Uoi2O4DtmEMz", "50co4Is1HCEo8bhOyUWKpn"], "artistPop": [92, 88], "genres": ["chicago rap", "melodic rap", "atl hip hop", "atl trap", "gangster rap", "hip hop", "melodic rap", "pop rap", "rap", "trap"]}, "5N4oNpf3YH76vNhXKc5usy": {"name": "Roaring 20s", "coverArt": "https://i.scdn.co/image/ab67616d00001e023eee02e04b08d2c415ae63a5", "artist": ["Flo Milli"], "artistIds": ["08PvCOlef4xdOr20jFSTPd"], "artistPop": [69], "genres": ["dance pop", "pop", "pop rap", "r&b", "social media pop", "viral rap"]}, "5SFXOMJJ334Wn2PwBHeRZN": {"name": "Girls Like Us", "coverArt": "https://i.scdn.co/image/ab67616d00001e023ef0781922e2dfb0679237ca", "artist": ["Zoe Wees"], "artistIds": ["03d2mJXSMtuPI0nIvLnhoS"], "artistPop": [73], "genres": ["german pop"]}, "26UxwWl9xCb83OynXELJcL": {"name": "Masterpiece", "coverArt": "https://i.scdn.co/image/ab67616d00001e027b41da110df7023757e8f8fa", "artist": ["DaBaby"], "artistIds": ["4r63FhuTkUYltbVAg5TQnk"], "artistPop": [89], "genres": ["north carolina hip hop", "rap"]}, "0HC6S4VpCGAZvyxTdrMRIQ": {"name": "De Una Vez", "coverArt": "https://i.scdn.co/image/ab67616d00001e02774a20b1ddf6c80d506b47c0", "artist": ["Selena Gomez"], "artistIds": ["0C8ZW7ezQVs4URX5aX7Kqx"], "artistPop": [84], "genres": ["dance pop", "pop", "post-teen pop"]}, "5euRP53moGQyGCsq8aNjvo": {"name": "Connexion", "coverArt": "https://i.scdn.co/image/ab67616d00001e02f160ff1c91caffd9e24cc736", "artist": ["ZAYN"], "artistIds": ["5ZsFI1h6hIdQRw2ti0hz81"], "artistPop": [79], "genres": ["dance pop", "pop", "post-teen pop", "uk pop"]}, "3jjBPF4NDMCU51psU8JPpR": {"name": "34+35 Remix (feat. Doja Cat, Megan Thee Stallion) - Remix", "coverArt": "https://i.scdn.co/image/ab67616d00001e0243d04ae192008a5113862faf", "artist": ["Ariana Grande", "Doja Cat", "Megan Thee Stallion"], "artistIds": ["66CXWjxzNUsdJxJ2JdwvnR", "5cj0lLjcoR7YOSnhnX0Po5", "181bsRPaVXVlUKXrxwZfHK"], "artistPop": [92, 94, 86], "genres": ["dance pop", "pop", "post-teen pop", "dance pop", "pop", "houston rap", "pop", "pop rap", "trap queen"]}, "47HA2S1j9yj34Ff1aIsF5Y": {"name": "Deal With It (feat. Kelis)", "coverArt": "https://i.scdn.co/image/ab67616d00001e02b94726ad076addff4850e46c", "artist": ["Ashnikko", "Kelis"], "artistIds": ["3PyJHH2wyfQK3WZrk9rpmP", "0IF46mUS8NXjgHabxk2MCM"], "artistPop": [75, 66], "genres": ["electropop", "escape room", "pop", "dance pop", "electropop", "hip pop", "neo soul", "pop rap", "r&b", "urban contemporary"]}, "2J4DpqJCIuuM9WjtWHbjvd": {"name": "Grey", "coverArt": "https://i.scdn.co/image/ab67616d00001e02a59fe305e5504a51fa413d29", "artist": ["Why Don't We"], "artistIds": ["2jnIB6XdLvnJUeNTy5A0J2"], "artistPop": [72], "genres": ["boy band", "dance pop", "pop", "post-teen pop", "teen pop"]}, "4ReJJcpW8HtVnqzhf6DwNV": {"name": "Close To You", "coverArt": "https://i.scdn.co/image/ab67616d00001e02a28330e1b98a8d1c39e06389", "artist": ["Dayglow"], "artistIds": ["6eJa3zG1QZLRB3xgRuyxbm"], "artistPop": [70], "genres": ["austindie", "indie pop", "modern rock"]}, "2gA74HvN6NKFrhgzpd5oNE": {"name": "Line By Line (feat. Maren Morris)", "coverArt": "https://i.scdn.co/image/ab67616d00001e02b38f9b71870afe058b29a6f9", "artist": ["JP Saxe", "Maren Morris"], "artistIds": ["66W9LaWS0DPdL7Sz8iYGYe", "6WY7D3jk8zTrHtmkqqo5GI"], "artistPop": [72, 76], "genres": ["alt z", "canadian contemporary r&b", "indie cafe pop", "pop", "pop rock", "post-teen pop", "contemporary country", "country", "texas country"]}, "0742PcMPo2Akmo4vHC29VZ": {"name": "this is how you fall in love", "coverArt": "https://i.scdn.co/image/ab67616d00001e02dccb079c492cf99e02e3255b", "artist": ["Jeremy Zucker", "Chelsea Cutler"], "artistIds": ["3gIRvgZssIb9aiirIg0nI3", "5JMLG56F1X5mFmWNmS0iAp"], "artistPop": [78, 75], "genres": ["electropop", "pop", "post-teen pop", "alt z", "electropop", "indie poptimism", "pop", "post-teen pop", "tropical house"]}, "1PZDyestTVydtHpaIcfUJg": {"name": "Chemtrails Over The Country Club", "coverArt": "https://i.scdn.co/image/ab67616d00001e0265cbb09fc2622ff89467472e", "artist": ["Lana Del Rey"], "artistIds": ["00FQb4jTyendYWaN8pK0wa"], "artistPop": [84], "genres": ["art pop", "pop"]}, "1LyDCI7Adz9s0z57TXezgQ": {"name": "He Said (feat. Miguel)", "coverArt": "https://i.scdn.co/image/ab67616d00001e02076d63822c9129ababfe5973", "artist": ["dvsn", "Miguel"], "artistIds": ["7e1ICztHM2Sc4JNLxeMXYl", "360IAlyVv4PCEVjgyMZrxK"], "artistPop": [67, 78], "genres": ["alternative r&b", "canadian contemporary r&b", "pop", "pop r&b", "pop rap", "r&b", "trap soul", "urban contemporary", "dance pop", "pop", "r&b", "urban contemporary"]}, "1jOBlsvKhdqjZAlUAia4Qz": {"name": "Lie Lie Lie", "coverArt": "https://i.scdn.co/image/ab67616d00001e02eae404a9877874b257e2d347", "artist": ["Joshua Bassett"], "artistIds": ["4VdV2qRAYBLINR6uU72V1J"], "artistPop": [67], "genres": ["alt z", "pop", "post-teen pop", "social media pop"]}, "5uEYRdEIh9Bo4fpjDd4Na9": {"name": "Goosebumps - Remix", "coverArt": "https://i.scdn.co/image/ab67616d00001e029109b0425fb5b36284a24891", "artist": ["Travis Scott", "HVME"], "artistIds": ["0Y5tJX1MQlPlqiwlOH1tJY", "2o08sCWF5yyo2G4DCiT7T9"], "artistPop": [91, 74], "genres": ["rap", "slap house", "slap house"]}, "5YaskwnGDZFDRipaqzbwQx": {"name": "Your Love (9PM)", "coverArt": "https://i.scdn.co/image/ab67616d00001e02f1462ebfec5f96421f44dcd3", "artist": ["ATB", "Topic", "A7S"], "artistIds": ["7jZM5w05mGhw6wTB1okhD9", "0u6GtibW46tFX7koQ6uNJZ", "5Wg2b4Mp42gicxEeDNawf7"], "artistPop": [73, 80, 77], "genres": ["german dance", "german techno", "german trance", "trance", "dance pop", "edm", "electro house", "german dance", "pop dance", "pop edm", "tropical house", "scandipop"]}, "12aAoKT43mVGdW1ofZVCwr": {"name": "Never Gonna Forget (with Diplo feat. Elderbrook)", "coverArt": "https://i.scdn.co/image/ab67616d00001e0282fa7f9108beaf36bf5f815c", "artist": ["Black Coffee", "Diplo", "Elderbrook"], "artistIds": ["6wMr4zKPrrR0UVz08WtUWc", "5fMUXHkw8R8eOP2RNVYEZX", "2vf4pRsEY6LpL5tKmqWb64"], "artistPop": [62, 82, 71], "genres": ["deep house", "south african house", "south african pop dance", "bmore", "dance pop", "edm", "electro house", "house", "moombahton", "ninja", "pop", "pop dance", "tropical house", "house", "pop dance", "tropical house"]}, "2VaPKij9f9OyL8tg1ZsIGj": {"name": "Guard Up", "coverArt": "https://i.scdn.co/image/ab67616d00001e020de4a30d5616daf16135fc3e", "artist": ["Pooh Shiesty"], "artistIds": ["5F1aAS1duwlzExnPs3l2Xe"], "artistPop": [76], "genres": ["memphis hip hop", "rap", "tennessee hip hop", "trap"]}, "0K0E8Pd9Vg8gd8PaMJ7BnF": {"name": "Oops (Oh My) - Spotify Singles", "coverArt": "https://i.scdn.co/image/ab67616d00001e02e1ebf68e6421ea8fb9c18fe7", "artist": ["Gabriel Garz\u00f3n-Montano"], "artistIds": ["1R4GxRuSVTPSb6oy56SPST"], "artistPop": [45], "genres": ["alternative r&b", "indie jazz", "indie soul"]}, "5AHSYSrni7xVCzlanStMRf": {"name": "Bonafide (feat. Chiiild)", "coverArt": "https://i.scdn.co/image/ab67616d00001e029e8ff0c26c818a13721b46d4", "artist": ["Emotional Oranges", "Chiiild"], "artistIds": ["12trz2INGglrKMzLmg0y2C", "2YqJwmohaNjg9lg51flSax"], "artistPop": [60, 56], "genres": ["alternative r&b", "chill r&b", "indie r&b", "pop", "alternative r&b", "indie r&b"]}, "1vucS7X4otbyQSZ9RXYXFI": {"name": "ANTES QUE SALGA EL SOL", "coverArt": "https://i.scdn.co/image/ab67616d00001e02c6fdbdc670d206a89e022778", "artist": ["Natti Natasha", "Prince Royce"], "artistIds": ["1GDbiv3spRmZ1XdM1jQbT7", "3MHaV05u0io8fQbZ2XPtlC"], "artistPop": [80, 77], "genres": ["latin", "latin pop", "rap latina", "reggaeton", "trap latino", "bachata", "latin", "latin hip hop", "latin pop"]}, "4I5bvu2KDsrCg0EWHIcvul": {"name": "Don't Play", "coverArt": "https://i.scdn.co/image/ab67616d00001e0237cd16ccbb8fd3c34bd0b32c", "artist": ["Anne-Marie", "KSI", "Digital Farm Animals"], "artistIds": ["1zNqDE7qDGCsyzJwohVaoX", "1nzgtKYFckznkcVMR3Gg4z", "5fyDppLDl1juIu1BcUT5zh"], "artistPop": [82, 79, 70], "genres": ["dance pop", "pop", "pop dance", "post-teen pop", "tropical house", "uk pop", "uk hip hop", "uk dance"]}, "6Gl9htJmNmnugLygZo15QF": {"name": "Excuses", "coverArt": "https://i.scdn.co/image/ab67616d00001e02e2dbc654f99226c67662cd3e", "artist": ["Audrey Mika"], "artistIds": ["3JDG63cSaK3xgDnB2H55Xp"], "artistPop": [63], "genres": ["alt z", "chill r&b"]}, "0LvUnAADRlUQdKXJZNrl3N": {"name": "Upgrade", "coverArt": "https://i.scdn.co/image/ab67616d00001e02488a4755ce0ccf58c6b81337", "artist": ["Jessie Murph"], "artistIds": ["1Vh9yuVrOw7Mp4hHezUJsE"], "artistPop": [0], "genres": []}, "4i1sWZe3erL8QVRCdwMoxT": {"name": "Comeback.", "coverArt": "https://i.scdn.co/image/ab67616d00001e025357ae044b90cd14173e3fb0", "artist": ["Gallant"], "artistIds": ["7wFDo161xYdeaiLz3KIHoM"], "artistPop": [58], "genres": ["alternative r&b", "chill r&b", "indie r&b", "pop", "pop r&b", "r&b"]}, "3csDOckNz84zwYXvPBXZax": {"name": "Split", "coverArt": "https://i.scdn.co/image/ab67616d00001e02ef6ff8c9c3434aab8efa233d", "artist": ["Rich The Kid"], "artistIds": ["1pPmIToKXyGdsCF6LmqLmI"], "artistPop": [73], "genres": ["atl hip hop", "hip hop", "melodic rap", "plugg", "pop rap", "rap", "southern hip hop", "trap"]}, "3Mcu3bSlSYJkckbZ1FpfEB": {"name": "Lonely", "coverArt": "https://i.scdn.co/image/ab67616d00001e02f7674d538ae9e32e2e03ea67", "artist": ["Sof\u00eda Vald\u00e9s"], "artistIds": ["0caswMNVJ7vPNC1Z7NOeCT"], "artistPop": [50], "genres": ["panamanian pop"]}, "13Qe9Ad3zLm58cIb9n4YtG": {"name": "MY HEAD :(", "coverArt": "https://i.scdn.co/image/ab67616d00001e0268056d54dd7ad0b63709f4b8", "artist": ["Jack Kays"], "artistIds": ["24qqDoA4BBXVnPOdHBjT54"], "artistPop": [56], "genres": ["cincinnati rap", "emo rap", "sad rap"]}, "3NUmUIyzNLBp8bCFMH8Mif": {"name": "Waiting On A War", "coverArt": "https://i.scdn.co/image/ab67616d00001e0290b321f6484b49e9a9ba1f8d", "artist": ["Foo Fighters"], "artistIds": ["7jy3rLJdDQY21OgRLCZ9sD"], "artistPop": [78], "genres": ["alternative metal", "alternative rock", "modern rock", "permanent wave", "post-grunge", "rock"]}, "2bGd94PnM9kaQOCxOrIDh8": {"name": "raw", "coverArt": "https://i.scdn.co/image/ab67616d00001e02f4c4fc3bd28c76abfd72d2f3", "artist": ["LOONY"], "artistIds": ["0xSfdfhcXN6T8M5gt7VwK0"], "artistPop": [50], "genres": ["alternative r&b", "canadian contemporary r&b", "chill r&b", "indie r&b"]}, "5s2l3CXeCTJXXKPriFe65y": {"name": "Trippin", "coverArt": "https://i.scdn.co/image/ab67616d00001e02cdaf22d117b585fe8bd0426d", "artist": ["Kara Marni"], "artistIds": ["2lfOu2DjnvR4Xpolt3OPfv"], "artistPop": [42], "genres": ["alternative r&b", "chill r&b", "indie r&b", "uk contemporary r&b"]}, "1fP3bbDuZBE2hiih9ZQhb1": {"name": "Easy", "coverArt": "https://i.scdn.co/image/ab67616d00001e02564857b5368dc2c497c89716", "artist": ["Pale Waves"], "artistIds": ["0wOej91SVqB1zcYkW6xUtA"], "artistPop": [57], "genres": ["electropop", "indie pop", "manchester indie", "metropopolis", "modern alternative rock", "modern rock"]}, "2yRlcQn3yUqseUYHw2XzNZ": {"name": "Part of Me", "coverArt": "https://i.scdn.co/image/ab67616d00001e026bc1528d0938deb117616d83", "artist": ["Healy"], "artistIds": ["2Yhge9MsE7qKcV0eWsuuHM"], "artistPop": [57], "genres": ["alternative r&b", "indie r&b", "memphis hip hop"]}, "5RzEyrxL09e1D80CXHmFAx": {"name": "Calls", "coverArt": "https://i.scdn.co/image/ab67616d00001e02721546034aca6fddadd77044", "artist": ["Charlie Houston"], "artistIds": ["6BkSTbIWZrLZZK0sa2GehR"], "artistPop": [36], "genres": []}, "63yD1pa1Ux5Ug4tIi6ygdv": {"name": "WOMAN", "coverArt": "https://i.scdn.co/image/ab67616d00001e0255b1db7c8636025deb137200", "artist": ["Avenue Beat"], "artistIds": ["1htYtUdXVMwR6HCSs821Lc"], "artistPop": [52], "genres": ["alt z"]}, "23YKtFHHfoCCgPN3jE7Ye0": {"name": "Blame Game", "coverArt": "https://i.scdn.co/image/ab67616d00001e02caf38e748c5bf156e8db30f9", "artist": ["Beach Bunny"], "artistIds": ["2vnB6tuQMaQpORiRdvXF9H"], "artistPop": [72], "genres": ["bubblegrunge", "chicago indie", "indie pop", "pop"]}, "2qP3VifO2gnLn7sj5md688": {"name": "ultraviolet.tragedies (with Terrell Hines)", "coverArt": "https://i.scdn.co/image/ab67616d00001e02174989ce257b7ba0902c61ea", "artist": ["X Ambassadors", "Terrell Hines"], "artistIds": ["3NPpFNZtSTHheNBaWC82rB", "2jhjHaG1p2SMn6cDyhwhjQ"], "artistPop": [74, 42], "genres": ["indie poptimism", "modern alternative rock", "modern rock", "pop", "pop rock", "rock", "stomp pop", "modern alternative pop"]}, "1eghB226Hjl5hzGCnf6clD": {"name": "long txts", "coverArt": "https://i.scdn.co/image/ab67616d00001e022149b9428e0c7bea297c5999", "artist": ["Lubalin"], "artistIds": ["6lt3CXKfhLXjYl2VFD6vN4"], "artistPop": [44], "genres": []}, "2ELnM8GmCQZBX0hyTnVPLY": {"name": "WEGO", "coverArt": "https://i.scdn.co/image/ab67616d00001e02a033e139b373ea68621fc1e5", "artist": ["KBFR", "Conor Matthews"], "artistIds": ["0JFjWic1b9Mvv7WcNYhDvZ", "5iWU68xnsNiacwbt1fYEcq"], "artistPop": [44, 50], "genres": ["viral rap", "chill pop"]}, "0osRJM5kvt7PnNbzpzv9Uj": {"name": "Game Time", "coverArt": "https://i.scdn.co/image/ab67616d00001e0255977bc28f6712c4f2b5327e", "artist": ["Funk Flex", "Fivio Foreign"], "artistIds": ["34ABXKUj0gzq7R8vXjCaNj", "14CHVeJGrR5xgUGQFV5BVM"], "artistPop": [58, 75], "genres": ["bronx hip hop", "east coast hip hop", "hardcore hip hop", "brooklyn drill", "new york drill", "rap", "trap"]}, "2k2TSG2paek2RKnxamv1YS": {"name": "Is You Fuckin?", "coverArt": "https://i.scdn.co/image/ab67616d00001e024ded7e18f657b54c8e9101e9", "artist": ["Yella Beezy"], "artistIds": ["7kwCkEJ384PWm0UQW3hxjS"], "artistPop": [59], "genres": ["dfw rap", "hip hop", "houston rap", "rap", "southern hip hop", "trap"]}, "3QXJfdApTRMNoiymmV1Esd": {"name": "Doin My Dance (feat. Moneybagg Yo)", "coverArt": "https://i.scdn.co/image/ab67616d00001e02deb9b0c017bce2d10f90fd90", "artist": ["Fredo Bang", "Moneybagg Yo"], "artistIds": ["4yTmEo2clwWq2jwelvqgVv", "3tJoFztHeIJkJWMrx0td2f"], "artistPop": [63, 79], "genres": ["baton rouge rap", "southern hip hop", "trap", "hip hop", "memphis hip hop", "rap", "southern hip hop", "tennessee hip hop", "trap"]}, "79My8jv4RTScpARowe8vKo": {"name": "Messed Up", "coverArt": "https://i.scdn.co/image/ab67616d00001e02be32f131c6ab9037a7dafe80", "artist": ["Asiahn", "Jordan Hawkins"], "artistIds": ["1mKtlPrXjWK6oIdk9cSOjs", "70XiOMiwBAHHspwHrkxlJY"], "artistPop": [47, 27], "genres": ["alternative r&b", "chill r&b", "indie r&b", "pop r&b", "r&b"]}, "3pj4VZpb4NQ6WoBXcnqt0p": {"name": "Villain", "coverArt": "https://i.scdn.co/image/ab67616d00001e029e0f1c43916f19012e6d4579", "artist": ["Julia Wolf"], "artistIds": ["5yvGiZLSWJTPBlZpVbPnEZ"], "artistPop": [51], "genres": ["alt z", "indie electropop"]}, "5c0lWlmIyCq7hzBhpZasYL": {"name": "Weekend Vibe", "coverArt": "https://i.scdn.co/image/ab67616d00001e02a043add9fa707d3f973501fc", "artist": ["Jub\u00ebl"], "artistIds": ["4FcZfItjVIsfO9TynErl7X"], "artistPop": [68], "genres": ["dance pop", "deep house", "edm", "pop dance", "swedish pop", "tropical house"]}, "1tpJ6wdE1jOg8aThxas4oR": {"name": "The World We Left Behind (feat. KARRA)", "coverArt": "https://i.scdn.co/image/ab67616d00001e02da13398baef8f339131bbbac", "artist": ["KSHMR", "Karra"], "artistIds": ["2wX6xSig4Rig5kZU6ePlWe", "24CzPFC4y3bM4AkUnZfuAU"], "artistPop": [71, 62], "genres": ["big room", "edm", "electro house", "indian edm", "pop dance", "slap house", "tropical house", "la pop"]}, "6OhrBMenfA6uNcpuXBmTiD": {"name": "Duke and the Cash", "coverArt": "https://i.scdn.co/image/ab67616d00001e023ce72abdba6425fce7b7f60d", "artist": ["Baby Boys"], "artistIds": ["5h1aEtZ8g7GdavtgSg633u"], "artistPop": [33], "genres": []}, "015ROS1oTBabLaOLMzDF47": {"name": "Hate Myself", "coverArt": "https://i.scdn.co/image/ab67616d00001e0202b7c2421a569208a92646a2", "artist": ["dodie"], "artistIds": ["21TinSsF5ytwsfdyz5VSVS"], "artistPop": [65], "genres": ["alt z", "indie pop", "pop"]}, "0MjYky9IKCX6l4wYL2UVw0": {"name": "pink party", "coverArt": "https://i.scdn.co/image/ab67616d00001e023d530f26e7118df23129da9a", "artist": ["Isaac Dunbar"], "artistIds": ["2sBVpvpeQxK01FqIt5t816"], "artistPop": [58], "genres": ["alt z", "indie pop", "modern indie pop", "social media pop"]}, "7dzbbppPDPvJvYEFiNTSlH": {"name": "What You Need (feat THEY.)", "coverArt": "https://i.scdn.co/image/ab67616d00001e02ed4ff7d08133bb7b3e5608ac", "artist": ["Jae Stephens", "THEY."], "artistIds": ["4HiLipaDjOwRkhJlk5s1uT", "0pghUohLPptZWBasy2wmUx"], "artistPop": [45, 60], "genres": ["alternative r&b", "indie r&b", "alternative r&b", "pop", "pop r&b", "pop rap", "r&b", "trap soul", "underground hip hop"]}, "7jL2tCE0Xn2tunqWayBkte": {"name": "Calla T\u00fa", "coverArt": "https://i.scdn.co/image/ab67616d00001e025ac6151dc74caf0d0a617ef7", "artist": ["Danna Paola"], "artistIds": ["5xSx2FM8mQnrfgM1QsHniB"], "artistPop": [78], "genres": ["latin", "latin pop", "latin viral pop", "mexican pop", "pop"]}, "2xzt45z07PZTskSOBNWlpp": {"name": "How We Used To", "coverArt": "https://i.scdn.co/image/ab67616d00001e022c3c0721129f72145dcb7828", "artist": ["Stephanie Poetri"], "artistIds": ["0HS00NN7MAfF59aJnfcxSO"], "artistPop": [59], "genres": ["indonesian pop"]}, "3UCfeH1mZnwErqWZhiN32y": {"name": "IDFIATOK", "coverArt": "https://i.scdn.co/image/ab67616d00001e02ddd51ef032994ef2b2f06774", "artist": ["Ameer Vann"], "artistIds": ["7kIbB1pdDyehFj8aNgfzfH"], "artistPop": [47], "genres": ["underground hip hop"]}, "72GT4vlxNfMTeFt9hgTHW7": {"name": "Bandemic", "coverArt": "https://i.scdn.co/image/ab67616d00001e02869d6559c48f2c919f199a48", "artist": ["Bizzy Banks"], "artistIds": ["7s3eCGNZMrwUQraXlocCBv"], "artistPop": [63], "genres": ["brooklyn drill", "new york drill"]}, "3WEerYUbUTVFCWE3gcADiz": {"name": "Twisted Tongues", "coverArt": "https://i.scdn.co/image/ab67616d00001e024617e8bc34da613e76297e8d", "artist": ["AFI"], "artistIds": ["19I4tYiChJoxEO5EuviXpz"], "artistPop": [62], "genres": ["alternative metal", "pop punk", "punk", "screamo", "skate punk"]}, "2nM7VjLc9rkb9c0WzoiwOA": {"name": "hold somebody (feat. powfu & sarcastic sounds)", "coverArt": "https://i.scdn.co/image/ab67616d00001e02fa40b0a110758d299561d1dd", "artist": ["guccihighwaters", "Powfu", "Sarcastic Sounds"], "artistIds": ["7EIOmfcBRSR63ZaUptkD09", "6bmlMHgSheBauioMgKv2tn", "1bq8rqNnfrojn0OSAfeNXJ"], "artistPop": [60, 76, 68], "genres": ["dark trap", "emo rap", "sad lo-fi", "sad rap", "sad rap", "lo-fi beats", "lo-fi chill", "sad lo-fi"]}, "4rPzJZqLHE1b5rx6WbFvqe": {"name": "Queen", "coverArt": "https://i.scdn.co/image/ab67616d00001e0274d1689d4cb798d79b128ce6", "artist": ["G Flip", "mxmtoon"], "artistIds": ["4SdIXLzfabqU61iK7SnKAU", "0HthCchcL0kVLHTr113Vk1"], "artistPop": [56, 70], "genres": ["australian alternative pop", "australian indie", "australian pop", "alt z", "bedroom pop", "electropop", "indie pop", "pop", "social media pop"]}, "2tCL2T0TTIOS0s70HCJP3L": {"name": "Hollow", "coverArt": "https://i.scdn.co/image/ab67616d00001e02ecdb94225ff13140f45534fc", "artist": ["Mills"], "artistIds": ["7MceGzCJ3bPNyErb440Izo"], "artistPop": [42], "genres": []}, "2DINVEELpI3ibUW2EzeDs7": {"name": "Undivided", "coverArt": "https://i.scdn.co/image/ab67616d00001e02882b55d6e66235a7a5bb070e", "artist": ["Tim McGraw", "Tyler Hubbard"], "artistIds": ["6roFdX1y5BYSbp60OTJWMd", "3BEV5FcxOtkQJ7lLRKMh3V"], "artistPop": [73, 56], "genres": ["contemporary country", "country", "country road"]}, "4w5nZwiTpDMTVQdugsXWW7": {"name": "Sanctuary", "coverArt": "https://i.scdn.co/image/ab67616d00001e0268658578f5a8df7dfb183ef6", "artist": ["Hiss Golden Messenger"], "artistIds": ["37eqxl8DyLd5sQN54wYJbE"], "artistPop": [54], "genres": ["alternative country", "deep new americana", "folk", "indie folk", "indie pop", "modern folk rock", "new americana", "north carolina indie", "north carolina roots", "roots rock", "stomp and holler"]}, "0q9v0aM8nBBF045S4lUMJE": {"name": "Cuff Your Jeans", "coverArt": "https://i.scdn.co/image/ab67616d00001e028c6a9db2f6134670d9f095bf", "artist": ["Claud"], "artistIds": ["5MaQlvNGOaTj39apHsXVq1"], "artistPop": [56], "genres": ["bedroom pop", "indie pop"]}, "1HWkMkgqKMLqsAPRh0KNmE": {"name": "Your Life Your Time", "coverArt": "https://i.scdn.co/image/ab67616d00001e024123735677e8fc0dfb4e99e4", "artist": ["Christian Leave"], "artistIds": ["2G8UkPZnQ8i78L8TfqP1X6"], "artistPop": [63], "genres": ["indie cafe pop", "indie pop", "modern rock"]}, "3AyINldeVk1tkHuPGRvW0i": {"name": "Listen!!!", "coverArt": "https://i.scdn.co/image/ab67616d00001e02dac8ab84aeb7f6e638770a08", "artist": ["Aly & AJ"], "artistIds": ["5wugb0kaq0J6nyQ5Xgd17i"], "artistPop": [62], "genres": ["dance pop", "electropop", "girl group", "indie pop", "indie poptimism", "neo mellow", "pop", "post-teen pop"]}, "2wwzGBhDWfZveGjpxj5be7": {"name": "Lose You Now", "coverArt": "https://i.scdn.co/image/ab67616d00001e029dc5c6015df3627c38069465", "artist": ["Lindsey Stirling", "Mako"], "artistIds": ["378dH6EszOLFShpRzAQkVM", "0Ye4nfYAA91T1X56gnlXAA"], "artistPop": [67, 65], "genres": ["bow pop", "pop violin", "edm", "electropop", "indie poptimism", "pop dance", "pop edm", "tropical house"]}, "5zHXJxSSpNFR6NiRKzgcdf": {"name": "drinkup", "coverArt": "https://i.scdn.co/image/ab67616d00001e029a83a79ea0ea50f2ee504268", "artist": ["pink roses"], "artistIds": ["4KPrvW0HmBDFKs8PsXRwyp"], "artistPop": [30], "genres": []}, "6fOxRnghWEazS68j4dOFAf": {"name": "Walk Away", "coverArt": "https://i.scdn.co/image/ab67616d00001e02818e353a6a2d713bdc1f055f", "artist": ["Duke & Jones", "Nicole Millar"], "artistIds": ["3jNm5wvIx1eR5NDdXhMkNV", "0lYzZ91QzokaPrRK1vq6tW"], "artistPop": [49, 47], "genres": ["uk dance", "australian pop", "gauze pop", "vapor soul"]}, "58gDdlyKqLodYDcFtgZb3P": {"name": "Edge Of The Dark", "coverArt": "https://i.scdn.co/image/ab67616d00001e02996add1314de53528a48a56f", "artist": ["Emmit Fenn"], "artistIds": ["3VVLqeEqQQqTgT8YhfY9Z6"], "artistPop": [61], "genres": ["electropop", "tropical house", "vapor soul"]}, "2Yte4JdWO3y8diS3EIlDgX": {"name": "Things Changed", "coverArt": "https://i.scdn.co/image/ab67616d00001e0294b7a0287522644d990fb996", "artist": ["The Sunshine State"], "artistIds": ["7fvI8ORZUF64qlb2GDcDQ7"], "artistPop": [26], "genres": []}, "3bpC99d6j3babPl8hEQthk": {"name": "Beautiful", "coverArt": "https://i.scdn.co/image/ab67616d00001e02eebd96066857d3ffaf59163d", "artist": ["Robin Thicke"], "artistIds": ["0ZrpamOxcZybMHGg1AYtHP"], "artistPop": [67], "genres": ["dance pop", "hip pop", "neo soul", "new jack swing", "r&b", "urban contemporary"]}, "5FiXhM80sP4yg6tEnHkZZn": {"name": "HWAA", "coverArt": "https://i.scdn.co/image/ab67616d00001e02fb9108286103eac3d310e290", "artist": ["(G)I-DLE"], "artistIds": ["2AfmfGFbe0A0WsTYm0SDTx"], "artistPop": [71], "genres": ["k-pop", "k-pop girl group"]}, "4zFfBLU8xxL0bjSn0z75Ix": {"name": "NonChalant", "coverArt": "https://i.scdn.co/image/ab67616d00001e02ac78b051be4fcca1171c6764", "artist": ["Metro Marrs"], "artistIds": ["4mnXd7tspPHEPPJij1swWX"], "artistPop": [36], "genres": []}, "1Cs748JfTfqzPoZAxBX9Ra": {"name": "In The Kitchen", "coverArt": "https://i.scdn.co/image/ab67616d00001e02415cee1efffc5cb79eff38b9", "artist": ["Pote Baby"], "artistIds": ["1K2CImmhCW2QVfppHo4Nfj"], "artistPop": [38], "genres": []}, "07AMcxHstpAsZ3SoFGl5wB": {"name": "Hit This", "coverArt": "https://i.scdn.co/image/ab67616d00001e02a87a037cb68c0eacc9905206", "artist": ["Ebhoni"], "artistIds": ["7bWXoXVgDSWw6lWZD4fCb6"], "artistPop": [29], "genres": ["canadian contemporary r&b"]}, "0SqO4j9UTyzdAV7NJWcDYH": {"name": "I Know I Been Changed (Music From The Motion Picture \"American Skin\") [feat. Gary Clark Jr.]", "coverArt": "https://i.scdn.co/image/ab67616d00001e021e8a28f594b15f26208410b8", "artist": ["Keedron Bryant", "Symba", "Gary Clark Jr."], "artistIds": ["2l5DDUyyMSmNBLCSa0BIIX", "06S3fr7xEES7e3QPXhu3ay", "01aC2ikO4Xgb2LUpf9JfKp"], "artistPop": [27, 45, 63], "genres": ["blues rock", "electric blues", "funk", "modern alternative rock", "modern blues", "modern blues rock", "rock", "soul blues", "texas blues"]}, "35xkenzfDhEA1LEpJsprKu": {"name": "wish you the best (feat. Jensen McRae)", "coverArt": "https://i.scdn.co/image/ab67616d00001e02dd1bb9f60197f51f1aad8169", "artist": ["Joy Oladokun", "Jensen McRae"], "artistIds": ["7rrTqtOUOwva4sgTx9C9F9", "11dABkjSoOjcP9p3TFSNRj"], "artistPop": [58, 46], "genres": ["indie cafe pop", "indie folk", "indiecoustica", "la pop", "indie pop"]}, "4dCDluZtO4FOHlLUdhiYV8": {"name": "All That Lasts", "coverArt": "https://i.scdn.co/image/ab67616d00001e0221822105f272c2dead0b24e9", "artist": ["Pablo Dylan"], "artistIds": ["6un97ihdzVmEzSQVMhtrR6"], "artistPop": [10], "genres": []}, "4ijajhHtBsOn91S4dgkhu7": {"name": "Minimum Wage", "coverArt": "https://i.scdn.co/image/ab67616d00001e029ca4f5db306988ac4b2afbb4", "artist": ["Blake Shelton"], "artistIds": ["1UTPBmNbXNTittyMJrNkvw"], "artistPop": [73], "genres": ["contemporary country", "country", "country road", "oklahoma country"]}, "77Bt2DXJE1R1qsnm4D10Ox": {"name": "Breakups", "coverArt": "https://i.scdn.co/image/ab67616d00001e021e293c5d2ac58f37188d1fa0", "artist": ["Seaforth"], "artistIds": ["1ryJB2bhfYjjIt8kqy4BoG"], "artistPop": [58], "genres": ["contemporary country", "country pop"]}, "1fNznqiu5d1wLezuTyy1UB": {"name": "Whatever Forever Is", "coverArt": "https://i.scdn.co/image/ab67616d00001e022aeed1036278059ed4aeae4d", "artist": ["Devin Dawson"], "artistIds": ["2ySHS7UojGu20XfUPaBlyu"], "artistPop": [61], "genres": ["contemporary country", "country pop", "country road", "modern country rock"]}, "6FfbKN3PDxHJMsdr7DX7wh": {"name": "Oidar", "coverArt": "https://i.scdn.co/image/ab67616d00001e02cc8e8e60aab9877d3396852b", "artist": ["Hether"], "artistIds": ["5O35zGUolf87RATk2NgSD3"], "artistPop": [48], "genres": ["bedroom pop", "indie garage rock", "indie pop", "indie r&b", "modern indie pop"]}, "1eGOABsA0NdhU6LiLQzhWe": {"name": "Dancing Alone", "coverArt": "https://i.scdn.co/image/ab67616d00001e0276aa439e5ed4eafeb4189e04", "artist": ["Kings Elliot"], "artistIds": ["3iUGCPBBseYhEhwqCG7PNy"], "artistPop": [37], "genres": []}, "2TDUqZ4rbzppSpt3INJSyi": {"name": "Raw Thoughts", "coverArt": "https://i.scdn.co/image/ab67616d00001e02274c5bfd33d38e00b2297a10", "artist": ["Baby Queen"], "artistIds": ["4VqlewwKZJoIcA88PYHUDd"], "artistPop": [47], "genres": ["indie pop", "modern alternative pop", "uk pop"]}, "2mAg49knTyCqpVlCMtHGXM": {"name": "Skengman (feat. Stormzy)", "coverArt": "https://i.scdn.co/image/ab67616d00001e02fa38541024c11ae2d871d018", "artist": ["Ghetts", "Stormzy"], "artistIds": ["7zJL978NtANOysfGY21ty6", "2SrSdSvpminqmStGELCSNd"], "artistPop": [57, 76], "genres": ["grime", "uk alternative hip hop", "uk hip hop", "grime", "uk hip hop"]}, "1JBMewsromlpB8Ca7FBlXZ": {"name": "Toothpaste", "coverArt": "https://i.scdn.co/image/ab67616d00001e022b7e622827cf6536ece95e82", "artist": ["Wacotron"], "artistIds": ["4CAL0nDGvLhUfQEpwSLnUz"], "artistPop": [47], "genres": []}, "5OGEp6SCW5FlbGyyAZUcFm": {"name": "ULTIMA", "coverArt": "https://i.scdn.co/image/ab67616d00001e02d331ebf0804415c70d4e8910", "artist": ["Body Meat"], "artistIds": ["4BrSvpXSgT02JhhNULggJk"], "artistPop": [21], "genres": ["experimental pop", "glitch pop"]}, "0zxwa7iR72c5m1v7G1lU8j": {"name": "STRENGTH BONUS", "coverArt": "https://i.scdn.co/image/ab67616d00001e02c03e1193e22265d0d8f38090", "artist": ["blackwinterwells", "p4rkr", "fish narc"], "artistIds": ["4tF39UYlbBLqTo5JK3qX1u", "2QpNu8tDPv9n7oY34J1TtN", "1IxZyCzEKTCm8z7gSgyfTU"], "artistPop": [53, 58, 48], "genres": ["emo rap", "glitchcore", "hyperpop", "aesthetic rap", "glitchcore", "hyperpop", "emo rap"]}, "1aBCdCoHR7AwWQbiWEHdzA": {"name": "Fuck Being Sober", "coverArt": "https://i.scdn.co/image/ab67616d00001e02b13042c66fbb1544584adda1", "artist": ["Annika Wells"], "artistIds": ["0kErUwb6xgWfkdn0RyZWHZ"], "artistPop": [60], "genres": ["la pop"]}, "4mC6s6mZW0L0IXSrDodWhW": {"name": "Access", "coverArt": "https://i.scdn.co/image/ab67616d00001e02232fec93f9eec8689f17eb6c", "artist": ["Major Murphy"], "artistIds": ["5ly0mPdto6iDfI6X2Q4K6B"], "artistPop": [28], "genres": ["grand rapids indie"]}, "7yheLpVipGfsF18K9XsKDi": {"name": "The One That Got Away", "coverArt": "https://i.scdn.co/image/ab67616d00001e024e432a59c71eecb4f41a8b61", "artist": ["Hunter Hayes"], "artistIds": ["7H6dkUChT5EoOQtUVMg4cN"], "artistPop": [62], "genres": ["contemporary country", "country", "country road", "modern country rock", "pop", "post-teen pop"]}, "1k5yxcSUhUqvYNyCjnbdcD": {"name": "Unstoppable (Do It Again)", "coverArt": "https://i.scdn.co/image/ab67616d00001e02a568230a3667468ae17425b3", "artist": ["Angie Rose"], "artistIds": ["2vOqb0eO8aBj2dLpxlmscX"], "artistPop": [37], "genres": ["christian hip hop", "christian trap"]}, "4RD0tyT7TfDyeLHJL0i420": {"name": "Holy Rose", "coverArt": "https://i.scdn.co/image/ab67616d00001e0226bbec85d3ecda0dbbf71c58", "artist": ["Fruit Bats"], "artistIds": ["6Qm9stX6XO1a4c7BXQDDgc"], "artistPop": [59], "genres": ["deep new americana", "freak folk", "indie folk", "indie pop", "indie rock", "modern rock", "new americana", "roots rock", "stomp and holler"]}, "33pTrKPiYyP4F49jCgjNio": {"name": "alien jewelry", "coverArt": "https://i.scdn.co/image/ab67616d00001e0245f6988d512ab2185a9ef53e", "artist": ["John The Blind"], "artistIds": ["12U3blX0ilxf0tnejqPDYD"], "artistPop": [46], "genres": []}, "1hblRUhOt2Yi618eAJGGiK": {"name": "USMO", "coverArt": "https://i.scdn.co/image/ab67616d00001e02282d563db6eecd2f36329e1b", "artist": ["John-Robert"], "artistIds": ["5zlnl1lFTTaETmaKci4V6j"], "artistPop": [45], "genres": ["virginia indie"]}, "0zxrihF0euIJ8ewDXrPN3A": {"name": "Still Not Dead", "coverArt": "https://i.scdn.co/image/ab67616d00001e0259551fbd718ab8cfe2c635de", "artist": ["DREAMERS", "American Teeth", "Wes Period"], "artistIds": ["1FgsVeOhRYuSw2ghkIXV0A", "4a9NXVL2Qxsst3B8ezK7nO", "0Pb8ZfFfE2O0pvsFdwVUYl"], "artistPop": [61, 43, 53], "genres": ["indie poptimism", "modern alternative rock", "modern rock", "pop rock", "rock"]}, "0mAgOUcUmplfqf610W5DVU": {"name": "Glasgow", "coverArt": "https://i.scdn.co/image/ab67616d00001e027bc0d8d4747db80b67d6518e", "artist": ["You Me At Six"], "artistIds": ["1kNQXvepPjaPgUfeDAF2h6"], "artistPop": [62], "genres": ["modern alternative rock", "modern rock", "neon pop punk", "pop emo", "pop punk", "rock"]}, "4BrYTZfpZzeNAGbJ7kh2Z0": {"name": "State of Wonder", "coverArt": "https://i.scdn.co/image/ab67616d00001e022aa33983e7815f1ea61d2867", "artist": ["inverness", "Anthony Russo", "KANG DANIEL"], "artistIds": ["17aCDXnpzF1XYVe0QrsRvs", "6PFcrRZezCL5p9A0nwb7ki", "5vGoWnZO65NBgiZYBmi3iW"], "artistPop": [49, 48, 55], "genres": ["gaming edm", "chill pop", "k-pop"]}, "5uBlr2RNpuu3n7ROgiQa7w": {"name": "dramatic", "coverArt": "https://i.scdn.co/image/ab67616d00001e02edeaf0a20f0c5ea4a5165fbf", "artist": ["Cat & Calmell"], "artistIds": ["0SaaipFXHYbYDLDB6atAoR"], "artistPop": [38], "genres": []}, "19mesHufSoiHolqqD96TJf": {"name": "We Need You", "coverArt": "https://i.scdn.co/image/ab67616d00001e026508eebda3b468b4b3015f03", "artist": ["Titus Showers"], "artistIds": ["6XBycjw3xsUgrPyah0XZsc"], "artistPop": [20], "genres": []}, "7FoaeFKnjoWU1fhASVwgfp": {"name": "I Will Overcome", "coverArt": "https://i.scdn.co/image/ab67616d00001e02625cd6ebdb7498aeff0b2db7", "artist": ["Welshly Arms"], "artistIds": ["1xKrH6GSh9CJh8nYwbqW7B"], "artistPop": [58], "genres": ["modern alternative rock", "modern hard rock", "modern rock"]}}