{"4wNIkl5XGiAACjFBlDWuSd": {"name": "What A Man Gotta Do", "coverArt": "https://i.scdn.co/image/ab67616d00001e027a73cc006248544e1a9882ea", "artist": ["Jonas Brothers"], "artistIds": ["7gOdHgIoIKoe4i9Tta6qdD"], "artistPop": [80], "genres": ["boy band", "dance pop", "pop", "post-teen pop"]}, "2Mfv5HaqnI18Q9JRv9hqnn": {"name": "Still Learning", "coverArt": "https://i.scdn.co/image/ab67616d00001e027636e1c9e67eaafc9f49aefd", "artist": ["Halsey"], "artistIds": ["26VFTg2z8YR0cCuwLzESi2"], "artistPop": [87], "genres": ["dance pop", "electropop", "etherpop", "indie poptimism", "pop", "post-teen pop"]}, "7FIWs0pqAYbP91WWM0vlTQ": {"name": "Godzilla (feat. Juice WRLD)", "coverArt": "https://i.scdn.co/image/ab67616d00001e022f44aec83b20e40f3baef73c", "artist": ["Eminem", "Juice WRLD"], "artistIds": ["7dGJo4pcD2V6oG8kP0tJRR", "4MCBfE4596Uoi2O4DtmEMz"], "artistPop": [91, 92], "genres": ["detroit hip hop", "hip hop", "rap", "chicago rap", "melodic rap"]}, "4yJiXq86uM56uIfIZgE440": {"name": "me & ur ghost", "coverArt": "https://i.scdn.co/image/ab67616d00001e029dfd1be84ae1d851f080a5ba", "artist": ["blackbear"], "artistIds": ["2cFrymmkijnjDg9SS92EPM"], "artistPop": [84], "genres": ["pop", "pop rap"]}, "4AQzk2yNWKs6sYhZi6NzVN": {"name": "Me & You Together Song", "coverArt": "https://i.scdn.co/image/ab67616d00001e02840bd76cfcb271385978a6a6", "artist": ["The 1975"], "artistIds": ["3mIj9lX2MWuHmhNCA7LSCW"], "artistPop": [76], "genres": ["modern alternative rock", "modern rock", "pop", "rock"]}, "2Yv2mHzr5AQavVdwQjEokV": {"name": "Hand Me Downs", "coverArt": "https://i.scdn.co/image/ab67616d00001e0226b7dd89810cc1a40ada642c", "artist": ["Mac Miller"], "artistIds": ["4LLpKhyESsyAXpc4laK94U"], "artistPop": [84], "genres": ["hip hop", "pittsburgh rap", "rap"]}, "1X8mgsS7R6lcKLjDPeQWum": {"name": "Sad Tonight", "coverArt": "https://i.scdn.co/image/ab67616d00001e027ac9892bf4b14c074c34cae2", "artist": ["Chelsea Cutler"], "artistIds": ["5JMLG56F1X5mFmWNmS0iAp"], "artistPop": [75], "genres": ["alt z", "electropop", "indie poptimism", "pop", "post-teen pop", "tropical house"]}, "0KW2JqqbzkzlebDjXI62OB": {"name": "Demons", "coverArt": "https://i.scdn.co/image/ab67616d00001e02716c60ffd56d4003c25c1ba6", "artist": ["Alec Benjamin"], "artistIds": ["5IH6FPUwQTxPSXurCrcIov"], "artistPop": [78], "genres": ["alt z", "dream smp", "electropop", "pop"]}, "0ycFQvBTfuo1LCdG0HhszL": {"name": "Tattoos Together", "coverArt": "https://i.scdn.co/image/ab67616d00001e02b6720b8af5cb0a3010f8e3d7", "artist": ["Lauv"], "artistIds": ["5JZ7CnR6gTvEMKX4g70Amv"], "artistPop": [80], "genres": ["dance pop", "electropop", "pop", "post-teen pop"]}, "7AOIpGjtubeC0uSiMEhOyR": {"name": "A Muse", "coverArt": "https://i.scdn.co/image/ab67616d00001e0228003b4327f0f4a2a53c95e8", "artist": ["dvsn"], "artistIds": ["7e1ICztHM2Sc4JNLxeMXYl"], "artistPop": [67], "genres": ["alternative r&b", "canadian contemporary r&b", "pop", "pop r&b", "pop rap", "r&b", "trap soul", "urban contemporary"]}, "6ede6Tky0YYKyUKqKuEpQf": {"name": "Christopher Walking", "coverArt": "https://i.scdn.co/image/ab67616d00001e02912c1ca6418fab9ffa295898", "artist": ["Pop Smoke"], "artistIds": ["0eDvMgVFoNV3TpwtrVCoTj"], "artistPop": [89], "genres": ["brooklyn drill"]}, "1OfLNb6dQ9dra1B58iT9Ex": {"name": "3am", "coverArt": "https://i.scdn.co/image/ab67616d00001e027636e1c9e67eaafc9f49aefd", "artist": ["Halsey"], "artistIds": ["26VFTg2z8YR0cCuwLzESi2"], "artistPop": [87], "genres": ["dance pop", "electropop", "etherpop", "indie poptimism", "pop", "post-teen pop"]}, "24NuEDgyRIljwSyY0lsr7b": {"name": "Black Swan", "coverArt": "https://i.scdn.co/image/ab67616d00001e0220ee62c4a26cefd59b1a0ab5", "artist": ["BTS"], "artistIds": ["3Nrfpe0tUJi4K4DXYWgMUX"], "artistPop": [95], "genres": ["k-pop", "k-pop boy group"]}, "499kFE5yNFDRMrhKz96Vct": {"name": "Maldad", "coverArt": "https://i.scdn.co/image/ab67616d00001e02145892d1a20c39257aefbd02", "artist": ["Steve Aoki", "Maluma"], "artistIds": ["77AiFEVeAVj2ORpC85QVJs", "1r4hJ1h58CWwUQe3MxPuau"], "artistPop": [76, 88], "genres": ["dance pop", "edm", "electro house", "pop", "pop dance", "tropical house", "latin", "reggaeton", "reggaeton colombiano"]}, "7kePNm3oqf5XqiGsrYUUZr": {"name": "BUSSIT (with Ari Lennox)", "coverArt": "https://i.scdn.co/image/ab67616d00001e0219011843a9aa8139665527cc", "artist": ["Dreamville", "Ari Lennox"], "artistIds": ["1iNqsUDUraNWrj00bqssQG", "1vaQ6v3pOFxAIrFoPrAcom"], "artistPop": [67, 66], "genres": ["hip hop", "rap", "underground hip hop", "alternative r&b", "dmv rap", "indie r&b", "indie soul", "neo soul", "pop", "r&b", "urban contemporary"]}, "3IcMPtimQDr9w4kE9p0Lcs": {"name": "Rocketship", "coverArt": "https://i.scdn.co/image/ab67616d00001e02389135ed5e7d6bcc879dd39e", "artist": ["070 Shake"], "artistIds": ["12Zk1DFhCbHY6v3xep2ZjI"], "artistPop": [66], "genres": ["alternative r&b", "new jersey rap"]}, "0J1HfFtmbQVbXWFWYuTiPb": {"name": "Casino", "coverArt": "https://i.scdn.co/image/ab67616d00001e02a951aa583c220dca9b8a9547", "artist": ["Ryan Beatty"], "artistIds": ["60NNvDqsif0u40CXMV6jDQ"], "artistPop": [54], "genres": ["alternative r&b", "bedroom soul", "indie pop"]}, "6YyN2DXdEh32dwUoPUg3qA": {"name": "Lazy", "coverArt": "https://i.scdn.co/image/ab67616d00001e020fa813fe405d54024dc3ab4c", "artist": ["Surfaces"], "artistIds": ["4ETSs924pXMzjIeD6E9b4u"], "artistPop": [75], "genres": ["bedroom soul", "pop"]}, "2dh4Ff65vPJmRkc4Xw2K4w": {"name": "Black Qualls - Single Version", "coverArt": "https://i.scdn.co/image/ab67616d00001e02a44f62bdb4378a8b03ec7767", "artist": ["Thundercat", "Steve Lacy", "Steve Arrington"], "artistIds": ["4frXpPxQQZwbCu3eTGnZEw", "57vWImR43h4CaDao012Ofp", "030gEPJwNJnBcyra7CB9vM"], "artistPop": [68, 77, 42], "genres": ["afrofuturism", "indie soul", "afrofuturism", "funk", "post-disco"]}, "5rSVQzJQ5nMUcFJDkJMfzL": {"name": "First Place", "coverArt": "https://i.scdn.co/image/ab67616d00001e022b6fcf31faf761b6bab86512", "artist": ["Polo G", "Lil Tjay"], "artistIds": ["6AgTAQt8XS6jRWi4sX7w49", "6jGMq4yGs7aQzuGsMgVgZR"], "artistPop": [88, 84], "genres": ["chicago rap", "brooklyn drill", "melodic rap", "nyc rap"]}, "1A58KC4dEQM53muqpaZoOT": {"name": "Live Like We\u2019re Dancing (with Georgia)", "coverArt": "https://i.scdn.co/image/ab67616d00001e024b46f30941a3b8b980ff9feb", "artist": ["Mura Masa", "Georgia"], "artistIds": ["5Q81rlcTFh3k6DQJXPdsot", "06knYh538h5SI7OAEF8ek3"], "artistPop": [67, 55], "genres": ["channel islands indie", "vapor soul", "electropop", "uk alternative pop"]}, "6S1x6w8CThgLiozbAOZ4zo": {"name": "Is It Real", "coverArt": "https://i.scdn.co/image/ab67616d00001e025e43993aa55e1d791d2bf068", "artist": ["Bombay Bicycle Club"], "artistIds": ["3pTE9iaJTkWns3mxpNQlJV"], "artistPop": [62], "genres": ["alternative dance", "british indie rock", "indie pop", "indie rock", "indietronica", "modern alternative rock", "modern rock", "new rave", "rock"]}, "5Xhqh4lwJPtMUTsdBztN1a": {"name": "Me Gusta", "coverArt": "https://i.scdn.co/image/ab67616d00001e02e71aaa885c4df5f0a92eab12", "artist": ["Shakira", "Anuel AA"], "artistIds": ["0EmeFodog0BfCgMzAIvKQp", "2R21vXR83lH98kGeO99Y66"], "artistPop": [84, 87], "genres": ["colombian pop", "dance pop", "latin", "latin pop", "pop", "latin", "reggaeton", "reggaeton flow", "trap boricua", "trap latino"]}, "7BYppcUTuG5ysmaJlGSt3t": {"name": "Welcome to Chilis", "coverArt": "https://i.scdn.co/image/ab67616d00001e0263bc499912b7b167c150acae", "artist": ["Yung Gravy", "bbno$"], "artistIds": ["2YOYua8FpudSEiB9s88IgQ", "41X1TR6hrK8Q2ZCpp2EqCz"], "artistPop": [71, 77], "genres": ["meme rap", "minnesota hip hop", "pop rap", "social media pop", "canadian hip hop", "dark trap", "pop rap", "vapor trap"]}, "3Xo6NqkOMHfw9QwxzYQ36c": {"name": "Hold On", "coverArt": "https://i.scdn.co/image/ab67616d00001e02bd116cb651bf1ebbfb98b883", "artist": ["N7", "Pwap"], "artistIds": ["7mBzGibj8Z5oXEkCLXkmOz", "4wY4N46LXelvi9zf5TAMdK"], "artistPop": [36, 36], "genres": []}, "2jUoKSWTHduXxUL3JomwhB": {"name": "Bikini Porn", "coverArt": "https://i.scdn.co/image/ab67616d00001e025adb91ce73341dfd1976c0eb", "artist": ["Tove Lo"], "artistIds": ["4NHQUGzhtTLFvgF5SZesLK"], "artistPop": [77], "genres": ["dance pop", "electropop", "metropopolis", "pop", "pop rap", "post-teen pop", "swedish electropop", "swedish pop", "swedish synthpop"]}, "2D0FX6WiP1GKGL3yCdXxs7": {"name": "Joke's On You", "coverArt": "https://i.scdn.co/image/ab67616d00001e029475458ba9525723c298c6b0", "artist": ["Charlotte Lawrence"], "artistIds": ["7LImGq5KnzQobZciDJpeJb"], "artistPop": [63], "genres": ["alt z", "dance pop", "electropop", "indie cafe pop", "indie pop", "indie poptimism", "pop", "post-teen pop", "social media pop"]}, "2qf8MOUFs6NDkbZjJ5PExL": {"name": "First Grade", "coverArt": "https://i.scdn.co/image/ab67616d00001e027c5a7712d8472184a5a3b799", "artist": ["Max Leone"], "artistIds": ["4VrJDwgmhD1aIenZwn7JpE"], "artistPop": [43], "genres": ["modern indie pop"]}, "35Ycb1cMPK6tyNMsTepijg": {"name": "Dead Man Walking (feat. Future)", "coverArt": "https://i.scdn.co/image/ab67616d00001e02b2f490e081204114eacc62e7", "artist": ["2 Chainz", "Future"], "artistIds": ["17lzZA2AlOHwCwFALHttmp", "1RyvyyTE3xzB2ZywiAwp0i"], "artistPop": [80, 89], "genres": ["atl hip hop", "gangster rap", "hip hop", "pop rap", "rap", "southern hip hop", "trap", "atl hip hop", "pop rap", "rap", "southern hip hop", "trap"]}, "2YwC2IM0ykBxtMBH9aMe5m": {"name": "Money Talk", "coverArt": "https://i.scdn.co/image/ab67616d00001e02aab6832e640511de61ede82c", "artist": ["Rich The Kid", "YoungBoy Never Broke Again"], "artistIds": ["1pPmIToKXyGdsCF6LmqLmI", "7wlFDEWiM5OoIAt8RSli8b"], "artistPop": [73, 83], "genres": ["atl hip hop", "hip hop", "melodic rap", "plugg", "pop rap", "rap", "southern hip hop", "trap", "baton rouge rap", "trap"]}, "0lL3yuCIAwjqYxuT9vuRm3": {"name": "What's In The Eye", "coverArt": "https://i.scdn.co/image/ab67616d00001e02c2889773fff404037f43072a", "artist": ["Grey Daze"], "artistIds": ["1OPyWvWWkx18pqGjugyxrl"], "artistPop": [46], "genres": ["post-grunge"]}, "3QiNQFiueqnIc6rOPLZB3f": {"name": "Oh Yeah!", "coverArt": "https://i.scdn.co/image/ab67616d00001e024f599311b945bc0dc8910413", "artist": ["Green Day"], "artistIds": ["7oPftvlwr6VrsViSDV7fJY"], "artistPop": [81], "genres": ["permanent wave", "punk"]}, "0uW9gZMn6SVBSVp39umUy7": {"name": "Revival", "coverArt": "https://i.scdn.co/image/ab67616d00001e02df39b73988a9d3b66706d4e7", "artist": ["Gregory Porter"], "artistIds": ["06nevPmNVfWUXyZkccahL8"], "artistPop": [62], "genres": ["adult standards", "contemporary vocal jazz", "jazz pop", "neo soul", "soul", "vocal jazz"]}, "7FvRUeAAf6CkHqlio1DSSm": {"name": "HERE'S YOUR SONG", "coverArt": "https://i.scdn.co/image/ab67616d00001e02a3396812cc3642306bc77584", "artist": ["Chloe Lilac"], "artistIds": ["2CUeVZl8E9ouggdBhyclFx"], "artistPop": [45], "genres": ["alt z", "indie electropop", "indie pop"]}, "69GJExumhRJYQu1pZzxCLy": {"name": "Best Friend", "coverArt": "https://i.scdn.co/image/ab67616d00001e024c226fb3ddc029a6fe84b768", "artist": ["Spencer Barnett"], "artistIds": ["036LxbpsZt0VzZAgxYOEM5"], "artistPop": [28], "genres": ["modern indie pop"]}, "05AAtaIcRYVqItKjvOAPz5": {"name": "Beep", "coverArt": "https://i.scdn.co/image/ab67616d00001e02508ab2c86d28e5de08a4a578", "artist": ["Ant Clemons"], "artistIds": ["028lPW2NdWHdSPCkRkcyhd"], "artistPop": [57], "genres": ["alternative r&b", "indie r&b", "pop r&b"]}, "6eluAsb2ONjZ6tXFp062LZ": {"name": "DO DAT (feat. DaBaby & Lil Baby)", "coverArt": "https://i.scdn.co/image/ab67616d00001e022d0cfed5d07db2e6ecb4afd1", "artist": ["Stunna 4 Vegas", "DaBaby", "Lil Baby"], "artistIds": ["44IvvHRk2XF243QLA2VOa8", "4r63FhuTkUYltbVAg5TQnk", "5f7VJjfbwm532GiveGC0ZK"], "artistPop": [64, 89, 91], "genres": ["southern hip hop", "trap", "viral rap", "north carolina hip hop", "rap", "atl hip hop", "atl trap", "rap", "trap"]}, "5e5udqXLbBhKIjakhZQbt6": {"name": "Uptown II (feat. Farruko)", "coverArt": "https://i.scdn.co/image/ab67616d00001e024a72d8d5c0de7caee9841a77", "artist": ["Meek Mill", "Farruko"], "artistIds": ["20sxb77xiYeusSH8cVdatc", "329e4yvIujISKGKz1BZZbO"], "artistPop": [80, 89], "genres": ["hip hop", "philly rap", "pop rap", "rap", "southern hip hop", "trap", "latin", "reggaeton", "trap latino"]}, "0vWY5hIXZ8MhTQpCWerzcv": {"name": "Numb (with Tory Lanez)", "coverArt": "https://i.scdn.co/image/ab67616d00001e02ab0e435ddcf7872f90626e62", "artist": ["Brianna Castro", "Tory Lanez"], "artistIds": ["4DqRJfAyvNZ6u26gQZJmgZ", "2jku7tDXc6XoB6MO2hFuqg"], "artistPop": [25, 81], "genres": ["canadian hip hop", "canadian trap", "hip hop", "melodic rap", "pop rap", "r&b", "rap", "toronto rap", "trap"]}, "3SmytDq4CeZ3nKE9777qEx": {"name": "Save My Grave", "coverArt": "https://i.scdn.co/image/ab67616d00001e022580cb4ce8d9aecf12438353", "artist": ["Zeds Dead", "DNMO", "GG Magree"], "artistIds": ["67qogtRNI0GjUr8PlaG6Zh", "3cMInYqk6yzf37zo8iznoz", "54pgkpWVgQYbQXD8bkUP8n"], "artistPop": [64, 55, 48], "genres": ["brostep", "canadian electronic", "dubstep", "edm", "electro house", "electronic trap", "progressive electro house", "uk dance", "dubstep"]}, "3kd9BSkFUN7bQnVTILspFX": {"name": "Years", "coverArt": "https://i.scdn.co/image/ab67616d00001e0269ecb45e3c3ea9b03e27eb8b", "artist": ["DRAMA"], "artistIds": ["7LvvNoUPwTZpgXDWBRrfHg"], "artistPop": [63], "genres": ["alternative r&b", "indie soul", "vapor soul"]}, "2S7GH9bhVzZY6ToOc4T7Q8": {"name": "Blink", "coverArt": "https://i.scdn.co/image/ab67616d00001e022cd84c9024724724a8b69fdb", "artist": ["Meghan Trainor"], "artistIds": ["6JL8zeS1NmiOftqZTRgdTz"], "artistPop": [76], "genres": ["dance pop", "hip pop", "pop", "post-teen pop"]}, "7zHDu3EKh7E9ljaPIFrzgv": {"name": "But I Like It", "coverArt": "https://i.scdn.co/image/ab67616d00001e02ccc42014f46bcea37ecaa2cd", "artist": ["Lauren Sanderson"], "artistIds": ["06vRrrjT3DBRkhBlXoBdYj"], "artistPop": [49], "genres": ["alt z", "indie cafe pop", "pop", "social media pop"]}, "1wCxD13p8InyU5BQzNVh9O": {"name": "IDKW (with Shenseea & Swae Lee feat. Young Thug)", "coverArt": "https://i.scdn.co/image/ab67616d00001e02fdd4c8d11c41cd1be78ba0b9", "artist": ["Rvssian", "Shenseea", "Swae Lee", "Young Thug"], "artistIds": ["1fctva4kpRbg2k3v7kwRuS", "1OFOShsIbhy1l5x73yuVyB", "1zNqQNIdeOUZHb8zbZRFMX", "50co4Is1HCEo8bhOyUWKpn"], "artistPop": [70, 61, 81, 88], "genres": ["latin", "latin hip hop", "reggaeton", "reggaeton flow", "trap latino", "dancehall", "modern reggae", "melodic rap", "trap", "atl hip hop", "atl trap", "gangster rap", "hip hop", "melodic rap", "pop rap", "rap", "trap"]}, "3mr13zNWprAzYYY0RinBCp": {"name": "MERA (with Dalex & \u00c1lvaro D\u00edaz)", "coverArt": "https://i.scdn.co/image/ab67616d00001e022f15bf8f51f80ee9826b509e", "artist": ["Tainy", "Dalex", "Alvaro Diaz"], "artistIds": ["0GM7qgcRCORpGnfcN2tCiB", "0KPX4Ucy9dk82uj4GpKesn", "5J7rXWjtn5HzUkJ4Jet8Fr"], "artistPop": [81, 80, 60], "genres": ["latin", "latin hip hop", "latin pop", "pop reggaeton", "reggaeton", "reggaeton flow", "trap latino", "latin", "r&b en espanol", "reggaeton", "trap latino", "trap boricua", "trap latino", "urbano espanol"]}, "4BE7L7XB1I7X8v4imHVhoG": {"name": "She", "coverArt": "https://i.scdn.co/image/ab67616d00001e02376ec95d58859a5d87d2d9ed", "artist": ["Hayley Kiyoko"], "artistIds": ["3LjhVl7GzYsza1biQjTpaN"], "artistPop": [64], "genres": ["alt z", "dance pop", "electropop", "indie pop", "indie poptimism", "pop", "post-teen pop"]}, "2xAr5bhItmWXW6P5aYMOwI": {"name": "Walls", "coverArt": "https://i.scdn.co/image/ab67616d00001e0232afb327b0f65ba49770e6b3", "artist": ["Louis Tomlinson"], "artistIds": ["57WHJIHrjOE3iAxpihhMnp"], "artistPop": [71], "genres": ["pop", "post-teen pop"]}, "0xORFaXxl07BtES8IAJ7OD": {"name": "Youuu", "coverArt": "https://i.scdn.co/image/ab67616d00001e02a0938ce0dbc6f27e6458f737", "artist": ["COIN"], "artistIds": ["0ZxZlO7oWCSYMXhehpyMvE"], "artistPop": [67], "genres": ["indie pop", "indie poptimism", "modern alternative rock", "modern rock", "pop", "pop rock"]}, "4drTFbY9KJIvllrqVcJvLi": {"name": "Next To You", "coverArt": "https://i.scdn.co/image/ab67616d00001e021b172ee4058bc492d0ce562d", "artist": ["Little Big Town"], "artistIds": ["3CygdxquGHurS7f9LjNLkv"], "artistPop": [69], "genres": ["contemporary country", "country", "country dawn", "country road"]}, "6GvAM8oyVApQHGMgpBt8yl": {"name": "C-Side", "coverArt": "https://i.scdn.co/image/ab67616d00001e028008c24cb521905b2c6c7826", "artist": ["Khruangbin", "Leon Bridges"], "artistIds": ["2mVVjNmdjXZZDvhgQWiakk", "3qnGvpP8Yth1AqSBMqON5x"], "artistPop": [70, 74], "genres": ["neo-psychedelic", "modern blues"]}, "0VrdF2Q4bSf5DWCnEPii0P": {"name": "Around The Sun", "coverArt": "https://i.scdn.co/image/ab67616d00001e0236d29f957f3a91fac75b15c8", "artist": ["Poolside", "Amo Amo"], "artistIds": ["5szdY7KaSi7epwyffrbV8c", "6IXFZ8obsCsz6YcPuPwSSm"], "artistPop": [64, 48], "genres": ["alternative dance", "indie soul", "new french touch", "new rave", "nu disco", "la pop"]}, "0yC84oQwDQbnHJces7rRM2": {"name": "Details", "coverArt": "https://i.scdn.co/image/ab67616d00001e023c8bc5725f4adf194ba22f22", "artist": ["Jacob Latimore", "Calboy"], "artistIds": ["7t7KCNFOwuMChaQg6L8I69", "0HkcYmcjrBR3SCw9Ld5VZk"], "artistPop": [45, 63], "genres": ["pop r&b", "r&b", "trap soul", "chicago rap", "melodic rap", "rap", "trap", "vapor trap"]}, "4CWYgFa6X7Lg0MrrmukO7C": {"name": "Backend", "coverArt": "https://i.scdn.co/image/ab67616d00001e02da39d83fb97dfc571245dbe9", "artist": ["Bankroll Freddie", "Moneybagg Yo"], "artistIds": ["20vLls6BmcHB0zEwpB91O2", "3tJoFztHeIJkJWMrx0td2f"], "artistPop": [47, 79], "genres": ["arkansas hip hop", "atl trap", "trap", "hip hop", "memphis hip hop", "rap", "southern hip hop", "tennessee hip hop", "trap"]}, "3Gzcb65waeZYidm0vSaelM": {"name": "Red Light", "coverArt": "https://i.scdn.co/image/ab67616d00001e02447ef6f9c652f48c4c62b04d", "artist": ["Tee Grizzley", "Hit-Boy"], "artistIds": ["6AUl0ykLLpvTktob97x9hO", "6q3p11nP1p80Ey6LrOOSed"], "artistPop": [70, 63], "genres": ["detroit hip hop", "detroit trap", "hip hop", "rap", "southern hip hop", "trap", "cali rap"]}, "2QbkV07GpqyRwUZ1ue0ml0": {"name": "Dangerous", "coverArt": "https://i.scdn.co/image/ab67616d00001e026b43bcbd3cb5b29d8efea8f2", "artist": ["Alec King"], "artistIds": ["1WcUEKDht7lhgklZZJrzNg"], "artistPop": [47], "genres": ["pop rap"]}, "4sePbMbX2qdfG6t39SFMoo": {"name": "time of our lives", "coverArt": "https://i.scdn.co/image/ab67616d00001e023c9203b635426167503bd9a4", "artist": ["Christian French"], "artistIds": ["7naAJDAh7AZnf18YYfQruM"], "artistPop": [63], "genres": ["alt z", "electropop", "pop", "sad rap"]}, "3918sYh45j3geYfyowYNkH": {"name": "Say It", "coverArt": "https://i.scdn.co/image/ab67616d00001e02c5924a2dc5304198d378534b", "artist": ["LIVVIA"], "artistIds": ["1syVE7WNhBm2aXgvZ4HaLZ"], "artistPop": [34], "genres": []}, "4YKipcwTsYefwSFNq7svNL": {"name": "Count On You", "coverArt": "https://i.scdn.co/image/ab67616d00001e027f1a0b21a7691caf19d75e4a", "artist": ["Banoffee"], "artistIds": ["0BZ0jp1b95bdcX23MZRU4A"], "artistPop": [37], "genres": ["australian pop", "australian r&b", "hyperpop"]}, "1DdgQ6y5B1rPQgStQ6hprS": {"name": "Dear Happy", "coverArt": "https://i.scdn.co/image/ab67616d00001e0287d5db6a5d8d8e2ba1378593", "artist": ["Gabrielle Aplin"], "artistIds": ["3w6zswp5THsSKYLICUbDTZ"], "artistPop": [64], "genres": ["acoustic pop", "alt z", "electropop", "indie cafe pop", "indie poptimism", "neo mellow", "neo-singer-songwriter", "pop", "pop rock", "uk pop", "viral pop"]}, "19fwo6gKiKDsVqIjeM6Ltk": {"name": "Happy New Year", "coverArt": "https://i.scdn.co/image/ab67616d00001e029ce1e2fef2c02be0fb63eed2", "artist": ["Lostboycrow"], "artistIds": ["5PxCTrv3Y1xVACfngpt7D2"], "artistPop": [53], "genres": ["alt z", "electropop", "indie electropop", "indie poptimism", "indietronica", "pop", "pop edm"]}, "2ahgqycb3oRotjOVt4VJyc": {"name": "Greenlights", "coverArt": "https://i.scdn.co/image/ab67616d00001e0224f1ceba4d02b09a21f02495", "artist": ["Krewella"], "artistIds": ["0Cd6nHYwecCNM1sVEXKlYr"], "artistPop": [62], "genres": ["dance pop", "edm", "electra", "electro house", "electropop", "pop dance"]}, "5O7srPN63VRvgqUT3qndiQ": {"name": "Bodyintoshapes", "coverArt": "https://i.scdn.co/image/ab67616d00001e02429690ee88441a57ac25646e", "artist": ["Elliot Moss"], "artistIds": ["2xGCGoulmU85qYdpb2Z4xx"], "artistPop": [51], "genres": ["nyc pop"]}, "1TH4FpPa6E93XSbaaC6kCN": {"name": "New Year", "coverArt": "https://i.scdn.co/image/ab67616d00001e027970ce5e2d03bc94844e341e", "artist": ["Petrie"], "artistIds": ["5emXRrMfHjfZIRqy0HcL8a"], "artistPop": [27], "genres": []}, "4XPvNlkZerBbd3FHHevLuz": {"name": "Perfect", "coverArt": "https://i.scdn.co/image/ab67616d00001e02ddeddae86ee6534030302cb9", "artist": ["iamnotshane"], "artistIds": ["3jN7f9X0EmFnsbRS6nl6as"], "artistPop": [45], "genres": []}, "09PyIVzV0oQlDkXwvFExDB": {"name": "Fantasmas", "coverArt": "https://i.scdn.co/image/ab67616d00001e02dd6b596757608bfa023756f9", "artist": ["Ambar Lucid"], "artistIds": ["4nzV0hThyodYzrwksnS86G"], "artistPop": [54], "genres": ["bedroom pop"]}, "3waaRJJlv7BIAxDeq9lCuY": {"name": "We Don't Funk", "coverArt": "https://i.scdn.co/image/ab67616d00001e024b07646adff58c71fd6a7012", "artist": ["KIRBY"], "artistIds": ["5lcDGoJUr5WY5bCFAfYbCU"], "artistPop": [51], "genres": ["alternative r&b", "indie r&b", "indie triste"]}, "6w1chSHfHBgc768bFRNfO2": {"name": "(Don't Let The Dragon) Draag On", "coverArt": "https://i.scdn.co/image/ab67616d00001e029002408801e24914c5091d2f", "artist": ["King Krule"], "artistIds": ["4wyNyxs74Ux8UIDopNjIai"], "artistPop": [61], "genres": ["uk alternative pop"]}, "6JYeGB7ofgHdAtQzRVeXtx": {"name": "The Alarmist", "coverArt": "https://i.scdn.co/image/ab67616d00001e029ba54fa0116ec144cb2aad6e", "artist": ["Pinegrove"], "artistIds": ["2gbT6GPXMis0OAkZbEQCYB"], "artistPop": [55], "genres": ["alternative emo", "emo", "indie folk", "indie pop", "indie rock", "new jersey indie", "small room"]}, "5cRNCNodxRiQlLXL5UcKq1": {"name": "Paper Cup - Edit", "coverArt": "https://i.scdn.co/image/ab67616d00001e02d63139aa3ac3641afcdddaba", "artist": ["Real Estate", "Sylvan Esso"], "artistIds": ["41SQP16hv1TioVYqdckmxT", "39vA9YljbnOApXKniLWBZv"], "artistPop": [55, 62], "genres": ["art pop", "chillwave", "dreamo", "freak folk", "indie pop", "indie rock", "lo-fi", "modern rock", "neo-psychedelic", "new jersey indie", "noise pop", "electropop", "etherpop", "indie pop"]}, "5Fxqn2kr6NBio3EDfaMi45": {"name": "circle the drain", "coverArt": "https://i.scdn.co/image/ab67616d00001e02d306b24dffd4db2a2995b8d3", "artist": ["Soccer Mommy"], "artistIds": ["4wXchxfTTggLtzkoUhO86Q"], "artistPop": [57], "genres": ["art pop", "bubblegrunge", "indie folk", "indie pop", "indie rock", "small room"]}, "1saGex9FjiwkgIw9Ol4vBs": {"name": "Parts Towards Whole", "coverArt": "https://i.scdn.co/image/ab67616d00001e029fc4bc878baa042e0e7df40b", "artist": ["S. Raekwon"], "artistIds": ["13O0dF37al4XD57GenV5wC"], "artistPop": [9], "genres": []}, "4tyYh7H2qukdizKr0PZ0mr": {"name": "Solid Gold", "coverArt": "https://i.scdn.co/image/ab67616d00001e023384e0dcc6bb33c2b656f3fc", "artist": ["Raekwon"], "artistIds": ["2yQf6b8hxahZaT5dHlWaB1"], "artistPop": [63], "genres": ["alternative hip hop", "east coast hip hop", "gangster rap", "hardcore hip hop", "hip hop", "rap", "southern hip hop"]}, "2sIottAN4ZxxxlaZAh0oxR": {"name": "NO RAP KAP (feat. Trippie Redd)", "coverArt": "https://i.scdn.co/image/ab67616d00001e02dd270aabd2e635befc042e6a", "artist": ["Kodie Shane", "Trippie Redd"], "artistIds": ["1CUeN4GnHAGUk9nAXPorF4", "6Xgp2XMz1fhVYe7i6yNAax"], "artistPop": [50, 88], "genres": ["atl hip hop", "trap queen", "melodic rap", "rap", "trap"]}, "5wwQVa7OHd9zQILs3scfun": {"name": "Ooouuu (feat. Blac Youngsta)", "coverArt": "https://i.scdn.co/image/ab67616d00001e024035f668297d9343205da011", "artist": ["Almighty Jay", "Blac Youngsta"], "artistIds": ["2HWXxzgBIr0RMSZmvMZeJU", "41klVmDluQZmGGqoidNfbe"], "artistPop": [52, 57], "genres": ["trap", "vapor trap", "houston rap", "memphis hip hop", "rap", "southern hip hop", "trap"]}, "3J7yhoS3qwjBWDT0Fl9l45": {"name": "Woo", "coverArt": "https://i.scdn.co/image/ab67616d00001e02c235718de0abf49b007f0ed9", "artist": ["T.R.U.", "Sleepy Rose"], "artistIds": ["7uwQPQsBYgrSd63xgeMyuM", "3lrylIPGKLtK1wam8gLsV1"], "artistPop": [38, 28], "genres": ["atl hip hop", "atl hip hop"]}, "7pecljF8iq39fpYlQvuioL": {"name": "Comme des Gar\u00e7ons (Like the Boys)", "coverArt": "https://i.scdn.co/image/ab67616d00001e025dda2cf5f2aabe43f21658c7", "artist": ["Rina Sawayama"], "artistIds": ["2KEqzdPS7M5YwGmiuPTdr5"], "artistPop": [64], "genres": ["art pop", "dance pop", "electropop", "escape room", "pop", "post-teen pop"]}, "4t0jFirJwuLGwaXZmvnubk": {"name": "punisher (with phem)", "coverArt": "https://i.scdn.co/image/ab67616d00001e02a2d3ef94c3c1c8a3caabb478", "artist": ["gabriel black", "phem"], "artistIds": ["6lWQ8ff0y4b0fozjUcmvaJ", "0MGJHTThvyAyqKuEAgPqDr"], "artistPop": [43, 54], "genres": ["modern alternative pop", "alt z"]}, "2R3aB2ic4dLTu7VEv7DxT6": {"name": "Lingo", "coverArt": "https://i.scdn.co/image/ab67616d00001e02be56177c667eca5074231bc5", "artist": ["Yung Pinch"], "artistIds": ["61qMnYXa1GxSBoV3IiYKjZ"], "artistPop": [62], "genres": ["emo rap", "melodic rap", "oc rap", "pop rap", "rap", "sad rap", "trap", "underground hip hop", "vapor trap"]}, "3i5NAyuw0uLyfnxSgTB7qi": {"name": "Fly", "coverArt": "https://i.scdn.co/image/ab67616d00001e025adc111f2c48cd8f16c2e7e5", "artist": ["D Smoke", "Davion Farris"], "artistIds": ["23rK0hajv5ix2yPM4IIgOo", "1fs8ZTl4T9HJ6ZHuDyU5bI"], "artistPop": [57, 30], "genres": ["deep r&b"]}, "1TWQ2yJE0JbaqZOqS9Akpu": {"name": "Sorry", "coverArt": "https://i.scdn.co/image/ab67616d00001e028af4fa3380024e3785ab71e7", "artist": ["INTRN"], "artistIds": ["3hxOD0IMrJU5DwOnULXXLV"], "artistPop": [40], "genres": []}, "4cahtZlZA1qbMGnx1TOD42": {"name": "Overtime", "coverArt": "https://i.scdn.co/image/ab67616d00001e021d629c7c0df20a3a7ddb2c47", "artist": ["U.S. Girls"], "artistIds": ["3AHFDfqhSqPBecjQDIOIJA"], "artistPop": [42], "genres": ["art pop", "chamber psych", "experimental pop", "freak folk"]}, "0F7u2AseiLkNolxoZ7Zi0r": {"name": "Dressing America", "coverArt": "https://i.scdn.co/image/ab67616d00001e02aa9e85549eeb05228a923043", "artist": ["TORRES"], "artistIds": ["3lrDYjsghBMfUTiLziD9q9"], "artistPop": [43], "genres": ["art pop", "bubblegrunge", "chamber psych", "freak folk", "indie pop"]}, "1BwOyRXKzhEthcwqQ8IVq3": {"name": "Young Man\u2019s Dream", "coverArt": "https://i.scdn.co/image/ab67616d00001e02fd42352c1f58e01e792a2ee0", "artist": ["Marcus King"], "artistIds": ["0FeWKiZSwBRdGzqeCdlH1a"], "artistPop": [53], "genres": ["modern blues rock"]}, "4xQRRue5qsu2tULiz7UDKi": {"name": "I Want More", "coverArt": "https://i.scdn.co/image/ab67616d00001e022b52c71710e60f97f19439d4", "artist": ["KALEO"], "artistIds": ["7jdFEYD2LTYjfwxOdlVjmc"], "artistPop": [71], "genres": ["icelandic indie", "icelandic rock", "modern alternative rock", "modern rock"]}, "7pcwdacRqoO0aeaLzo8RdX": {"name": "Heart\u2019s Going Out Of Its Mind", "coverArt": "https://i.scdn.co/image/ab67616d00001e02fff42b200c72035145500e29", "artist": ["Carly Pearce"], "artistIds": ["4sIl4BTo9l9KqEi0Y3RE72"], "artistPop": [65], "genres": ["contemporary country", "country", "country pop"]}, "6NebrV4ZigAoXIRbe11hxh": {"name": "Thinking 'Bout You (feat. Lauren Alaina)", "coverArt": "https://i.scdn.co/image/ab67616d00001e0264d794492dd0ac2e023787a7", "artist": ["Dustin Lynch", "Lauren Alaina"], "artistIds": ["1dID9zgn0OV0Y8ud7Mh2tS", "1v3tdpIdBSW14rHUfiEVOv"], "artistPop": [69, 69], "genres": ["contemporary country", "country", "country road", "modern country rock", "contemporary country", "country", "country dawn", "country pop", "country road", "modern country rock"]}, "4JbNlNqFMVs1vBOFAutXcK": {"name": "Figure Eight", "coverArt": "https://i.scdn.co/image/ab67616d00001e02e51036215ebdae8b00bb72fc", "artist": ["Trophy Eyes"], "artistIds": ["6KPdmtIl0LA5mRFSqseWhI"], "artistPop": [46], "genres": ["alternative emo", "anthem emo", "aussie emo", "pop punk"]}, "1OeZAiA3wiUAcv5r0WCwqe": {"name": "Need A Witness", "coverArt": "https://i.scdn.co/image/ab67616d00001e0260aeb4826df203d59e19465e", "artist": ["M.I.L.K."], "artistIds": ["2ekValwbXG7P55xYXwWOZx"], "artistPop": [44], "genres": ["danish electropop"]}, "3xUyESmRw7uMcGgd5DJpfU": {"name": "in the afternoon", "coverArt": "https://i.scdn.co/image/ab67616d00001e0201148b9b10486166f021d702", "artist": ["Josef Salvat"], "artistIds": ["64PJHZDQTPPVBCdwnv22Wz"], "artistPop": [50], "genres": ["electropop", "gauze pop"]}, "5uJvhdgTRlMseWA5w0kRmX": {"name": "Speed Racer", "coverArt": "https://i.scdn.co/image/ab67616d00001e020938ccd20679410822bff2e5", "artist": ["Husbands"], "artistIds": ["2FUIaEhxMNdiBpO8ykabdP"], "artistPop": [37], "genres": ["okc indie"]}, "56e1OI7Ps69lh30Dhnfrsw": {"name": "No Hard Feelings", "coverArt": "https://i.scdn.co/image/ab67616d00001e0221dc4048f887c75f6153708d", "artist": ["Navvy"], "artistIds": ["59uIMi3xrGO0kwfy7Zea24"], "artistPop": [37], "genres": ["nz pop"]}, "2Sb8fhYQAPqKwZtYROUvvJ": {"name": "Cloverland Drive", "coverArt": "https://i.scdn.co/image/ab67616d00001e026e02518bf5511876f30589c6", "artist": ["Charli Adams"], "artistIds": ["2RzQznPCFWvnq3wBh0zzD2"], "artistPop": [46], "genres": ["indie electropop", "indie pop", "indie poptimism", "nashville singer-songwriter"]}, "09zhjKEQwsJnJul6yZefyM": {"name": "DOWN", "coverArt": "https://i.scdn.co/image/ab67616d00001e022820b157fdfc10e5546272f4", "artist": ["BAYNK", "Golden Vessel", "Akurei"], "artistIds": ["28yVvEvA2lT3K5RNIhV1Dj", "6bJCrLZcvsBMzve04BmgwS", "63H0n4HapCWFaX42LIfY37"], "artistPop": [63, 53, 41], "genres": ["alternative r&b", "edm", "electropop", "indie soul", "tropical house", "vapor soul", "vapor twitch", "aussietronica", "future bass", "indie electropop", "indie soul", "vapor soul", "vapor twitch", "australian alternative pop"]}, "1MekSYjgJ8MAzSsjxQ7AjP": {"name": "Overcame", "coverArt": "https://i.scdn.co/image/ab67616d00001e02f8d4bff2ea02b7d31139d355", "artist": ["Mozzy"], "artistIds": ["4AA474G2hRfrHyGrfyDseO"], "artistPop": [68], "genres": ["cali rap", "sacramento hip hop", "trap"]}, "0uE0LkqKNgdP9u4mIEDR2M": {"name": "Out of Time", "coverArt": "https://i.scdn.co/image/ab67616d00001e02fff9861cc9a93a39eeafd66e", "artist": ["HappyBirthdayCalvin"], "artistIds": ["6NkldyBEgC6gnCjJeAbM9F"], "artistPop": [43], "genres": []}, "7xnUkSlGHyOBgcJxnh8Iyw": {"name": "Flaws and All", "coverArt": "https://i.scdn.co/image/ab67616d00001e02bc7564175ee2e66c70fddc77", "artist": ["Ebenezer"], "artistIds": ["2vik8lyw8WiALKMJK7C3hn"], "artistPop": [49], "genres": ["trap soul", "uk hip hop"]}, "3B29zi5Wra227jpsB7nAjK": {"name": "bad decisions", "coverArt": "https://i.scdn.co/image/ab67616d00001e025693adcc9e04053c0ce1e955", "artist": ["Johan Lenox", "Wifisfuneral"], "artistIds": ["1KuV6xtFnLPsneN3yBrjFj", "1vb1XqzyNMQ16BqbxRz5BV"], "artistPop": [43, 60], "genres": ["dark trap", "emo rap", "florida rap", "miami hip hop", "rap", "trap", "underground hip hop", "vapor trap"]}, "0SuiADCApYO9kRKQllv0Bi": {"name": "Mr. Vain", "coverArt": "https://i.scdn.co/image/ab67616d00001e029d5a0fb9b12fde9e35df499b", "artist": ["Black Caviar"], "artistIds": ["1wqW0IQWC7V7jktcjVHID6"], "artistPop": [58], "genres": ["electro house", "house"]}}