{"64v1g2HcPumBz2Wd1rT56b": {"name": "LUMBERJACK", "coverArt": "https://i.scdn.co/image/ab67616d00001e02e1bcb03317aabee4e0ca1193", "artist": ["Tyler, The Creator"], "artistIds": ["4V8LLVI7PbaPR0K2TGSxFF"], "artistPop": [86], "genres": ["hip hop", "rap"]}, "0cu0rhnlCnJ7JIeHRiLpj3": {"name": "Ball If I Want To", "coverArt": "https://i.scdn.co/image/ab67616d00001e025be44990ee17a572098f902a", "artist": ["DaBaby"], "artistIds": ["4r63FhuTkUYltbVAg5TQnk"], "artistPop": [89], "genres": ["north carolina hip hop", "rap"]}, "2xc1rXfo3Yn20n7wIzmjeu": {"name": "Paradise (feat. Yung Bleu)", "coverArt": "https://i.scdn.co/image/ab67616d00001e02f214cabc279e33a7f0140391", "artist": ["H.E.R.", "Yung Bleu"], "artistIds": ["3Y7RZ31TRPVadSFVy1o8os", "3KNIG74xSTc3dj0TRy7pGX"], "artistPop": [78, 71], "genres": ["alternative r&b", "dance pop", "pop", "r&b", "alabama rap", "pop r&b", "r&b", "trap"]}, "7qHXEShpUpCcSUbgVjEAoQ": {"name": "Shade of Yellow", "coverArt": "https://i.scdn.co/image/ab67616d00001e02d76b7d6ff5569f5ba3221424", "artist": ["Griff"], "artistIds": ["5RJFJWYgtgWktosLrUDzff"], "artistPop": [68], "genres": ["alt z", "dance pop", "pop", "uk pop"]}, "3atYJPezivOKlk4qUdKpSt": {"name": "How Did I", "coverArt": "https://i.scdn.co/image/ab67616d00001e02da9f9ce257d0f654279d6022", "artist": ["Migos"], "artistIds": ["6oMuImdp5ZcFhWP0ESe6mG"], "artistPop": [82], "genres": ["atl hip hop", "pop rap", "rap", "trap"]}, "3Bi3ws3uigvFSmfTcSLjnp": {"name": "Drugs N Hella Melodies (feat. Kali Uchis)", "coverArt": "https://i.scdn.co/image/ab67616d00001e023fd5523441b00bbdddcd2416", "artist": ["Don Toliver", "Kali Uchis"], "artistIds": ["4Gso3d4CscCijv0lmajZWs", "1U1el3k54VvEUzo3ybLPlM"], "artistPop": [83, 81], "genres": ["rap", "trap", "colombian pop", "pop"]}, "7wnV2fCAoOMkFCMGFxUmsM": {"name": "Why Don't You Touch Me", "coverArt": "https://i.scdn.co/image/ab67616d00001e0278222b916ca28463a9e6b8ac", "artist": ["Leon Bridges"], "artistIds": ["3qnGvpP8Yth1AqSBMqON5x"], "artistPop": [74], "genres": ["modern blues"]}, "2lw3naleLuf81Si3tuFVak": {"name": "Let Them Know", "coverArt": "https://i.scdn.co/image/ab67616d00001e02c21ff8aa98ca0a084f109dfb", "artist": ["Mabel"], "artistIds": ["1MIVXf74SZHmTIp4V4paH4"], "artistPop": [75], "genres": ["dance pop", "edm", "pop", "pop dance", "post-teen pop", "tropical house", "uk pop"]}, "2jVsFJ1RBsNURL1aLzAE0S": {"name": "Posse on Bouldercrest (feat. Pooh Shiesty & Sir Mix-A-Lot)", "coverArt": "https://i.scdn.co/image/ab67616d00001e02097549efcff01137769a194b", "artist": ["Gucci Mane", "Pooh Shiesty", "Sir Mix-A-Lot"], "artistIds": ["13y7CgLHjMVRMDqxdx0Xdo", "5F1aAS1duwlzExnPs3l2Xe", "3TQ9JTBI2n2hfo7aRONEYV"], "artistPop": [79, 76, 56], "genres": ["atl hip hop", "dirty south rap", "gangster rap", "hip hop", "pop rap", "rap", "southern hip hop", "trap", "memphis hip hop", "rap", "tennessee hip hop", "trap", "gangster rap", "hip hop", "hip house", "old school hip hop", "rap"]}, "4Sugj8dF1Cbb53LcGJhIxO": {"name": "Rollin Stone", "coverArt": "https://i.scdn.co/image/ab67616d00001e0218b3d660c3742b7282ada04e", "artist": ["Little Simz"], "artistIds": ["6eXZu6O7nAUA5z6vLV8NKI"], "artistPop": [70], "genres": ["escape room", "indie soul", "trap queen"]}, "1i9bL3Pm3Hzc3ILU3pfosw": {"name": "Thank You", "coverArt": "https://i.scdn.co/image/ab67616d00001e0237dda63a1e5a2f3444db5cbb", "artist": ["Diana Ross"], "artistIds": ["3MdG05syQeRYPPcClLaUGl"], "artistPop": [68], "genres": ["adult standards", "disco", "funk", "mellow gold", "motown", "quiet storm", "soft rock", "soul"]}, "5wDeGgYjng63MbfVQyEt0O": {"name": "Rather Be (with Kiana Led\u00e9)", "coverArt": "https://i.scdn.co/image/ab67616d00001e02d910037c3d8ec52c66fa6f06", "artist": ["D-Nice", "Kiana Led\u00e9"], "artistIds": ["4MbFOE7rR1KpTjHTw1gjWH", "7jZMxhsB8djyIbYmoiJSTs"], "artistPop": [49, 68], "genres": ["bronx hip hop", "east coast hip hop", "hip hop", "old school hip hop", "alternative r&b", "chill r&b", "dance pop", "pop", "pop r&b", "post-teen pop", "r&b", "urban contemporary"]}, "4YDajhjVXlBaPhgONWjzg6": {"name": "Intro", "coverArt": "https://i.scdn.co/image/ab67616d00001e02ad039fc214f1b17fae2f28e8", "artist": ["Logic"], "artistIds": ["4xRYI6VqpkE3UwrDrAZL8L"], "artistPop": [81], "genres": ["conscious hip hop", "dmv rap", "hip hop", "pop rap", "rap"]}, "1rdTdOTRfGXjQ9Auwn1gzx": {"name": "Angles (feat. Chris Brown)", "coverArt": "https://i.scdn.co/image/ab67616d00001e02edc0d79490c43cb06accde80", "artist": ["Wale", "Chris Brown"], "artistIds": ["67nwj3Y5sZQLl72VNUHEYE", "7bXgB6jMjp9ATFy66eO08Z"], "artistPop": [75, 88], "genres": ["dance pop", "gangster rap", "hip hop", "pop", "pop rap", "r&b", "rap", "southern hip hop", "trap", "urban contemporary", "dance pop", "pop", "pop rap", "r&b", "rap"]}, "3G2omDJ5ZGYSiJV3UOOPw0": {"name": "Holiday", "coverArt": "https://i.scdn.co/image/ab67616d00001e0219cddfd7465c3ef378e6d64c", "artist": ["KSI"], "artistIds": ["1nzgtKYFckznkcVMR3Gg4z"], "artistPop": [79], "genres": ["uk hip hop"]}, "5H9dz6nY2JtAvtSkX8Xj5K": {"name": "LAW OF AVERAGES", "coverArt": "https://i.scdn.co/image/ab67616d00001e02f6627d459b5cd60cc2c175e7", "artist": ["Vince Staples"], "artistIds": ["68kEuyFKyqrdQQLLsmiatm"], "artistPop": [72], "genres": ["conscious hip hop", "escape room", "hip hop", "rap", "underground hip hop"]}, "0Z6vbpiRYlECVQZFcYFrLR": {"name": "A Spoonful of Cinnamon", "coverArt": "https://i.scdn.co/image/ab67616d00001e02bfcf3dc92801c7317e4adf25", "artist": ["Travie McCoy"], "artistIds": ["7o9Nl7K1Al6NNAHX6jn6iG"], "artistPop": [63], "genres": ["dance pop"]}, "4zPsG1qWF0IoYDbMMl7lqw": {"name": "Hit Em Hard", "coverArt": "https://i.scdn.co/image/ab67616d00001e02de23d4e30d7e33be7fed9005", "artist": ["Offset", "Trippie Redd", "Kevin Gates", "Lil Durk", "King Von"], "artistIds": ["4DdkRBBYG6Yk9Ka8tdJ9BW", "6Xgp2XMz1fhVYe7i6yNAax", "1gPhS1zisyXr5dHTYZyiMe", "3hcs9uc56yIGFCSy9leWe7", "6QtgPSJPSzcnn7dPZ4VINp"], "artistPop": [80, 88, 76, 87, 76], "genres": ["atl hip hop", "hip hop", "pop rap", "rap", "southern hip hop", "trap", "melodic rap", "rap", "trap", "baton rouge rap", "rap", "southern hip hop", "trap", "chicago drill", "chicago rap", "drill", "hip hop", "rap", "trap", "chicago rap"]}, "29M1mAkW4VlxJ4noKN0RxY": {"name": "Raindrops (feat. Flo Milli)", "coverArt": "https://i.scdn.co/image/ab67616d00001e020ca13588b985c864322c4444", "artist": ["GoldLink", "Flo Milli"], "artistIds": ["5XenQ7XfcvQdfIbpLEFaKQ", "08PvCOlef4xdOr20jFSTPd"], "artistPop": [69, 69], "genres": ["alternative r&b", "dmv rap", "hip hop", "r&b", "rap", "underground hip hop", "dance pop", "pop", "pop rap", "r&b", "social media pop", "viral rap"]}, "7ECRUUzZHKiQMNAPdzGMJx": {"name": "Rapido", "coverArt": "https://i.scdn.co/image/ab67616d00001e02de23d4e30d7e33be7fed9005", "artist": ["Amenazzy", "Farruko", "Myke Towers", "Rochy RD"], "artistIds": ["6kq4GHwUcUojGIu0ziSNXf", "329e4yvIujISKGKz1BZZbO", "7iK8PXO48WeuP03g8YR51W", "4riOEaOW5hCeqomFDBk0aP"], "artistPop": [71, 89, 90, 71], "genres": ["dominican pop", "latin", "latin hip hop", "rap dominicano", "reggaeton", "reggaeton flow", "trap latino", "latin", "reggaeton", "trap latino", "trap latino", "dembow", "dominican pop", "rap dominicano", "trap latino"]}, "1lf8gDcswWjU1nDGf6FgD1": {"name": "Birthday (feat. Stefflon Don)", "coverArt": "https://i.scdn.co/image/ab67616d00001e023bfc37ce75b97b549f798ee6", "artist": ["Yxng Bane", "Stefflon Don"], "artistIds": ["5AbLpsnTQVNB3OEadYiVrK", "2ExGrw6XpbtUAJHTLtUXUD"], "artistPop": [68, 70], "genres": ["afroswing", "uk dancehall", "uk hip hop", "dancehall", "pop", "pop rap", "uk dancehall", "uk hip hop"]}, "2rFTRICumonxxZKxxfEu8R": {"name": "Headshots (4r Da Locals)", "coverArt": "https://i.scdn.co/image/ab67616d00001e02ac975d1a6f3e292581fba736", "artist": ["Isaiah Rashad"], "artistIds": ["6aaMZ3fcfLv4tEbmY7bjRM"], "artistPop": [75], "genres": ["hip hop", "rap", "tennessee hip hop", "underground hip hop"]}, "0NeBH6OPQMBJMcmhRoCUmv": {"name": "Bed Friend (feat. Queen Naija)", "coverArt": "https://i.scdn.co/image/ab67616d00001e02846f445904dc630cc2b00e70", "artist": ["Jacquees", "Queen Naija"], "artistIds": ["4tMm1dU6Gn04VAZ9ClHcIZ", "3nViOFa3kZW8OMSNOzwr98"], "artistPop": [70, 66], "genres": ["atl hip hop", "dance pop", "pop", "pop r&b", "pop rap", "r&b", "rap", "urban contemporary", "dance pop", "pop", "pop r&b", "pop rap", "r&b", "urban contemporary"]}, "01XAVHIdfq8SNtZDplT0ZD": {"name": "OnlyL", "coverArt": "https://i.scdn.co/image/ab67616d00001e02369421f094fc11237c2fa623", "artist": ["TSHA", "NIMMO"], "artistIds": ["2kLa7JZu4Ijdz1Gle2khZh", "76MojWoWNPzzKdrEspy5sl"], "artistPop": [53, 45], "genres": ["uk house", "uk alternative pop", "uk pop"]}, "3e9GzPcnquUu3vLZU3man4": {"name": "Nobody's More Country", "coverArt": "https://i.scdn.co/image/ab67616d00001e020d0f23063da92507c1cbf1e0", "artist": ["Blanco Brown"], "artistIds": ["3yzRiNMZdTsSUgplcyYZ4i"], "artistPop": [65], "genres": ["country rap"]}, "7DtThboQhXTdrsFiPlDZCZ": {"name": "Here I Am (Singing My Way Home)", "coverArt": "https://i.scdn.co/image/ab67616d00001e02f05ab6ad97abe2da8cf97f72", "artist": ["Jennifer Hudson"], "artistIds": ["35GL8Cu2GKTcHzKGi75xl5"], "artistPop": [61], "genres": ["dance pop", "hip pop", "hollywood", "neo soul", "pop", "r&b", "urban contemporary"]}, "1tEePg2AqDdRWLgYovr3yE": {"name": "Jackie", "coverArt": "https://i.scdn.co/image/ab67616d00001e0221d47e008203774bfca29434", "artist": ["Yves Tumor"], "artistIds": ["0qu422H5MOoQxGjd4IzHbS"], "artistPop": [59], "genres": ["art pop", "escape room", "experimental r&b"]}, "76shK9L1VkoJttSr0J2jcH": {"name": "Nothing To Me", "coverArt": "https://i.scdn.co/image/ab67616d00001e02bb7615cdec08768ed9cecaaa", "artist": ["Young Dolph", "SNUPE BANDZ", "PaperRoute Woo"], "artistIds": ["3HiuzBlSW7pGDXlSFMhO2g", "72ltK39qT3DgtiCZgOAaGs", "5D2pVmcsajqTCO3czYdzrF"], "artistPop": [72, 53, 47], "genres": ["gangster rap", "hip hop", "memphis hip hop", "pop rap", "rap", "southern hip hop", "tennessee hip hop", "trap", "memphis hip hop"]}, "4KvwFkvB19nL2hWM096blY": {"name": "Midnight Charm", "coverArt": "https://i.scdn.co/image/ab67616d00001e028035c8d9a702655b2ec62e30", "artist": ["Jenevieve"], "artistIds": ["0dUYLC7DLjeS8gIh8cz2Pq"], "artistPop": [57], "genres": ["alternative r&b", "chill r&b", "indie r&b"]}, "7mlmzmjgcAr6UA2py7i8Ki": {"name": "Sugarcane", "coverArt": "https://i.scdn.co/image/ab67616d00001e02593bcce4ff3146e54b856688", "artist": ["Twin Shadow"], "artistIds": ["6fLrPFLWLSCrp7gcTZXcKb"], "artistPop": [55], "genres": ["alternative dance", "art pop", "chillwave", "dream pop", "electropop", "indie rock", "indietronica", "metropopolis", "new rave", "shimmer pop"]}, "6cst4w2QTOrH5e6FAsLLjI": {"name": "Tender Organs", "coverArt": "https://i.scdn.co/image/ab67616d00001e0261f39d712e7d4eef2527510a", "artist": ["Amythyst Kiah"], "artistIds": ["1lhaaKpTyXOnjp79M3xYBl"], "artistPop": [49], "genres": ["alternative americana", "gothic americana", "new americana", "queer country", "roots rock"]}, "3iJf0dg0PGISj0ied0T0g0": {"name": "Feel", "coverArt": "https://i.scdn.co/image/ab67616d00001e0232b7701519781ecb7fc0b71b", "artist": ["James Fauntleroy"], "artistIds": ["5ooSG9S0glqP5ZrqqaHBvT"], "artistPop": [57], "genres": []}, "2VfMFlfRbk2BAQ9sBZALg3": {"name": "What's Life - From \"Liberated / Music For the Movement Vol. 3\"", "coverArt": "https://i.scdn.co/image/ab67616d00001e02e0193806e8e3350098475cff", "artist": ["Cordae", "Common"], "artistIds": ["0huGjMyP507tBCARyzSkrv", "2GHclqNVjqGuiE5mA7BEoc"], "artistPop": [70, 65], "genres": ["dmv rap", "hip hop", "pop rap", "rap", "trap", "underground hip hop", "vapor trap", "alternative hip hop", "chicago rap", "conscious hip hop", "gangster rap", "hardcore hip hop", "hip hop", "neo soul", "political hip hop", "rap"]}, "75ltCxPZaTM2hi8YRnQuir": {"name": "Overexposed", "coverArt": "https://i.scdn.co/image/ab67616d00001e02d2a2798f9afad6cb135e9dfc", "artist": ["Jelani Aryeh"], "artistIds": ["7A47sEe0ih6WpKmNCRMu86"], "artistPop": [56], "genres": ["alternative r&b", "bedroom soul", "indie pop", "indie r&b"]}, "1cvd7iLae7gIrdM4ND9h2h": {"name": "Hindsight", "coverArt": "https://i.scdn.co/image/ab67616d00001e022c358b413f40e56a94ef5cfc", "artist": ["Emanuel", "Dylan Sinclair"], "artistIds": ["4Dj6yFk1Y4v6J4jZyhtrZ7", "45RZn1pAEvQYqkRnvFaIJx"], "artistPop": [49, 47], "genres": ["alternative r&b", "canadian contemporary r&b", "indie r&b", "alternative r&b", "canadian contemporary r&b", "chill r&b", "indie r&b"]}, "2hWOnCuZo2Js7o0UbDa8m4": {"name": "HUH?", "coverArt": "https://i.scdn.co/image/ab67616d00001e023eec5a47ac8e344b575445fa", "artist": ["Serena Isioma"], "artistIds": ["6u6AbTVrbabv27DLcSrF8i"], "artistPop": [58], "genres": ["alternative r&b", "chill r&b", "indie r&b", "modern indie pop"]}, "7bNc9SJKRyxkYbY0YRiMZS": {"name": "Flying High", "coverArt": "https://i.scdn.co/image/ab67616d00001e029edbe553e9fd161453391db4", "artist": ["Angelique Kidjo"], "artistIds": ["51qUDJb5AtQX6jIL4VJx6M"], "artistPop": [50], "genres": ["afropop", "beninese pop", "world"]}, "0L4B26cB6aqNFbLbJlzIqt": {"name": "Fudge", "coverArt": "https://i.scdn.co/image/ab67616d00001e02ace601a451016669793a0cd1", "artist": ["Idris Elba", "Eliza Legzdina"], "artistIds": ["0Dc2rdPzleezxhvQhQbXuS", "0oehZWYTU3DazM5gV7i6Op"], "artistPop": [58, 35], "genres": ["uk tech house"]}, "6El6wiME0caoxHbht63zb4": {"name": "I\u2019m Not Okay But I Know I\u2019m Going To Be", "coverArt": "https://i.scdn.co/image/ab67616d00001e022434b9cb979d2bfb4586bd1f", "artist": ["Raleigh Ritchie"], "artistIds": ["0IB0VjX9NSrGX6PjCXGVcq"], "artistPop": [50], "genres": ["uk contemporary r&b"]}, "7BDQqjYCBiqtEuDzWtUaln": {"name": "macrodosing - Spotify Singles", "coverArt": "https://i.scdn.co/image/ab67616d00001e02baaea63cecfdef801cb92549", "artist": ["Dua Saleh"], "artistIds": ["2DGBzoOLcKLK3eWxFyugdB"], "artistPop": [42], "genres": ["alternative r&b", "escape room", "minnesota hip hop", "sudanese pop"]}, "50iORmJ0iNDBh9oVit8zrG": {"name": "Running Out of Patience (feat. Future)", "coverArt": "https://i.scdn.co/image/ab67616d00001e024bfbaa7bfe839326b24985e4", "artist": ["Unfoonk", "Young Stoner Life", "Future"], "artistIds": ["2f6hqWBFjqS1EUHMS1JOFB", "1xr2G8Hlx4QWmT9HaUbmoO", "5CT5W6JOfOHFzC5hfflWcw"], "artistPop": [47, 73, 43], "genres": ["rap", "trap"]}, "5o89wZBm3klAcMufTGeYBJ": {"name": "Super 8", "coverArt": "https://i.scdn.co/image/ab67616d00001e02d5b991a4a547ab6e81d0af6b", "artist": ["DE'WAYNE"], "artistIds": ["4lpKeKXJYkglSWyEmnOF7O"], "artistPop": [46], "genres": []}, "62rOvlGBsMdbSK5EUMjuH5": {"name": "Late Night Drive", "coverArt": "https://i.scdn.co/image/ab67616d00001e02035d3647ef4ca66a28f62aa3", "artist": ["Snoozegod", "Mr. Hong", "Mr. Jello"], "artistIds": ["6WhabHAnf9RpSa3b24CvPG", "7tDDk9WbLrXl0DuDXH4sId", "36L95dDAJG3EJ2tstIZpFj"], "artistPop": [44, 37, 44], "genres": []}, "0Tc9RS9WwYzhlMrPZcz4fD": {"name": "Already free", "coverArt": "https://i.scdn.co/image/ab67616d00001e02a53438e07203a8d22940d67d", "artist": ["Shungudzo"], "artistIds": ["1zC5fndU0aEvINmBra2M3T"], "artistPop": [54], "genres": ["la pop"]}, "6lVVFYHrq1761LNmUhnVuz": {"name": "Love Letter", "coverArt": "https://i.scdn.co/image/ab67616d00001e0277da7a5f8ee3226170f39499", "artist": ["Marzz"], "artistIds": ["21ZpqFOa1Viho0YiuEB8lG"], "artistPop": [41], "genres": ["alternative r&b", "indie r&b", "kentucky hip hop"]}, "3NtZN06GD0xEbjDO95qyL8": {"name": "Petrichor", "coverArt": "https://i.scdn.co/image/ab67616d00001e02d5d2a82f81e983dcda4b8f3a", "artist": ["V!ctoria"], "artistIds": ["1TIGLYKA8kApefnVSPuhWS"], "artistPop": [24], "genres": []}, "5YsPrfAtcCzMIc4BHTsxP5": {"name": "Beer With My Friends (feat. Cole Swindell and David Lee Murphy)", "coverArt": "https://i.scdn.co/image/ab67616d00001e02e87c76c6ba4594fd897be209", "artist": ["Shy Carter", "Cole Swindell", "David Lee Murphy"], "artistIds": ["7JZafQsN8syJ9agEtcyP4V", "1mfDfLsMxYcOOZkzBxvSVW", "78OAtwN3XpjMcjibnF2Kw5"], "artistPop": [50, 67, 59], "genres": ["contemporary country", "country", "country road", "modern country rock", "contemporary country", "country", "country road", "country rock", "modern country rock"]}, "1SIEUx9PAyN93qWbHxNIx4": {"name": "say it back", "coverArt": "https://i.scdn.co/image/ab67616d00001e0213e19c930d412737105e3cc4", "artist": ["ASHER"], "artistIds": ["2EkAdv5oGonIlVLeUTT0fh"], "artistPop": [20], "genres": []}, "7HLkuQOHWq1Zb7xzMOLiux": {"name": "Disco Pantz", "coverArt": "https://i.scdn.co/image/ab67616d00001e028b3871b989842549129d5d8a", "artist": ["Rejjie Snow", "Tinashe", "grouptherapy."], "artistIds": ["3lLHpTOJ11tWiUNGYN14gt", "0NIIxcxNHmOoyBx03SfTCD", "70KxgbZNsd9xOttXW67mh3"], "artistPop": [63, 73, 45], "genres": ["hip hop", "indie soul", "irish hip hop", "rap", "underground hip hop", "alternative r&b", "dance pop", "electropop", "metropopolis", "pop", "pop r&b", "pop rap", "post-teen pop", "r&b", "urban contemporary", "indie hip hop"]}, "0QPaxUB0Q4g3QZQBTcWEIW": {"name": "Feeling Good - From \"Liberated / Music For the Movement Vol. 3\"", "coverArt": "https://i.scdn.co/image/ab67616d00001e0252f16e5c8e59218ef950add2", "artist": ["Chl\u00f6e"], "artistIds": ["1FtBEIWAwvw5ymBen5GICR"], "artistPop": [60], "genres": []}, "4HQesVjCWOSKvzqirkvuP9": {"name": "Sober & Skinny", "coverArt": "https://i.scdn.co/image/ab67616d00001e0260fe9c02e11fa1c3069f6103", "artist": ["Brittney Spencer"], "artistIds": ["6YM5gRpMJkP0kUWRcvlHT3"], "artistPop": [38], "genres": []}, "1eP8xiKrL5n8H96cWkJWEq": {"name": "Like This", "coverArt": "https://i.scdn.co/image/ab67616d00001e02359dfd9bbfccbd6d60e3abcb", "artist": ["Young Devyn"], "artistIds": ["5JPJZcr0m2OkOEA1pagpSb"], "artistPop": [37], "genres": []}, "1FH1caWW2IQ15wA7JCgZGQ": {"name": "I'm Sorry", "coverArt": "https://i.scdn.co/image/ab67616d00001e02fbc828264a4391ac80a907ed", "artist": ["Zilo", "J.Robb"], "artistIds": ["3fcW2V4zOfFm0IsWCJUuzz", "2DfpfU9DpRLC3EuWLKyy4m"], "artistPop": [41, 38], "genres": ["alternative r&b", "bass trap", "chill r&b", "indie r&b"]}, "5PPzJ8kLOfIftp75EnrT1z": {"name": "Greed", "coverArt": "https://i.scdn.co/image/ab67616d00001e02fa40172648a737993a0ae590", "artist": ["rum.gold"], "artistIds": ["4mErKO4g29SXtBwj4S80aB"], "artistPop": [50], "genres": ["alternative r&b", "chill r&b", "indie r&b"]}, "4Vp0145Dp56PxXbdU54mt1": {"name": "I Remember", "coverArt": "https://i.scdn.co/image/ab67616d00001e024044c9c339e861b25be4249d", "artist": ["FN DaDealer", "Young Stoner Life"], "artistIds": ["1bqJuNMz1iBqWo9B0BdIiM", "1xr2G8Hlx4QWmT9HaUbmoO"], "artistPop": [44, 73], "genres": ["rap", "trap"]}, "3FsyMk1uhRnZrcdGDmZF8x": {"name": "Smile", "coverArt": "https://i.scdn.co/image/ab67616d00001e020d2a83dfccababb59e1a0dfd", "artist": ["Shea Diamond"], "artistIds": ["5blcro89qJueGv0DGQ2rsH"], "artistPop": [31], "genres": ["transpop"]}, "3IxeUGg5HDUz6jhfr66m4A": {"name": "Lightning Over Mexico", "coverArt": "https://i.scdn.co/image/ab67616d00001e02998026bfd5f2835684549d1f", "artist": ["Tom Morello", "The Bloody Beetroots", "Ana Tijoux"], "artistIds": ["74NBPbyyftqJ4SpDZ4c1Ed", "0QJKELJZZuLAjqLOOixJm5", "40JMTpVRUw90SrN4pFA6Mz"], "artistPop": [59, 53, 59], "genres": ["modern alternative rock", "alternative dance", "dance-punk", "electro house", "fidget house", "filter house", "new rave", "chilean indie", "chilean rock", "latin alternative", "latintronica", "nueva cancion", "rap chileno", "rap latina", "reggae en espanol"]}, "3BbO2o9LhoVFJgS98YRtFy": {"name": "Bando Spot", "coverArt": "https://i.scdn.co/image/ab67616d00001e02dcf8a32bdf90689468258212", "artist": ["M1llionz"], "artistIds": ["5ZD4VhNTUEnEBTlWQPeyzq"], "artistPop": [59], "genres": ["uk drill", "uk hip hop"]}, "1dMZ1QcecuC5ctGaCbXEsb": {"name": "Paid n Full", "coverArt": "https://i.scdn.co/image/ab67616d00001e021a2d420d6014afdbade544e2", "artist": ["DonMonique"], "artistIds": ["2QcGQ2p4IU6Nyyg3gden98"], "artistPop": [24], "genres": ["escape room", "trap queen"]}, "2iyCPB5TxImsqvQKMMLC4K": {"name": "All Falls Down", "coverArt": "https://i.scdn.co/image/ab67616d00001e0206a5538fb94a90a06990f1f6", "artist": ["Dave B."], "artistIds": ["5bfqwcEcRrMhtY9smw3IeJ"], "artistPop": [50], "genres": ["alternative r&b", "seattle hip hop", "underground hip hop"]}, "2Rpxemd6I6QQkHVbAlChBp": {"name": "Shmurda Talk (feat. Rowdy Rebel)", "coverArt": "https://i.scdn.co/image/ab67616d00001e027a5e567d6d8a785dda3327fc", "artist": ["Doe Boy", "Rowdy Rebel"], "artistIds": ["6aLoJJxz7MV2iZ423S8tJC", "6LXRvV2OAtXF7685fzh3mj"], "artistPop": [56, 62], "genres": ["atl hip hop", "atl trap", "ohio hip hop", "rap", "southern hip hop", "trap", "underground hip hop", "vapor trap", "nyc rap"]}, "0XAM22gJOfQ3jqvlNXPowh": {"name": "QUARTZ (feat. Charmaine)", "coverArt": "https://i.scdn.co/image/ab67616d00001e02d8fdc282b2f49800f94d0596", "artist": ["Boslen", "Charmaine"], "artistIds": ["7mX72Bq2iXNr8fZdu23fQL", "5cie6OioF2WHr2KflhcQGT"], "artistPop": [53, 40], "genres": ["bc underground hip hop", "canadian hip hop", "indie hip hop", "trap queen"]}, "5XOskjl4g48v6bcHE7yM0l": {"name": "I Went Out", "coverArt": "https://i.scdn.co/image/ab67616d00001e02ddf5d63fb5ab85d59bc768e3", "artist": ["Kyle Lux"], "artistIds": ["63g7H7tihdsX4LtRQioKrR"], "artistPop": [44], "genres": ["alternative r&b", "chill r&b", "indie r&b"]}, "3DLI25TpKvFF9uEEeVNlwD": {"name": "If I Was White", "coverArt": "https://i.scdn.co/image/ab67616d00001e025bca98fb16814db9735dc2b3", "artist": ["Cameron Forbes"], "artistIds": ["3Uc9JxIQcr0yZeDIS3KFuz"], "artistPop": [23], "genres": []}, "2qwO2LTcQmxWOs0J41VQ7d": {"name": "Passionate", "coverArt": "https://i.scdn.co/image/ab67616d00001e022c985399462ececce9e98630", "artist": ["Dana Vaughns"], "artistIds": ["6t6MMOVuuyIWNUypPUkHdo"], "artistPop": [30], "genres": ["indie cafe pop"]}, "6DwPbXLTr9lLXlQnzCQDT2": {"name": "It's Not My Choice", "coverArt": "https://i.scdn.co/image/ab67616d00001e02b315347813b3209bf80fda5b", "artist": ["Mykki Blanco", "Blood Orange"], "artistIds": ["2tSv9mEQSuNVMGr9qjYfkr", "6LEeAFiJF8OuPx747e1wxR"], "artistPop": [46, 64], "genres": ["art pop", "escape room", "lgbtq+ hip hop", "trap queen", "alternative r&b", "art pop", "chillwave", "electropop", "escape room", "indie soul", "metropopolis"]}, "5eIunP89uSuiBIkxvVra8U": {"name": "Secret", "coverArt": "https://i.scdn.co/image/ab67616d00001e02164923dbf6a54c21a740c331", "artist": ["Jerome Thomas"], "artistIds": ["3w3vmT2hRskRBwDZdjUlAp"], "artistPop": [41], "genres": ["alternative r&b", "indie r&b", "neo r&b", "uk contemporary r&b"]}, "43bSOU2d9fFauUMbPual0S": {"name": "Coast (feat. Cherrie)", "coverArt": "https://i.scdn.co/image/ab67616d00001e0221f2f83d99ae919f2a4b0fea", "artist": ["Sabina Ddumba", "Cherrie"], "artistIds": ["2Mp409M6EpFr3kGdQ1mwjS", "59E9dYtwLTUAGuAppwFKAW"], "artistPop": [50, 53], "genres": ["swedish idol pop", "swedish pop", "scandinavian r&b", "swedish dancehall", "swedish drill", "swedish hip hop", "swedish pop", "swedish trap pop"]}, "17e73veCznaiQNqhVfrFy6": {"name": "Here We Go", "coverArt": "https://i.scdn.co/image/ab67616d00001e02d25343032201562bd0981261", "artist": ["Saucy Santana"], "artistIds": ["2NfwGBr2swqZ1rzE3kAV23"], "artistPop": [47], "genres": ["pop r&b", "trap queen"]}, "2CUR2LpKhtKTa9RlDhVi2q": {"name": "TO BE LOVED", "coverArt": "https://i.scdn.co/image/ab67616d00001e029051f376dba5b01e0baa9668", "artist": ["BERWYN"], "artistIds": ["5zatdvej2AxogC5pbu2msR"], "artistPop": [47], "genres": ["uk alternative hip hop"]}, "4FtepXAk5Z9HkL4MsK9cWD": {"name": "Let's Talk About", "coverArt": "https://i.scdn.co/image/ab67616d00001e02c43e55a36c4a7e06a42dc5eb", "artist": ["Shermanology", "Tony Sherman"], "artistIds": ["4Siyzg8kWayQfPQsPSl6JI", "5PGrx2urmHR1xmOvSMAK3l"], "artistPop": [54, 32], "genres": ["deep groove house", "dutch house", "house"]}, "0OEKGHJFPl3qI3BMsyqhzc": {"name": "2 You", "coverArt": "https://i.scdn.co/image/ab67616d00001e0266608f4ece852b6910b5ff0d", "artist": ["Mariah the Scientist"], "artistIds": ["7HO5fOXE4gh3lzZn64tX2E"], "artistPop": [56], "genres": ["alternative r&b", "chill r&b", "indie r&b", "pop r&b", "r&b"]}, "49U0v3W8dVb48l1Dd2DtyG": {"name": "Mad", "coverArt": "https://i.scdn.co/image/ab67616d00001e0232d6bd429a8d7f1c6fc1e904", "artist": ["Hope Tala"], "artistIds": ["74CcYmmNeHKe5PrZaISk8e"], "artistPop": [56], "genres": ["alternative r&b", "chill r&b", "indie r&b", "indie soul"]}, "6mViIExjd8kdAjxWY5V6bU": {"name": "Hotbox - Remix", "coverArt": "https://i.scdn.co/image/ab67616d00001e022a0f57e8fd9477c93ae77ee9", "artist": ["Big Yavo", "Wiz Khalifa"], "artistIds": ["3PGiywHOqNwJ1bv4S3fgZF", "137W8MRPWKqSmrBGDBFSop"], "artistPop": [54, 84], "genres": ["alabama rap", "dance pop", "hip hop", "pittsburgh rap", "pop rap", "rap", "southern hip hop", "trap"]}, "2X1ZpEcAjbwF70Mfi4Zfnd": {"name": "Don't Do It", "coverArt": "https://i.scdn.co/image/ab67616d00001e02ba179afb6c7ba065deaa3672", "artist": ["OMB Bloodbath"], "artistIds": ["791JV2CttYVOeGa9F6Kdu3"], "artistPop": [51], "genres": ["houston rap"]}, "6GR20tfPUuoGQ7aN2lcCOU": {"name": "Black Queer Anthem", "coverArt": "https://i.scdn.co/image/ab67616d00001e0204ea35d2ad16adb18f0ac64d", "artist": ["Lazarus Lynch"], "artistIds": ["6EUiganmBfUCFf7TzidMzU"], "artistPop": [7], "genres": []}, "4F1xUVYdDEXAiF5HZCLYJY": {"name": "Time Again", "coverArt": "https://i.scdn.co/image/ab67616d00001e02b8c0a21e3a0f01ec64d5deff", "artist": ["Benjamin Carter"], "artistIds": ["2mN6M9Kde408WNk0YrHnQn"], "artistPop": [28], "genres": []}, "4ZDXmRsgLUJkUnx4oIBT0r": {"name": "birth by sleep", "coverArt": "https://i.scdn.co/image/ab67616d00001e02420035e154f94859114b9470", "artist": ["boyband"], "artistIds": ["4OxvOPeLvZWDxihwqtOC4D"], "artistPop": [34], "genres": ["indie hip hop"]}, "1LU2Nexl2SM0J6qgb0q1eE": {"name": "No Excuses (Freestyle)", "coverArt": "https://i.scdn.co/image/ab67616d00001e026c0636d65d2f8c1bc2598ed3", "artist": ["Aaron May"], "artistIds": ["2rwALQ1SXdfUWPUd6WOfYS"], "artistPop": [62], "genres": ["hip hop", "rap", "underground hip hop"]}, "1GVkrFVc94CTjm9bdSmGjp": {"name": "Feet Don't Fail Me Now", "coverArt": "https://i.scdn.co/image/ab67616d00001e027e8ad485a6ed4febebc49311", "artist": ["Joy Crookes"], "artistIds": ["5XMyhVhi5ZN2pi0Qwi1zXS"], "artistPop": [60], "genres": ["alternative r&b", "indie r&b", "indie soul", "uk contemporary r&b"]}, "6EbK8OLEbYvj6wWNik3A1f": {"name": "Stacy", "coverArt": "https://i.scdn.co/image/ab67616d00001e02c989d849a900991ab55e8ced", "artist": ["JON VINYL"], "artistIds": ["6PvScqSJuICxvoA3UDYPmu"], "artistPop": [48], "genres": ["alternative r&b", "canadian contemporary r&b", "chill r&b", "indie r&b"]}, "7IEghJ4pIOhJS4dXndSDuD": {"name": "CMR", "coverArt": "https://i.scdn.co/image/ab67616d00001e02639d8e8ef2f62c2abd3b7b3d", "artist": ["Mia Ariannaa"], "artistIds": ["6lM8vEEWM1Mg9IXyiR0rSI"], "artistPop": [23], "genres": []}, "26MqRAGWCV8bFsXiOM3Uar": {"name": "3 Phones", "coverArt": "https://i.scdn.co/image/ab67616d00001e024292335c377be1742f758df8", "artist": ["Dee Watkins"], "artistIds": ["5cNn5kF2qKIOtBQJ2z4FM3"], "artistPop": [55], "genres": ["florida rap", "vapor trap"]}, "47VDAhwTCyGTFklRpbrhiA": {"name": "2FS", "coverArt": "https://i.scdn.co/image/ab67616d00001e0254ec0ac45ba496726b768cc6", "artist": ["Kojey Radical"], "artistIds": ["1HMhQzj2QXxR40zGDdaK6y"], "artistPop": [54], "genres": ["uk alternative hip hop"]}, "1jCjfnzOnvmzyeKB7ikki5": {"name": "Miedo", "coverArt": "https://i.scdn.co/image/ab67616d00001e026ce750f97107f97bd486334b", "artist": ["Amenazzy", "Rochy RD"], "artistIds": ["6kq4GHwUcUojGIu0ziSNXf", "4riOEaOW5hCeqomFDBk0aP"], "artistPop": [71, 71], "genres": ["dominican pop", "latin", "latin hip hop", "rap dominicano", "reggaeton", "reggaeton flow", "trap latino", "dembow", "dominican pop", "rap dominicano", "trap latino"]}, "07x5IGHde3C9DdVGojqG5B": {"name": "Daughter Of The Sun", "coverArt": "https://i.scdn.co/image/ab67616d00001e026870a34e59634da791f770ff", "artist": ["Naomi Sharon"], "artistIds": ["27WVFBOddxovimxMmBN4fb"], "artistPop": [37], "genres": ["dutch r&b"]}, "5RDSQFf8ZQ7O9i3vGueU1Z": {"name": "Baby Don't You Go Go", "coverArt": "https://i.scdn.co/image/ab67616d00001e027905969b617f3b35ec9877f3", "artist": ["CeeLo Green", "Rare Essence"], "artistIds": ["5nLYd9ST4Cnwy6NHaCxbj8", "4vKZXZH0eDibGsDxMVzZDh"], "artistPop": [65, 35], "genres": ["atl hip hop", "go-go"]}, "3GsYzen1VfqmHXqgg67Wfj": {"name": "Radon Dungeon", "coverArt": "https://i.scdn.co/image/ab67616d00001e029beafb6322d278ff3ced2921", "artist": ["Terrell Hines"], "artistIds": ["2jhjHaG1p2SMn6cDyhwhjQ"], "artistPop": [42], "genres": ["modern alternative pop"]}, "3CJVV3NP4R1XfmTD4cmXPn": {"name": "Somebody (feat. Phyno)", "coverArt": "https://i.scdn.co/image/ab67616d00001e02f2601cf9cb0bcd2edceec35d", "artist": ["Olamide", "Phyno"], "artistIds": ["4ovtyvs7j1jSmwhkBGHqSr", "6acbdy69rtlv8m9EW31MYl"], "artistPop": [62, 49], "genres": ["afro dancehall", "afropop", "azonto", "azontobeats", "nigerian hip hop", "nigerian pop", "afro dancehall", "afropop", "azontobeats", "nigerian hip hop", "nigerian pop"]}, "5sUP7av6DDlJcuFkOHQgAl": {"name": "To da Breakdown", "coverArt": "https://i.scdn.co/image/ab67616d00001e0239c80c171dfe64e99cac608c", "artist": ["Todd Terry"], "artistIds": ["3dE92yGWcrboP1kC5SWyqu"], "artistPop": [52], "genres": ["classic house", "deep groove house", "deep house", "disco house", "diva house", "funky house", "funky tech house", "garage house", "hip house", "house", "tech house", "tribal house", "vocal house"]}, "1ydVJBv3N3MHIkOYtuNsT7": {"name": "Don't Hit My Line", "coverArt": "https://i.scdn.co/image/ab67616d00001e02599d080c77aa0618f75d0606", "artist": ["Aluna", "Tekno"], "artistIds": ["5ITI6SEoUZMIXXkzCfr4oE", "6IhG3Yxm3UW98jhyBvrIut"], "artistPop": [62, 58], "genres": ["pop dance", "afro dancehall", "afropop", "azontobeats", "nigerian hip hop", "nigerian pop"]}, "2FOGZ8TbM6XSYSl9GV6x6o": {"name": "Press Play (Gamer Girl)", "coverArt": "https://i.scdn.co/image/ab67616d00001e02d0d1177b40bbedfcaf390b27", "artist": ["Cookiee Kawaii"], "artistIds": ["0DbBBj0ScPumRqKXswGQH1"], "artistPop": [54], "genres": ["viral rap"]}, "65CNFUjISyOi08DsvpiUvD": {"name": "Judgement", "coverArt": "https://i.scdn.co/image/ab67616d00001e02d66b7a8a209b81b77f214e32", "artist": ["Ten City"], "artistIds": ["3DIaOWIVFxJdTYyEb9mXzi"], "artistPop": [38], "genres": ["chicago house", "classic house", "deep house", "hip house", "soulful house", "vocal house"]}, "6XQnntAqVSQkcaBQP7HIJO": {"name": "Gotta Believe", "coverArt": "https://i.scdn.co/image/ab67616d00001e02eaee7a0d51474a9ffb5a22ca", "artist": ["Tasha Cobbs Leonard"], "artistIds": ["5YxebzzreNswbtYC1td4cx"], "artistPop": [59], "genres": ["gospel", "naija worship"]}, "0IF9SiJ4SUvImDmyQsXAbj": {"name": "Be Real Black For Me", "coverArt": "https://i.scdn.co/image/ab67616d00001e02b2bdfc4cd16569c062c3212d", "artist": ["Brian Courtney Wilson", "Ledisi"], "artistIds": ["5K2BdUwQNqXy70BX2L8BQx", "60ciIY5MouLc2Y9n34DJdA"], "artistPop": [46, 53], "genres": ["contemporary gospel", "gospel", "neo soul", "new jack swing", "quiet storm", "r&b", "urban contemporary"]}, "6KkwQNxduqthj40TlNVD1j": {"name": "Declare Independence - Spotify Singles", "coverArt": "https://i.scdn.co/image/ab67616d00001e0201c7e0f772798aea899c9959", "artist": ["Lido Pimienta"], "artistIds": ["1IdkKQ9CM1i0wygfxYV4Z3"], "artistPop": [48], "genres": ["canadian latin", "deep latin alternative", "latintronica", "tropical alternativo"]}, "3gEeg3lRnlBYbC5lwG8C7R": {"name": "Must Be Something", "coverArt": "https://i.scdn.co/image/ab67616d00001e026609e664e4c480ab34b48059", "artist": ["Dee Gatti"], "artistIds": ["7w8xMJxmzaZeeHRV8eToLT"], "artistPop": [41], "genres": ["indie r&b", "trap soul"]}, "5W4w67FKSCD7igqy3ShGCx": {"name": "\u00c1ndale", "coverArt": "https://i.scdn.co/image/ab67616d00001e02349d6360c5e8abf47c107ea3", "artist": ["Steven Malcolm"], "artistIds": ["5yqWHaDl8ZrYgeKANLyIv8"], "artistPop": [47], "genres": ["christian hip hop", "christian pop", "christian trap"]}, "4rh6XNhDNHdB4wevwi4c3g": {"name": "Bounce Wid It", "coverArt": "https://i.scdn.co/image/ab67616d00001e02aa6da1dc7d0c72663a8150a7", "artist": ["Chris Marshall", "LATENIGHTJIGGY"], "artistIds": ["1Jt3lGxY5pqiWrh3cyIgwy", "34OTRVwyaE8DkOrGMQa7Ah"], "artistPop": [46, 49], "genres": ["dominican pop"]}, "11Hq9IduxlW65vxVEzqyIr": {"name": "Tropical", "coverArt": "https://i.scdn.co/image/ab67616d00001e0237154b41f87ed7c67f3f851b", "artist": ["Ir Sais"], "artistIds": ["4NEThNYJ3WyNcJWcmpjq88"], "artistPop": [63], "genres": ["basshall", "dutch hip hop", "dutch rap pop", "ritmo kombina"]}}