{"4R2kfaDFhslZEMJqAFNpdd": {"name": "cardigan", "coverArt": "https://i.scdn.co/image/ab67616d00001e0295f754318336a07e85ec59bc", "artist": ["Taylor Swift"], "artistIds": ["06HL4z0CvFAxyc27GXpf02"], "artistPop": [93], "genres": ["pop", "post-teen pop"]}, "3kwgqoBqTwoAH4nT29TYrq": {"name": "Nobody's Love", "coverArt": "https://i.scdn.co/image/ab67616d00001e02839deab240b73a3c76bf51eb", "artist": ["Maroon 5"], "artistIds": ["04gDigrS5kc9YWfZHwBETP"], "artistPop": [88], "genres": ["pop", "pop rock"]}, "0EhpEsp4L0oRGM0vmeaN5e": {"name": "UN DIA (ONE DAY) (Feat. Tainy)", "coverArt": "https://i.scdn.co/image/ab67616d00001e02312bd86cc2db22fde885ee73", "artist": ["J Balvin", "Dua Lipa", "Bad Bunny", "Tainy"], "artistIds": ["1vyhD5VmyZ7KMfW5gqLgo5", "6M2wZ9GZgrQXHCFfjv46we", "4q3ewBCX7sLwd24euuV69X", "0GM7qgcRCORpGnfcN2tCiB"], "artistPop": [94, 91, 96, 81], "genres": ["latin", "reggaeton", "reggaeton colombiano", "trap latino", "dance pop", "pop", "uk pop", "latin", "reggaeton", "trap latino", "latin", "latin hip hop", "latin pop", "pop reggaeton", "reggaeton", "reggaeton flow", "trap latino"]}, "1ZvBVbsaNqHEP6ymXaPGlj": {"name": "Lion King On Ice", "coverArt": "https://i.scdn.co/image/ab67616d00001e027a6aa18b884bea97981b7542", "artist": ["J. Cole"], "artistIds": ["6l3HvQ5sa6mXTsMTB19rO5"], "artistPop": [87], "genres": ["conscious hip hop", "hip hop", "north carolina hip hop", "rap"]}, "5jbDih9bLGmI8ycUKkN5XA": {"name": "Perfect", "coverArt": "https://i.scdn.co/image/ab67616d00001e021c76e29153f29cc1e1b2b434", "artist": ["Logic"], "artistIds": ["4xRYI6VqpkE3UwrDrAZL8L"], "artistPop": [81], "genres": ["conscious hip hop", "dmv rap", "hip hop", "pop rap", "rap"]}, "1EWkw4Fa6IlnsAihLUlFFM": {"name": "WRONG (feat. Lil Mosey)", "coverArt": "https://i.scdn.co/image/ab67616d00001e02891f0552bed344dc2bfe322f", "artist": ["The Kid LAROI", "Lil Mosey"], "artistIds": ["2tIP7SsRs7vjIcLrU85W8J", "5zctI4wO9XSKS8XwcnqEHk"], "artistPop": [92, 76], "genres": ["australian hip hop", "melodic rap", "rap", "rap conscient", "trap", "vapor trap"]}, "4pvb0WLRcMtbPGmtejJJ6y": {"name": "exile (feat. Bon Iver)", "coverArt": "https://i.scdn.co/image/ab67616d00001e0295f754318336a07e85ec59bc", "artist": ["Taylor Swift", "Bon Iver"], "artistIds": ["06HL4z0CvFAxyc27GXpf02", "4LEiUm1SRbFMgfqnQTwUbQ"], "artistPop": [93, 76], "genres": ["pop", "post-teen pop", "eau claire indie", "indie folk", "melancholia"]}, "59qrUpoplZxbIZxk6X0Bm3": {"name": "Take You Dancing", "coverArt": "https://i.scdn.co/image/ab67616d00001e0254eab2e4aa8b8706b6b526d2", "artist": ["Jason Derulo"], "artistIds": ["07YZf4WDAMNwqr4jfgOZ8y"], "artistPop": [83], "genres": ["dance pop", "pop", "pop rap", "post-teen pop"]}, "3QqJ44HiM84iyZS0G2IKIP": {"name": "Paranoia (feat. Gunna & Young Thug)", "coverArt": "https://i.scdn.co/image/ab67616d00001e0246e1307c35579c3483ea7b03", "artist": ["Pop Smoke", "Gunna", "Young Thug"], "artistIds": ["0eDvMgVFoNV3TpwtrVCoTj", "2hlmm7s2ICUX0LVIhVFlZQ", "50co4Is1HCEo8bhOyUWKpn"], "artistPop": [89, 87, 88], "genres": ["brooklyn drill", "atl hip hop", "hip hop", "melodic rap", "rap", "trap", "atl hip hop", "atl trap", "gangster rap", "hip hop", "melodic rap", "pop rap", "rap", "trap"]}, "6nDSLDomNqfet6w0r1GHAz": {"name": "RELENTLESS (feat. Lil Uzi Vert)", "coverArt": "https://i.scdn.co/image/ab67616d00001e02fae944bd93dd1e47591a0df9", "artist": ["Gunna", "Lil Uzi Vert"], "artistIds": ["2hlmm7s2ICUX0LVIhVFlZQ", "4O15NlyKLIASxsJ0PrXPfz"], "artistPop": [87, 88], "genres": ["atl hip hop", "hip hop", "melodic rap", "rap", "trap", "melodic rap", "philly rap", "rap", "trap"]}, "3tjFYV6RSFtuktYl3ZtYcq": {"name": "Mood (feat. iann dior)", "coverArt": "https://i.scdn.co/image/ab67616d00001e02ff8c985ecb3b7c5f847be357", "artist": ["24kGoldn", "iann dior"], "artistIds": ["6fWVd57NKTalqvmjRd2t8Z", "6ASri4ePR7RlsvIQgWPJpS"], "artistPop": [81, 82], "genres": ["cali rap", "melodic rap", "pop rap"]}, "4PyMK7JTcu6l30D8KogokR": {"name": "supercuts", "coverArt": "https://i.scdn.co/image/ab67616d00001e02c0e0e7f9e84a776c29d7012a", "artist": ["Jeremy Zucker"], "artistIds": ["3gIRvgZssIb9aiirIg0nI3"], "artistPop": [78], "genres": ["electropop", "pop", "post-teen pop"]}, "72PFP54TZ9Tpj9dYQcb46D": {"name": "NIGHTRIDER", "coverArt": "https://i.scdn.co/image/ab67616d00001e0268f04df4bfa3212b88843710", "artist": ["Arizona Zervas"], "artistIds": ["0vRvGUQVUjytro0xpb26bs"], "artistPop": [71], "genres": ["pop rap", "rhode island rap"]}, "4OENnoidV0h8gJV6bhrw7r": {"name": "Only You Freestyle", "coverArt": "https://i.scdn.co/image/ab67616d00001e0295716719bcb760795a0c15bf", "artist": ["Headie One", "Drake"], "artistIds": ["6UCQYrcJ6wab6gnQ89OJFh", "3TVXtAsR1Inumwj472S9r4"], "artistPop": [71, 100], "genres": ["uk hip hop", "canadian hip hop", "canadian pop", "hip hop", "pop rap", "rap", "toronto rap"]}, "6QDZlGAY1njNqAdOM6PryZ": {"name": "Save Myself", "coverArt": "https://i.scdn.co/image/ab67616d00001e0237071541c8388915e9191bee", "artist": ["Ashe"], "artistIds": ["6P5NO5hzJbuOqSdyPB7SJM"], "artistPop": [71], "genres": ["alt z", "electropop", "indie pop", "pop", "post-teen pop"]}, "0v5cHrifMPkhqHkV02ddMq": {"name": "Dunno", "coverArt": "https://i.scdn.co/image/ab67616d00001e02666efe474eabc3fdc056fa5c", "artist": ["Noah Cyrus"], "artistIds": ["55fhWPvDiMpLnE4ZzNXZyW"], "artistPop": [74], "genres": ["alt z", "dance pop", "pop", "post-teen pop"]}, "6TFGUXmdBVux66s5BgEvd0": {"name": "Entanglements", "coverArt": "https://i.scdn.co/image/ab67616d00001e0238ca640ec496a630c48b1191", "artist": ["August Alsina", "Rick Ross"], "artistIds": ["19Fi1Rj7kk8kyiwxpXy3yM", "1sBkRIssrMs1AbVkOJbc7a"], "artistPop": [64, 81], "genres": ["dance pop", "pop", "pop r&b", "pop rap", "r&b", "trap", "urban contemporary", "dirty south rap", "gangster rap", "hip hop", "pop rap", "rap", "southern hip hop", "trap"]}, "34PhB0kHT00utubP3aTau8": {"name": "Burn The Hoods", "coverArt": "https://i.scdn.co/image/ab67616d00001e02610d7118f18ce95848e43470", "artist": ["Ski Mask The Slump God"], "artistIds": ["2rhFzFmezpnW82MNqEKVry"], "artistPop": [79], "genres": ["miami hip hop", "rap", "underground hip hop"]}, "5uFtpU4N0h1YhYw8n5TGI5": {"name": "Ruff Rydas - From Road To Fast 9 Mixtape", "coverArt": "https://i.scdn.co/image/ab67616d00001e02cffcd43654b5500127dd9fd4", "artist": ["NLE Choppa"], "artistIds": ["0ErzCpIMyLcjPiwT4elrtZ"], "artistPop": [77], "genres": ["memphis hip hop"]}, "5KXYsV0p2xWQCjXizedRpt": {"name": "pissed", "coverArt": "https://i.scdn.co/image/ab67616d00001e0229232dbbd4bd2c756dfc8429", "artist": ["glaive"], "artistIds": ["4cJKDGSv4Dz9QycXYmo565"], "artistPop": [65], "genres": ["glitchcore", "hyperpop"]}, "5mURrDx7yDgkzcswLo9D69": {"name": "Fall Apart", "coverArt": "https://i.scdn.co/image/ab67616d00001e02c818c219a14305c7db26fc12", "artist": ["merci, mercy"], "artistIds": ["524oC8NzSWvqPbwiRkYSLH"], "artistPop": [43], "genres": ["australian alternative pop"]}, "4P04T22VRDMfG7Yk0SMMxP": {"name": "Cabin Fever", "coverArt": "https://i.scdn.co/image/ab67616d00001e02014aa64c37f1c3149e98ddce", "artist": ["Jaden"], "artistIds": ["0xOeVMOz2fVg5BJY3N6akT"], "artistPop": [75], "genres": ["hip hop", "pop", "rap"]}, "0roOLcll6SSTYZwsQFmXqP": {"name": "Let Me Move You - From the Netflix film Work It", "coverArt": "https://i.scdn.co/image/ab67616d00001e026c9d6c83a5feac01c75a8c66", "artist": ["Sabrina Carpenter"], "artistIds": ["74KM79TiuVKeVCqs8QtB0B"], "artistPop": [74], "genres": ["alt z", "dance pop", "electropop", "pop", "post-teen pop", "viral pop"]}, "6rij5OZoU4FSA2lTbFmRgi": {"name": "Put In Work (with Chris Brown)", "coverArt": "https://i.scdn.co/image/ab67616d00001e02b66fff31386c016ebf17063f", "artist": ["Jacquees", "Chris Brown"], "artistIds": ["4tMm1dU6Gn04VAZ9ClHcIZ", "7bXgB6jMjp9ATFy66eO08Z"], "artistPop": [70, 88], "genres": ["atl hip hop", "dance pop", "pop", "pop r&b", "pop rap", "r&b", "rap", "urban contemporary", "dance pop", "pop", "pop rap", "r&b", "rap"]}, "5i5fCpsnqDJ9AfeObgd0gW": {"name": "Guilty Conscience - Tame Impala Remix", "coverArt": "https://i.scdn.co/image/ab67616d00001e02dbae99e91239940d1ba97b64", "artist": ["070 Shake", "Tame Impala"], "artistIds": ["12Zk1DFhCbHY6v3xep2ZjI", "5INjqkS1o8h1imAzPqGZBb"], "artistPop": [66, 79], "genres": ["alternative r&b", "new jersey rap", "australian psych", "neo-psychedelic"]}, "0rzST5Sacf8B1GNzNfRcLP": {"name": "Can't Be Me", "coverArt": "https://i.scdn.co/image/ab67616d00001e02601e32741f9eedf61d4965f1", "artist": ["Russ"], "artistIds": ["1z7b1Pr1rSlvWRzsW3HOrS"], "artistPop": [79], "genres": ["hawaiian hip hop", "pop rap", "rap"]}, "6pRuna4orJHWplulXClYgo": {"name": "been thinking", "coverArt": "https://i.scdn.co/image/ab67616d00001e021c487dbe417cfd7b82ad459a", "artist": ["mike."], "artistIds": ["5G9kmDLg3OeUyj8KVBLzbu"], "artistPop": [69], "genres": ["indie pop rap", "pop rap", "rap", "rhode island rap"]}, "6BUZERWFUMJmiWyMW0qH1p": {"name": "Never Had", "coverArt": "https://i.scdn.co/image/ab67616d00001e0241fb44c988b3989dd627495d", "artist": ["Forrest."], "artistIds": ["6chWbUfdu6ibyaCXM1w8kQ"], "artistPop": [57], "genres": []}, "2DwbFtfC6sXBiVDPmju8Dd": {"name": "Happy Anywhere (feat. Gwen Stefani)", "coverArt": "https://i.scdn.co/image/ab67616d00001e02130e3110fdf2d7c6f7c8546e", "artist": ["Blake Shelton", "Gwen Stefani"], "artistIds": ["1UTPBmNbXNTittyMJrNkvw", "4yiQZ8tQPux8cPriYMWUFP"], "artistPop": [73, 75], "genres": ["contemporary country", "country", "country road", "oklahoma country", "dance pop", "hip pop", "pop", "post-teen pop", "urban contemporary"]}, "12rSkVrLU1NMkOC5wEiM6Z": {"name": "Alone", "coverArt": "https://i.scdn.co/image/ab67616d00001e02c1dda1fc135c5524328e6710", "artist": ["Loren Gray"], "artistIds": ["3MbrazQE12UdSdFunXcft1"], "artistPop": [57], "genres": ["social media pop"]}, "25a7EWpbv4NjeUIP1PN6T1": {"name": "HOT", "coverArt": "https://i.scdn.co/image/ab67616d00001e02073c78f29abfa8241fedf542", "artist": ["Pia Mia"], "artistIds": ["1BhWF9W2PngtPSyobKg0rP"], "artistPop": [65], "genres": ["dance pop", "pop", "pop r&b", "post-teen pop", "r&b", "social media pop", "urban contemporary"]}, "4CoxD8tetisleUQDA7vn1B": {"name": "What You Waiting For", "coverArt": "https://i.scdn.co/image/ab67616d00001e027dcc9db811ee9546bca6babe", "artist": ["SOMI"], "artistIds": ["7zYj9S9SdIunYCfSm7vzAR"], "artistPop": [68], "genres": ["k-pop"]}, "15OjBeqNX3bShsGYQbteRv": {"name": "La T\u00f3xica", "coverArt": "https://i.scdn.co/image/ab67616d00001e0200dbb42f00340f35ce0ec816", "artist": ["Farruko"], "artistIds": ["329e4yvIujISKGKz1BZZbO"], "artistPop": [89], "genres": ["latin", "reggaeton", "trap latino"]}, "5cMt4oV1AUS1JNomILulP4": {"name": "I Love All My Friends", "coverArt": "https://i.scdn.co/image/ab67616d00001e02d4e5c9a325db92a4878320f1", "artist": ["Deaton Chris Anthony"], "artistIds": ["1n8hLoV90OhFCYXLtCD659"], "artistPop": [45], "genres": ["alternative r&b"]}, "3wROjwePZ2JrvHI2FPDqul": {"name": "Hurting on Purpose (feat. K.Flay)", "coverArt": "https://i.scdn.co/image/ab67616d00001e02b2fd026f20f17d4693d8b1b0", "artist": ["Whethan", "K.Flay"], "artistIds": ["0vqJkZ0RpLZixt3lTmD8vP", "0pCNk4D3E2xtszsm6hMsWr"], "artistPop": [66, 69], "genres": ["edm", "electropop", "indie poptimism", "pop", "tropical house", "vapor soul", "vapor twitch", "alt z", "electropop", "escape room", "hip pop", "indie poptimism", "modern alternative rock", "modern rock", "pop", "rock"]}, "5712GbGUZYvWjMGx1ACJu4": {"name": "Difficult", "coverArt": "https://i.scdn.co/image/ab67616d00001e029dc6d40a8e7a10dd1a0e17be", "artist": ["Kevin Gates"], "artistIds": ["1gPhS1zisyXr5dHTYZyiMe"], "artistPop": [76], "genres": ["baton rouge rap", "rap", "southern hip hop", "trap"]}, "1GcXzijYzyfMq6wryZjYW5": {"name": "May I", "coverArt": "https://i.scdn.co/image/ab67616d00001e023ae4c6b039dd0433a53631bb", "artist": ["Flo Milli"], "artistIds": ["08PvCOlef4xdOr20jFSTPd"], "artistPop": [69], "genres": ["dance pop", "pop", "pop rap", "r&b", "social media pop", "viral rap"]}, "3DcL8FXLA9iKwqnyj9POLt": {"name": "Baguetti (with JID & Kenny Beats)", "coverArt": "https://i.scdn.co/image/ab67616d00001e02ec8e43a1fb62d043bbd06a24", "artist": ["Smino", "JID", "Kenny Beats"], "artistIds": ["1ybINI1qPiFbwDXamRtwxD", "6U3ybJ9UHNKEdsH7ktGBZ7", "1rHOtdmGNr5vcYNw5v7QGC"], "artistPop": [70, 73, 66], "genres": ["alternative r&b", "hip hop", "rap", "underground hip hop", "hip hop", "rap", "underground hip hop", "trap", "underground hip hop"]}, "6FzZMJGhI5JA5nDVM87s5w": {"name": "Don't Turn Around", "coverArt": "https://i.scdn.co/image/ab67616d00001e02c86118d885ed4e329882a2bd", "artist": ["Biig Piig"], "artistIds": ["4GoD5FJCgC0lbzde7ly44M"], "artistPop": [60], "genres": ["indie r&b", "indie soul", "modern alternative pop"]}, "09svEvkmTi9vw4kWRyBC6X": {"name": "Slow Motion", "coverArt": "https://i.scdn.co/image/ab67616d00001e028402cb666fc8f03f57e81027", "artist": ["Charlotte Lawrence"], "artistIds": ["7LImGq5KnzQobZciDJpeJb"], "artistPop": [63], "genres": ["alt z", "dance pop", "electropop", "indie cafe pop", "indie pop", "indie poptimism", "pop", "post-teen pop", "social media pop"]}, "44gz3bzhdcGUFgA5oc1wSu": {"name": "Holiday", "coverArt": "https://i.scdn.co/image/ab67616d00001e02ad19e1e0a2cd385e1ece6da0", "artist": ["Little Mix"], "artistIds": ["3e7awlrlDSwF3iM0WBjGMp"], "artistPop": [83], "genres": ["dance pop", "girl group", "pop", "post-teen pop", "talent show", "uk pop"]}, "3GYlQmwfBDo7imFyGPhrl7": {"name": "Say My Name", "coverArt": "https://i.scdn.co/image/ab67616d00001e02dea3da3e0ff677f4c895ee46", "artist": ["Dimitri Vegas & Like Mike", "Regard", "Dimitri Vegas"], "artistIds": ["73jBynjsVtofjRpdpRAJGk", "4ofCBoyEiGSePFAG500xev", "2HkAI0YrEcgoR8QdaURqhO"], "artistPop": [75, 76, 67], "genres": ["belgian dance", "belgian edm", "big room", "edm", "electro house", "pop dance", "progressive electro house", "tropical house", "dance pop", "edm", "pop", "pop dance", "pop edm", "slap house", "tropical house", "belgian edm"]}, "2rJpjzqakqUB30qCk4uPM9": {"name": "Holy Water", "coverArt": "https://i.scdn.co/image/ab67616d00001e02bdb2f36d442b56e2883aee16", "artist": ["Calboy"], "artistIds": ["0HkcYmcjrBR3SCw9Ld5VZk"], "artistPop": [63], "genres": ["chicago rap", "melodic rap", "rap", "trap", "vapor trap"]}, "1HWgcFyZ4wKia83CDGWH4N": {"name": "Lost In Time", "coverArt": "https://i.scdn.co/image/ab67616d00001e0249058ade033fdc685b45d62f", "artist": ["Wifisfuneral", "Coi Leray"], "artistIds": ["1vb1XqzyNMQ16BqbxRz5BV", "6AMd49uBDJfhf30Ak2QR5s"], "artistPop": [60, 68], "genres": ["dark trap", "emo rap", "florida rap", "miami hip hop", "rap", "trap", "underground hip hop", "vapor trap", "new jersey underground rap", "pop r&b", "r&b", "trap queen", "viral rap"]}, "4b0Z35o4ScmuFPTFdmFMEs": {"name": "crowd", "coverArt": "https://i.scdn.co/image/ab67616d00001e02cd843181ac156e8a1288dfe5", "artist": ["Sophie Cates"], "artistIds": ["211NQ3AcZqLAiGCqhlxh5k"], "artistPop": [38], "genres": []}, "6d1ffV5RisInvrDxkLgBxe": {"name": "blind", "coverArt": "https://i.scdn.co/image/ab67616d00001e023decf2bd9fe7c188ec62fd39", "artist": ["ROLE MODEL"], "artistIds": ["1dy5WNgIKQU6ezkpZs4y8z"], "artistPop": [66], "genres": ["alt z", "bedroom pop", "indie cafe pop", "indie pop", "pop", "social media pop"]}, "3WnWba3xL7HvjQmUCpgLJF": {"name": "Lightbeam (feat. NoCap)", "coverArt": "https://i.scdn.co/image/ab67616d00001e028637b366ed3e7ba950fa5caa", "artist": ["Lil Skies", "NoCap"], "artistIds": ["7d3WFRME3vBY2cgoP38RDo", "4PNHuWkk4ee6R8WEhFVPf5"], "artistPop": [75, 64], "genres": ["melodic rap", "pop rap", "rap", "trap", "alabama rap", "atl trap", "trap"]}, "5ZFZRz1zPgYFxJK1yuAzbK": {"name": "How We Do It (feat. Wiz Khalifa)", "coverArt": "https://i.scdn.co/image/ab67616d00001e022a032d4d91b2b79da719b668", "artist": ["Shoreline Mafia", "Fenix Flexin", "Wiz Khalifa"], "artistIds": ["4tYSBptyGeVyZsk8JC4JHZ", "63GIj2yhFvX1Bzphb9JgVb", "137W8MRPWKqSmrBGDBFSop"], "artistPop": [70, 67, 84], "genres": ["cali rap", "trap", "underground hip hop", "cali rap", "underground hip hop", "vapor trap", "dance pop", "hip hop", "pittsburgh rap", "pop rap", "rap", "southern hip hop", "trap"]}, "02IuhAGzHtZFc1lJozOC08": {"name": "NEVERMIND", "coverArt": "https://i.scdn.co/image/ab67616d00001e021db37b5f4a222f651bb1dbe1", "artist": ["HRVY"], "artistIds": ["28y6CyJNkGNjJQKrlx4AmN"], "artistPop": [69], "genres": ["dance pop", "pop", "pop dance", "post-teen pop", "social media pop", "tropical house"]}, "6Z0sHILAQuUsmZQ7pMe90N": {"name": "We Belong", "coverArt": "https://i.scdn.co/image/ab67616d00001e022582c22ccb6c67643677175b", "artist": ["Dove Cameron"], "artistIds": ["2W8yFh0Ga6Yf3jiayVxwkE"], "artistPop": [68], "genres": ["pop", "post-teen pop", "social media pop"]}, "3Hs0xJpEOcJsWeayaLbeXR": {"name": "Ferris Wheel", "coverArt": "https://i.scdn.co/image/ab67616d00001e029b483aeecdcbbe2686a233e9", "artist": ["Sylvan Esso"], "artistIds": ["39vA9YljbnOApXKniLWBZv"], "artistPop": [62], "genres": ["electropop", "etherpop", "indie pop"]}, "0XWNEv2MhiUqfdyVlQabIi": {"name": "Heaven Down Here", "coverArt": "https://i.scdn.co/image/ab67616d00001e02ccb3161acc89342adf05d26a", "artist": ["Mickey Guyton"], "artistIds": ["6nfN5B7Jmi853SHa9106Hz"], "artistPop": [52], "genres": ["contemporary country", "country pop"]}, "5FY4iA2mqnJiYwWh3JB2gA": {"name": "Help - Recorded at East West Studios", "coverArt": "https://i.scdn.co/image/ab67616d00001e025d5f7b08d0031b2d46405d54", "artist": ["Emily King"], "artistIds": ["6jlWj6y00bMQt8XoKuCjyZ"], "artistPop": [54], "genres": ["funk", "indie soul", "neo soul", "nyc pop", "pop soul", "r&b", "urban contemporary"]}, "3Q0U0QJEGjA2rZPoGVVaWY": {"name": "Pack Lite", "coverArt": "https://i.scdn.co/image/ab67616d00001e023f30c229dbef5ff8fd77860b", "artist": ["Queen Naija"], "artistIds": ["3nViOFa3kZW8OMSNOzwr98"], "artistPop": [66], "genres": ["dance pop", "pop", "pop r&b", "pop rap", "r&b", "urban contemporary"]}, "1sewSKbrkUSrCa7raClgbV": {"name": "GHOST (feat. Navy Blue)", "coverArt": "https://i.scdn.co/image/ab67616d00001e021feefce1c62dd359260b9fbd", "artist": ["Earl Sweatshirt", "Navy Blue"], "artistIds": ["3A5tHz1SfngyOZM2gItYKu", "5qRbfEf4Ooo19aRXKQzvUV"], "artistPop": [69, 48], "genres": ["alternative hip hop", "escape room", "experimental hip hop", "hip hop", "rap", "underground hip hop", "alternative hip hop", "boom bap", "jazz rap"]}, "0Zc86nmtzsx3Tlzv7sC8Pc": {"name": "Couped Out (feat. Fivio Foreign)", "coverArt": "https://i.scdn.co/image/ab67616d00001e02e7ac7f60d9c023c8e4a4fad4", "artist": ["Famous Dex", "Fivio Foreign"], "artistIds": ["0WOxhx4hikIsyF3CRPLC8W", "14CHVeJGrR5xgUGQFV5BVM"], "artistPop": [64, 75], "genres": ["chicago rap", "drill", "rap", "southern hip hop", "trap", "underground hip hop", "vapor trap", "viral rap", "brooklyn drill", "new york drill", "rap", "trap"]}, "4s1b7hjeIkpZwBSSr6cGhp": {"name": "Little More Love", "coverArt": "https://i.scdn.co/image/ab67616d00001e0217f02fc4d0cb57600e353bf6", "artist": ["Evie Irie"], "artistIds": ["2ReivzVeWl6GawKNyVTLmK"], "artistPop": [46], "genres": ["alt z", "australian electropop"]}, "4z1vkuuzWQhgELq8K2dac8": {"name": "Who Do You Think You're Talking To?", "coverArt": "https://i.scdn.co/image/ab67616d00001e02eb4c1eace94fc4373af9ad44", "artist": ["Dawes"], "artistIds": ["0CDUUM6KNRvgBFYIbWxJwV"], "artistPop": [54], "genres": ["alternative country", "deep new americana", "funk", "indie folk", "indie rock", "modern folk rock", "new americana", "pop rock", "roots rock", "stomp and holler"]}, "0yLtmwgpuvIsokGmo8u524": {"name": "Pac-Man (feat. ScHoolboy Q)", "coverArt": "https://i.scdn.co/image/ab67616d00001e0215e25facdb23cd6ce347a4a2", "artist": ["Gorillaz", "ScHoolboy Q"], "artistIds": ["3AA28KZvwAUcZuOKwyblJQ", "5IcR3N7QB1j6KBL8eImZ8m"], "artistPop": [81, 76], "genres": ["alternative hip hop", "gangster rap", "hip hop", "pop rap", "rap", "southern hip hop", "trap", "underground hip hop"]}, "75FkbFHDtuRBbfBVDIi76t": {"name": "PS (Pants Sag)", "coverArt": "https://i.scdn.co/image/ab67616d00001e02e613867e34136a732ce534ca", "artist": ["Chief Keef", "Zaytoven"], "artistIds": ["15iVAtD3s3FsQR4w1v6M0P", "1mceaxtjWdEmwoDVAlkC41"], "artistPop": [74, 54], "genres": ["chicago bop", "chicago drill", "chicago rap", "drill", "hip hop", "pop rap", "rap", "southern hip hop", "trap", "underground hip hop", "atl hip hop", "atl trap", "deep southern trap", "dirty south rap", "gangster rap", "houston rap", "melodic rap", "rap", "southern hip hop", "trap", "vapor trap"]}, "6jUrIMUXgiyxmf6WIyOnco": {"name": "Don't Wanna Do It", "coverArt": "https://i.scdn.co/image/ab67616d00001e024663fd860928fdae3f106d1a", "artist": ["Dirty Tay", "Lil Baby"], "artistIds": ["5wwfTn8YVKkdhJUXLb0gAR", "5f7VJjfbwm532GiveGC0ZK"], "artistPop": [33, 91], "genres": ["atl trap", "atl hip hop", "atl trap", "rap", "trap"]}, "5JYuL0cAB9NX61ZSQKc0p8": {"name": "S EX", "coverArt": "https://i.scdn.co/image/ab67616d00001e022998c35738e02a5caef8e1a0", "artist": ["Conor Matthews"], "artistIds": ["5iWU68xnsNiacwbt1fYEcq"], "artistPop": [50], "genres": ["chill pop"]}, "2dh6Pnl5egc1FrQS6EsW4n": {"name": "2AM (feat. Carla Monroe)", "coverArt": "https://i.scdn.co/image/ab67616d00001e0200cbc5ee0eb55cf188e224bd", "artist": ["MK", "Carla Monroe"], "artistIds": ["1yqxFtPHKcGcv6SXZNdyT9", "4S9LNSZusH3XflT3g32bqB"], "artistPop": [69, 56], "genres": ["dance pop", "deep groove house", "edm", "house", "pop dance", "tropical house"]}, "4Vpwf76uBHswSRhhpg0llh": {"name": "Gistro Amarillo", "coverArt": "https://i.scdn.co/image/ab67616d00001e021fcb6e8c99467245749ee097", "artist": ["Ozuna", "Wisin"], "artistIds": ["1i8SpTcr7yvPOmcqrbnVXY", "3E6xrwgnVfYCrCs0ePERDz"], "artistPop": [88, 83], "genres": ["latin", "puerto rican pop", "reggaeton", "trap latino", "latin", "latin hip hop", "reggaeton", "trap latino"]}, "5CXCo9MJFpjFLkEFKaMz19": {"name": "One More Weekend", "coverArt": "https://i.scdn.co/image/ab67616d00001e0214f4fd257eac618e8c5f8635", "artist": ["Maude Latour"], "artistIds": ["3MNLhvqJkWsO6tcjY9ps62"], "artistPop": [54], "genres": ["alt z", "indie pop", "nyc pop"]}, "29W6ddO7Tlm1BiSsIAFj01": {"name": "Too Sensitive", "coverArt": "https://i.scdn.co/image/ab67616d00001e029c6cd95c0dda3883e8c01331", "artist": ["Sean Kennedy"], "artistIds": ["6kY7DKDwm2bt996rMF4CLK"], "artistPop": [39], "genres": ["modern alternative pop"]}, "5TxwBIN4MTTWLvW3Tl5ttE": {"name": "Big Wheel", "coverArt": "https://i.scdn.co/image/ab67616d00001e02e420fbd0c74dd4429a10d73d", "artist": ["Samia"], "artistIds": ["1Uk1GyijF6fSfX4mWq5bfR"], "artistPop": [54], "genres": ["art pop", "bubblegrunge", "indie folk", "indie pop"]}, "4mlZLQy7mmY7HMidTEcxzk": {"name": "KEEP ON HANGING ON", "coverArt": "https://i.scdn.co/image/ab67616d00001e023056bdf71d49fb0119b72b1a", "artist": ["Morgan Saint"], "artistIds": ["21SbAgLQ2SteuYiKXTBDns"], "artistPop": [38], "genres": ["nyc pop"]}, "02nqDwck6A3Gqlw605l3AR": {"name": "Get What You Need", "coverArt": "https://i.scdn.co/image/ab67616d00001e02d4a0d8cc294d754c08af53df", "artist": ["Joshua Speers"], "artistIds": ["7KlIBAc2EPCSzwvrLftuch"], "artistPop": [29], "genres": ["modern alternative pop"]}, "3etKBh55i0PBmzz9RHEQJv": {"name": "This Town Is A Woman", "coverArt": "https://i.scdn.co/image/ab67616d00001e02c5f23d0447189c9ca6838da6", "artist": ["Lori McKenna", "Karen Fairchild", "Kimberly Schlapman"], "artistIds": ["1OV5mEATxtVma7fleFaUyl", "3RXtieA0L2l22SWlOUMNca", "7ySCRbA1659u0QQUsDekoI"], "artistPop": [48, 45, 15], "genres": ["boston folk", "folk", "indie folk", "lilith", "modern folk rock", "new americana", "new england americana"]}, "5iSvlEhNJhrHUFPSHluDF0": {"name": "Nights", "coverArt": "https://i.scdn.co/image/ab67616d00001e02280e4e402b089bf366c395a9", "artist": ["Neon Trees"], "artistIds": ["0RpddSzUHfncUWNJXKOsjy"], "artistPop": [70], "genres": ["modern alternative rock", "modern rock", "neo mellow", "pop", "pop rock", "post-teen pop", "rock"]}, "2V79FEzhEyawL1xshT42B5": {"name": "Telling Stories", "coverArt": "https://i.scdn.co/image/ab67616d00001e023a278953d20b499818ed7dae", "artist": ["Neck Deep"], "artistIds": ["2TM0qnbJH4QPhGMCdPt7fH"], "artistPop": [64], "genres": ["modern rock", "pop punk", "uk pop punk"]}, "6Yx4AmuHnZ3loElFebyCYy": {"name": "All Of Me (feat. Travis Barker)", "coverArt": "https://i.scdn.co/image/ab67616d00001e025bef38b2e17d81b890b15d25", "artist": ["The Score", "Travis Barker"], "artistIds": ["2q3GG88dVwuQPF4FmySr9I", "4exLIFE8sISLr28sqG1qNX"], "artistPop": [73, 79], "genres": ["modern alternative rock", "modern rock", "rap rock"]}, "1T3oifufDVQ3BWwE71Tbny": {"name": "DINOSAURS", "coverArt": "https://i.scdn.co/image/ab67616d00001e02c4ac00464b96770415e2db84", "artist": ["Lupe Fiasco", "Kaelin Ellis", "Virgil Abloh"], "artistIds": ["01QTIT5P1pFP3QnnFSdsJf", "0QalUUx2C9F1PGbfQVcHAd", "6zKRU70JFcCQtP3vKV4ANm"], "artistPop": [68, 38, 35], "genres": ["chicago rap", "conscious hip hop", "gangster rap", "hip hop", "political hip hop", "pop rap", "rap", "southern hip hop", "future bass"]}, "0Kb8kakHEmns0x1HFFeX5X": {"name": "Fuck The World (Summer In London) Remix", "coverArt": "https://i.scdn.co/image/ab67616d00001e02c7776cc15a3d30633aa7e69a", "artist": ["Brent Faiyaz", "2 Chainz"], "artistIds": ["3tlXnStJ1fFhdScmQeLpuG", "17lzZA2AlOHwCwFALHttmp"], "artistPop": [78, 80], "genres": ["dmv rap", "pop", "r&b", "rap", "atl hip hop", "gangster rap", "hip hop", "pop rap", "rap", "southern hip hop", "trap"]}, "0IgbHKFkJxu7dEWJPK02CL": {"name": "Wherever You Go (feat. Jamie xx, Neneh Cherry & CLYPSO)", "coverArt": "https://i.scdn.co/image/ab67616d00001e0216224cee7554d622949d61c1", "artist": ["The Avalanches", "Jamie xx", "Neneh Cherry", "CLYPSO"], "artistIds": ["3C8RpaI3Go0yFF9whvKoED", "7A0awCXkE1FtSU8B0qwOJQ", "3JxCEqL9zjKnDJgUhRuRJD", "0PLRwyoWBDRiK3QnflnDbd"], "artistPop": [61, 61, 54, 39], "genres": ["alternative dance", "australian alternative rock", "australian dance", "collage pop", "electronica", "new rave", "psychedelic hip hop", "electronica", "future garage", "indie soul", "new rave", "new wave pop", "urban contemporary", "australian r&b"]}, "2UajPRSnGWNtqXHBRa0HAD": {"name": "Second Wind", "coverArt": "https://i.scdn.co/image/ab67616d00001e02853003a46929dd5751ca32dc", "artist": ["Healy"], "artistIds": ["2Yhge9MsE7qKcV0eWsuuHM"], "artistPop": [57], "genres": ["alternative r&b", "indie r&b", "memphis hip hop"]}, "1CrtL00NhzSpCCHnR8fTPR": {"name": "I Shouldn't Ghost My Therapist", "coverArt": "https://i.scdn.co/image/ab67616d00001e023af5550ac1f6eb85cc65595b", "artist": ["Liza Anne"], "artistIds": ["426VSUSxx9puUYFgp7l7EQ"], "artistPop": [51], "genres": ["indie folk", "indie pop", "new americana"]}, "1w95bIbILlWijlbz7Fm7ER": {"name": "TAXIN", "coverArt": "https://i.scdn.co/image/ab67616d00001e021b7e0602a8a0dd806496850d", "artist": ["Cochise"], "artistIds": ["46HzS7yz0c9udVwtbHk1sx"], "artistPop": [72], "genres": ["plugg", "vapor trap", "viral rap"]}, "7DOxn4myxrz4ijR3cjkmTv": {"name": "Balance", "coverArt": "https://i.scdn.co/image/ab67616d00001e02b9f3b8baa4dda2968ce857d9", "artist": ["Terrell Hines"], "artistIds": ["2jhjHaG1p2SMn6cDyhwhjQ"], "artistPop": [42], "genres": ["modern alternative pop"]}, "2kkacp496INdZ3sybevLRl": {"name": "TTD", "coverArt": "https://i.scdn.co/image/ab67616d00001e02a6c95de892d2b55e7237c6b1", "artist": ["John The Blind"], "artistIds": ["12U3blX0ilxf0tnejqPDYD"], "artistPop": [46], "genres": []}, "5E2M7C7X0UDiTIvNSr57M6": {"name": "Disrespectful", "coverArt": "https://i.scdn.co/image/ab67616d00001e02a95101287bb891cce7254e67", "artist": ["Malia Civetz"], "artistIds": ["7yVXoYjAE7rrkQ28aGBgUo"], "artistPop": [48], "genres": ["la pop"]}, "2kkGRB3PKYCAFGmaLsmIbd": {"name": "Say Something", "coverArt": "https://i.scdn.co/image/ab67616d00001e023209a0b903b9232776e5908e", "artist": ["Kylie Minogue"], "artistIds": ["4RVnAU35WRWra6OZ3CbbMA"], "artistPop": [71], "genres": ["australian dance", "australian pop", "dance pop", "electropop", "eurodance", "europop", "new wave pop", "pop"]}, "5b3CioE31HDmoAmYlJeWwn": {"name": "Why He Told", "coverArt": "https://i.scdn.co/image/ab67616d00001e0264ff63fc4545af1ce962ca30", "artist": ["King Von"], "artistIds": ["6QtgPSJPSzcnn7dPZ4VINp"], "artistPop": [76], "genres": ["chicago rap"]}, "5NnWdv3GTcCNG5lVeB7H57": {"name": "The One That You Love", "coverArt": "https://i.scdn.co/image/ab67616d00001e025e2d2872c87d3174b3d353f8", "artist": ["LP"], "artistIds": ["0J7U24vlOOIeMpuaO6Q85A"], "artistPop": [70], "genres": ["la pop", "women's music"]}, "3TWkAgxg2LKjmJ4CiEvOkr": {"name": "3 small words", "coverArt": "https://i.scdn.co/image/ab67616d00001e023fb680ecc0b23b6883f255de", "artist": ["MisterWives"], "artistIds": ["5ivCbtrcD5N4rD337xIb2z"], "artistPop": [62], "genres": ["electropop", "indie pop", "indie poptimism", "modern rock", "nyc pop", "pop rock", "stomp and holler"]}, "1ukoQmzrdk1L9sfbX81xPT": {"name": "One Minute", "coverArt": "https://i.scdn.co/image/ab67616d00001e02900af75deade1c5ed73c6171", "artist": ["Ryann"], "artistIds": ["5EJHdetWppJ5mcyyU2HN52"], "artistPop": [34], "genres": ["modern indie pop"]}, "2DN5RkHLfM1eo0oK9VW1kd": {"name": "Dat Ass", "coverArt": "https://i.scdn.co/image/ab67616d00001e028cf8dc8b9152c22a763c4bd4", "artist": ["Jacob Latimore", "Eric Bellinger"], "artistIds": ["7t7KCNFOwuMChaQg6L8I69", "7ibAWtDtmEfaVhc1FJ3Vl9"], "artistPop": [45, 69], "genres": ["pop r&b", "r&b", "trap soul", "pop", "pop r&b", "pop rap", "r&b", "rap", "urban contemporary"]}, "6o8unsrhX65oD3KSu2Cr1U": {"name": "90' IROC-Z (feat. Wiz Khalifa)", "coverArt": "https://i.scdn.co/image/ab67616d00001e022a74e415a2d6f98aee944682", "artist": ["Curren$y", "Harry Fraud", "Wiz Khalifa"], "artistIds": ["6X8WdFjrNhXATMDSs26aCc", "37ASGd4rWpHjuVonnYAN6S", "137W8MRPWKqSmrBGDBFSop"], "artistPop": [67, 64, 84], "genres": ["alternative hip hop", "dirty south rap", "gangster rap", "hip hop", "new orleans rap", "pop rap", "rap", "southern hip hop", "underground hip hop", "dance pop", "hip hop", "pittsburgh rap", "pop rap", "rap", "southern hip hop", "trap"]}, "1vOZHRN8bKUbUesiAhnTkk": {"name": "NEIGHBORHOOD SUPPLIER (feat. Stunna 4 Vegas)", "coverArt": "https://i.scdn.co/image/ab67616d00001e02b44b33730c18ccbe27cfd641", "artist": ["Justin Rarri", "Stunna 4 Vegas"], "artistIds": ["7atuUUktuP1wDbkkgdNvxI", "44IvvHRk2XF243QLA2VOa8"], "artistPop": [47, 64], "genres": ["melodic rap", "vapor trap", "southern hip hop", "trap", "viral rap"]}, "6038PsitaFpf3pIJxRMeTX": {"name": "No Hook (feat. Benny the Butcher)", "coverArt": "https://i.scdn.co/image/ab67616d00001e02111bd67073d97c16ded39220", "artist": ["Reese LAFLARE", "Benny The Butcher"], "artistIds": ["07V3atNq2TyPNDYmzp6Dyy", "5Matrg5du62bXwer29cU5T"], "artistPop": [57, 65], "genres": ["trap soul", "underground hip hop", "vapor trap", "boom bap", "buffalo hip hop", "hip hop", "rap", "underground hip hop", "upstate ny rap"]}, "5hQZDntIU1PbXhmH94kZoM": {"name": "Don't Look At Me", "coverArt": "https://i.scdn.co/image/ab67616d00001e02c16e6ddb53c86b03abbe166b", "artist": ["POORSTACY"], "artistIds": ["7vSY9HEreOqb1Llar3UC38"], "artistPop": [61], "genres": ["emo rap", "melodic rap"]}, "7ovHL4kRsRy03qG8E93R2k": {"name": "IN THE SUMMER", "coverArt": "https://i.scdn.co/image/ab67616d00001e029ede930ddf4b6d6c97cd3c07", "artist": ["ARASHI"], "artistIds": ["1XYuC1vxinTjHCNd5clB8C"], "artistPop": [68], "genres": ["j-pop"]}, "7a4iLgRkkk6Xb7M6yc9Rh2": {"name": "Misinterpretations", "coverArt": "https://i.scdn.co/image/ab67616d00001e022df27c768c837185f8150a8d", "artist": ["Giant Rooks"], "artistIds": ["5wD0owYApRtYmjPWavWKvb"], "artistPop": [61], "genres": ["german indie", "german pop", "german rock"]}, "34b8FkevcZ78hgiyle7Py4": {"name": "Just Wait", "coverArt": "https://i.scdn.co/image/ab67616d00001e0222434586be5fe20f1a932b76", "artist": ["Emily Vu"], "artistIds": ["3t3oOB1GYe4PFV2X6D29NS"], "artistPop": [39], "genres": ["la pop"]}, "2RLXKrcqCYLFZIGJbmyaVD": {"name": "Pray", "coverArt": "https://i.scdn.co/image/ab67616d00001e022db55ab7ddc564d0fb5fda6a", "artist": ["Koryn Hawthorne"], "artistIds": ["03qM4LmPCrR7CuHTE0WAIW"], "artistPop": [53], "genres": ["gospel", "gospel r&b"]}, "71TMGtEh88hPrTWxdzRRPR": {"name": "Old Flowers", "coverArt": "https://i.scdn.co/image/ab67616d00001e02bcce0ba4b7bdd0994ab787a4", "artist": ["Courtney Marie Andrews"], "artistIds": ["1EI0B66miJj5Fl408B7E9H"], "artistPop": [47], "genres": ["alternative country", "folk", "indie folk", "modern folk rock", "new americana", "stomp and holler"]}, "7n3u7RrzdXGVcclBEp9aSa": {"name": "Patience", "coverArt": "https://i.scdn.co/image/ab67616d00001e027c46ad8e81f2f2de369f71dd", "artist": ["Chris Cornell"], "artistIds": ["0XHiH53dHrvbwfjYM7en7I"], "artistPop": [63], "genres": ["alternative metal", "alternative rock", "rock"]}}