{"2qzUpSVI4NnPyWxbXwumTj": {"name": "BLACK PARADE", "coverArt": "https://i.scdn.co/image/ab67616d00001e026373234ff79910017d937930", "artist": ["Beyonc\u00e9"], "artistIds": ["6vWDO969PvNqNYHIOW5v0m"], "artistPop": [84], "genres": ["dance pop", "pop", "post-teen pop", "r&b"]}, "4CPszpSnlbgnQLIQYyzIR2": {"name": "I Can't Breathe", "coverArt": "https://i.scdn.co/image/ab67616d00001e0235d1bc77d8a56df2c4b1cc6c", "artist": ["H.E.R."], "artistIds": ["3Y7RZ31TRPVadSFVy1o8os"], "artistPop": [78], "genres": ["alternative r&b", "dance pop", "pop", "r&b"]}, "5oZps6mYqU5s7A4WjUZggJ": {"name": "Lockdown", "coverArt": "https://i.scdn.co/image/ab67616d00001e02684543025b8324b1476214c2", "artist": ["Anderson .Paak"], "artistIds": ["3jK9MiCrA42lLAdMGUZpwa"], "artistPop": [82], "genres": ["escape room"]}, "6tCV8RZVP7zW59Ybxj6COL": {"name": "Boomin (feat. Missy Elliott & Future)", "coverArt": "https://i.scdn.co/image/ab67616d00001e023c1d50d3467be460844da7c1", "artist": ["Teyana Taylor", "Missy Elliott", "Future"], "artistIds": ["4ULO7IGI3M2bo0Ap7B9h8a", "2wIVse2owClT7go1WT98tk", "1RyvyyTE3xzB2ZywiAwp0i"], "artistPop": [64, 73, 89], "genres": ["alternative r&b", "dance pop", "hip pop", "neo soul", "pop", "pop r&b", "pop rap", "r&b", "urban contemporary", "dance pop", "hip hop", "hip pop", "pop", "pop rap", "r&b", "rap", "urban contemporary", "virginia hip hop", "atl hip hop", "pop rap", "rap", "southern hip hop", "trap"]}, "1oOEkBNp4zWnkD7nWjJdog": {"name": "Snow On Tha Bluff", "coverArt": "https://i.scdn.co/image/ab67616d00001e02e9111b8b529532aa62b14bdc", "artist": ["J. Cole"], "artistIds": ["6l3HvQ5sa6mXTsMTB19rO5"], "artistPop": [87], "genres": ["conscious hip hop", "hip hop", "north carolina hip hop", "rap"]}, "1LvDHPfTpEMjgox22jxqSW": {"name": "Song 33", "coverArt": "https://i.scdn.co/image/ab67616d00001e0293b62d78fac956d842942c8e", "artist": ["Noname"], "artistIds": ["1EpyA68dKpjf7jXmQL88Hy"], "artistPop": [59], "genres": ["alternative r&b", "chicago rap", "escape room", "hip hop", "indie soul", "neo soul", "underground hip hop"]}, "6sAxbhifwLAlrVCIGlLCgf": {"name": "Perfect Way To Die", "coverArt": "https://i.scdn.co/image/ab67616d00001e029a0c6fe6456afc28b4efeb51", "artist": ["Alicia Keys"], "artistIds": ["3DiDSECUqqY1AuBP8qtaIa"], "artistPop": [79], "genres": ["hip pop", "neo soul", "pop", "r&b", "urban contemporary"]}, "5XzombolzpiaOSTdj1W0VS": {"name": "Bleed", "coverArt": "https://i.scdn.co/image/ab67616d00001e024ec868f10b6379bcb83e855a", "artist": ["A Boogie Wit da Hoodie"], "artistIds": ["31W5EY0aAly4Qieq6OFu6I"], "artistPop": [83], "genres": ["melodic rap", "pop rap", "rap", "trap"]}, "22IWDKdWDgx2cAx5RuDgty": {"name": "Jobs", "coverArt": "https://i.scdn.co/image/ab67616d00001e020fc56ca3f3e460ad0ee055ad", "artist": ["City Girls"], "artistIds": ["37hAfseJWi0G3Scife12Il"], "artistPop": [72], "genres": ["dance pop", "pop", "pop rap", "r&b", "scam rap", "trap queen"]}, "6HM2tjTLqJi0poAkCdnNTB": {"name": "One Shot (feat. Lil Baby) - From Road To Fast 9 Mixtape", "coverArt": "https://i.scdn.co/image/ab67616d00001e0262f5f534fb9d2963f6170c04", "artist": ["YoungBoy Never Broke Again", "Lil Baby"], "artistIds": ["7wlFDEWiM5OoIAt8RSli8b", "5f7VJjfbwm532GiveGC0ZK"], "artistPop": [83, 91], "genres": ["baton rouge rap", "trap", "atl hip hop", "atl trap", "rap", "trap"]}, "2p72O2JobPc9sVz520Hil5": {"name": "Reality Check", "coverArt": "https://i.scdn.co/image/ab67616d00001e02baade413d4f73806405908f7", "artist": ["Swae Lee"], "artistIds": ["1zNqQNIdeOUZHb8zbZRFMX"], "artistPop": [81], "genres": ["melodic rap", "trap"]}, "0TLnTwqXslKsovat4bz0jp": {"name": "California (from Songland) (feat. Tyga)", "coverArt": "https://i.scdn.co/image/ab67616d00001e0283719d01c3e4d3d9cc4f3e87", "artist": ["Usher", "Tyga"], "artistIds": ["23zg3TcAtWQy7J6upgbUnj", "5LHRHt1k9lMyONurDHEdrp"], "artistPop": [81, 84], "genres": ["atl hip hop", "dance pop", "pop", "r&b", "south carolina hip hop", "urban contemporary", "dance pop", "hip hop", "pop rap", "rap", "southern hip hop", "trap"]}, "7wfDCDfhVe2tFxIkQEJp35": {"name": "U Move, I Move (feat. Jhene Aiko)", "coverArt": "https://i.scdn.co/image/ab67616d00001e029365dde25000bb00e2c0443e", "artist": ["John Legend", "Jhen\u00e9 Aiko"], "artistIds": ["5y2Xq6xcjJb2jVM54GHK3t", "5ZS223C6JyBfXasXxrRqOk"], "artistPop": [79, 79], "genres": ["neo soul", "pop", "pop soul", "r&b", "urban contemporary", "alternative r&b", "dance pop", "pop", "pop rap", "r&b", "urban contemporary"]}, "24l5ku1oI5KdZpF0dLDjAd": {"name": "Never Gonna Break My Faith (feat. The Boys Choir of Harlem)", "coverArt": "https://i.scdn.co/image/ab67616d00001e02ee84dd5e536dc8e3457d4f74", "artist": ["Aretha Franklin", "The Boys Choir Of Harlem"], "artistIds": ["7nwUJBm0HE4ZxD3f5cy5ok", "7Cp14KBRtDwGucKNPUyT11"], "artistPop": [73, 41], "genres": ["classic soul", "jazz blues", "memphis soul", "soul", "southern soul", "children's choir"]}, "5tZj5XVGeTRpuo3iC3ZndS": {"name": "I JUST WANNA LIVE", "coverArt": "https://i.scdn.co/image/ab67616d00001e02b1abaa17390177b6c7a326b3", "artist": ["Keedron Bryant"], "artistIds": ["2l5DDUyyMSmNBLCSa0BIIX"], "artistPop": [27], "genres": []}, "4KyCV8JfbknCNM9MqiuKMv": {"name": "MOVIN' DIFFERENT (feat. McClenney)", "coverArt": "https://i.scdn.co/image/ab67616d00001e02323bef80b5c1857cb4ef13e6", "artist": ["McClenney", "Wale"], "artistIds": ["44drVL4jbdo6T6llD5cMgx", "67nwj3Y5sZQLl72VNUHEYE"], "artistPop": [46, 74], "genres": ["alternative r&b", "chill r&b", "indie r&b", "indie soul", "neo r&b", "dance pop", "gangster rap", "hip hop", "pop", "pop rap", "r&b", "rap", "southern hip hop", "trap", "urban contemporary"]}, "6q2uIyLqASSpv2SIv2ehWK": {"name": "VACATION", "coverArt": "https://i.scdn.co/image/ab67616d00001e027e3d8ef3fa99af77466d8da6", "artist": ["Tyga"], "artistIds": ["5LHRHt1k9lMyONurDHEdrp"], "artistPop": [84], "genres": ["dance pop", "hip hop", "pop rap", "rap", "southern hip hop", "trap"]}, "4Hpib09wXgD84w4uwTPnYD": {"name": "Tap In", "coverArt": "https://i.scdn.co/image/ab67616d00001e02a2e401d7c502d86ae39e5278", "artist": ["Saweetie"], "artistIds": ["6cK3NBO6uP7hh0oyuVELFl"], "artistPop": [80], "genres": ["cali rap", "dance pop", "pop", "pop rap", "trap queen"]}, "0hRRNHeSZv2x6pHCcXPAct": {"name": "Experience", "coverArt": "https://i.scdn.co/image/ab67616d00001e0292831b64fb790c59a9a4d4a6", "artist": ["Victoria Mon\u00e9t", "Khalid", "SG Lewis"], "artistIds": ["63XBtGSEZINSyXylZxEUbv", "6LuN9FCkKOj5PcnpouEgny", "0GG2cWaonE4JPrjcCCQ1EG"], "artistPop": [64, 88, 67], "genres": ["alternative r&b", "chill r&b", "dance pop", "indie r&b", "pop", "pop r&b", "pop rap", "post-teen pop", "r&b", "urban contemporary", "pop", "pop r&b", "alternative r&b", "indie soul", "new french touch", "uk dance", "vapor soul"]}, "2UO9EmjBqFD6cxzlsv6z2v": {"name": "Mi Ni\u00f1a", "coverArt": "https://i.scdn.co/image/ab67616d00001e02a4b78ad2e1d0340a9b488929", "artist": ["Ozuna"], "artistIds": ["1i8SpTcr7yvPOmcqrbnVXY"], "artistPop": [88], "genres": ["latin", "puerto rican pop", "reggaeton", "trap latino"]}, "6c6Pr4ALb2SD7j7UnS5YDE": {"name": "VIDA LOCA", "coverArt": "https://i.scdn.co/image/ab67616d00001e025a7f21dad5c796d719650972", "artist": ["Black Eyed Peas", "Nicky Jam", "Tyga"], "artistIds": ["1yxSLGMDHlW21z4YXirZDS", "1SupJlEpv7RS2tPNRaHViT", "5LHRHt1k9lMyONurDHEdrp"], "artistPop": [82, 87, 84], "genres": ["dance pop", "pop", "pop rap", "latin", "latin hip hop", "reggaeton", "trap latino", "dance pop", "hip hop", "pop rap", "rap", "southern hip hop", "trap"]}, "0FPHRvnUyTNEWuZl2U95fL": {"name": "What You Want", "coverArt": "https://i.scdn.co/image/ab67616d00001e02dd4fa23c6a3f1f19272405a6", "artist": ["Blinkie"], "artistIds": ["0nJcDqY6ox4kHB92AuRA8j"], "artistPop": [58], "genres": ["deep groove house", "house", "pop dance", "uk dance"]}, "1b2C65g0kgbybIAeKCxRYl": {"name": "DREAMER", "coverArt": "https://i.scdn.co/image/ab67616d00001e02fad626833e9d2bbc6a02e794", "artist": ["Trippie Redd"], "artistIds": ["6Xgp2XMz1fhVYe7i6yNAax"], "artistPop": [88], "genres": ["melodic rap", "rap", "trap"]}, "35xfdt09S3b0jOy7fThk69": {"name": "Not Alright", "coverArt": "https://i.scdn.co/image/ab67616d00001e02611d2454b74701eb02dc9ce6", "artist": ["Pink Sweat$"], "artistIds": ["1W7FNibLa0O0b572tB2w7t"], "artistPop": [75], "genres": ["bedroom soul", "pop"]}, "3pk8pThFHSD1fjISYCGWeI": {"name": "My People", "coverArt": "https://i.scdn.co/image/ab67616d00001e027ed69e55c954ad2e498e658c", "artist": ["Amber Mark"], "artistIds": ["0tbeZu9lv8YEKSQ9tZSslu"], "artistPop": [63], "genres": ["alternative r&b", "indie r&b", "indie soul", "neo soul", "nyc pop"]}, "5HKFXkUZGiYknm8fhFkpPE": {"name": "Ginger Me", "coverArt": "https://i.scdn.co/image/ab67616d00001e0224a07449b290f38f3e1a0665", "artist": ["Rema"], "artistIds": ["46pWGuE3dSwY3bMMXGBvVS"], "artistPop": [67], "genres": []}, "44wbg5P53VGNBCtg9nxYtm": {"name": "End Of The Wicked (feat. Octavian)", "coverArt": "https://i.scdn.co/image/ab67616d00001e02cf7a769b21b9b13db41eda06", "artist": ["Cruel Santino", "Octavian"], "artistIds": ["15GgEOJiFyjQm4tZ4D7qih", "5zfEatKLDdRkgbw6sdLBAQ"], "artistPop": [49, 62], "genres": ["alte", "nigerian pop", "uk alternative hip hop", "afroswing", "london rap", "uk alternative hip hop", "uk hip hop"]}, "2jZx9wy7JVYYF2Yxe6fUNl": {"name": "Lions & Eagles (feat. Meek Mill)", "coverArt": "https://i.scdn.co/image/ab67616d00001e0292ef9f9e9d6c062260c40191", "artist": ["Tee Grizzley", "Meek Mill"], "artistIds": ["6AUl0ykLLpvTktob97x9hO", "20sxb77xiYeusSH8cVdatc"], "artistPop": [70, 80], "genres": ["detroit hip hop", "detroit trap", "hip hop", "rap", "southern hip hop", "trap", "hip hop", "philly rap", "pop rap", "rap", "southern hip hop", "trap"]}, "64OpsXJO3i5nebXQFPBFp7": {"name": "Like That Bitch", "coverArt": "https://i.scdn.co/image/ab67616d00001e028556bbdd997048f48ff91be8", "artist": ["Flo Milli"], "artistIds": ["08PvCOlef4xdOr20jFSTPd"], "artistPop": [69], "genres": ["dance pop", "pop", "pop rap", "r&b", "social media pop", "viral rap"]}, "0Qj5ggoKoEbeVceI8ERsBO": {"name": "Big Dawg (feat. Rick Ross)", "coverArt": "https://i.scdn.co/image/ab67616d00001e0275a7ea05353b188acba3333f", "artist": ["Smokepurpp", "Rick Ross"], "artistIds": ["21dooacK2WGBB5amYvKyfM", "1sBkRIssrMs1AbVkOJbc7a"], "artistPop": [66, 81], "genres": ["dark trap", "melodic rap", "meme rap", "miami hip hop", "rap", "southern hip hop", "trap", "underground hip hop", "vapor trap", "dirty south rap", "gangster rap", "hip hop", "pop rap", "rap", "southern hip hop", "trap"]}, "60eZwR3BMCP2yVkUBsD69O": {"name": "6locc 6a6y (feat. NLE Choppa) - Remix", "coverArt": "https://i.scdn.co/image/ab67616d00001e02c0e875afd1b7d3c86c5d5014", "artist": ["Lil Loaded", "NLE Choppa"], "artistIds": ["7scapvSjZLSm0fBgqGM0Mn", "0ErzCpIMyLcjPiwT4elrtZ"], "artistPop": [66, 77], "genres": ["dfw rap", "memphis hip hop"]}, "4s0AWdpGS0Bc3kVgNBp2kk": {"name": "Still Remember (feat. Pooh Shiesty)", "coverArt": "https://i.scdn.co/image/ab67616d00001e02984d6addcf009e8c50a600ac", "artist": ["Gucci Mane", "Pooh Shiesty"], "artistIds": ["13y7CgLHjMVRMDqxdx0Xdo", "5F1aAS1duwlzExnPs3l2Xe"], "artistPop": [79, 76], "genres": ["atl hip hop", "dirty south rap", "gangster rap", "hip hop", "pop rap", "rap", "southern hip hop", "trap", "memphis hip hop", "rap", "tennessee hip hop", "trap"]}, "7unBeez1kOFW4NyfxVPXfG": {"name": "Right Or Wrong (feat. Lil Uzi Vert)", "coverArt": "https://i.scdn.co/image/ab67616d00001e02b6b6bb39db8752b5103fefb7", "artist": ["Shy Glizzy", "Lil Uzi Vert"], "artistIds": ["1DvtabXAjfrMihPP6JQdHs", "4O15NlyKLIASxsJ0PrXPfz"], "artistPop": [64, 88], "genres": ["dmv rap", "drill", "rap", "southern hip hop", "trap", "vapor trap", "melodic rap", "philly rap", "rap", "trap"]}, "2hLKbvEQ5OdPcn8XPoSRjq": {"name": "RASCAL (feat. Young Thug)", "coverArt": "https://i.scdn.co/image/ab67616d00001e022515e5265031269f19db712d", "artist": ["RMR", "Young Thug"], "artistIds": ["0j1Pwmd6nuk0BXD1RqoHDw", "50co4Is1HCEo8bhOyUWKpn"], "artistPop": [49, 88], "genres": ["atl hip hop", "atl trap", "gangster rap", "hip hop", "melodic rap", "pop rap", "rap", "trap"]}, "13phZLicH5eqKJsr1b9pI9": {"name": "Real Men Don't Cry", "coverArt": "https://i.scdn.co/image/ab67616d00001e02c0493a803e6be13a9ef337df", "artist": ["BRELAND"], "artistIds": ["0C86lmpnwiyLDUiyo4d0P1"], "artistPop": [65], "genres": ["contemporary country"]}, "7sMoGNd6xOM7CD1WdFRWBQ": {"name": "Good Love", "coverArt": "https://i.scdn.co/image/ab67616d00001e02bf89196c6dc3e2fb28b811e7", "artist": ["Shy Carter"], "artistIds": ["7JZafQsN8syJ9agEtcyP4V"], "artistPop": [50], "genres": []}, "2CyzCewZZ1ilsGDClxWuA0": {"name": "sweet thing", "coverArt": "https://i.scdn.co/image/ab67616d00001e020287c0596708d0ef57e98330", "artist": ["Dijon"], "artistIds": ["0knGpCTbmG4ctl1wzYRZs4"], "artistPop": [55], "genres": ["alternative r&b", "bedroom soul", "chill r&b", "indie r&b"]}, "3gbJ3iNa2CEPcuRb3ukfNa": {"name": "Bouncin", "coverArt": "https://i.scdn.co/image/ab67616d00001e02e13be92f34729fcdcd87f145", "artist": ["KYLE"], "artistIds": ["4qBgvVog0wzW75IQ48mU7v"], "artistPop": [70], "genres": ["pop rap", "rap", "social media pop"]}, "52XxS5bVvAr1AAtcvADPDi": {"name": "Vacant Heart (feat. Big4Keezy)", "coverArt": "https://i.scdn.co/image/ab67616d00001e02919e42339a81ac4f25c3e605", "artist": ["StaySolidRocky", "Big4Keezy"], "artistIds": ["1XLWox9w1Yvbodui0SRhUQ", "25ERQzsKhPadf61ze3EJxm"], "artistPop": [65, 22], "genres": ["melodic rap"]}, "3T3SeUjR8NhTzSE3NSDxkK": {"name": "Move Like a Boss (feat. Young M.A)", "coverArt": "https://i.scdn.co/image/ab67616d00001e029a3327bd9cf5c77ecdda6a68", "artist": ["Fivio Foreign", "Young M.A"], "artistIds": ["14CHVeJGrR5xgUGQFV5BVM", "7LvoDJUNGnOrPdGRzVtOJ9"], "artistPop": [75, 67], "genres": ["brooklyn drill", "new york drill", "rap", "trap", "lgbtq+ hip hop", "nyc rap", "pop rap", "rap", "trap"]}, "2M9BsoRrFxPTR0K3ia3TUK": {"name": "Count A Million (feat. Lil Uzi Vert)", "coverArt": "https://i.scdn.co/image/ab67616d00001e02318d545b6368dc3e6130f3e7", "artist": ["NoCap", "Lil Uzi Vert"], "artistIds": ["4PNHuWkk4ee6R8WEhFVPf5", "4O15NlyKLIASxsJ0PrXPfz"], "artistPop": [64, 88], "genres": ["alabama rap", "atl trap", "trap", "melodic rap", "philly rap", "rap", "trap"]}, "12sXX3cUzBCpwjIzqBYIw1": {"name": "Addiction", "coverArt": "https://i.scdn.co/image/ab67616d00001e029cc0a98ec10be5636ada4330", "artist": ["Emanuel"], "artistIds": ["4Dj6yFk1Y4v6J4jZyhtrZ7"], "artistPop": [49], "genres": ["alternative r&b", "canadian contemporary r&b", "indie r&b"]}, "20sPcK5mv6O1mtdr3DfWab": {"name": "Million Days", "coverArt": "https://i.scdn.co/image/ab67616d00001e02c290fc6614c21c1ed4ef18d2", "artist": ["Justine Skye"], "artistIds": ["0jUQSUOcM7lxVn5eVGTkzQ"], "artistPop": [59], "genres": ["alternative r&b", "chill r&b", "indie r&b", "pop", "pop r&b", "post-teen pop", "r&b", "urban contemporary"]}, "35Q5ldq74wOaAErCmL9OQZ": {"name": "Grandad", "coverArt": "https://i.scdn.co/image/ab67616d00001e020e88731e39d7d794c8202adf", "artist": ["NSG"], "artistIds": ["31Ua7zSTJxegjyd49ujbSA"], "artistPop": [62], "genres": ["afro dancehall", "afroswing", "uk dancehall", "uk hip hop"]}, "1Kcb0B4iDkaIqNE1NKdzcF": {"name": "Melanin", "coverArt": "https://i.scdn.co/image/ab67616d00001e02c260e3151b68426668efc863", "artist": ["Ebenezer"], "artistIds": ["2vik8lyw8WiALKMJK7C3hn"], "artistPop": [49], "genres": ["trap soul", "uk hip hop"]}, "7CjEs2mTR1d0397dJL0NXZ": {"name": "mercy", "coverArt": "https://i.scdn.co/image/ab67616d00001e02a42e0ebbd80d82570bcff633", "artist": ["Joy Oladokun", "Tim Gent"], "artistIds": ["7rrTqtOUOwva4sgTx9C9F9", "3zt7KD1sd6pwQ3PgWPZiln"], "artistPop": [58, 28], "genres": ["indie cafe pop", "indie folk", "indiecoustica", "la pop", "nashville hip hop"]}, "2Fg1vbpVdHQFBvfl39ummf": {"name": "American Spirit Blues", "coverArt": "https://i.scdn.co/image/ab67616d00001e02284f9042272bdf3ddcef7a11", "artist": ["Houston Kendrick"], "artistIds": ["2hnHKdQbmx3mjqgLOSna79"], "artistPop": [27], "genres": ["nashville hip hop"]}, "3PlzW6Y96xvzjeXbyXaIqA": {"name": "Count Me In", "coverArt": "https://i.scdn.co/image/ab67616d00001e02427a2dacdd1d7ad213d96415", "artist": ["THEY."], "artistIds": ["0pghUohLPptZWBasy2wmUx"], "artistPop": [60], "genres": ["alternative r&b", "pop", "pop r&b", "pop rap", "r&b", "trap soul", "underground hip hop"]}, "1k9MIdBQbsEyUZmeYD16gk": {"name": "Freezing", "coverArt": "https://i.scdn.co/image/ab67616d00001e022375e8115ce1dfb1be8cf612", "artist": ["Bren Joy"], "artistIds": ["4vZ5UD5pIliRPSdHHj9EUp"], "artistPop": [53], "genres": ["alternative r&b", "chill r&b", "indie r&b"]}, "5EEVGQgVhC8yPQLwc83hP4": {"name": "Black Excellence", "coverArt": "https://i.scdn.co/image/ab67616d00001e02d915a1dec2d6685602cc1f9c", "artist": ["Kamaiyah"], "artistIds": ["3XVpDdKav6C6zwlDXPhMEO"], "artistPop": [56], "genres": ["cali rap", "oakland hip hop", "west coast trap"]}, "6VbIMwO4NDU87wtO1I7AVj": {"name": "FWU (feat. Eric Bellinger)", "coverArt": "https://i.scdn.co/image/ab67616d00001e029000b3b658f760062a0f87d0", "artist": ["Joe Moses", "Eric Bellinger"], "artistIds": ["54QA4zjZDOyaLN8bVthBjP", "7ibAWtDtmEfaVhc1FJ3Vl9"], "artistPop": [54, 69], "genres": ["cali rap", "trap", "west coast trap", "pop", "pop r&b", "pop rap", "r&b", "rap", "urban contemporary"]}, "7ycr7615mdmZRt2paEWfSb": {"name": "Give Me 6", "coverArt": "https://i.scdn.co/image/ab67616d00001e0251cc18438fe4e1ccde0c01d8", "artist": ["E-40"], "artistIds": ["3crnzLy8R4lVwaigKEOz7V"], "artistPop": [69], "genres": ["cali rap", "gangster rap", "hip hop", "hyphy", "oakland hip hop", "pop rap", "rap", "southern hip hop", "trap", "west coast rap"]}, "1d2UEAAIZzphYWMdLh6fPP": {"name": "First Mission", "coverArt": "https://i.scdn.co/image/ab67616d00001e02b654c4e6428791d51ce453e2", "artist": ["Blueface"], "artistIds": ["3Fl1V19tmjt57oBdxXKAjJ"], "artistPop": [75], "genres": ["cali rap", "trap"]}, "46w9KXJ4UhZ6GHmZEm77bo": {"name": "Brand New (feat. King Von)", "coverArt": "https://i.scdn.co/image/ab67616d00001e02527e9632a748b2aef521c509", "artist": ["Calboy", "King Von"], "artistIds": ["0HkcYmcjrBR3SCw9Ld5VZk", "6QtgPSJPSzcnn7dPZ4VINp"], "artistPop": [63, 76], "genres": ["chicago rap", "melodic rap", "rap", "trap", "vapor trap", "chicago rap"]}, "02cp09ya5VvH4TLTVtx3bM": {"name": "How To Love", "coverArt": "https://i.scdn.co/image/ab67616d00001e0242ec6111e0216806a53c8252", "artist": ["Luh Kel"], "artistIds": ["24CgJHK6T7C5OmUbiLLMjJ"], "artistPop": [65], "genres": ["pop r&b", "st louis rap"]}, "5yXPiEReqyIdDf3BviDNjz": {"name": "Freaky (feat. Poundz & Dappy)", "coverArt": "https://i.scdn.co/image/ab67616d00001e02451cd309be67fac6bd7516a4", "artist": ["Swarmz", "Poundz", "Dappy"], "artistIds": ["2yPprAQlrIQWu60g09B9MZ", "2jItxZsB8PA3vday7b0RLT", "4q6hTJmeYXCwp0ivdtoSWA"], "artistPop": [60, 50, 61], "genres": ["uk hip hop", "uk drill", "uk hip hop", "grime", "uk hip hop"]}, "7BghVXfFshkZ07LNeBLkdS": {"name": "Loko", "coverArt": "https://i.scdn.co/image/ab67616d00001e02297365615c1220245db6bbfd", "artist": ["Skales", "Walshy Fire"], "artistIds": ["1ixqGowpDM21RwyJmJ7hpv", "3yJLZoq3Ra2VmSW5teVgih"], "artistPop": [49, 50], "genres": ["afro dancehall", "afropop", "azontobeats", "nigerian hip hop", "nigerian pop", "instrumental funk"]}, "3CGXClJ6703GVd4nF2SSQP": {"name": "Lift Your Energy", "coverArt": "https://i.scdn.co/image/ab67616d00001e02c25655226c0faf159143915b", "artist": ["Eden Prince"], "artistIds": ["31Eea8xaK1xAMyJy2iWE0z"], "artistPop": [56], "genres": ["dance pop", "deep groove house", "house"]}, "2SWj4Ga46kdxNvDoDVlUQT": {"name": "Friends", "coverArt": "https://i.scdn.co/image/ab67616d00001e02a7e8d2647c863f239dc46e52", "artist": ["Lil Halima"], "artistIds": ["1vOh8jgNLFHFxMY8i0lEKr"], "artistPop": [36], "genres": ["norwegian pop"]}, "3YmTTULju4GaSlnkizJPrq": {"name": "Summer", "coverArt": "https://i.scdn.co/image/ab67616d00001e02519ba535b9a00b0e17d7197d", "artist": ["Simpson"], "artistIds": ["0uaV2JpwdbHof3chjM8sow"], "artistPop": [39], "genres": []}, "4CEqDmkqD7illXHuym76V6": {"name": "Take Me Away", "coverArt": "https://i.scdn.co/image/ab67616d00001e029ee418f09ed43e1c433e2fba", "artist": ["Ayron Jones"], "artistIds": ["1iEaqWaYpKo9x0OrEq7Q7z"], "artistPop": [46], "genres": ["modern hard rock", "seattle indie"]}, "0DUIKrnc7LaYEz54Ysztk2": {"name": "State Of The Union (STFU) - Main", "coverArt": "https://i.scdn.co/image/ab67616d00001e021039422b1280ac2ea5feef7e", "artist": ["Public Enemy"], "artistIds": ["6Mo9PoU6svvhgEum7wh2Nd"], "artistPop": [58], "genres": ["conscious hip hop", "east coast hip hop", "gangster rap", "golden age hip hop", "hardcore hip hop", "hip hop", "old school hip hop", "political hip hop", "rap"]}, "6oC8HA4F4w0XXqhUvVDEe0": {"name": "Mister Holland", "coverArt": "https://i.scdn.co/image/ab67616d00001e024cfb54b3b65dd79826d022d0", "artist": ["Gregory Porter"], "artistIds": ["06nevPmNVfWUXyZkccahL8"], "artistPop": [62], "genres": ["adult standards", "contemporary vocal jazz", "jazz pop", "neo soul", "soul", "vocal jazz"]}, "6DTJgb33ibZl2pElkWqUfm": {"name": "Fix Me (Acoustic Sketch)", "coverArt": "https://i.scdn.co/image/ab67616d00001e02ac5f5230a3aeb5cf63b7b0c5", "artist": ["rum.gold"], "artistIds": ["4mErKO4g29SXtBwj4S80aB"], "artistPop": [50], "genres": ["alternative r&b", "chill r&b", "indie r&b"]}, "0Qvi9i1pX4QGUZNBr3aKFv": {"name": "When?", "coverArt": "https://i.scdn.co/image/ab67616d00001e02006ec8595e83581508473e2b", "artist": ["Hemi Moore"], "artistIds": ["0VGAbfIRRpVSMmDHPHVppe"], "artistPop": [30], "genres": []}, "3uIEXhEy0PWXWW4Lfo804E": {"name": "Pleasantville", "coverArt": "https://i.scdn.co/image/ab67616d00001e02c891dd4f8542c9b91620610e", "artist": ["Jozzy"], "artistIds": ["6Ja6zFB5d7XRihhfMo6KzY"], "artistPop": [40], "genres": []}, "0ojNk5JVukyByGIps1Sw42": {"name": "Melanated", "coverArt": "https://i.scdn.co/image/ab67616d00001e021b3773ec8910299a5fedbd4c", "artist": ["Katori Walker"], "artistIds": ["2ODTjg0iTHX1QxBeRNI6nT"], "artistPop": [42], "genres": ["cali rap"]}, "5SwW7s3jigxgom0zORQla5": {"name": "Red Light feat. Smoove\u2019L", "coverArt": "https://i.scdn.co/image/ab67616d00001e02c7b06f16e7635f05570da862", "artist": ["Casanova", "Smoove'L"], "artistIds": ["6dXsR7VDJvXnF1LTZlwULx", "6FheakPfcCNN0NeROtOKeQ"], "artistPop": [52, 50], "genres": ["brooklyn drill", "nyc rap", "brooklyn drill", "new york drill"]}, "0meSiee6cdYq8O0OG6GPHp": {"name": "Receipts", "coverArt": "https://i.scdn.co/image/ab67616d00001e0222493ff59aebe8b3c7ec2841", "artist": ["Fredo Bang"], "artistIds": ["4yTmEo2clwWq2jwelvqgVv"], "artistPop": [63], "genres": ["baton rouge rap", "southern hip hop", "trap"]}, "0QBJy6PQVeMArgfUx0ROGg": {"name": "Fortune Cookie", "coverArt": "https://i.scdn.co/image/ab67616d00001e02ded211a47b44d2f69f3346e2", "artist": ["Pi\u2019erre Bourne"], "artistIds": ["3x3jSlhyv5CiCZDZlaTq0M"], "artistPop": [68], "genres": ["hip hop", "melodic rap", "rap", "trap", "underground hip hop", "vapor trap"]}, "1EVRupGw8aBQQGKDrhJcox": {"name": "Very Begin (feat. Future & Lil Wookie)", "coverArt": "https://i.scdn.co/image/ab67616d00001e02d3e0d13b0ac824c44a0af6db", "artist": ["Guap Tarantino", "Future", "Lil Wookie"], "artistIds": ["6nhrSIBO7uf6WWFkmkrQkf", "1RyvyyTE3xzB2ZywiAwp0i", "7sbMcqEcFxaPQgmAh0Z552"], "artistPop": [31, 89, 16], "genres": ["atl trap", "atl hip hop", "pop rap", "rap", "southern hip hop", "trap"]}, "7Byf5f3aePharCOMqbv4bC": {"name": "Hallucinogen (Trippin')", "coverArt": "https://i.scdn.co/image/ab67616d00001e02ac7231e92b80e35df3afd6b4", "artist": ["Ncognita"], "artistIds": ["5cbFRX9vfBg6rtjN1V0VTI"], "artistPop": [24], "genres": ["indie hip hop"]}, "1mghOxgnrs8mWTSMWbFREf": {"name": "Run Away", "coverArt": "https://i.scdn.co/image/ab67616d00001e022b57246c2cdc192e1d3645df", "artist": ["Kierra Luv", "iann dior"], "artistIds": ["43ISMgWvv7dp1psp30iGbC", "6ASri4ePR7RlsvIQgWPJpS"], "artistPop": [26, 82], "genres": ["trap queen", "melodic rap", "pop rap"]}, "1LhLHrblCxK9p3X59Vb2lM": {"name": "Lucky", "coverArt": "https://i.scdn.co/image/ab67616d00001e0220b95eb74c39b24dcd832282", "artist": ["Tiana Major9"], "artistIds": ["1Naqgo0HMRoumRP0e2MXD9"], "artistPop": [55], "genres": ["alternative r&b", "chill r&b", "indie r&b", "r&b", "uk contemporary r&b"]}, "4dLeJxtvkCIHEJoiLVCqd0": {"name": "Tired", "coverArt": "https://i.scdn.co/image/ab67616d00001e025e1fb7ec1c23467e9395eff2", "artist": ["Shirazee"], "artistIds": ["3yZDwFnQlK2pgG8hu5knnu"], "artistPop": [39], "genres": ["afro r&b"]}, "0MuyhT3nN12w71WurEWSTN": {"name": "Jealous", "coverArt": "https://i.scdn.co/image/ab67616d00001e023e296bfba0782a60831fd712", "artist": ["Khamari"], "artistIds": ["6kmDosYCYjFQtywDq0DLPZ"], "artistPop": [39], "genres": ["indie r&b"]}, "3mc06JBDj8LqEn6gW8XKXv": {"name": "Until I Say So (feat. Westside Gunn)", "coverArt": "https://i.scdn.co/image/ab67616d00001e02033a7750b86b463a8fd57ca2", "artist": ["Shantel May", "Westside Gunn"], "artistIds": ["3dLvESWiG5LWozJmdvk6D0", "0ABk515kENDyATUdpCKVfW"], "artistPop": [32, 65], "genres": ["indie r&b", "pop r&b", "alternative hip hop", "boom bap", "buffalo hip hop", "hip hop", "rap", "underground hip hop", "upstate ny rap"]}, "6eRHtYmAW05H13SURU7Hqf": {"name": "Forever", "coverArt": "https://i.scdn.co/image/ab67616d00001e0216f2c1272d36c6d8e28f9792", "artist": ["Starchild & The New Romantic", "London O'Connor"], "artistIds": ["3JZZpDHgo1WxBrxuleA3Ab", "4xYnPQl897g8ZENbNI04VB"], "artistPop": [29, 26], "genres": ["experimental r&b"]}, "41H02S5y3YHFKncssAuogI": {"name": "We Are One", "coverArt": "https://i.scdn.co/image/ab67616d00001e0253e81e3c720831ee44ea24e3", "artist": ["The War and Treaty"], "artistIds": ["6HhV0jtMMK5HYnYgG0xgtz"], "artistPop": [48], "genres": ["funk", "new americana", "roots rock"]}, "15REw9T9japDKAWH8yK0fR": {"name": "The Band (feat. Liv.e)", "coverArt": "https://i.scdn.co/image/ab67616d00001e023796ed94da4844a768ed8268", "artist": ["Black Noi$e", "Liv.e"], "artistIds": ["647PD9VO8BRYqib1oRPDfA", "0YCL71Clky5els6NireSBP"], "artistPop": [30, 46], "genres": ["experimental house", "alternative r&b", "experimental hip hop", "indie jazz", "indie r&b", "indie soul"]}, "6EBgM0micrBcM8HSbI1kIa": {"name": "live and die in la", "coverArt": "https://i.scdn.co/image/ab67616d00001e02af2fa1f5d8893206272a49fa", "artist": ["SEB"], "artistIds": ["7oPxPZSk7y5q0fhzpmX5Gi"], "artistPop": [64], "genres": []}, "5mdgkLwmUh20bcj0O6i709": {"name": "Cleat Check", "coverArt": "https://i.scdn.co/image/ab67616d00001e02c8371a086eb60dfe716ab0b6", "artist": ["ALLBLACK", "Rexx Life Raj", "Guapdad 4000"], "artistIds": ["1cutd8e41XvxXnFPOFIxMD", "5rDXcEIODl8TgGTgrntnjX", "0NcPKaSNIHAM2RfioH9vMT"], "artistPop": [55, 59, 62], "genres": ["cali rap", "hyphy", "west coast trap", "alternative r&b", "cali rap", "trap soul", "underground hip hop", "cali rap", "oakland hip hop", "scam rap", "trap soul", "underground hip hop", "vapor trap"]}, "0qBefAUxBFWyNs4XLT7LiS": {"name": "Havin My Way (feat. Vince Staples)", "coverArt": "https://i.scdn.co/image/ab67616d00001e027f638dae44c09096f4cd1e31", "artist": ["Joey Fatts", "Vince Staples"], "artistIds": ["4u4Sj6ODtb8mAZ0wuadeqG", "68kEuyFKyqrdQQLLsmiatm"], "artistPop": [40, 72], "genres": ["underground hip hop", "west coast trap", "conscious hip hop", "escape room", "hip hop", "rap", "underground hip hop"]}, "7ajvbuorZKuzk5A3uQ5Sb8": {"name": "Tongue Out (Treeshin 2)", "coverArt": "https://i.scdn.co/image/ab67616d00001e02265050176984527c87b8bc24", "artist": ["Rah Swish"], "artistIds": ["4FeLiFUPdxVfFo8oOfA4BH"], "artistPop": [59], "genres": ["brooklyn drill", "new york drill", "nyc rap"]}, "7LHdg8zRyjdwiV2RpBKL8x": {"name": "Use You", "coverArt": "https://i.scdn.co/image/ab67616d00001e02578d9d84e93a3791d55b73c4", "artist": ["AWA"], "artistIds": ["0dR988NNn8lrFhXTOxyJfZ"], "artistPop": [56], "genres": ["swedish idol pop"]}, "70r2LIEJ2ebDqy6m7m1e9w": {"name": "BlacKKK Baby", "coverArt": "https://i.scdn.co/image/ab67616d00001e02e9433734e68a4f11a8f72a5b", "artist": ["Anoyd"], "artistIds": ["6zmyeByNsfskQHKnJT0F9L"], "artistPop": [46], "genres": ["deep underground hip hop"]}, "6WxDpUgeW4Zor2Cgdhkr0V": {"name": "BUSSIN (Feat. Smoove'L)", "coverArt": "https://i.scdn.co/image/ab67616d00001e0289b4908ca97376b96d019702", "artist": ["Ron Suno", "Smoove'L"], "artistIds": ["3A63dHvKuavknOcvWVgZA9", "6FheakPfcCNN0NeROtOKeQ"], "artistPop": [51, 50], "genres": ["new york drill", "brooklyn drill", "new york drill"]}, "3dL7qp0No2TZGOwYvZGQcX": {"name": "Wetin You Smoke", "coverArt": "https://i.scdn.co/image/ab67616d00001e02603042c94b177f3f0c7b57dc", "artist": ["Prettyboy D-O", "Olamide"], "artistIds": ["76qtJqxLY1aXEPHxAJui7y", "4ovtyvs7j1jSmwhkBGHqSr"], "artistPop": [36, 62], "genres": ["alte", "nigerian pop", "afro dancehall", "afropop", "azonto", "azontobeats", "nigerian hip hop", "nigerian pop"]}, "1LfqzX9IZ9sosa60nG4byU": {"name": "Glory / Stranger", "coverArt": "https://i.scdn.co/image/ab67616d00001e0208d36d3a1a3410f06ddeb09f", "artist": ["The Fisk Jubilee Singers", "Derek Minor", "Shannon Sanders"], "artistIds": ["0UGSKGxAJfltNONQ4AtETL", "3fn8lZLy7Q61AXCWWPYC4B", "44DNDJwAygYFhD3Pd7jOuI"], "artistPop": [54, 52, 17], "genres": ["spirituals", "vintage gospel", "vocal harmony group", "christian hip hop", "christian trap"]}, "093KMwH96ZwZRZn2lKoX9Z": {"name": "Sophia", "coverArt": "https://i.scdn.co/image/ab67616d00001e02fc60c15de4f7a31401e9bcb1", "artist": ["Juke Ross"], "artistIds": ["3mDo5Nv0SWpslJe9HzA2xY"], "artistPop": [57], "genres": ["guyanese pop", "indie anthem-folk", "indie cafe pop"]}, "6j8Gt38Q03oMTSXr8O8WCR": {"name": "Fight Like Ida B & Marsha P", "coverArt": "https://i.scdn.co/image/ab67616d00001e0288409bb4205f926fdbfe0260", "artist": ["Ric Wilson"], "artistIds": ["34zbMuAgXxsgqnGXSxWvCR"], "artistPop": [45], "genres": ["psychedelic hip hop"]}, "165rydBPso531qYTJmDDsh": {"name": "Hollup (feat. Moneybagg Yo, Tay Keith)", "coverArt": "https://i.scdn.co/image/ab67616d00001e02e0153950804068e8273c93ab", "artist": ["3ohBlack", "Moneybagg Yo", "Tay Keith"], "artistIds": ["1mnnmVJeUTNfWdDx0gVIQT", "3tJoFztHeIJkJWMrx0td2f", "5xkFVS6IwwgHEAaRzXc9U3"], "artistPop": [47, 79, 60], "genres": ["dmv rap", "hip hop", "memphis hip hop", "rap", "southern hip hop", "tennessee hip hop", "trap", "memphis hip hop"]}, "6VzHhvJUSodnnIZk49fr7Y": {"name": "Angry Black Woman", "coverArt": "https://i.scdn.co/image/ab67616d00001e0290620c817c819b1fc7ddeddf", "artist": ["Terry Ellis"], "artistIds": ["3VLPKOMqpsbmC1D2auAXR7"], "artistPop": [20], "genres": []}, "2upHZJsLDRAbJhsuwIzQCh": {"name": "Black Man", "coverArt": "https://i.scdn.co/image/ab67616d00001e027fe8613591065bfbde846655", "artist": ["Frisco"], "artistIds": ["1AKNroq6zJX4DlJaA0dcKw"], "artistPop": [48], "genres": ["grime", "uk alternative hip hop", "uk hip hop"]}, "4Gjl5ze9tS7bSTKyWrEMPy": {"name": "6 Million Ways", "coverArt": "https://i.scdn.co/image/ab67616d00001e02c05d44dcaa56bec9d2417068", "artist": ["Kemba"], "artistIds": ["0oZASNXz7lmZGoXFh8GnZM"], "artistPop": [43], "genres": ["alternative hip hop"]}, "0ThyB2K82z0RddR55xUsvr": {"name": "Change", "coverArt": "https://i.scdn.co/image/ab67616d00001e02c36129645ce000148ab9c636", "artist": ["Black Fortune"], "artistIds": ["5kEIoxHSPy9qHJqgR2Ng5Z"], "artistPop": [37], "genres": ["dmv rap", "vapor trap"]}, "5XU3apCsV5QbpXxuvifsM1": {"name": "Every Time", "coverArt": "https://i.scdn.co/image/ab67616d00001e02b7aca98e404118e5e674f157", "artist": ["Ralo"], "artistIds": ["6Z99p0M73gzZSHQ1FlonCi"], "artistPop": [44], "genres": ["atl trap", "deep southern trap", "houston rap", "trap"]}, "5ykI8wLQhW5OM9JxEpWLyV": {"name": "R8", "coverArt": "https://i.scdn.co/image/ab67616d00001e02108534583e658ff410f39cad", "artist": ["Jay Gwuapo", "KJ Balla"], "artistIds": ["5qrzeukNCU5ixZH3LhQi2j", "4sfOIkcXQ4ygE65tkwrsI2"], "artistPop": [51, 41], "genres": ["brooklyn drill", "nyc rap", "nyc rap"]}, "1Y6ehc56BrArQje3OSpc7q": {"name": "Orange", "coverArt": "https://i.scdn.co/image/ab67616d00001e0232b75d77571f3e343e7cb93f", "artist": ["Malik"], "artistIds": ["3kOQ7t9MH5gt289CcfWZUW"], "artistPop": [21], "genres": []}, "4DrMp7Rs7FqxM0U2pXlwrv": {"name": "Sing Me A Lullabye", "coverArt": "https://i.scdn.co/image/ab67616d00001e027bf9b52be2eb89b8d245fd26", "artist": ["Sherman's Showcase", "VIC MENSA", "Phonte"], "artistIds": ["2T0NQrOkUNNhU7nRkOPUbu", "27w1NoOLMX7tJMYqcetPyG", "5SyCTZ8X8YQCI0J1VRp4iC"], "artistPop": [21, 64, 49], "genres": ["chicago rap", "conscious hip hop", "hip hop", "pop rap", "rap", "trap", "underground hip hop", "alternative hip hop", "hip hop", "neo r&b", "neo soul", "north carolina hip hop"]}}