{"1H7KnK26kc1YyellpbINEn": {"name": "The Woo (feat. 50 Cent & Roddy Ricch)", "coverArt": "https://i.scdn.co/image/ab67616d00001e0277ada0863603903f57b34369", "artist": ["Pop Smoke", "50 Cent", "Roddy Ricch"], "artistIds": ["0eDvMgVFoNV3TpwtrVCoTj", "3q7HBObVc0L8jNeTe5Gofh", "757aE44tKEUQEqRuT6GnEB"], "artistPop": [89, 82, 83], "genres": ["brooklyn drill", "east coast hip hop", "gangster rap", "hip hop", "pop rap", "queens hip hop", "rap", "melodic rap", "rap", "trap"]}, "7mEUjhl6aTztdHCrxoTgBG": {"name": "Wash Us In The Blood", "coverArt": "https://i.scdn.co/image/ab67616d00001e022b2de7835bc93f1e368cee6d", "artist": ["Kanye West", "Travis Scott"], "artistIds": ["5K4W6rqBFWDnAN6FQUkS6x", "0Y5tJX1MQlPlqiwlOH1tJY"], "artistPop": [97, 91], "genres": ["chicago rap", "rap", "rap", "slap house"]}, "4JB0EAT4BkLShTyTt50FmO": {"name": "Ego Death (feat. Kanye West, FKA twigs & Skrillex)", "coverArt": "https://i.scdn.co/image/ab67616d00001e02ccfc6b9de3df4140a7c7e03f", "artist": ["Ty Dolla $ign", "FKA twigs", "Skrillex", "Kanye West"], "artistIds": ["7c0XG5cIJTrrAgEC3ULPiq", "6nB0iY1cjSY1KyhYyuIIKH", "5he5w2lnU9x7JFhnwcekXX", "5K4W6rqBFWDnAN6FQUkS6x"], "artistPop": [87, 64, 83, 97], "genres": ["hip hop", "pop", "pop rap", "r&b", "trap", "trap soul", "afrofuturism", "alternative r&b", "art pop", "dance pop", "escape room", "experimental r&b", "pop", "trip hop", "brostep", "complextro", "edm", "electro", "chicago rap", "rap"]}, "2ccNaerby1wXA993dY6XsR": {"name": "if this is the last time", "coverArt": "https://i.scdn.co/image/ab67616d00001e028d32e5f927fdb4032c2c32a0", "artist": ["LANY"], "artistIds": ["49tQo2QULno7gxHutgccqF"], "artistPop": [80], "genres": ["la pop", "pop"]}, "5z8uLrYMcUVvzTV28twt44": {"name": "Slow Grenade", "coverArt": "https://i.scdn.co/image/ab67616d00001e024fb1446223808a37ba8914b5", "artist": ["Ellie Goulding", "Lauv"], "artistIds": ["0X2BH1fck6amBIoJhDVmmJ", "5JZ7CnR6gTvEMKX4g70Amv"], "artistPop": [80, 80], "genres": ["dance pop", "edm", "electropop", "indietronica", "metropopolis", "pop", "post-teen pop", "uk pop", "dance pop", "electropop", "pop", "post-teen pop"]}, "5Tj4faD9lGyMw8ZatUYR6G": {"name": "Flood My Wrist (feat. Lil Uzi Vert)", "coverArt": "https://i.scdn.co/image/ab67616d00001e02918045c859b2f5c80ad29188", "artist": ["A Boogie Wit da Hoodie", "Don Q", "Lil Uzi Vert"], "artistIds": ["31W5EY0aAly4Qieq6OFu6I", "5TM9R6dNoJSMq23yZQD6Ee", "4O15NlyKLIASxsJ0PrXPfz"], "artistPop": [83, 51, 88], "genres": ["melodic rap", "pop rap", "rap", "trap", "nyc rap", "melodic rap", "philly rap", "rap", "trap"]}, "59BJgnWKzFnh5TGkhHfmod": {"name": "Post Humorous", "coverArt": "https://i.scdn.co/image/ab67616d00001e02366bccf3dc80dba245035176", "artist": ["Gus Dapperton"], "artistIds": ["6sHCvZe1PHrOAuYlwTLNH4"], "artistPop": [67], "genres": ["bedroom pop", "indie pop", "indie poptimism"]}, "19aAGYe7PlYf6yfUrDGykW": {"name": "Dance In The Dark - Spotify Singles", "coverArt": "https://i.scdn.co/image/ab67616d00001e020880106aa7c86e843b5f4bb1", "artist": ["Rina Sawayama"], "artistIds": ["2KEqzdPS7M5YwGmiuPTdr5"], "artistPop": [64], "genres": ["art pop", "dance pop", "electropop", "escape room", "pop", "post-teen pop"]}, "4fC70Ed1gmdcpCQ43kXM2r": {"name": "Live From The Villa", "coverArt": "https://i.scdn.co/image/ab67616d00001e020a7fef1640ff5496530ed7c4", "artist": ["Russ"], "artistIds": ["1z7b1Pr1rSlvWRzsW3HOrS"], "artistPop": [79], "genres": ["hawaiian hip hop", "pop rap", "rap"]}, "0PvFJmanyNQMseIFrU708S": {"name": "For The Night (feat. Lil Baby & DaBaby)", "coverArt": "https://i.scdn.co/image/ab67616d00001e0277ada0863603903f57b34369", "artist": ["Pop Smoke", "Lil Baby", "DaBaby"], "artistIds": ["0eDvMgVFoNV3TpwtrVCoTj", "5f7VJjfbwm532GiveGC0ZK", "4r63FhuTkUYltbVAg5TQnk"], "artistPop": [89, 91, 89], "genres": ["brooklyn drill", "atl hip hop", "atl trap", "rap", "trap", "north carolina hip hop", "rap"]}, "2AUdkFhVlngknqGHu30VJQ": {"name": "Convertible Burt - From Road To Fast 9 Mixtape", "coverArt": "https://i.scdn.co/image/ab67616d00001e026e9fc45abea61e6c73e17292", "artist": ["Tory Lanez", "Kevin Gates"], "artistIds": ["2jku7tDXc6XoB6MO2hFuqg", "1gPhS1zisyXr5dHTYZyiMe"], "artistPop": [81, 76], "genres": ["canadian hip hop", "canadian trap", "hip hop", "melodic rap", "pop rap", "r&b", "rap", "toronto rap", "trap", "baton rouge rap", "rap", "southern hip hop", "trap"]}, "4wosxLl0mAqhneDzya2MfY": {"name": "Head & Heart (feat. MNEK)", "coverArt": "https://i.scdn.co/image/ab67616d00001e02919ce7482816d9da17a77e3a", "artist": ["Joel Corry", "MNEK"], "artistIds": ["6DgP9otnZw5z6daOntINxp", "7uMh23xWiuR7zsNkuNcm2G"], "artistPop": [80, 74], "genres": ["dance pop", "edm", "pop", "pop dance", "tropical house", "uk dance", "uk contemporary r&b", "uk dance"]}, "5DV4ZSCqbFv74ui3ZhimXo": {"name": "Co\u00f1o", "coverArt": "https://i.scdn.co/image/ab67616d00001e021d56717d1786e938a105b6df", "artist": ["Jason Derulo", "Puri", "Jhorrmountain"], "artistIds": ["07YZf4WDAMNwqr4jfgOZ8y", "3ADyFy1orEwODaiHmRRMQp", "3aAX2y0amckZ7WcWoz2f2o"], "artistPop": [83, 60, 59], "genres": ["dance pop", "pop", "pop rap", "post-teen pop", "basshall", "dutch hip hop"]}, "6CDzDgIUqeDY5g8ujExx2f": {"name": "Heat Waves", "coverArt": "https://i.scdn.co/image/ab67616d00001e02ab9d1ae18b640b7b0ce390d4", "artist": ["Glass Animals"], "artistIds": ["4yvcSjfu4PC0CYQyLy4wSq"], "artistPop": [83], "genres": ["gauze pop", "indietronica", "shiver pop"]}, "2zmLkPOV4Y3NTwh5P6gM51": {"name": "Unmoved (A Black Woman Truth)", "coverArt": "https://i.scdn.co/image/ab67616d00001e026fbc2ad75f8cbbaf77469833", "artist": ["Ayoni"], "artistIds": ["2Tju7nLsAMD6RTBna56hj6"], "artistPop": [42], "genres": ["barbadian pop"]}, "71oz9Wgbrm873aMlVBrDKR": {"name": "Desahogo (feat. Carla Morrison)", "coverArt": "https://i.scdn.co/image/ab67616d00001e02a5fcd8a2f698769ef7b78c8d", "artist": ["Nicky Jam", "Carla Morrison"], "artistIds": ["1SupJlEpv7RS2tPNRaHViT", "0XK6kT7xcZAlcYrNjOgzJe"], "artistPop": [87, 71], "genres": ["latin", "latin hip hop", "reggaeton", "trap latino", "mexican pop"]}, "67HFbeyAkneVBBwMVk84y7": {"name": "My High (Edit)", "coverArt": "https://i.scdn.co/image/ab67616d00001e023b01944b7cebbec217ef1b03", "artist": ["Disclosure", "slowthai"], "artistIds": ["6nS5roXSAGhTGr34W6n7Et", "3r1XkJ7vCs8kHBSzGvPLdP"], "artistPop": [76, 66], "genres": ["house", "pop", "uk dance", "hip hop", "rap", "uk alternative hip hop", "uk hip hop", "underground hip hop"]}, "45npF3MKvCa1sO7s4y7qBf": {"name": "Said Sum", "coverArt": "https://i.scdn.co/image/ab67616d00001e02f32827e2040b85583cd29bbb", "artist": ["Moneybagg Yo"], "artistIds": ["3tJoFztHeIJkJWMrx0td2f"], "artistPop": [79], "genres": ["hip hop", "memphis hip hop", "rap", "southern hip hop", "tennessee hip hop", "trap"]}, "7HJIsMRaspjB0Dvi2qzOgp": {"name": "sauceintherough - bonus track", "coverArt": "https://i.scdn.co/image/ab67616d00001e02eb88e3c32c3bb61e318695b3", "artist": ["brakence"], "artistIds": ["4kqFrZkeqDfOIEqTWqbOOV"], "artistPop": [58], "genres": ["emo rap", "glitchcore", "sad rap"]}, "62N0RkCCs4XQXk7hgnpOXo": {"name": "Woman", "coverArt": "https://i.scdn.co/image/ab67616d00001e02c84ce4c193877589a613a579", "artist": ["Rema"], "artistIds": ["46pWGuE3dSwY3bMMXGBvVS"], "artistPop": [67], "genres": []}, "4y5KpfyXBEzSiKoUqTc9kq": {"name": "Upset (feat. Pink Sweat$ & Njomza)", "coverArt": "https://i.scdn.co/image/ab67616d00001e022b76554a87bd823d1d2856b4", "artist": ["GASHI", "Pink Sweat$", "Njomza"], "artistIds": ["0JOxt5QOwq0czoJxvSc5hS", "1W7FNibLa0O0b572tB2w7t", "3zOUpziwcfY2bCh4VyJ4Am"], "artistPop": [66, 75, 54], "genres": ["pop rap", "trap soul", "bedroom soul", "pop", "alternative r&b", "indie r&b"]}, "33EGYJLLwz56YIP5Ex9VKs": {"name": "West Ten", "coverArt": "https://i.scdn.co/image/ab67616d00001e025a4111d1fdeb9ca9d544a3ce", "artist": ["AJ Tracey", "Mabel"], "artistIds": ["4Xi6LSfFqv26XgP9NKN26U", "1MIVXf74SZHmTIp4V4paH4"], "artistPop": [73, 75], "genres": ["grime", "uk hip hop", "ukg revival", "dance pop", "edm", "pop", "pop dance", "post-teen pop", "tropical house", "uk pop"]}, "3ddAAWOPybU28SZW8Vzd3V": {"name": "Recession Proof", "coverArt": "https://i.scdn.co/image/ab67616d00001e02f2875bed47a860bc13c49e0f", "artist": ["Yo Gotti"], "artistIds": ["6Ha4aES39QiVjR0L2lwuwq"], "artistPop": [71], "genres": ["dirty south rap", "gangster rap", "hip hop", "memphis hip hop", "pop rap", "rap", "southern hip hop", "tennessee hip hop", "trap"]}, "2PxDICtTmfvmpnGwCvNPFF": {"name": "Breasto (feat. Foogiano)", "coverArt": "https://i.scdn.co/image/ab67616d00001e023f00534848fa23dcef0dc7b9", "artist": ["Gucci Mane", "Foogiano"], "artistIds": ["13y7CgLHjMVRMDqxdx0Xdo", "5iyTbismzdvyjpjIuhKRvX"], "artistPop": [79, 60], "genres": ["atl hip hop", "dirty south rap", "gangster rap", "hip hop", "pop rap", "rap", "southern hip hop", "trap", "southern hip hop", "trap"]}, "0FdCFfb5xb7thJMaSjLFsH": {"name": "Stand Up (Tom Morello, Shea Diamond, Dan Reynolds & The Bloody Beetroots)", "coverArt": "https://i.scdn.co/image/ab67616d00001e022717c3966fae9e30a0f41aad", "artist": ["Tom Morello", "Shea Diamond", "Dan Reynolds", "The Bloody Beetroots"], "artistIds": ["74NBPbyyftqJ4SpDZ4c1Ed", "5blcro89qJueGv0DGQ2rsH", "3k3gbUT7bF0jYmFmAKBQtU", "0QJKELJZZuLAjqLOOixJm5"], "artistPop": [59, 31, 45, 53], "genres": ["modern alternative rock", "transpop", "alternative dance", "dance-punk", "electro house", "fidget house", "filter house", "new rave"]}, "7A0ScBo7cH0NUDXvPC96Wx": {"name": "White Hills", "coverArt": "https://i.scdn.co/image/ab67616d00001e02639913269f50146ad8e0f937", "artist": ["Leo Bhanji"], "artistIds": ["6O5GOlHxncbRRAntqtIYMP"], "artistPop": [32], "genres": []}, "2v705YlYolKiu6P2FbqOat": {"name": "Queen of Silver Linings", "coverArt": "https://i.scdn.co/image/ab67616d00001e028cf952797ed5c3c92e28a9bd", "artist": ["Amy Allen"], "artistIds": ["4Ebm2DC4Spo173X85D1n5x"], "artistPop": [40], "genres": []}, "6bcTO2lEomFvy4WE1UOnhE": {"name": "Everything to Lose", "coverArt": "https://i.scdn.co/image/ab67616d00001e025d76d260bbb9e3e5abe08bc2", "artist": ["Old Dominion"], "artistIds": ["6y8XlgIV8BLlIg1tT1R10i"], "artistPop": [71], "genres": ["contemporary country", "country", "country road"]}, "39mjm6wt4HJKH9CSEzLxsG": {"name": "America", "coverArt": "https://i.scdn.co/image/ab67616d00001e023ec2707dc2526b98eca2a3b7", "artist": ["Sufjan Stevens"], "artistIds": ["4MXUO7sVCaFgFjoTI5ox5c"], "artistPop": [70], "genres": ["baroque pop", "chamber pop", "freak folk", "indie folk", "singer-songwriter"]}, "5RpZBENYCjZE7t9M823v0S": {"name": "Malleable", "coverArt": "https://i.scdn.co/image/ab67616d00001e02656315c0e8c7db1e716a7015", "artist": ["Max Leone"], "artistIds": ["4VrJDwgmhD1aIenZwn7JpE"], "artistPop": [43], "genres": ["modern indie pop"]}, "3ReqqO2NE1UVLoCvHX5Qqt": {"name": "Eyes of a child", "coverArt": "https://i.scdn.co/image/ab67616d00001e02e1cb1be307279cb8ea3d0e90", "artist": ["Christine and the Queens"], "artistIds": ["04vj3iPUiVh5melWr0w3xT"], "artistPop": [60], "genres": ["art pop", "electro-pop francais", "electropop", "metropopolis", "shimmer pop"]}, "7HvFxi1R19RxRjLOFmC3TH": {"name": "Bon acteur", "coverArt": "https://i.scdn.co/image/ab67616d00001e02168fc114883c853f6658f703", "artist": ["Lous and The Yakuza"], "artistIds": ["2HPiMwJktBXqakN0hnON2R"], "artistPop": [56], "genres": ["belgian pop"]}, "4fgudyASCAjUf3jaY4Esmk": {"name": "Turn Left Turn Right", "coverArt": "https://i.scdn.co/image/ab67616d00001e0283be7c51f20c122c8c850faf", "artist": ["Smoove'L"], "artistIds": ["6FheakPfcCNN0NeROtOKeQ"], "artistPop": [50], "genres": ["brooklyn drill", "new york drill"]}, "77ymVNBArfnwHEjaZEy1VI": {"name": "Afeni - Remix", "coverArt": "https://i.scdn.co/image/ab67616d00001e02e2e61c7c0b3fbf6fff713ca0", "artist": ["Rapsody", "PJ Morton", "D Smoke"], "artistIds": ["6NL31G53xThQXkFs7lDpL5", "2FMOHE79X98yptp4RpPrt7", "23rK0hajv5ix2yPM4IIgOo"], "artistPop": [55, 62, 57], "genres": ["alternative hip hop", "escape room", "hip hop", "north carolina hip hop", "trap queen", "underground hip hop", "gospel", "indie soul", "neo soul", "r&b", "urban contemporary"]}, "5qi6vF2iHAcLJth9XdsTYC": {"name": "Real Magic", "coverArt": "https://i.scdn.co/image/ab67616d00001e02d467aea2c92f526458a31d39", "artist": ["Ricky Reed", "Terrace Martin", "St. Panther"], "artistIds": ["5Q7Fmn2aPAdijQIUzobRdZ", "7MNEVabc4cs19CbzAFZmXz", "5rvubrGTRPAX7N3RZZ9wS0"], "artistPop": [42, 62, 41], "genres": ["alternative r&b", "indie jazz", "indie soul", "neo soul"]}, "7cD5QLy657vZnf4fAtK622": {"name": "TESSELLATE", "coverArt": "https://i.scdn.co/image/ab67616d00001e026264393d95c27aa31c1087dc", "artist": ["BAYNK", "Tei Shi"], "artistIds": ["28yVvEvA2lT3K5RNIhV1Dj", "1xcMOgFUM1IYZE22YjCvsL"], "artistPop": [63, 53], "genres": ["alternative r&b", "edm", "electropop", "indie soul", "tropical house", "vapor soul", "vapor twitch", "alternative r&b", "art pop", "electropop", "escape room", "gauze pop", "indie pop", "pop", "shimmer psych", "vapor pop", "vapor soul"]}, "7sJze8izsTxMeFA1ICdJgi": {"name": "Heavy", "coverArt": "https://i.scdn.co/image/ab67616d00001e02eb1f369e2f6c32b5a5c43a5f", "artist": ["Bow Anderson"], "artistIds": ["6ObN9YNBliscJOImQp4UZO"], "artistPop": [55], "genres": []}, "2EUw11FnLwkVUyJ1rfM4kW": {"name": "hopeless", "coverArt": "https://i.scdn.co/image/ab67616d00001e027bc41f888f9712c2dd008a53", "artist": ["Clinton Kane"], "artistIds": ["7okSU80WTrn4LXlyXYbX3P"], "artistPop": [76], "genres": ["alt z", "indie cafe pop", "pop", "post-teen pop"]}, "28Qv23wjvAhPZGr5NXhBq8": {"name": "idwgtyp", "coverArt": "https://i.scdn.co/image/ab67616d00001e0208c8d66264d9c0791f86d3b5", "artist": ["lovelytheband"], "artistIds": ["4KJ6jujcNPzOyhdNoiNftp"], "artistPop": [65], "genres": ["indie pop", "indie poptimism", "modern alternative rock", "modern rock", "pop rock", "rock"]}, "5ApC6KGoxaRXYfBXE4xat5": {"name": "Don't Let the Old Man In", "coverArt": "https://i.scdn.co/image/ab67616d00001e024c4d8e208d7c83b829006e10", "artist": ["Willie Nelson"], "artistIds": ["5W5bDNCqJ1jbCgTxDD0Cb3"], "artistPop": [72], "genres": ["classic country pop", "country", "country rock", "nashville sound", "outlaw country", "singer-songwriter", "texas country"]}, "5KNQ5MHkfr1Nc9TW8ht9tO": {"name": "Waste of Lime", "coverArt": "https://i.scdn.co/image/ab67616d00001e023f81f66bee8cc50349533c1c", "artist": ["Ingrid Andress"], "artistIds": ["0jPnVIasXzBYjrlpO5irii"], "artistPop": [65], "genres": ["contemporary country", "country pop"]}, "5c1gKtJkR8dPjki25BU7Qz": {"name": "hurt so bad", "coverArt": "https://i.scdn.co/image/ab67616d00001e02d39d05e9256779868462ed8d", "artist": ["Cian Ducrot"], "artistIds": ["49jTY62Cpw3RYo4dLuG43W"], "artistPop": [47], "genres": ["alt z", "irish pop"]}, "5Pw4Q2Z2NttJtISFFxe9MK": {"name": "la la la that\u2019s how it goes", "coverArt": "https://i.scdn.co/image/ab67616d00001e027d6f5f316cb00b678e32a207", "artist": ["HONNE"], "artistIds": ["0Vw76uk7P8yVtTClWyOhac"], "artistPop": [70], "genres": ["chill r&b", "pop", "uk pop"]}, "3V9Ye0o7szPrtMEELrOlfg": {"name": "Kiss from God - mint Singles", "coverArt": "https://i.scdn.co/image/ab67616d00001e022639d41a81504fb9a360d916", "artist": ["Dirty South"], "artistIds": ["1bpzpALZwOoKXzwMg2i8WB"], "artistPop": [52], "genres": ["australian dance", "edm", "electro house", "house", "pop dance", "progressive electro house", "progressive house"]}, "5srcChXGIvv6rDQYwqg8t1": {"name": "All Night", "coverArt": "https://i.scdn.co/image/ab67616d00001e020bd678dcf6a21741871fb9a7", "artist": ["Zion & Lennox"], "artistIds": ["21451j1KhjAiaYKflxBjr1"], "artistPop": [81], "genres": ["latin", "latin hip hop", "reggaeton", "reggaeton flow", "trap latino"]}, "0pg75GneusAcd0Wl1hiAsB": {"name": "Jose Canseco (feat. Stove God Cooks)", "coverArt": "https://i.scdn.co/image/ab67616d00001e023a79a2f833daddd058e23fcb", "artist": ["Westside Gunn", "Stove God Cooks"], "artistIds": ["0ABk515kENDyATUdpCKVfW", "35fcckhFq2cF2u7hIG0fPv"], "artistPop": [65, 53], "genres": ["alternative hip hop", "boom bap", "buffalo hip hop", "hip hop", "rap", "underground hip hop", "upstate ny rap", "boom bap", "upstate ny rap"]}, "7Hhtz9zeiTz03DSIcXjV4V": {"name": "Pretty Bitch Freestyle", "coverArt": "https://i.scdn.co/image/ab67616d00001e028677e4691a901a2d746ce74f", "artist": ["Saweetie"], "artistIds": ["6cK3NBO6uP7hh0oyuVELFl"], "artistPop": [80], "genres": ["cali rap", "dance pop", "pop", "pop rap", "trap queen"]}, "6FnCcVj0TjqZrIlQQLD7hT": {"name": "Change Ya Life", "coverArt": "https://i.scdn.co/image/ab67616d00001e0216e2f1472d09def1a483ca14", "artist": ["Shoreline Mafia"], "artistIds": ["4tYSBptyGeVyZsk8JC4JHZ"], "artistPop": [70], "genres": ["cali rap", "trap", "underground hip hop"]}, "0D2bQ8QLRSLeyuvEhSuaDD": {"name": "more", "coverArt": "https://i.scdn.co/image/ab67616d00001e023ca17c84a8c4b08efffe05c2", "artist": ["keshi"], "artistIds": ["3pc0bOVB5whxmD50W79wwO"], "artistPop": [73], "genres": ["chill r&b", "pop"]}, "091BHawNKMMYOPh1W2N4jr": {"name": "When I'm No Longer Here", "coverArt": "https://i.scdn.co/image/ab67616d00001e0274c0303355f8f07aa94456b3", "artist": ["yaeow"], "artistIds": ["4Abe9XH0fplj8dbOddoYgH"], "artistPop": [64], "genres": ["lo-fi chill", "sad lo-fi", "sad rap"]}, "1OM74NwBzHkORbSpo4AVO1": {"name": "Obvious Guy", "coverArt": "https://i.scdn.co/image/ab67616d00001e02836969bfdbe3519b43db4214", "artist": ["Alfie Templeman"], "artistIds": ["6QzMY3tnu0m56eKUnr4uCF"], "artistPop": [58], "genres": ["indie pop", "modern alternative pop"]}, "0aTaTaROrLwQokUSudVKIe": {"name": "Attrape-r\u00eave", "coverArt": "https://i.scdn.co/image/ab67616d00001e02377ab9d3be5711151fa1c0bf", "artist": ["Polo & Pan"], "artistIds": ["45yEuthJ9yq1rNXAOpBnqM"], "artistPop": [69], "genres": ["dark disco", "electro-pop francais", "french indie pop", "french indietronica", "new french touch"]}, "15hhlasuVIxEZ3O0PxlRkT": {"name": "Don't You Wanna Play?", "coverArt": "https://i.scdn.co/image/ab67616d00001e02242c64222d8499a017db79c7", "artist": ["Seeb", "Julie Bergan"], "artistIds": ["5iNrZmtVMtYev5M9yoWpEq", "2Tg0aF5cbZktYFzgR1iAKv"], "artistPop": [71, 63], "genres": ["dance pop", "edm", "electro house", "norwegian pop", "pop", "pop dance", "pop edm", "tropical house", "norwegian pop"]}, "5wUPf0caKIG3iGgyZtk7kT": {"name": "Fake Sorry", "coverArt": "https://i.scdn.co/image/ab67616d00001e029205f9c2253a54c451a9b603", "artist": ["Denai Moore"], "artistIds": ["4bS7w1U8P3Zuaa5jmj3mvN"], "artistPop": [36], "genres": ["uk alternative pop"]}, "7dp10RH9vHZw35hbXmJOps": {"name": "Screw Loose", "coverArt": "https://i.scdn.co/image/ab67616d00001e021aa0fdff1ce27179c9534704", "artist": ["Lime Cordiale"], "artistIds": ["6yrtCy4XJHXM6tczo4RlTs"], "artistPop": [61], "genres": ["australian pop"]}, "4l5m5tzmsLkb3kLlLuLpbY": {"name": "Open Door", "coverArt": "https://i.scdn.co/image/ab67616d00001e0217050f1df655cb5ca4fcb507", "artist": ["Mike Shinoda"], "artistIds": ["6xBZgSMsnKVmaAxzWEwMSD"], "artistPop": [58], "genres": ["alternative hip hop", "modern rock"]}, "4Km5PQZJ4gGe5GbMzi2pCB": {"name": "Cry To You", "coverArt": "https://i.scdn.co/image/ab67616d00001e027bb3c331bd2a27e94a4149a9", "artist": ["K CAMP", "RARE Sound"], "artistIds": ["5bgfj5zUoWpyeVatGDjn6H", "5gOJdgcftvP4TwPu0oRSfP"], "artistPop": [67, 36], "genres": ["atl hip hop", "hip hop", "melodic rap", "pop r&b", "pop rap", "r&b", "rap", "southern hip hop", "trap"]}, "0pvmMTbbvdCCOqdCqW2mV4": {"name": "GOTHAM", "coverArt": "https://i.scdn.co/image/ab67616d00001e021ec3a835a28817aec9109cbf", "artist": ["TOKYO\u2019S REVENGE"], "artistIds": ["5TbLOwv8BNnik3f03NZJlt"], "artistPop": [64], "genres": ["meme rap", "sad rap", "vapor trap", "viral rap"]}, "55BKv7jjl2JKL85vbBRnIS": {"name": "Whoppa (feat. Sofia Reyes and Farina)", "coverArt": "https://i.scdn.co/image/ab67616d00001e026aeea1783fe1b1626f567946", "artist": ["Tinie Tempah", "Sof\u00eda Reyes", "Farina"], "artistIds": ["0Tob4H0FLtEONHU1MjpUEp", "0haZhu4fFKt0Ag94kZDiz2", "7cYik4OyfBXYV5Z2TI7p90"], "artistPop": [66, 73, 66], "genres": ["dance pop", "edm", "grime", "house", "pop dance", "pop rap", "tropical house", "dance pop", "latin", "latin pop", "mexican pop", "pop", "colombian pop", "rap latina", "reggaeton", "reggaeton colombiano", "trap latino"]}, "7i96kdUS32kH5vLwtrDRbD": {"name": "Ice Cream & Cigarettes", "coverArt": "https://i.scdn.co/image/ab67616d00001e02708e8f456cd2149e93d501bf", "artist": ["Sophia Messa"], "artistIds": ["4EtJmdsecF1RlU8cOo6BBR"], "artistPop": [35], "genres": ["nyc pop"]}, "5rbqqOZuv9wv6pdPNPd87e": {"name": "Dopamine", "coverArt": "https://i.scdn.co/image/ab67616d00001e027c6ade634b4a7705ceae3543", "artist": ["Kungs", "JHart"], "artistIds": ["7keGfmQR4X5w0two1xKZ7d", "6oSTtYd3B3OJubFU8mVhHQ"], "artistPop": [73, 48], "genres": ["new french touch", "pop dance", "tropical house", "uk pop"]}, "1Jn0osXy1WcDyniHgs67jT": {"name": "Broken Up", "coverArt": "https://i.scdn.co/image/ab67616d00001e0282407eac3aea4e35ddd4583a", "artist": ["Mitchell Tenpenny"], "artistIds": ["1p6CdzJRoicjRcSdWoB9Qc"], "artistPop": [69], "genres": ["contemporary country", "heartland rock"]}, "7F0fPQWt7E2jjreRSZOdna": {"name": "Me About Me", "coverArt": "https://i.scdn.co/image/ab67616d00001e02e121caf0079a982fe98e9ae0", "artist": ["RaeLynn"], "artistIds": ["5dMnvpYEfXvSexjwnSRH5n"], "artistPop": [58], "genres": ["contemporary country", "country", "country pop", "deep talent show"]}, "2wD4EACbGI6zfKXEAKJmBV": {"name": "If That Ain't God", "coverArt": "https://i.scdn.co/image/ab67616d00001e020504a3a75b26fe45128e4e06", "artist": ["Chris Young"], "artistIds": ["4BYxqVkZyFjtik7crYLg5Q"], "artistPop": [71], "genres": ["contemporary country", "country", "country road", "modern country rock"]}, "583oyJCnDy3gnQQTJxT1kK": {"name": "IDKATL", "coverArt": "https://i.scdn.co/image/ab67616d00001e023cf200bb7ab1536ba6158c6f", "artist": ["Stay Over"], "artistIds": ["2WYklsnVBJ99Jhou8xbu6m"], "artistPop": [35], "genres": []}, "3MhP957ZYfM2Uo04QObxJq": {"name": "Rather Be You", "coverArt": "https://i.scdn.co/image/ab67616d00001e02c28ee489c403b9e678be6578", "artist": ["Tom Gregory"], "artistIds": ["6Rmg5JiRphFMlhkwGNl9Fu"], "artistPop": [67], "genres": ["tropical house", "uk pop"]}, "45vKP0cRjVu9UxNIWVHDoj": {"name": "Sad Girl Summer", "coverArt": "https://i.scdn.co/image/ab67616d00001e021be38dcdb8910e9ff1b0653b", "artist": ["Maisie Peters"], "artistIds": ["2RVvqRBon9NgaGXKfywDSs"], "artistPop": [69], "genres": ["alt z", "electropop", "indie cafe pop", "indie pop", "pop", "post-teen pop", "uk pop"]}, "2UyJBtpLTxB5D4M0Apvu7e": {"name": "Smalltown Boy - Spotify Singles", "coverArt": "https://i.scdn.co/image/ab67616d00001e02ef575710ee4498da67f1e23e", "artist": ["Orville Peck"], "artistIds": ["46auOkH1pk28rWrSoUNhLo"], "artistPop": [54], "genres": ["alternative country", "queer country"]}, "1k6SUkKKBsBXX1HpyOy2IF": {"name": "Maybe", "coverArt": "https://i.scdn.co/image/ab67616d00001e02d728c2459b145a8a70e209eb", "artist": ["Spencer."], "artistIds": ["20PdOyVym0ZZrOB1rfcvCR"], "artistPop": [51], "genres": ["alternative r&b", "bedroom pop", "indie r&b"]}, "4NjbzRRuJWs9EPtIhk4tvq": {"name": "Faces", "coverArt": "https://i.scdn.co/image/ab67616d00001e022af5e2b54393ce94f3012a70", "artist": ["Buddy", "Lucky Daye"], "artistIds": ["6PDLwWvgYNMfBRLqC1h5cJ", "5Vuvs6Py2JRU7WiFDVsI7J"], "artistPop": [63, 67], "genres": ["alternative r&b", "cali rap", "underground hip hop", "alternative r&b", "chill r&b", "indie r&b", "pop r&b", "r&b"]}, "6GSwXAvtrU3ms14foBA5Vg": {"name": "Wu Dirt", "coverArt": "https://i.scdn.co/image/ab67616d00001e02c5c4a1961cf59e0c4ba3900a", "artist": ["Terrell Hines"], "artistIds": ["2jhjHaG1p2SMn6cDyhwhjQ"], "artistPop": [42], "genres": ["modern alternative pop"]}, "0HMTIZ3iQ6QNjBaD9IE7ZZ": {"name": "Dime A Ve", "coverArt": "https://i.scdn.co/image/ab67616d00001e02ca8e450bbd0acf9d09ab13ad", "artist": ["Jhay Cortez"], "artistIds": ["0EFisYRi20PTADoJrifHrz"], "artistPop": [88], "genres": ["latin", "reggaeton", "trap latino"]}, "3bNyIdiGPnepE6D6bOhGoQ": {"name": "Stay Mad", "coverArt": "https://i.scdn.co/image/ab67616d00001e02f58e93614327d52956380cd0", "artist": ["IV JAY"], "artistIds": ["0S63sOasTLdgPXIycsCsMX"], "artistPop": [48], "genres": []}, "6qz2Pj4XLvMVP3frF9FF4G": {"name": "What A Perfect Day For Crying", "coverArt": "https://i.scdn.co/image/ab67616d00001e02f1bac3cd94909aa705e8eab2", "artist": ["iamnotshane"], "artistIds": ["3jN7f9X0EmFnsbRS6nl6as"], "artistPop": [45], "genres": []}, "3tpn9S7AZdy9MjmRX69xND": {"name": "PSYCHO HOLE", "coverArt": "https://i.scdn.co/image/ab67616d00001e0230cbe6f66c798eae319eb7a3", "artist": ["ASHWARYA"], "artistIds": ["4meOm0fRIyy8gmJ9QVpGpk"], "artistPop": [33], "genres": []}, "0YwP3z90N1NQWEJ1fmyKDr": {"name": "Somewhere", "coverArt": "https://i.scdn.co/image/ab67616d00001e02079fef97c74e3c64994d0dd2", "artist": ["Slow Magic", "Woven in Hiatus"], "artistIds": ["3htNAy3vYWWYV8RZFeyRMT", "605gPp803tctd6QXg6pOR2"], "artistPop": [47, 37], "genres": ["chillwave", "electropop", "future bass", "gauze pop", "indie dream pop", "new french touch", "vapor soul", "vapor twitch", "lo-fi chill"]}, "29fDSYL3HQoaObeIxGZW4W": {"name": "Lingo Starr: RETURN OF THE DRAGON", "coverArt": "https://i.scdn.co/image/ab67616d00001e02fd4b5e00ae4ce933dc08f486", "artist": ["tobi lou"], "artistIds": ["4T8NIfZmVY6TJFqVzN6X49"], "artistPop": [65], "genres": ["alternative r&b", "chicago rap", "pop", "pop rap"]}, "72D79mMBu1fs0DbnUU7Ecq": {"name": "Can You Help Me", "coverArt": "https://i.scdn.co/image/ab67616d00001e0286a3afc6ab8c5e9e7a70feee", "artist": ["$NOT"], "artistIds": ["5IbEL2xjRtKsunfmsahLuO"], "artistPop": [77], "genres": ["aesthetic rap", "florida rap", "underground hip hop"]}, "79EcA7rn5vARAz0QFNueAn": {"name": "Booty", "coverArt": "https://i.scdn.co/image/ab67616d00001e028c037c12efd4d84032bfa7d3", "artist": ["ilyTOMMY"], "artistIds": ["4XWaILHqySwH1y6LhlYcsb"], "artistPop": [66], "genres": ["aesthetic rap", "emo rap", "sad lo-fi", "sad rap"]}, "2yo1yEA4LNwfevXFkWBWSy": {"name": "Televised Mind", "coverArt": "https://i.scdn.co/image/ab67616d00001e023f75d4dc39c851decff15bbc", "artist": ["Fontaines D.C."], "artistIds": ["3SXwqSqAoBz9WCI9PDQzY6"], "artistPop": [53], "genres": ["chamber psych", "indie rock", "irish indie rock", "modern alternative rock", "modern rock"]}, "0ozdeuPnd24tukUW4fVfMj": {"name": "Time to Walk Away", "coverArt": "https://i.scdn.co/image/ab67616d00001e02f18bf9391e034ec98f304309", "artist": ["Washed Out"], "artistIds": ["5juOkIIy18sFw9L30syt1Z"], "artistPop": [59], "genres": ["alternative dance", "chillwave", "dream pop", "electronica", "indie rock", "indie soul", "indietronica", "neo-synthpop", "new rave", "shimmer pop"]}, "1a1oKKHh8cGsqupa9e6weW": {"name": "Sally Boy", "coverArt": "https://i.scdn.co/image/ab67616d00001e024a0d88cea21ae3f6abe95708", "artist": ["Sally Boy"], "artistIds": ["0FizvTDN8BVHmV5j2fL9Hf"], "artistPop": [37], "genres": []}, "035MUe05qD7dWGutyGfOYb": {"name": "La Serpiente", "coverArt": "https://i.scdn.co/image/ab67616d00001e024651c58bb7d94709cda57958", "artist": ["La Chica"], "artistIds": ["7BiV41WZCIDfp0YtYol0Wr"], "artistPop": [36], "genres": ["french indietronica"]}, "3gVzPW3tlmp7ncX2UHXodl": {"name": "Basketball", "coverArt": "https://i.scdn.co/image/ab67616d00001e02d4b934c65112dfa4db3ea84c", "artist": ["Norma Jean Martine"], "artistIds": ["2fsk4VlJdNF6G8cCMDrrzB"], "artistPop": [65], "genres": ["nyc pop"]}, "33CQ10Bx4elBudFNUsEFlJ": {"name": "GoodBadUgly", "coverArt": "https://i.scdn.co/image/ab67616d00001e02a8ebc4c92e7fc46b30059fd5", "artist": ["Elliot Lee"], "artistIds": ["6PZUrbjktV3P6m9RSuqzX5"], "artistPop": [42], "genres": ["alt z", "nyc pop"]}, "1WwUYQ35FpIUwi5HVHgYDU": {"name": "THAT'S OK I'LL JUST FUCK MYSELF", "coverArt": "https://i.scdn.co/image/ab67616d00001e02193bccb675f63886065d2836", "artist": ["KILLBOY"], "artistIds": ["3lPSkTq1kiSuxDcr996Nlm"], "artistPop": [38], "genres": []}, "3SbXrZOY8sp0CEWXU2u78R": {"name": "Depression", "coverArt": "https://i.scdn.co/image/ab67616d00001e02745a5bdc7d2765aed28be30d", "artist": ["Quando Rondo"], "artistIds": ["4IprNlQiJZUUJhDl0fL2SL"], "artistPop": [64], "genres": ["melodic rap", "trap"]}, "0vwFuY4xsUvrFk4D74DqLQ": {"name": "Wasting Time", "coverArt": "https://i.scdn.co/image/ab67616d00001e02011780edb6a1e151fa08ac27", "artist": ["No Love For The Middle Child"], "artistIds": ["7HWfshpjlGldmRa4gymvjX"], "artistPop": [45], "genres": []}, "1ZsDB3o2OAjlB7nmBVnnE4": {"name": "You Already Know", "coverArt": "https://i.scdn.co/image/ab67616d00001e02163a0db079654f585d421fd2", "artist": ["Cold War Kids"], "artistIds": ["6VDdCwrBM4qQaGxoAyxyJC"], "artistPop": [63], "genres": ["indie pop", "indie rock", "modern alternative rock", "modern blues rock", "modern rock", "piano rock", "pop rock", "rock", "stomp and holler"]}, "61gRcxqJKDTHNQgSpxp2bL": {"name": "Sundy or Mundy", "coverArt": "https://i.scdn.co/image/ab67616d00001e02670f34658ff8b5ae6b0e36ab", "artist": ["Koe Wetzel"], "artistIds": ["1Tie3AZgLQZqYEp8Fv4zOZ"], "artistPop": [69], "genres": ["texas country"]}, "6uLhIbdIXQ4DGeOA8qFesw": {"name": "Seaside", "coverArt": "https://i.scdn.co/image/ab67616d00001e0293d8a827523025c40ccd4f2f", "artist": ["Billy Currington"], "artistIds": ["1By9QBFnjZAoI83BZppHlt"], "artistPop": [68], "genres": ["contemporary country", "country", "country road"]}, "1cDeyQqbxV9ExZG5a5N2QU": {"name": "Innocent", "coverArt": "https://i.scdn.co/image/ab67616d00001e02efa9c0728ed4be0ae6678796", "artist": ["Emmi Elliott"], "artistIds": ["62oCSE7lShkspceh6yof92"], "artistPop": [20], "genres": []}, "6vOasXD4uE6zEPgcXD86Tq": {"name": "If You Leave", "coverArt": "https://i.scdn.co/image/ab67616d00001e025d0f91dde5bc0344744ed375", "artist": ["Sky McCreery"], "artistIds": ["1LvKB5b2uYh3adUcl1pRPh"], "artistPop": [52], "genres": []}, "1uTYObnHa8dltgbeixFPCm": {"name": "No Questions (feat. Yella Beezy)", "coverArt": "https://i.scdn.co/image/ab67616d00001e02d0a6afbe658603e6703c0f7c", "artist": ["Philthy Rich", "Yella Beezy"], "artistIds": ["3n6RTmT1sgWeNNCfPyJMw3", "7kwCkEJ384PWm0UQW3hxjS"], "artistPop": [54, 59], "genres": ["cali rap", "hyphy", "oakland hip hop", "west coast trap", "dfw rap", "hip hop", "houston rap", "rap", "southern hip hop", "trap"]}, "5clAYw9wcHAUgwrE77OhnY": {"name": "Summer", "coverArt": "https://i.scdn.co/image/ab67616d00001e02762802f7effccaf676288a49", "artist": ["Bktherula"], "artistIds": ["6OjtkJDlAZzlzAydEn78cK"], "artistPop": [58], "genres": ["vapor trap", "viral rap"]}, "3IiqtFoHH0BbR9EW6ZjdFb": {"name": "Disarray", "coverArt": "https://i.scdn.co/image/ab67616d00001e026e9e8ad0bdd7db0bc8587413", "artist": ["Charlotte Clark"], "artistIds": ["2mp1tlha2UQUPY00PZZhI2"], "artistPop": [22], "genres": []}, "35e4UTDLUpqOzGqjWz3AoT": {"name": "This Is What You Did", "coverArt": "https://i.scdn.co/image/ab67616d00001e02e7ca5bc9eedd1c3c3a2bb392", "artist": ["This Is The Kit"], "artistIds": ["0ZUyFEafMwocvApBjTXvdo"], "artistPop": [50], "genres": ["bristol indie", "chamber pop", "chamber psych", "freak folk", "indie folk"]}, "131K5UR36OdcNoJVxARhEN": {"name": "Let Your Hair Down - From Royalties", "coverArt": "https://i.scdn.co/image/ab67616d00001e0214d53a60c3775e2d47d405a9", "artist": ["Royalties Cast", "Bonnie McKee"], "artistIds": ["663Kq61iQh5PIkkH7R08fu", "7dtJROxWQe3fxxF5t7o67N"], "artistPop": [18, 45], "genres": ["candy pop", "electropop", "post-teen pop"]}, "4uHDcZYy7kQxNY0IzxDy7w": {"name": "T\u00fa Me Lo Haces F\u00e1cil", "coverArt": "https://i.scdn.co/image/ab67616d00001e02570e1ae07e075235513f0c94", "artist": ["Maria Becerra"], "artistIds": ["1DxLCyH42yaHKGK3cl5bvG"], "artistPop": [86], "genres": ["pop argentino"]}, "5PL41GJ7t8S4xkepygilDd": {"name": "Give It All Up", "coverArt": "https://i.scdn.co/image/ab67616d00001e02bce1c71c0bdd9a26e860156c", "artist": ["Lil West"], "artistIds": ["59dLTffLsw2ljmCiD8O1JX"], "artistPop": [43], "genres": ["melodic rap"]}}