{"0LThjFY2iTtNdd4wviwVV2": {"name": "Permission to Dance", "coverArt": "https://i.scdn.co/image/ab67616d00001e029c194644c08101a2b44d1b31", "artist": ["BTS"], "artistIds": ["3Nrfpe0tUJi4K4DXYWgMUX"], "artistPop": [95], "genres": ["k-pop", "k-pop boy group"]}, "40uMIn2zJLAQhNXghRjBed": {"name": "Motley Crew", "coverArt": "https://i.scdn.co/image/ab67616d00001e023520e90ee2daf6000ab507cb", "artist": ["Post Malone"], "artistIds": ["246dkjvS1zLTtiykXe5h60"], "artistPop": [89], "genres": ["dfw rap", "melodic rap", "rap"]}, "6uqyE384HDSsuwpoF4mjrL": {"name": "NDA", "coverArt": "https://i.scdn.co/image/ab67616d00001e0261520bfb3749817d193d71f4", "artist": ["Billie Eilish"], "artistIds": ["6qqNVTkY8uBg9cP3Jd7DAH"], "artistPop": [92], "genres": ["electropop", "pop"]}, "5HCyWlXZPP0y6Gqq8TgA20": {"name": "STAY (with Justin Bieber)", "coverArt": "https://i.scdn.co/image/ab67616d00001e0241e31d6ea1d493dd77933ee5", "artist": ["The Kid LAROI", "Justin Bieber"], "artistIds": ["2tIP7SsRs7vjIcLrU85W8J", "1uNFoZAHBGtllmzznpCI3s"], "artistPop": [92, 96], "genres": ["australian hip hop", "canadian pop", "pop", "post-teen pop"]}, "4HzqWEdAbzcVFDv0pvxV4w": {"name": "Sobrio", "coverArt": "https://i.scdn.co/image/ab67616d00001e020c912949e9f848cc95797b27", "artist": ["Maluma"], "artistIds": ["1r4hJ1h58CWwUQe3MxPuau"], "artistPop": [88], "genres": ["latin", "reggaeton", "reggaeton colombiano"]}, "67G6iaOw8DZqp1z8STR89R": {"name": "WHOLE LOTTA MONEY (feat. Nicki Minaj) - Remix", "coverArt": "https://i.scdn.co/image/ab67616d00001e02ad89f82d9243ed88a6d68787", "artist": ["BIA", "Nicki Minaj"], "artistIds": ["6veh5zbFpm31XsPdjBgPER", "0hCNtLu0JehylgoiP8L4Gh"], "artistPop": [71, 88], "genres": ["escape room", "r&b", "rap latina", "trap queen", "dance pop", "hip pop", "pop", "pop rap", "post-teen pop", "queens hip hop"]}, "34chhNX59Wo9HMFCsI3K8Y": {"name": "Memory", "coverArt": "https://i.scdn.co/image/ab67616d00001e022a0806c429ec46624d028435", "artist": ["Kane Brown", "blackbear"], "artistIds": ["3oSJ7TBVCWMDMiYjXNiCKE", "2cFrymmkijnjDg9SS92EPM"], "artistPop": [78, 84], "genres": ["contemporary country", "country", "country road", "electropop", "pop", "pop rap"]}, "2M1NViRgTlFMB6wB7AM7pa": {"name": "Romeo (feat. Bas)", "coverArt": "https://i.scdn.co/image/ab67616d00001e02927bc51ca880907351c74fd7", "artist": ["Jungle", "Bas"], "artistIds": ["59oA5WbbQvomJz2BuRG071", "70gP6Ry4Uo0Yx6uzPIdaiJ"], "artistPop": [71, 72], "genres": ["indie soul", "uk contemporary r&b", "hip hop", "queens hip hop", "rap", "sudanese pop", "underground hip hop"]}, "2DYoLkfNIF8xN1L4SnPlrj": {"name": "Way More Close (Stuck In A Box) (feat. Big Sean)", "coverArt": "https://i.scdn.co/image/ab67616d00001e02a40bf8ab9143024b81febcb8", "artist": ["Yung Bleu", "Big Sean"], "artistIds": ["3KNIG74xSTc3dj0TRy7pGX", "0c173mlxpT3dSFRgMO8XPh"], "artistPop": [71, 81], "genres": ["alabama rap", "pop r&b", "r&b", "trap", "detroit hip hop", "hip hop", "pop rap", "rap", "southern hip hop", "trap"]}, "1X1vW0xDpkOS35ZxcPqLv6": {"name": "MAFIOSA", "coverArt": "https://i.scdn.co/image/ab67616d00001e02993247878f37901d05ff2dfb", "artist": ["Nathy Peluso"], "artistIds": ["3VHAySZQPlfGlNLslzXYpN"], "artistPop": [70], "genres": ["r&b en espanol", "rap latina"]}, "07Fxhwe3dsM2EkLAqTfrcF": {"name": "you broke me first - Spotify Singles", "coverArt": "https://i.scdn.co/image/ab67616d00001e02190650cb30f0e11ddf8e57c9", "artist": ["Zoe Wees"], "artistIds": ["03d2mJXSMtuPI0nIvLnhoS"], "artistPop": [73], "genres": ["german pop"]}, "6BXHCHzw706smnLQdCIDUy": {"name": "Go Away", "coverArt": "https://i.scdn.co/image/ab67616d00001e023906cc71c9ba58425e035587", "artist": ["Omar Apollo"], "artistIds": ["5FxD8fkQZ6KcsSYupDVoSO"], "artistPop": [66], "genres": ["alternative r&b", "bedroom pop", "bedroom soul", "chill r&b", "indie pop", "indie r&b", "pop", "r&b"]}, "267NGliXM8YLVZiKAD9Otm": {"name": "De Museo", "coverArt": "https://i.scdn.co/image/ab67616d00001e0216dbd686d5d99a24360be0f8", "artist": ["Bad Bunny"], "artistIds": ["4q3ewBCX7sLwd24euuV69X"], "artistPop": [96], "genres": ["latin", "reggaeton", "trap latino"]}, "0du80hkIk5zQfc4oLNUfKx": {"name": "ARE YOU WITH THAT?", "coverArt": "https://i.scdn.co/image/ab67616d00001e02858d6402ce3d5c609fa5b5e7", "artist": ["Vince Staples"], "artistIds": ["68kEuyFKyqrdQQLLsmiatm"], "artistPop": [72], "genres": ["conscious hip hop", "escape room", "hip hop", "rap", "underground hip hop"]}, "5PF2WtSZV4EtmGx4oER1zt": {"name": "NEON PEACH feat. Tyler, The Creator", "coverArt": "https://i.scdn.co/image/ab67616d00001e022802d4dbc9dfd83ba79290ca", "artist": ["Snoh Aalegra", "Tyler, The Creator"], "artistIds": ["1A9o3Ljt67pFZ89YtPPL5X", "4V8LLVI7PbaPR0K2TGSxFF"], "artistPop": [70, 86], "genres": ["alternative r&b", "chill r&b", "indie r&b", "indie soul", "pop", "r&b", "scandinavian r&b", "swedish soul", "hip hop", "rap"]}, "6w0hTf98ZNQm5GpfWeuoAk": {"name": "Cambia el Paso", "coverArt": "https://i.scdn.co/image/ab67616d00001e024a73c2a5648d6b69926c6af6", "artist": ["Jennifer Lopez", "Rauw Alejandro"], "artistIds": ["2DlGxzQSjYe5N6G9nkYghR", "1mcTU81TzQhprhouKaTkpq"], "artistPop": [78, 92], "genres": ["dance pop", "pop", "pop rap", "post-teen pop", "urban contemporary", "puerto rican pop", "trap latino"]}, "0W58ZzQFWaZgRkKIbSFjde": {"name": "Crowd Go Crazy", "coverArt": "https://i.scdn.co/image/ab67616d00001e02feb7b8fed3ebda80a90dfa17", "artist": ["John Legend"], "artistIds": ["5y2Xq6xcjJb2jVM54GHK3t"], "artistPop": [79], "genres": ["neo soul", "pop", "pop soul", "r&b", "urban contemporary"]}, "5NMAEA0qHHQIdEonThjrGo": {"name": "Keto", "coverArt": "https://i.scdn.co/image/ab67616d00001e0262a89e81aef162673f294af9", "artist": ["IDK", "The Neptunes", "Swae Lee", "Rico Nasty"], "artistIds": ["6aiFCgyKNwF9Rv5TOxnE8E", "0KuF7reCTOZwV7YJnHQqgr", "1zNqQNIdeOUZHb8zbZRFMX", "2OaHYHb2XcFPvqL3VsyPzU"], "artistPop": [65, 67, 81, 69], "genres": ["dmv rap", "hip hop", "rap", "trap", "underground hip hop", "melodic rap", "trap", "dance pop", "dmv rap", "escape room", "pop", "pop rap", "trap queen"]}, "15qKrPi4Kg0z7g9HlwWyeb": {"name": "The Jackie (with J. Cole & Lil Tjay)", "coverArt": "https://i.scdn.co/image/ab67616d00001e0227d66186d38eaa98b4cb2a40", "artist": ["Bas", "J. Cole", "Lil Tjay"], "artistIds": ["70gP6Ry4Uo0Yx6uzPIdaiJ", "6l3HvQ5sa6mXTsMTB19rO5", "6jGMq4yGs7aQzuGsMgVgZR"], "artistPop": [72, 87, 84], "genres": ["hip hop", "queens hip hop", "rap", "sudanese pop", "underground hip hop", "conscious hip hop", "hip hop", "north carolina hip hop", "rap", "brooklyn drill", "melodic rap", "nyc rap"]}, "4XfzL3dpGQuJrXRC4tv2a4": {"name": "Say So", "coverArt": "https://i.scdn.co/image/ab67616d00001e02f908d972bb2c785c7e0f2158", "artist": ["Masked Wolf"], "artistIds": ["1uU7g3DNSbsu0QjSEqZtEd"], "artistPop": [77], "genres": ["australian hip hop"]}, "1kADZJDyRUbmlLxYiqi077": {"name": "fuck this town", "coverArt": "https://i.scdn.co/image/ab67616d00001e02c9e15d9b71bee93158645592", "artist": ["glaive", "ericdoa"], "artistIds": ["4cJKDGSv4Dz9QycXYmo565", "4hR6Bm9YYtktXzjmKhb1Cn"], "artistPop": [65, 60], "genres": ["glitchcore", "hyperpop", "emo rap", "glitchcore"]}, "3xyr2xfbSZiZWWGsjLyMFh": {"name": "Hotel", "coverArt": "https://i.scdn.co/image/ab67616d00001e02b825e9b45a2b332c160223a8", "artist": ["Claire Rosinkranz"], "artistIds": ["3V0ZQW0dNuVaFtbVYgSI24"], "artistPop": [67], "genres": ["alt z", "indie pop", "modern indie pop", "pop"]}, "7kEva2rxsNMn07fyfZMRRn": {"name": "Cure For Me", "coverArt": "https://i.scdn.co/image/ab67616d00001e025ba4cc0508ba66eb8f099c9e", "artist": ["AURORA"], "artistIds": ["1WgXqy2Dd70QQOU7Ay074N"], "artistPop": [75], "genres": ["art pop", "norwegian pop"]}, "49YDCahXCIaY44snUKv8JS": {"name": "Onto Me (with UMI)", "coverArt": "https://i.scdn.co/image/ab67616d00001e025fda2381adc88deb548501c7", "artist": ["Tkay Maidza", "UMI"], "artistIds": ["1kMPdZQVdUhMDKDWOJM5iK", "4ClziihVpBeFXNyDH83Lde"], "artistPop": [58, 64], "genres": ["alternative r&b", "australian hip hop", "escape room", "alternative r&b", "bedroom soul", "chill r&b", "indie r&b", "pop", "r&b"]}, "2oUwMN5VfdGX10XeQJLBBi": {"name": "Clash (feat. Stormzy)", "coverArt": "https://i.scdn.co/image/ab67616d00001e02c9d4463f02ee31ed1e96413a", "artist": ["Dave", "Stormzy"], "artistIds": ["6Ip8FS7vWT1uKkJSweANQK", "2SrSdSvpminqmStGELCSNd"], "artistPop": [79, 76], "genres": ["uk hip hop", "grime", "uk hip hop"]}, "4MY8pe89WnW7xVOxUN4hmg": {"name": "please put me in a medically induced coma", "coverArt": "https://i.scdn.co/image/ab67616d00001e02bd66d2c598d2d93a91ad56d1", "artist": ["carolesdaughter"], "artistIds": ["2hiq2iBnUik3mrOfEgRSpB"], "artistPop": [61], "genres": ["alt z"]}, "1vDKQnddTOwYevfB0lbIXu": {"name": "love and hate", "coverArt": "https://i.scdn.co/image/ab67616d00001e02cac97ec5f325efac7192a6e1", "artist": ["Camylio"], "artistIds": ["2Mf6MBoMOgpxxm3QuH9Tk4"], "artistPop": [55], "genres": []}, "03x5RegHjby0lwfcqQ2GjI": {"name": "judas", "coverArt": "https://i.scdn.co/image/ab67616d00001e02763792b488162f7d3b600d8b", "artist": ["Joy Oladokun"], "artistIds": ["7rrTqtOUOwva4sgTx9C9F9"], "artistPop": [58], "genres": ["indie cafe pop", "indie folk", "indiecoustica", "la pop"]}, "4yH6ia5y4gf7Nyvu9tOHkX": {"name": "Section (feat. Kehlani)", "coverArt": "https://i.scdn.co/image/ab67616d00001e02f1dc9f17b40de789a87baf43", "artist": ["Ant Clemons", "Kehlani"], "artistIds": ["028lPW2NdWHdSPCkRkcyhd", "0cGUm45nv7Z6M6qdXYQGTX"], "artistPop": [58, 79], "genres": ["alternative r&b", "indie r&b", "pop r&b", "dance pop", "pop", "pop rap", "post-teen pop", "r&b"]}, "4khOYw0ka3gNzYCwMurq3C": {"name": "Get Up", "coverArt": "https://i.scdn.co/image/ab67616d00001e02a2a6a8a2f1ceba4e58d18924", "artist": ["Logic"], "artistIds": ["4xRYI6VqpkE3UwrDrAZL8L"], "artistPop": [81], "genres": ["conscious hip hop", "dmv rap", "hip hop", "pop rap", "rap"]}, "7boAnwNPhMVap1oJiIsKCe": {"name": "I Love You, I Hate You", "coverArt": "https://i.scdn.co/image/ab67616d00001e02ef9fccebd7ff4c0c084fec52", "artist": ["Little Simz"], "artistIds": ["6eXZu6O7nAUA5z6vLV8NKI"], "artistPop": [70], "genres": ["escape room", "indie soul", "trap queen"]}, "5VCx6BsBizs11OJvSnqDG4": {"name": "I Go - Edit", "coverArt": "https://i.scdn.co/image/ab67616d00001e02279600f41e1819698bb41e49", "artist": ["Peggy Gou"], "artistIds": ["2mLA48B366zkELXYx7hcDN"], "artistPop": [60], "genres": ["electra", "float house"]}, "1HHnQYqcnlnE9q7LGFFGFj": {"name": "Off Of My Mind", "coverArt": "https://i.scdn.co/image/ab67616d00001e02975eda91720b3c13ff2c93df", "artist": ["Icona Pop", "VIZE"], "artistIds": ["1VBflYyxBhnDc9uVib98rw", "09agIJMxCD2k87ys9Al0f0"], "artistPop": [69, 77], "genres": ["candy pop", "dance pop", "edm", "electropop", "metropopolis", "pop", "pop dance", "swedish electropop", "swedish synthpop", "dance pop", "edm", "german dance", "pop dance", "slap house", "tropical house"]}, "3FPj7V0TGXHNkdxPmMoa1A": {"name": "Bouncin", "coverArt": "https://i.scdn.co/image/ab67616d00001e02db7c66faa8e2fe57569a2ff3", "artist": ["Tinashe"], "artistIds": ["0NIIxcxNHmOoyBx03SfTCD"], "artistPop": [73], "genres": ["alternative r&b", "dance pop", "electropop", "metropopolis", "pop", "pop r&b", "pop rap", "post-teen pop", "r&b", "urban contemporary"]}, "0370DYqDziz7hpwlMBKRx5": {"name": "Summer Fling", "coverArt": "https://i.scdn.co/image/ab67616d00001e023a68fe01793a323b86f30efd", "artist": ["Nina Nesbitt"], "artistIds": ["7AzjETXRUKNRSJHMW9GIqd"], "artistPop": [63], "genres": ["alt z", "dance pop", "electropop", "indie cafe pop", "indie poptimism", "neo-singer-songwriter", "pop", "pop rock", "post-teen pop", "uk pop"]}, "2X4zeCbENnOF6cQYKLbfyq": {"name": "Love You Right", "coverArt": "https://i.scdn.co/image/ab67616d00001e0246da70cb167758a1afd4b450", "artist": ["Walk Off the Earth", "Lukas Graham"], "artistIds": ["6jEiUoyyJNPHzSR0Nib6HX", "25u4wHJWxCA9vO0CzxAbK7"], "artistPop": [61, 74], "genres": ["canadian rock", "pop rock", "danish pop", "pop", "scandipop"]}, "50fXFVykkwS6Om9eqjTK44": {"name": "Take My Name", "coverArt": "https://i.scdn.co/image/ab67616d00001e02850bb8188b01cd7fe5a3aa59", "artist": ["Parmalee"], "artistIds": ["4TshyQDihSYXSWqvclXl3I"], "artistPop": [66], "genres": ["contemporary country", "country", "country pop", "country road", "modern country rock", "modern uplift"]}, "14lkoqJMOMaR7s6mBKzb2W": {"name": "Try Missing You", "coverArt": "https://i.scdn.co/image/ab67616d00001e021e5044c3fe4a67c1a6b403e6", "artist": ["Jon Langston"], "artistIds": ["4BANbHDs1IluagTx5eRW2P"], "artistPop": [58], "genres": ["contemporary country", "country pop", "country road", "modern country rock"]}, "5hVKXeJg1R9qGbrGW5eHNl": {"name": "Reach Out", "coverArt": "https://i.scdn.co/image/ab67616d00001e025a9607bd785a7f5607152431", "artist": ["Sufjan Stevens", "Angelo De Augustine"], "artistIds": ["4MXUO7sVCaFgFjoTI5ox5c", "0W79ONUwHoehEib1nRXlmi"], "artistPop": [70, 58], "genres": ["baroque pop", "chamber pop", "freak folk", "indie folk", "singer-songwriter", "chamber pop", "indie folk", "indie pop", "small room"]}, "1DRgiVyaCJ9PXO276H0Ak9": {"name": "I Can Only Whisper (feat. BADBADNOTGOOD)", "coverArt": "https://i.scdn.co/image/ab67616d00001e02af5ec6780f84a7744c429403", "artist": ["Charlotte Day Wilson", "BADBADNOTGOOD"], "artistIds": ["3GQboECxDT1xqPPWC30p7v", "65dGLGjkw3UbddUg2GKQoZ"], "artistPop": [61, 67], "genres": ["alternative r&b", "canadian contemporary r&b", "indie r&b", "indie soul", "neo soul", "alternative hip hop", "canadian modern jazz", "escape room", "hip hop", "indie soul"]}, "7pq7gsLHiMhkF4RSN9RtWT": {"name": "dumb dumb", "coverArt": "https://i.scdn.co/image/ab67616d00001e02bbeca03c62734559be7fdf4b", "artist": ["mazie"], "artistIds": ["4adSXA1GDOxNG7Zw89YHyz"], "artistPop": [49], "genres": ["indie pop", "modern indie pop"]}, "47tH4mrCHtfDrS9r9iw7EL": {"name": "Bless His Soul (feat. Polo G)", "coverArt": "https://i.scdn.co/image/ab67616d00001e0265ff5e30650c12c0a0f67323", "artist": ["Fredo Bang", "Polo G"], "artistIds": ["4yTmEo2clwWq2jwelvqgVv", "6AgTAQt8XS6jRWi4sX7w49"], "artistPop": [63, 88], "genres": ["baton rouge rap", "southern hip hop", "trap", "chicago rap"]}, "0ZjWUuh1G555RdkIVDaYt7": {"name": "Party (feat. RMR)", "coverArt": "https://i.scdn.co/image/ab67616d00001e02699ab177c337f44a275503fd", "artist": ["Kid Ink", "RMR"], "artistIds": ["6KZDXtSj0SzGOV705nNeh3", "0j1Pwmd6nuk0BXD1RqoHDw"], "artistPop": [72, 49], "genres": ["dance pop", "hip hop", "pop rap", "rap", "southern hip hop", "trap"]}, "3BtHbzx1d0cHk9xSF2BK05": {"name": "CROSS", "coverArt": "https://i.scdn.co/image/ab67616d00001e02e34e58cc68b9a47eaff70c00", "artist": ["Dro Kenji"], "artistIds": ["46fHMu9KxdQwcGV9xI1L9R"], "artistPop": [59], "genres": ["sad rap"]}, "2zLuU9Z2knPFDgH0036UCX": {"name": "Priority (feat. Blxst)", "coverArt": "https://i.scdn.co/image/ab67616d00001e02bc7d77a2cedb5c8bcec79a07", "artist": ["Jayson Cash", "Blxst"], "artistIds": ["73oxjhwezMsDPOBZzN5J9E", "4qXC0i02bSFstECuXP2ZpL"], "artistPop": [36, 76], "genres": []}, "79npyDDCb3tyrj9qjxRAzx": {"name": "The Vibe", "coverArt": "https://i.scdn.co/image/ab67616d00001e02d3374dc2003099c63191e2d4", "artist": ["Amorphous", "Bree Runway"], "artistIds": ["2mvAbMVwkxiZWJXjorKpdK", "58hqTaCiqGrMsNmmm3qL7w"], "artistPop": [60, 57], "genres": ["alternative r&b", "dance pop", "electropop", "escape room", "hyperpop", "pop", "post-teen pop"]}, "3UTnoLehZjISbFueAmhGvY": {"name": "Shadows", "coverArt": "https://i.scdn.co/image/ab67616d00001e02856df65746f6d925a3c311ba", "artist": ["Frank Walker", "Sophie Simmons", "Nevada"], "artistIds": ["6rcE30MaP92XafelMNZ2Sq", "7AOCUMe3rKW4o3uADBNwVy", "15NtJjjHRFybdNSMyM9smT"], "artistPop": [62, 53, 51], "genres": ["deep tropical house", "pop edm", "la pop", "eurodance"]}, "4Z2RT2ODLF7AZSKLdg8jVe": {"name": "Me Myself & Adderall", "coverArt": "https://i.scdn.co/image/ab67616d00001e0219306c75238507639eca5d31", "artist": ["Lost Kings", "Goody Grace"], "artistIds": ["3hyEbRtp617pNCuuQjyOmc", "1iH2Yx2Ea0kZ0zKI3Nlk30"], "artistPop": [63, 61], "genres": ["alt z", "dance pop", "edm", "electro house", "indie poptimism", "pop", "pop dance", "pop edm", "pop rap", "tropical house", "pop rap", "sad rap"]}, "0hbEgkyRH0O8onQjSyRg1t": {"name": "Is There Any Love", "coverArt": "https://i.scdn.co/image/ab67616d00001e0222c57abae7f8a3621048f783", "artist": ["Twin Shadow"], "artistIds": ["6fLrPFLWLSCrp7gcTZXcKb"], "artistPop": [55], "genres": ["alternative dance", "art pop", "chillwave", "dream pop", "electropop", "indie rock", "indietronica", "metropopolis", "new rave", "shimmer pop"]}, "6jYgoiJu5ZMw4d8ma2fkJ9": {"name": "In My Sleep", "coverArt": "https://i.scdn.co/image/ab67616d00001e0275ddb38ec65fcbef1b51038f", "artist": ["Inhaler"], "artistIds": ["6lyMYewq2SuTFIXgiv7OxH"], "artistPop": [57], "genres": ["dublin indie", "modern alternative rock", "modern rock", "rock"]}, "3Iu1P9opSIz1wmm98SG2qb": {"name": "Miracle, Baby", "coverArt": "https://i.scdn.co/image/ab67616d00001e02d24c17758cdab101e9ce80ba", "artist": ["Nothing But Thieves"], "artistIds": ["1kDGbuxWknIKx4FlgWxiSp"], "artistPop": [69], "genres": ["alternative pop rock", "modern alternative rock", "modern rock", "rock"]}, "4z86ZEcMLofosRyJMqBkIz": {"name": "Seventeen Going Under - Edit", "coverArt": "https://i.scdn.co/image/ab67616d00001e02504b74c88ce63e33826c553b", "artist": ["Sam Fender"], "artistIds": ["6zlR5ttMfMNmwf2lecU9Cc"], "artistPop": [67], "genres": ["modern alternative rock", "modern rock", "north east england indie", "rock"]}, "4AyMhWSYyJCqVCpODpoUB6": {"name": "Hell Is A Crowded Room", "coverArt": "https://i.scdn.co/image/ab67616d00001e029e9f2c4db37f6e2dfada3e39", "artist": ["Allison Ponthier"], "artistIds": ["37zdNthUsPowEeNJDeCCYx"], "artistPop": [51], "genres": []}, "6u5MwASLtlNlt9f7qUz4c3": {"name": "Rae Street", "coverArt": "https://i.scdn.co/image/ab67616d00001e023f6207e265a12ec9885dea8e", "artist": ["Courtney Barnett"], "artistIds": ["4OOlG5eBXSkSAAEeKjJb5Y"], "artistPop": [58], "genres": ["australian indie", "indie pop", "indie rock", "melbourne indie"]}, "1NKjWIAEYAjNlzk8qePK8F": {"name": "Baby Don't Let Me Go", "coverArt": "https://i.scdn.co/image/ab67616d00001e0271d129b9bfeefc22725af87d", "artist": ["Oslo Ibrahim"], "artistIds": ["58tCW7poCEjQCqJTaeVsSF"], "artistPop": [48], "genres": ["indonesian indie", "indonesian pop", "indonesian r&b"]}, "3cCbLxXiNloqwAdqLaXoMe": {"name": "What Is Your Name", "coverArt": "https://i.scdn.co/image/ab67616d00001e029b68f835018460daebce5438", "artist": ["O.T. Genasis"], "artistIds": ["1Zatb2YN4erBOoSivOXc0o"], "artistPop": [58], "genres": ["gangster rap", "pop rap", "rap", "southern hip hop", "trap"]}, "6WSypNUxnt7YYXQ9iUGRR7": {"name": "Off-White (feat. Lil Uzi Vert)", "coverArt": "https://i.scdn.co/image/ab67616d00001e02ddacef7bf7e7dfd6ba379e50", "artist": ["NGeeYL", "Lil Uzi Vert"], "artistIds": ["5Z9mvkWNEpiKVQ36xVkMfe", "4O15NlyKLIASxsJ0PrXPfz"], "artistPop": [46, 88], "genres": ["south carolina hip hop", "vapor trap", "melodic rap", "philly rap", "rap", "trap"]}, "1b7V8nIDDItoLTUmB7IZsz": {"name": "Come", "coverArt": "https://i.scdn.co/image/ab67616d00001e02657bf7aabc25a3e01ed76d59", "artist": ["Cyn Santana"], "artistIds": ["4XiX7SyOMb1rbMIbOhTnwf"], "artistPop": [35], "genres": ["trap queen"]}, "5hCSQY6U1DOXvQKbhtYrA1": {"name": "Do It Yourself", "coverArt": "https://i.scdn.co/image/ab67616d00001e0217f23d960aa85e08c0330723", "artist": ["Jam & Lewis", "Usher"], "artistIds": ["11kaQ3GPi3BPDYH18aL1nX", "23zg3TcAtWQy7J6upgbUnj"], "artistPop": [38, 81], "genres": ["atl hip hop", "dance pop", "pop", "r&b", "south carolina hip hop", "urban contemporary"]}, "4HnvRYwwhulZMABmLK86ue": {"name": "Walked In (feat. Young Thug)", "coverArt": "https://i.scdn.co/image/ab67616d00001e0226158c265056773832e7d5d6", "artist": ["Mariah the Scientist", "Young Thug"], "artistIds": ["7HO5fOXE4gh3lzZn64tX2E", "50co4Is1HCEo8bhOyUWKpn"], "artistPop": [56, 88], "genres": ["alternative r&b", "chill r&b", "indie r&b", "pop r&b", "r&b", "atl hip hop", "atl trap", "gangster rap", "hip hop", "melodic rap", "pop rap", "rap", "trap"]}, "5k5ZVVrn8Pu6ltw3wKuPCO": {"name": "Talk 2 Me", "coverArt": "https://i.scdn.co/image/ab67616d00001e023c22ce740c084e22bb992e8d", "artist": ["Montell Fish"], "artistIds": ["5nvWOyAkfNgVLKESq4fOj2"], "artistPop": [57], "genres": ["christian pop", "pittsburgh rap"]}, "4yRUzhmb9OCm6lLKZWJlig": {"name": "rollercoaster", "coverArt": "https://i.scdn.co/image/ab67616d00001e02304f48de52be546ba1195be5", "artist": ["Arden Jones"], "artistIds": ["3mMogqf2JyBUQZxFZlC79w"], "artistPop": [48], "genres": []}, "4FpqxunRt0nwV5mBesjZ2H": {"name": "daytime", "coverArt": "https://i.scdn.co/image/ab67616d00001e02681b55d17a63436faaa52bfc", "artist": ["Frances Forever"], "artistIds": ["5uuqghaOBgtv92jDyDveQl"], "artistPop": [58], "genres": ["bedroom pop", "indie pop"]}, "0tLK0fFNlY43ntSpXjR8J0": {"name": "Piece of Work", "coverArt": "https://i.scdn.co/image/ab67616d00001e02f79ab48038bdccc47570dd63", "artist": ["Loren Gray"], "artistIds": ["3MbrazQE12UdSdFunXcft1"], "artistPop": [57], "genres": ["social media pop"]}, "579xAs0iqnYWRZQJfjAW9U": {"name": "Ain't Got No Friends", "coverArt": "https://i.scdn.co/image/ab67616d00001e023c79702920a00b6d3d42c237", "artist": ["Conor Maynard"], "artistIds": ["6mU8ucezzms5I2kNH6HNlu"], "artistPop": [73], "genres": ["dance pop", "pop", "post-teen pop", "uk pop", "viral pop"]}, "5Q2lulGI9ZQbwf18skmtqw": {"name": "Wasted", "coverArt": "https://i.scdn.co/image/ab67616d00001e02c03516ad56f5f4e427bc9ba3", "artist": ["Loud Luxury", "WAV3POP"], "artistIds": ["6t1gpxYbY8OlLA7D2RiikQ", "4xdLHkMBGSEsQq2VVftnWa"], "artistPop": [72, 49], "genres": ["dance pop", "edm", "electro house", "pop", "pop dance", "tropical house"]}, "0FbsFDHJpMlLQu3G8hGINW": {"name": "High Forever", "coverArt": "https://i.scdn.co/image/ab67616d00001e02efc97c146caf056c85eabeff", "artist": ["The Maine"], "artistIds": ["4o0pNHbyj36LPvukNqEug0"], "artistPop": [61], "genres": ["modern alternative rock", "modern rock", "neon pop punk", "pop emo", "pop punk", "pop rock", "post-teen pop", "tempe indie"]}, "17bqduRY9LL8WWXtsSE1Kp": {"name": "Children of The Dark", "coverArt": "https://i.scdn.co/image/ab67616d00001e02bdd5602909c0bd95c9762893", "artist": ["POORSTACY"], "artistIds": ["7vSY9HEreOqb1Llar3UC38"], "artistPop": [61], "genres": ["emo rap", "melodic rap"]}, "5K6wNVnhTHW1xp9EqeRNsh": {"name": "Thank You", "coverArt": "https://i.scdn.co/image/ab67616d00001e0210df8145e0bbc48e3fd5e8b9", "artist": ["Oscar Lang"], "artistIds": ["6deCiWT7ATcDWP2Cvlalvn"], "artistPop": [60], "genres": ["bedroom pop", "indie pop"]}, "43e9tSxVoL8LEWd5oLkR1S": {"name": "Let\u2019s Sing Let\u2019s Dance", "coverArt": "https://i.scdn.co/image/ab67616d00001e0240b85b4ba126126a912185cf", "artist": ["\ubc15\ud61c\uc9c4 Park Hye Jin"], "artistIds": ["6niigcazB2JPcpasZfZvq1"], "artistPop": [53], "genres": ["korean dream pop"]}, "2xLhpVdgziewWHydp0csEn": {"name": "Feel Nothing", "coverArt": "https://i.scdn.co/image/ab67616d00001e025fe5fa0317767ad0bafd99f7", "artist": ["Amen Dunes", "Sleaford Mods"], "artistIds": ["1jwOuEBcOKq0BeudSarbEM", "0otAqZw8htTsGHfqR491Yh"], "artistPop": [45, 50], "genres": ["art pop", "chamber psych", "freak folk", "garage psych", "indie rock", "modern psychedelic folk", "neo-psychedelic", "popgaze", "nottingham indie"]}, "2ntDLg7UiG4wqoueO6yDIv": {"name": "over you yet", "coverArt": "https://i.scdn.co/image/ab67616d00001e02dba3104e46418e607a186932", "artist": ["Tom Odell"], "artistIds": ["2txHhyCwHjUEpJjWrEyqyX"], "artistPop": [73], "genres": ["chill pop", "pop"]}, "43YIg00RcAoXF4isZgqFh7": {"name": "NOW I'M ALONE (feat. Sof\u00eda Vald\u00e9s)", "coverArt": "https://i.scdn.co/image/ab67616d00001e0279dbfae66b10011662430374", "artist": ["HONNE", "Sof\u00eda Vald\u00e9s"], "artistIds": ["0Vw76uk7P8yVtTClWyOhac", "0caswMNVJ7vPNC1Z7NOeCT"], "artistPop": [70, 50], "genres": ["chill r&b", "pop", "uk pop", "panamanian pop"]}, "1QnhBFAJOFrrzmLmoitgke": {"name": "Roller Coaster", "coverArt": "https://i.scdn.co/image/ab67616d00001e02ad0e05aba31f553c4b5838e3", "artist": ["Naliya"], "artistIds": ["6n4qDgsuoohAN5Q7HebLvU"], "artistPop": [31], "genres": ["canadian electropop"]}, "0t1JabwSpUBQpNMMS3hRWD": {"name": "Can I Be Real?", "coverArt": "https://i.scdn.co/image/ab67616d00001e0207dfa0f9530212442d922b54", "artist": ["Brynn Elliott"], "artistIds": ["43AN9FNovCCWxPX4talyzz"], "artistPop": [48], "genres": []}, "05aF35gAGVmmvsZp7wlgwf": {"name": "butterfly (feat. Karen Fairchild)", "coverArt": "https://i.scdn.co/image/ab67616d00001e02ef071d03b0ed81ade1dd3bb8", "artist": ["Emily Weisband", "Karen Fairchild"], "artistIds": ["1am9EW2QubqpkCbg29vu5n", "3RXtieA0L2l22SWlOUMNca"], "artistPop": [40, 45], "genres": ["alt z", "country pop", "nashville singer-songwriter"]}, "4NzG3rD94lnKJFbYXmbFrW": {"name": "I Need Your Love", "coverArt": "https://i.scdn.co/image/ab67616d00001e02a07e7ff8d7238ca5d445ff24", "artist": ["Charley Crockett"], "artistIds": ["3BJX1nYizKvWpZTY5HOAr4"], "artistPop": [59], "genres": ["alternative country", "deep new americana", "new americana", "roots americana"]}, "3G5L2SPZKGarOkZdZpoLcv": {"name": "Know You Will", "coverArt": "https://i.scdn.co/image/ab67616d00001e025b104db7954cee899413bf2e", "artist": ["Hillsong UNITED"], "artistIds": ["74cb3MG0x0BOnYNW1uXYnM"], "artistPop": [72], "genres": ["ccm", "christian alternative rock", "christian music", "world worship", "worship"]}, "4WPAFBFmDXERfusIsjthiP": {"name": "Don't Play With Me", "coverArt": "https://i.scdn.co/image/ab67616d00001e026eb61b6eada4b3d30700f3b7", "artist": ["Dwn2earth", "Ty Dolla $ign"], "artistIds": ["2ums0zsrtQqsI77ol2KIRt", "7c0XG5cIJTrrAgEC3ULPiq"], "artistPop": [48, 87], "genres": ["trap soul", "hip hop", "pop", "pop rap", "r&b", "trap", "trap soul"]}, "183gI3hEvjHAL1RlvTblZz": {"name": "Unforgivable", "coverArt": "https://i.scdn.co/image/ab67616d00001e02ac1cb1281d00ef80ef1390d5", "artist": ["Bantu"], "artistIds": ["6tt0iYnpHERj05WATWRiom"], "artistPop": [52], "genres": ["zimdancehall"]}, "19M24LvVumMVlcQIHusXyl": {"name": "Mn Gheirik Enti", "coverArt": "https://i.scdn.co/image/ab67616d00001e02d34e259e3aa9c69c899552a1", "artist": ["Issam Alnajjar"], "artistIds": ["6dO0RkhFhjMwLtLQqNgL8r"], "artistPop": [59], "genres": ["indonesian viral pop"]}, "4vtz1ng68dqB5u7H8CLqQP": {"name": "My Lil Dance (feat. Gucci Mane)", "coverArt": "https://i.scdn.co/image/ab67616d00001e02457e763dfae4fb8f79bbd4a9", "artist": ["Hotboy Wes", "Gucci Mane"], "artistIds": ["2Lgyk37aJufoDDSoU4S5nO", "13y7CgLHjMVRMDqxdx0Xdo"], "artistPop": [44, 79], "genres": ["houston rap", "atl hip hop", "dirty south rap", "gangster rap", "hip hop", "pop rap", "rap", "southern hip hop", "trap"]}, "24jKWhYB5ynpsJXjDvwfvo": {"name": "nwts", "coverArt": "https://i.scdn.co/image/ab67616d00001e02d47b713e2cacbcf5a9ff4942", "artist": ["Amindi"], "artistIds": ["1xQIR56DxgWYZPUvOLRIua"], "artistPop": [52], "genres": ["alternative r&b", "dancehall", "indie r&b"]}, "2XDNYySUXdZNlACNr7XRn1": {"name": "Rainbow Brain", "coverArt": "https://i.scdn.co/image/ab67616d00001e0297682cd2dc1f3b5098a51e5e", "artist": ["GRiZ", "ProbCause", "Chrishira Perrier"], "artistIds": ["25oLRSUjJk4YHNUsQXk7Ut", "1ZcfGrGrm9aHnUNVQz3sCY", "0A7SwEIXcHDINnTgiHq5M2"], "artistPop": [63, 49, 41], "genres": ["edm", "electropop", "jamtronica", "jazztronica", "livetronica", "chicago indie"]}, "53d5dxYPtRLPmqPe9VpZ67": {"name": "In Motion (feat. Reo Cragun)", "coverArt": "https://i.scdn.co/image/ab67616d00001e020939592f8e8bcda077977929", "artist": ["EVAN GIIA", "Reo Cragun", "MEMBA"], "artistIds": ["0D6BtvIkN3P9GHTa8KR24t", "08v1r0jqDyvSo2LtSqHxcy", "7nJNuftnqwrFGFs3ZRRe0u"], "artistPop": [55, 54, 54], "genres": ["electropop", "indie electropop", "nyc pop", "pop", "canadian hip hop", "trap soul", "underground hip hop", "bass trap", "electronic trap", "future bass", "indian edm", "traprun", "vapor twitch"]}, "0PxFCmpcWul3M5n57soAIu": {"name": "Forget You", "coverArt": "https://i.scdn.co/image/ab67616d00001e022a583283f6ea11b4fcbbcf0a", "artist": ["Bahari"], "artistIds": ["0fs8oBR1rx7JIXZi75h7Uu"], "artistPop": [56], "genres": ["alt z", "indie electropop", "indie poptimism", "la pop"]}, "0YcJfsr91XXLiSapSQbtJf": {"name": "problems", "coverArt": "https://i.scdn.co/image/ab67616d00001e02a382523149ac806260c1ed8f", "artist": ["44phantom"], "artistIds": ["1vwwjIPFeYoRfAUCqqO6cZ"], "artistPop": [50], "genres": ["emo rap", "sad rap"]}, "7gXldQvrCf4pMuXVH1X59U": {"name": "Dare To Dream", "coverArt": "https://i.scdn.co/image/ab67616d00001e0258726e7d56d5e3a3cf83c18b", "artist": ["Dylan Cartlidge"], "artistIds": ["0ofvvakxXcRhIy5fgIoB9z"], "artistPop": [36], "genres": ["uk alternative hip hop"]}, "4vsgXfl6EAVtjgHpfdjIcm": {"name": "til the end of time", "coverArt": "https://i.scdn.co/image/ab67616d00001e025f77390f81222f861fb03b2c", "artist": ["almost monday"], "artistIds": ["42FzVuyJH8YbkhzWSR2n8E"], "artistPop": [49], "genres": []}, "0F6muV6HG4MUNJrJfAHVT9": {"name": "Goodbye", "coverArt": "https://i.scdn.co/image/ab67616d00001e0289ffda689e9ab9cae933fc79", "artist": ["LP"], "artistIds": ["0J7U24vlOOIeMpuaO6Q85A"], "artistPop": [70], "genres": ["la pop", "women's music"]}, "2zsmJ1AE5MlLfVrwaCytiD": {"name": "My House", "coverArt": "https://i.scdn.co/image/ab67616d00001e027a4512619a30f3da2b53ed31", "artist": ["Declan McKenna"], "artistIds": ["2D4FOOOtWycb3Aw9nY5n3c"], "artistPop": [65], "genres": ["indie pop", "modern alternative rock", "modern rock", "rock"]}, "1eYHAdDUKLUUWn0lhZgyUz": {"name": "Lonely As I Ever Was", "coverArt": "https://i.scdn.co/image/ab67616d00001e02147c7addf6ffc564823cb63d", "artist": ["Spencer."], "artistIds": ["20PdOyVym0ZZrOB1rfcvCR"], "artistPop": [50], "genres": ["alternative r&b", "bedroom pop", "indie r&b"]}, "1jG4FyjLDloWyiob0PgIBQ": {"name": "drugs with you", "coverArt": "https://i.scdn.co/image/ab67616d00001e02a1d728484ad0e59147a147c9", "artist": ["TAELA"], "artistIds": ["0UpJN0IU36gOyMJLHYHTYq"], "artistPop": [26], "genres": []}, "2JJq0TAA9I1wM1fuKIi1OE": {"name": "17 anymore", "coverArt": "https://i.scdn.co/image/ab67616d00001e024b36e341486fb29cab3de46b", "artist": ["marcos g"], "artistIds": ["3O2UFvuhmgSDH3q6miqELN"], "artistPop": [50], "genres": ["alternative r&b", "chill r&b", "indie r&b", "pop"]}, "6KIJXRb5UkvULdOlbgJ4Li": {"name": "DRIVE AWAY", "coverArt": "https://i.scdn.co/image/ab67616d00001e0265eebe1f256095273b5ddf8b", "artist": ["payton"], "artistIds": ["0wrbaNL900CWaR5DYERLze"], "artistPop": [46], "genres": ["social media pop"]}, "6r8WSWSLFeom7C4rgViGQg": {"name": "Shooting Star", "coverArt": "https://i.scdn.co/image/ab67616d00001e024c7d79a229ee09aa173b4723", "artist": ["Rejjie Snow", "Cam O'bi"], "artistIds": ["3lLHpTOJ11tWiUNGYN14gt", "4jqFe1fd5uul2XSSxsRvbZ"], "artistPop": [63, 53], "genres": ["hip hop", "indie soul", "irish hip hop", "rap", "underground hip hop"]}, "6qGT5lI0arz1luRnj7SEYm": {"name": "Raise Your Hand", "coverArt": "https://i.scdn.co/image/ab67616d00001e020746859e82d9cfdb68a18113", "artist": ["Youssou N'Dour", "Teni", "Reekado Banks", "Nomcebo Zikode", "Pheelz", "Moinina", "London Community Gospel Choir"], "artistIds": ["77zlytAFjPFjUKda8TNIDY", "3ukrG1BmfEiuo0KDj8YTTS", "3bxZkzk0PLHcetO9o4oxXn", "4cfKtwkefMW3aiXtxfw8w6", "5Jv1MsZBh0sqokFq7pU8Xg", "0Cn304icSCcl9PywcFPLQZ", "5DhdFUvQCHgY2F9mVL8uoz"], "artistPop": [54, 55, 50, 64, 33, 22, 41], "genres": ["afropop", "mande pop", "mbalax", "world", "afropop", "azontobeats", "nigerian pop", "afro dancehall", "afropop", "azontobeats", "nigerian hip hop", "nigerian pop", "afro soul", "south african pop", "british choir", "gospel singers"]}, "3r1uRqxMiq6Z1YlqCP7WVa": {"name": "I Need A Bag", "coverArt": "https://i.scdn.co/image/ab67616d00001e0251240783861d2024186fde75", "artist": ["Jucee Froot"], "artistIds": ["7BtDOCA9U1krM87JITg6bF"], "artistPop": [45], "genres": ["trap queen"]}, "0Zrn0AIZ8zNCtStA1YrRfZ": {"name": "F Yah Job", "coverArt": "https://i.scdn.co/image/ab67616d00001e022bf367cf5c00755bcda904fc", "artist": ["Childish Major"], "artistIds": ["4bMNzAopkqYTwkBLwMKsF1"], "artistPop": [54], "genres": ["alternative r&b", "canadian hip hop", "indie r&b", "trap soul", "underground hip hop"]}, "6ojA83SXbJ5BKpJucn3j6R": {"name": "Me Has Dejado", "coverArt": "https://i.scdn.co/image/ab67616d00001e02e6271de56f2d056bee88ec10", "artist": ["Nicki Nicole", "Delaossa"], "artistIds": ["2UZIAOlrnyZmyzt1nuXr9y", "5Uox3n7m4W2CoM9MmHPJwQ"], "artistPop": [77, 66], "genres": ["argentine hip hop", "r&b argentino", "trap argentino", "trap latino", "boom bap espanol", "rap canario", "rap espanol", "urbano espanol"]}}