{"0lx2cLdOt3piJbcaXIV74f": {"name": "willow", "coverArt": "https://i.scdn.co/image/ab67616d00001e0233b8541201f1ef38941024be", "artist": ["Taylor Swift"], "artistIds": ["06HL4z0CvFAxyc27GXpf02"], "artistPop": [93], "genres": ["pop", "post-teen pop"]}, "57VeLYXrvNxe8Vs18K2M9W": {"name": "Way Out (feat. Big Sean)", "coverArt": "https://i.scdn.co/image/ab67616d00001e02aeb14ead136118a987246b63", "artist": ["Jack Harlow", "Big Sean"], "artistIds": ["2LIk90788K0zvyj2JJVwkJ", "0c173mlxpT3dSFRgMO8XPh"], "artistPop": [88, 81], "genres": ["deep underground hip hop", "kentucky hip hop", "pop rap", "rap", "detroit hip hop", "hip hop", "pop rap", "rap", "southern hip hop", "trap"]}, "1xzUQMiCoY5pdego0pHMeV": {"name": "She Knows This", "coverArt": "https://i.scdn.co/image/ab67616d00001e029bf7698a1737bc7c2e4a14f3", "artist": ["Kid Cudi"], "artistIds": ["0fA0VVWsXO9YnASrzqfmYu"], "artistPop": [84], "genres": ["hip hop", "ohio hip hop", "pop rap", "rap"]}, "5YSHygGN9D0mID1NsVd5my": {"name": "Reminds Me Of You", "coverArt": "https://i.scdn.co/image/ab67616d00001e02c036b68d0f08a4c3d05e1a34", "artist": ["Juice WRLD", "The Kid LAROI"], "artistIds": ["4MCBfE4596Uoi2O4DtmEMz", "2tIP7SsRs7vjIcLrU85W8J"], "artistPop": [92, 92], "genres": ["chicago rap", "melodic rap", "australian hip hop"]}, "7rq1zCf90CnU7OalBLIgNp": {"name": "r u ok", "coverArt": "https://i.scdn.co/image/ab67616d00001e02076ed578cfd2e4d81e8ff0f1", "artist": ["Tate McRae"], "artistIds": ["45dkTj5sMRSjrmBSBeiHym"], "artistPop": [81], "genres": ["alt z", "dance pop", "pop", "post-teen pop"]}, "3YmgsYX80v0EtBZekgcB6w": {"name": "BOYSHIT", "coverArt": "https://i.scdn.co/image/ab67616d00001e02b607cbee819047fc2e5c3ba4", "artist": ["Madison Beer"], "artistIds": ["2kRfqPViCqYdSGhYSM9R0Q"], "artistPop": [78], "genres": ["alt z", "dance pop", "electropop", "pop", "post-teen pop"]}, "6UYbt0ZVXP5pnrhzk8z2d8": {"name": "fuego (feat. Tyler, The Creator)", "coverArt": "https://i.scdn.co/image/ab67616d00001e023ea20a6387d8474dc756227f", "artist": ["Channel Tres", "Tyler, The Creator"], "artistIds": ["4cUkGQyhLFqKHBtL58HYVp", "4V8LLVI7PbaPR0K2TGSxFF"], "artistPop": [64, 86], "genres": ["indie soul", "la pop", "hip hop", "rap"]}, "3NllHdYknM2F6UxxGevXWc": {"name": "Nothing's the Same", "coverArt": "https://i.scdn.co/image/ab67616d00001e02e2642477ecfb25c4624bfe3c", "artist": ["Alexander 23", "Jeremy Zucker"], "artistIds": ["6sFHvCyqklnJpXC9Nh1aag", "3gIRvgZssIb9aiirIg0nI3"], "artistPop": [68, 78], "genres": ["alt z", "indie cafe pop", "pop", "post-teen pop", "social media pop", "electropop", "pop", "post-teen pop"]}, "3RaT22zZsxVYxxKR7TAaYF": {"name": "no body, no crime (feat. HAIM)", "coverArt": "https://i.scdn.co/image/ab67616d00001e0233b8541201f1ef38941024be", "artist": ["Taylor Swift", "HAIM"], "artistIds": ["06HL4z0CvFAxyc27GXpf02", "4Ui2kfOqGujY81UcPrb5KE"], "artistPop": [93, 68], "genres": ["pop", "post-teen pop", "art pop", "dance pop", "indie pop", "metropopolis", "pop rock"]}, "6ZTFZm4IEFnMSDfO6mVgMY": {"name": "Christmas Saves The Year", "coverArt": "https://i.scdn.co/image/ab67616d00001e02fdd772158c3af54caf44879b", "artist": ["Twenty One Pilots"], "artistIds": ["3YQKmKGau1PzlVlkL1iodx"], "artistPop": [83], "genres": ["modern rock", "rock"]}, "0BHoGvpT5NAQxdocy4JIMU": {"name": "The Return", "coverArt": "https://i.scdn.co/image/ab67616d00001e02285063abab500e5dc20ffbcc", "artist": ["Chance the Rapper"], "artistIds": ["1anyVhU62p31KFi8MEzkbf"], "artistPop": [79], "genres": ["chicago rap", "conscious hip hop", "hip hop", "pop rap", "rap"]}, "7fachAuYAPo6hjNTBYNjAG": {"name": "Keep Hope - Spotify Singles", "coverArt": "https://i.scdn.co/image/ab67616d00001e02a5807e3786cc41ea35a841bf", "artist": ["Mozzy", "Blxst"], "artistIds": ["4AA474G2hRfrHyGrfyDseO", "4qXC0i02bSFstECuXP2ZpL"], "artistPop": [68, 76], "genres": ["cali rap", "sacramento hip hop", "trap"]}, "0VF7YLIxSQKyNiFL3X6MmN": {"name": "Stargazing", "coverArt": "https://i.scdn.co/image/ab67616d00001e023552d3f419afe41cf9b0bd0a", "artist": ["The Neighbourhood"], "artistIds": ["77SW9BnxLY8rJ0RciFqkHh"], "artistPop": [83], "genres": ["modern alternative rock", "modern rock", "pop"]}, "338xF3140zGWoVFE6pFYcj": {"name": "All Three", "coverArt": "https://i.scdn.co/image/ab67616d00001e02067df5bd67572155206f67fd", "artist": ["Noah Cyrus"], "artistIds": ["55fhWPvDiMpLnE4ZzNXZyW"], "artistPop": [74], "genres": ["alt z", "dance pop", "pop", "post-teen pop"]}, "4jp8ragG1fHm1eucECebYF": {"name": "Brush Fire", "coverArt": "https://i.scdn.co/image/ab67616d00001e020fbf715d41f46ae042bcc23f", "artist": ["Gracie Abrams"], "artistIds": ["4tuJ0bMpJh08umKkEXKUI5"], "artistPop": [66], "genres": ["alt z", "indie cafe pop", "indie pop", "pop"]}, "4RPJGu9NXhxdV53l14XwAO": {"name": "Let Me Reintroduce Myself", "coverArt": "https://i.scdn.co/image/ab67616d00001e022fb3918d2307a49d19eea96f", "artist": ["Gwen Stefani"], "artistIds": ["4yiQZ8tQPux8cPriYMWUFP"], "artistPop": [75], "genres": ["dance pop", "hip pop", "pop", "post-teen pop", "urban contemporary"]}, "1ptsownbhGmvBKmE7IMv3p": {"name": "Sex Lies (feat. Lil Baby)", "coverArt": "https://i.scdn.co/image/ab67616d00001e023c0c7e372cb2de077a7ce789", "artist": ["Latto", "Lil Baby"], "artistIds": ["3MdXrJWsbVzdn6fe5JYkSQ", "5f7VJjfbwm532GiveGC0ZK"], "artistPop": [66, 91], "genres": ["pop", "pop r&b", "r&b", "trap queen", "atl hip hop", "atl trap", "rap", "trap"]}, "3GvtfWTRoialUPNCbDjdtI": {"name": "Female Goat", "coverArt": "https://i.scdn.co/image/ab67616d00001e029ce014cd26695739ec129664", "artist": ["Lakeyah", "City Girls"], "artistIds": ["77gMBvQ2frbQAPyCeoYGm7", "37hAfseJWi0G3Scife12Il"], "artistPop": [54, 72], "genres": ["pop r&b", "dance pop", "pop", "pop rap", "r&b", "scam rap", "trap queen"]}, "34U9aDO6VUk1woYieS0ap1": {"name": "All Of Your Love (feat. Toosii)", "coverArt": "https://i.scdn.co/image/ab67616d00001e02c294f9f4847ff2cd5210d4e1", "artist": ["Hotboii", "Toosii"], "artistIds": ["220xv2aB3dsGxaJI1gGs7l", "6BH1xcDkwbbyrLMUKECsW1"], "artistPop": [64, 67], "genres": ["florida rap", "north carolina hip hop", "pop r&b"]}, "6XkHHMfaghZ1SNf3V5yM5b": {"name": "Lay Up", "coverArt": "https://i.scdn.co/image/ab67616d00001e023088ddad7a7ab9fc4355249e", "artist": ["Fana Hues"], "artistIds": ["4yJHrytMK7mqtKsXVGaBNg"], "artistPop": [62], "genres": ["alternative r&b", "chill r&b", "indie r&b"]}, "3AivUXivaVYYLKahJPg5y6": {"name": "CONVERSATIONS", "coverArt": "https://i.scdn.co/image/ab67616d00001e02291b28a7229c3fe8d27afce2", "artist": ["Aries"], "artistIds": ["3hOdow4ZPmrby7Q1wfPLEy"], "artistPop": [63], "genres": ["emo rap", "pop rap", "sad rap"]}, "0U9oiRl4hYwORmWwkYihZN": {"name": "when the party\u2019s over", "coverArt": "https://i.scdn.co/image/ab67616d00001e02867dc276b8c9a4a68a43d1b2", "artist": ["James Blake"], "artistIds": ["53KwLdlmrlCelAZMaLVZqU"], "artistPop": [70], "genres": ["alternative r&b", "indie soul", "uk alternative pop"]}, "66VenHDtrQAw7FCjyF2J56": {"name": "The Christmas Song (Shawn Mendes & Camila Cabello)", "coverArt": "https://i.scdn.co/image/ab67616d00001e02c6da225391c1c8319a016ce1", "artist": ["Shawn Mendes", "Camila Cabello"], "artistIds": ["7n2wHs1TKAczGzO7Dd2rGr", "4nDoRrQiYLoBzwC5BhVJzF"], "artistPop": [87, 84], "genres": ["canadian pop", "dance pop", "pop", "post-teen pop", "viral pop", "dance pop", "pop", "post-teen pop"]}, "6wautI9lMGKOj3CHf4UYVJ": {"name": "Years To Go (feat. Goody Grace)", "coverArt": "https://i.scdn.co/image/ab67616d00001e0267bbd7b279422117e2199fb7", "artist": ["G-Eazy", "Goody Grace"], "artistIds": ["02kJSzxNuaWGqwubyUba0Z", "1iH2Yx2Ea0kZ0zKI3Nlk30"], "artistPop": [81, 61], "genres": ["hip hop", "indie pop rap", "oakland hip hop", "pop rap", "rap", "pop rap", "sad rap"]}, "2sDwK2Nj5gBGpJykIl0Yu4": {"name": "Hard For Me", "coverArt": "https://i.scdn.co/image/ab67616d00001e02ee02d42f95aabaf5618cf0cd", "artist": ["Russ"], "artistIds": ["1z7b1Pr1rSlvWRzsW3HOrS"], "artistPop": [79], "genres": ["hawaiian hip hop", "pop rap", "rap"]}, "36XDzzVTrpsQaYAZu6rpfC": {"name": "Play (feat. Lancey Foux)", "coverArt": "https://i.scdn.co/image/ab67616d00001e026f933f65f6b02a82c1c4c119", "artist": ["Bakar", "Lancey Foux"], "artistIds": ["3K2Srho6NCF3o9MswGR76H", "2LakckgvXEtJlKOYP6BO11"], "artistPop": [65, 52], "genres": ["uk alternative hip hop", "uk alternative hip hop", "underground hip hop", "vapor trap"]}, "3dKoqTsWa5czZzkRa3Iw5q": {"name": "Rainbow", "coverArt": "https://i.scdn.co/image/ab67616d00001e02c0292274b4ab116cb7c2449e", "artist": ["Bladee", "Mechatok"], "artistIds": ["2xvtxDNInKDV4AvGmjw6d1", "4poYOxVqlpDTelhhiJcSrW"], "artistPop": [66, 45], "genres": ["glitchcore", "underground hip hop", "deconstructed club", "escape room", "grimewave", "hyperpop"]}, "0XQypgwTXf0LS7ZGx13XTA": {"name": "Time (feat. Rhye)", "coverArt": "https://i.scdn.co/image/ab67616d00001e02e49b1bcaa060156dd2019e17", "artist": ["SG Lewis", "Rhye"], "artistIds": ["0GG2cWaonE4JPrjcCCQ1EG", "2AcUPzkVWo81vumdzeLLRN"], "artistPop": [67, 64], "genres": ["alternative r&b", "indie soul", "new french touch", "uk dance", "vapor soul", "downtempo", "indie soul", "indietronica", "shimmer pop"]}, "1hXFmRJcLVmp1rRMwzgnKE": {"name": "Lurkin", "coverArt": "https://i.scdn.co/image/ab67616d00001e02cd29ce7bf3517428aac8a475", "artist": ["Funk Flex", "King Von"], "artistIds": ["34ABXKUj0gzq7R8vXjCaNj", "6QtgPSJPSzcnn7dPZ4VINp"], "artistPop": [58, 76], "genres": ["bronx hip hop", "east coast hip hop", "hardcore hip hop", "chicago rap"]}, "1CskHhEj7h9GRMKXpLHApO": {"name": "3:30 In Houston", "coverArt": "https://i.scdn.co/image/ab67616d00001e0252815f4d3daa1bace21f2bab", "artist": ["Benny The Butcher"], "artistIds": ["5Matrg5du62bXwer29cU5T"], "artistPop": [65], "genres": ["boom bap", "buffalo hip hop", "hip hop", "rap", "underground hip hop", "upstate ny rap"]}, "2ZUJj80Mfmj13MKJXf9pnP": {"name": "Matches", "coverArt": "https://i.scdn.co/image/ab67616d00001e028a32bcce7e3cc75406bb49be", "artist": ["Britney Spears", "Backstreet Boys"], "artistIds": ["26dSoYclwsYLMAKD3tpOr4", "5rSXSAkZ67PYJSvpUpkOr7"], "artistPop": [81, 76], "genres": ["dance pop", "pop", "post-teen pop", "boy band", "dance pop"]}, "7AUhck1sPy11OExQmDDx4P": {"name": "De Vuelta Pa' La Vuelta", "coverArt": "https://i.scdn.co/image/ab67616d00001e0203c8b74945022105f48dd610", "artist": ["Daddy Yankee", "Marc Anthony"], "artistIds": ["4VMYDCV2IEDYJArk749S6m", "4wLXwxDeWQ8mtUIRPxGiD6"], "artistPop": [87, 78], "genres": ["latin", "latin hip hop", "reggaeton", "trap latino", "latin", "latin pop", "modern salsa", "salsa", "tropical"]}, "6731YdP19CJBKlSaJNBAK0": {"name": "Hold Us Together - From the Disney+ Original Motion Picture \"Safety\"", "coverArt": "https://i.scdn.co/image/ab67616d00001e02c0d6c7e550e89e12f4a5e393", "artist": ["H.E.R."], "artistIds": ["3Y7RZ31TRPVadSFVy1o8os"], "artistPop": [78], "genres": ["alternative r&b", "dance pop", "pop", "r&b"]}, "25oxeU7fMQVrxvScjCMAeC": {"name": "Oh Sarah", "coverArt": "https://i.scdn.co/image/ab67616d00001e023eeaad8a9bc30d54fe32b10f", "artist": ["Sturgill Simpson"], "artistIds": ["3vDpQbGnzRbRVirXlfQagB"], "artistPop": [67], "genres": ["alternative americana", "kentucky roots", "nashville singer-songwriter", "new americana", "outlaw country"]}, "2nZq5WQOW4FEPxCVTdNGfB": {"name": "Kissin' In The Cold", "coverArt": "https://i.scdn.co/image/ab67616d00001e020f74ebfae87d4233cc71e9db", "artist": ["JP Saxe", "Julia Michaels"], "artistIds": ["66W9LaWS0DPdL7Sz8iYGYe", "0ZED1XzwlLHW4ZaG4lOT6m"], "artistPop": [72, 79], "genres": ["alt z", "canadian contemporary r&b", "indie cafe pop", "pop", "pop rock", "post-teen pop", "alt z", "dance pop", "electropop", "pop", "post-teen pop"]}, "4RDzQSxyEEQlgQl1xEscPu": {"name": "Cold", "coverArt": "https://i.scdn.co/image/ab67616d00001e02a1922655d7d2f4e735daf31d", "artist": ["Marc E. Bassy", "Buddy"], "artistIds": ["3tQx1LPXbsYjE9VwN1Peaa", "6PDLwWvgYNMfBRLqC1h5cJ"], "artistPop": [69, 64], "genres": ["alternative r&b", "pop", "pop rap", "r&b", "rap", "alternative r&b", "cali rap", "underground hip hop"]}, "4rXolcRVENDz8ydpm53Sfn": {"name": "I See The Dream (Badna Salam) (feat. Ali Gatie)", "coverArt": "https://i.scdn.co/image/ab67616d00001e02bc129932cccc0dfb545aa053", "artist": ["Massari", "Ali Gatie"], "artistIds": ["0Jzbm3ifxDNLxxS8M4BS51", "4rTv3Ejc7hKMtmoBOK1B4T"], "artistPop": [53, 75], "genres": ["canadian pop", "dance pop", "lebanese pop", "canadian hip hop", "pop"]}, "76v3J11Zq0HwkJqQLyw7sJ": {"name": "Pronto", "coverArt": "https://i.scdn.co/image/ab67616d00001e029e02e3aa32f39299fb5ab017", "artist": ["Danny Ocean"], "artistIds": ["5H1nN1SzW0qNeUEZvuXjAj"], "artistPop": [77], "genres": ["latin", "latin pop", "pop venezolano", "reggaeton", "trap latino"]}, "5yorXJWdBan1Vlh116ZtQ7": {"name": "WHOLE LOTTA MONEY", "coverArt": "https://i.scdn.co/image/ab67616d00001e02519992354b6dd38590baec10", "artist": ["BIA"], "artistIds": ["6veh5zbFpm31XsPdjBgPER"], "artistPop": [71], "genres": ["escape room", "r&b", "rap latina", "trap queen"]}, "2V799r7ICmCjVOlLkZ65MO": {"name": "Take Off", "coverArt": "https://i.scdn.co/image/ab67616d00001e02c8a612726b294f6204027391", "artist": ["Popp Hunna"], "artistIds": ["3fyhhXHbGVLuSHFk2SYx4I"], "artistPop": [56], "genres": ["philly rap"]}, "2U6awlumXAgKea9EcFrEgR": {"name": "Marry Christmas", "coverArt": "https://i.scdn.co/image/ab67616d00001e025172aa4f65ab570d329153d1", "artist": ["salem ilese"], "artistIds": ["3QJUFtGBGL05vo0kCJZsmT"], "artistPop": [66], "genres": ["alt z", "modern indie pop", "social media pop"]}, "6gEAtpx5St6cbPkJfZNQ1t": {"name": "Once Upon A Time", "coverArt": "https://i.scdn.co/image/ab67616d00001e0261edfbcbb56f465f88b0b25e", "artist": ["SHAED"], "artistIds": ["3KwmxIhSe9UTSEF37kwngR"], "artistPop": [66], "genres": ["electropop", "pop"]}, "5Dd6qPV6vI8OXuM9t9WSww": {"name": "Pieces", "coverArt": "https://i.scdn.co/image/ab67616d00001e028811fa68fbd0d04df58055fe", "artist": ["Des Rocs"], "artistIds": ["2kO6mP0olFJGGh6kvUdNC8"], "artistPop": [57], "genres": ["modern alternative rock", "modern blues rock", "modern rock", "rebel blues", "rock"]}, "3HUB8GPbaGpIpjRoONLJP4": {"name": "Hills Have Eyes", "coverArt": "https://i.scdn.co/image/ab67616d00001e02e58c2688e994da8f1a204a80", "artist": ["POORSTACY"], "artistIds": ["7vSY9HEreOqb1Llar3UC38"], "artistPop": [61], "genres": ["emo rap", "melodic rap"]}, "4l9ySYsdTRMiUZdNfI0iLR": {"name": "Back on the Fence", "coverArt": "https://i.scdn.co/image/ab67616d00001e0286ed85b7808ee4dbca4ae9c0", "artist": ["Healy", "Becky and the Birds"], "artistIds": ["2Yhge9MsE7qKcV0eWsuuHM", "52MMXmgPC7kDNIYUxCeh8d"], "artistPop": [57, 39], "genres": ["alternative r&b", "indie r&b", "memphis hip hop", "experimental r&b", "modern alternative pop"]}, "1bG6qffAzpyiqwZz4zytTt": {"name": "Wawawa", "coverArt": "https://i.scdn.co/image/ab67616d00001e028e8bfb5957e35530e22f1408", "artist": ["Y2K", "bbno$"], "artistIds": ["6USMTwO0MNDnKte5a5h0xx", "41X1TR6hrK8Q2ZCpp2EqCz"], "artistPop": [67, 77], "genres": ["pop rap", "canadian hip hop", "dark trap", "pop rap", "vapor trap"]}, "1dekstoglmqX3fq3K42sux": {"name": "Garage Rooftop", "coverArt": "https://i.scdn.co/image/ab67616d00001e020ff1b43816864742e646d3e5", "artist": ["Q"], "artistIds": ["22vqVhfPJab5kkU9txDGX3"], "artistPop": [55], "genres": ["alternative r&b", "chill r&b", "indie r&b"]}, "5dE1yfno7uUJW5cCylWmUE": {"name": "FWB", "coverArt": "https://i.scdn.co/image/ab67616d00001e029dd3feadd175f70ca4bf32f5", "artist": ["CHIKA"], "artistIds": ["6UtYvUtXnmg5EtllDFlWp8"], "artistPop": [54], "genres": ["alabama rap", "alternative r&b", "indie r&b"]}, "4vlbRQou38tQNakQWeme16": {"name": "Bih Yah", "coverArt": "https://i.scdn.co/image/ab67616d00001e027816da11c5213ee7ec094b59", "artist": ["Mario Judah"], "artistIds": ["5HFSWl4JPwju06kHxukvTe"], "artistPop": [56], "genres": ["meme rap"]}, "1LKo1pAertanzWdCwjykFB": {"name": "Float", "coverArt": "https://i.scdn.co/image/ab67616d00001e021305c89a91a728ab98c411d6", "artist": ["Anabel Englund"], "artistIds": ["3ky8xBRraNNzxzXEw6Ga0c"], "artistPop": [55], "genres": ["deep groove house", "edm", "house", "pop dance"]}, "1kXHqvq1R8dkx1Mm52nH9g": {"name": "Be the One (feat. MORGAN, Digga D & TIKE)", "coverArt": "https://i.scdn.co/image/ab67616d00001e022fe6a07e7f5d18164d4667b3", "artist": ["Rudimental", "MORGAN", "Digga D", "TIKE"], "artistIds": ["4WN5naL3ofxrVBgFpguzKo", "7ltW5jYRnGOE4O1vcgW2DI", "57n1OF36WvtOeATY6WQ6iw", "6OiH2Ok0TqhVP2Ah65Bm8Y"], "artistPop": [73, 51, 69, 49], "genres": ["dance pop", "edm", "house", "pop", "pop dance", "tropical house", "uk dance", "uk funky", "aussie drill", "london rap"]}, "15zGj634ctKvXflVumO5Qq": {"name": "Desnudarte", "coverArt": "https://i.scdn.co/image/ab67616d00001e02962e3ff5da4ee2db155c0887", "artist": ["Brytiago", "Jay Wheeler"], "artistIds": ["00XhexlJEXQstHimpZN910", "2cPqdH7XMvwaBJEVjheH8g"], "artistPop": [76, 81], "genres": ["latin", "latin hip hop", "reggaeton", "reggaeton flow", "trap latino", "latin", "reggaeton", "trap latino"]}, "1n6uLperIvkRIAZU7bEhHH": {"name": "Better Be (feat. Flo Milli)", "coverArt": "https://i.scdn.co/image/ab67616d00001e02ac57f0c0325c64ddb6aa836f", "artist": ["Big Freedia", "Flo Milli"], "artistIds": ["2gyv1akuIB9fQvXoGSPaJr", "08PvCOlef4xdOr20jFSTPd"], "artistPop": [53, 69], "genres": ["bounce", "escape room", "lgbtq+ hip hop", "new orleans rap", "trap queen", "dance pop", "pop", "pop rap", "r&b", "social media pop", "viral rap"]}, "2HScVhNGt7DltJYrph09Ee": {"name": "Link Up (feat. Pooh Shiesty)", "coverArt": "https://i.scdn.co/image/ab67616d00001e02744d730c4a958440105c3029", "artist": ["Lil Loaded", "Pooh Shiesty"], "artistIds": ["7scapvSjZLSm0fBgqGM0Mn", "5F1aAS1duwlzExnPs3l2Xe"], "artistPop": [66, 76], "genres": ["dfw rap", "memphis hip hop", "rap", "tennessee hip hop", "trap"]}, "0Tj5Dm8TNH4nzXgzAztyJE": {"name": "intimate moments", "coverArt": "https://i.scdn.co/image/ab67616d00001e02d2756d9b9ac8fc9f57a066d6", "artist": ["Isaac Dunbar"], "artistIds": ["2sBVpvpeQxK01FqIt5t816"], "artistPop": [58], "genres": ["alt z", "indie pop", "modern indie pop", "social media pop"]}, "28Fqo5nrtgYj7czjeyHg04": {"name": "Roses", "coverArt": "https://i.scdn.co/image/ab67616d00001e02e35e38c9cda4137ac3c5543b", "artist": ["The Band CAMINO"], "artistIds": ["6d4jrmreCmsenscuieJERc"], "artistPop": [68], "genres": ["electropop", "hopebeat", "indie cafe pop", "indie poptimism", "modern alternative rock", "modern rock", "pop", "pop rock"]}, "2NgdqQ5pogR5uWzslnkVpp": {"name": "Cadillac", "coverArt": "https://i.scdn.co/image/ab67616d00001e02cd434853c611f16f1e80daaa", "artist": ["Foster The People"], "artistIds": ["7gP3bB2nilZXLfPHJhMdvc"], "artistPop": [75], "genres": ["indietronica", "modern alternative rock", "modern rock", "pop rock", "rock"]}, "57YkkgxAiusJPMtiSG3w3c": {"name": "Doing Life With Me", "coverArt": "https://i.scdn.co/image/ab67616d00001e02153863807bdf6805aaf81875", "artist": ["Eric Church"], "artistIds": ["2IvkS5MXK0vPGnwyJsrEyV"], "artistPop": [74], "genres": ["contemporary country", "country", "country road"]}, "641HeBTrjkU6pqCXs2irXc": {"name": "We're Coming Up", "coverArt": "https://i.scdn.co/image/ab67616d00001e02893553397f8eca475b821728", "artist": ["Julie Bergan"], "artistIds": ["2Tg0aF5cbZktYFzgR1iAKv"], "artistPop": [63], "genres": ["norwegian pop"]}, "1cVQmBnSLjhWB67iqAXYZZ": {"name": "I Just Wanna (feat. Bow Anderson)", "coverArt": "https://i.scdn.co/image/ab67616d00001e02459a8b38c99df6fcbcd8694d", "artist": ["Felix Jaehn", "Cheat Codes", "Bow Anderson"], "artistIds": ["4bL2B6hmLlMWnUEZnorEtG", "7DMveApC7UnC2NPfPvlHSU", "6ObN9YNBliscJOImQp4UZO"], "artistPop": [78, 76, 55], "genres": ["dance pop", "edm", "electro house", "german dance", "pop", "pop dance", "pop edm", "pop rap", "tropical house", "dance pop", "edm", "electro house", "electropop", "pop", "pop dance", "pop edm", "post-teen pop", "tropical house"]}, "5TVTA6VpqCCMHeZpmwGl3X": {"name": "Friendly", "coverArt": "https://i.scdn.co/image/ab67616d00001e02195413fd837f50248aaad4b0", "artist": ["Tay Money", "Key Glock"], "artistIds": ["6R6EfP43F8ZuMcilsE4zs7", "0RESbWvOMyua0yuyVrztJ5"], "artistPop": [56, 73], "genres": ["dfw rap", "trap queen", "hip hop", "memphis hip hop", "rap", "southern hip hop", "tennessee hip hop", "trap"]}, "3Tlax5iPsS46NshAJ7GrsU": {"name": "DOCTORS", "coverArt": "https://i.scdn.co/image/ab67616d00001e02de39cb9b32528ecf2a6c3ef8", "artist": ["Shordie Shordie", "Murda Beatz"], "artistIds": ["5fyvTyetDr7gvLafBsEEhU", "3CbYyyd8wH3RT6t0jwpdzC"], "artistPop": [61, 64], "genres": ["baltimore hip hop", "cali rap", "canadian hip hop", "canadian trap"]}, "1es7SpekMUeMAIlG4iEJKX": {"name": "Outside (with Joey Bada$$)", "coverArt": "https://i.scdn.co/image/ab67616d00001e0230f4aaada467fdac9fb96e12", "artist": ["WESTSIDE BOOGIE", "Joey Bada$$"], "artistIds": ["5usbqiU7sjvszjWecANDL6", "2P5sC9cVZDToPxyomzF1UH"], "artistPop": [58, 74], "genres": ["underground hip hop", "conscious hip hop", "hip hop", "rap", "underground hip hop"]}, "3Fy2uMZm0H6WbWhkXGjbmJ": {"name": "Grounded", "coverArt": "https://i.scdn.co/image/ab67616d00001e02e55eac90d3eeafc422c2dc06", "artist": ["Ari Lennox"], "artistIds": ["1vaQ6v3pOFxAIrFoPrAcom"], "artistPop": [66], "genres": ["alternative r&b", "dmv rap", "indie r&b", "indie soul", "neo soul", "pop", "r&b", "urban contemporary"]}, "5iZvKkCu5lxr4u1MjWPM5f": {"name": "Warm", "coverArt": "https://i.scdn.co/image/ab67616d00001e0256c9449afd5b56e0e72cf8eb", "artist": ["Alaska Reid"], "artistIds": ["2CIThLiaeJxWgG5xAgL3p0"], "artistPop": [29], "genres": ["hyperpop"]}, "3A0cAzFKPefBCz7Z02UnnO": {"name": "The Divine Chord", "coverArt": "https://i.scdn.co/image/ab67616d00001e02b0b3bd1a5f3967705579e6f1", "artist": ["The Avalanches", "MGMT", "Johnny Marr"], "artistIds": ["3C8RpaI3Go0yFF9whvKoED", "0SwO7SWeDHJijQ3XNS7xEE", "2bA2YuQk2ID3PWNXUhQrWS"], "artistPop": [61, 76, 53], "genres": ["alternative dance", "australian alternative rock", "australian dance", "collage pop", "electronica", "new rave", "psychedelic hip hop", "alternative dance", "indie rock", "indietronica", "modern rock", "rock", "britpop", "solo wave"]}, "7FavLZuFJ4hSuRzSPJLGBM": {"name": "SUPER TUESDAY!", "coverArt": "https://i.scdn.co/image/ab67616d00001e02f03daa33539c632d753be95b", "artist": ["JPEGMAFIA"], "artistIds": ["6yJ6QQ3Y5l0s0tn7b0arrO"], "artistPop": [63], "genres": ["alternative hip hop", "escape room", "experimental hip hop", "hip hop", "industrial hip hop", "rap", "underground hip hop"]}, "5jOQciaYrQnTOX5e4Xi681": {"name": "Way Past 12 (feat. Monty)", "coverArt": "https://i.scdn.co/image/ab67616d00001e023fd7c017bbf03fc718d93052", "artist": ["Fetty Wap", "Monty"], "artistIds": ["6PXS4YHDkKvl1wkIl4V8DL", "1Wnfj5qZsp8nPsGBBRRa4W"], "artistPop": [73, 57], "genres": ["new jersey rap", "pop rap", "rap", "southern hip hop", "trap"]}, "1jAdtZwTkCKXAxeqmJz2S2": {"name": "Art of War", "coverArt": "https://i.scdn.co/image/ab67616d00001e02ea6579f8ec2c1e4c896ab31a", "artist": ["Kamaiyah"], "artistIds": ["3XVpDdKav6C6zwlDXPhMEO"], "artistPop": [56], "genres": ["cali rap", "oakland hip hop", "west coast trap"]}, "5eaQlIMfuRuKfvjdrXUEBM": {"name": "Sex Wax", "coverArt": "https://i.scdn.co/image/ab67616d00001e021d6b8f938d460f5247714d9c", "artist": ["Hether"], "artistIds": ["5O35zGUolf87RATk2NgSD3"], "artistPop": [48], "genres": ["bedroom pop", "indie garage rock", "indie pop", "indie r&b", "modern indie pop"]}, "09tiYhQHSItKJ2JLPeVXi9": {"name": "zombie", "coverArt": "https://i.scdn.co/image/ab67616d00001e02a71a466a70eb56177658b11e", "artist": ["aldn"], "artistIds": ["2GUw9Wzha61PkZoRVv1PDD"], "artistPop": [50], "genres": ["glitchcore", "hyperpop"]}, "5v5XNuAVIX0okuJa5iG9Ko": {"name": "14 Texts", "coverArt": "https://i.scdn.co/image/ab67616d00001e0291e7817bd550193bad86cacd", "artist": ["Shoffy"], "artistIds": ["4wO0kHiOwf8l9VMJJN9HmG"], "artistPop": [58], "genres": ["alternative r&b", "chill pop", "chill r&b", "electropop", "indie cafe pop", "indie poptimism", "la pop", "pop"]}, "5uSGkYtFecZ0tRGP4EVC7v": {"name": "Designer", "coverArt": "https://i.scdn.co/image/ab67616d00001e02b960456241297f7fa97090e9", "artist": ["Tekno"], "artistIds": ["6IhG3Yxm3UW98jhyBvrIut"], "artistPop": [58], "genres": ["afro dancehall", "afropop", "azontobeats", "nigerian hip hop", "nigerian pop"]}, "08JsD3xllB0f41wAFXqDpO": {"name": "Big Steppa (feat. Sada Baby)", "coverArt": "https://i.scdn.co/image/ab67616d00001e027eac8efb50be9db55b434b69", "artist": ["Fredo Bang", "Sada Baby"], "artistIds": ["4yTmEo2clwWq2jwelvqgVv", "2JSwnwAT1BupAQkhqcRCUw"], "artistPop": [63, 64], "genres": ["baton rouge rap", "southern hip hop", "trap", "detroit trap", "scam rap", "trap"]}, "0ftCFsa6FKV37aB2CVtkzd": {"name": "Ain't It Funny ft. Meek Mill", "coverArt": "https://i.scdn.co/image/ab67616d00001e027560579dea0416e630cd849a", "artist": ["Vory", "Meek Mill"], "artistIds": ["0GeeIVcvGA8GSlWsoY1dkG", "20sxb77xiYeusSH8cVdatc"], "artistPop": [58, 80], "genres": ["kentucky hip hop", "trap soul", "hip hop", "philly rap", "pop rap", "rap", "southern hip hop", "trap"]}, "46eyVsonXTfTmLcUVYskUw": {"name": "Not A Monster", "coverArt": "https://i.scdn.co/image/ab67616d00001e025c505f49e2cbad9dbd875e16", "artist": ["Angie Rose"], "artistIds": ["2vOqb0eO8aBj2dLpxlmscX"], "artistPop": [37], "genres": ["christian hip hop", "christian trap"]}, "5sE5w8lzxAg5fNeXbSWIOw": {"name": "Cheers", "coverArt": "https://i.scdn.co/image/ab67616d00001e02a9ae9c360706d998e30fa021", "artist": ["ERNEST"], "artistIds": ["4GGfAshSkqoxpZdoaHm7ky"], "artistPop": [49], "genres": []}, "0g5MSpv6BdkmfVji0xNWJJ": {"name": "Superkid", "coverArt": "https://i.scdn.co/image/ab67616d00001e02e8a4934ae293fa0de274b1b8", "artist": ["Livingston"], "artistIds": ["2fPsJqR6zfoHatC1eFr0eQ"], "artistPop": [55], "genres": []}, "3LQcSr9IlOZNrDGq4zmBBP": {"name": "Tears In The Morning", "coverArt": "https://i.scdn.co/image/ab67616d00001e029620a6e8dcf9fd540833fe4e", "artist": ["ELI"], "artistIds": ["63gbXCha1jpkrJJ9K5gGpR"], "artistPop": [50], "genres": ["german pop"]}, "7DHDkX2zpujg7gNbybahBT": {"name": "HELL REPLIED", "coverArt": "https://i.scdn.co/image/ab67616d00001e02c76b216bf3470651301f597b", "artist": ["Grey"], "artistIds": ["4lDBihdpMlOalxy1jkUbPl"], "artistPop": [70], "genres": ["pop edm"]}, "0FRavXSn6XmeItbuJR3VrR": {"name": "Space Melody (Edward Artemyev) (feat. Leony)", "coverArt": "https://i.scdn.co/image/ab67616d00001e02a406e667a19401dc05bcf304", "artist": ["VIZE", "Alan Walker", "Edward Artemyev", "Leony"], "artistIds": ["09agIJMxCD2k87ys9Al0f0", "7vk5e3vY1uw9plTHJAMwjN", "097u8n1F4JjTzmOR9VUVEK", "2NpPlwwDVYR5dIj0F31EcC"], "artistPop": [77, 83, 56, 70], "genres": ["dance pop", "edm", "german dance", "pop dance", "slap house", "tropical house", "electro house"]}, "42an9KHriXNtzVUaWZXWx0": {"name": "Bloody Knees", "coverArt": "https://i.scdn.co/image/ab67616d00001e028e166cdcbfc1000390df7cc6", "artist": ["daine"], "artistIds": ["4lyCoxLN0aW7nJy5rec0tG"], "artistPop": [44], "genres": ["chill pop", "glitchcore", "hyperpop"]}, "4ffRJNk0WVsylS9eIPdy8k": {"name": "Ridin For My Love", "coverArt": "https://i.scdn.co/image/ab67616d00001e02e0669850b01e02b88f689f45", "artist": ["NO1-NOAH"], "artistIds": ["5kmRNFOl1XO1JHS76Zoe7j"], "artistPop": [59], "genres": ["trap soul"]}, "1DbAHtgCbgMFGir1m8YxVB": {"name": "2020 Vision", "coverArt": "https://i.scdn.co/image/ab67616d00001e025b0c626e7c230ea9be042546", "artist": ["DJ Drewski", "Sheff G", "Sleepy Hallow"], "artistIds": ["4JyPPwzuX5NvU88c3rlrOW", "1tG7s7S4sq2eFFW0QZyLbm", "6EPlBSH2RSiettczlz7ihV"], "artistPop": [39, 76, 82], "genres": ["brooklyn drill", "brooklyn drill", "new york drill", "nyc rap", "brooklyn drill", "nyc rap"]}, "0yhaMbopctRNQOhMvJxa5M": {"name": "21 (feat. YNG WeBB)", "coverArt": "https://i.scdn.co/image/ab67616d00001e0214dfea06d42987e175c2e5e6", "artist": ["AUGUST 08", "YNG WeBB"], "artistIds": ["2iB8eFB6flwQculkUrRssi", "13LjXlcJoZRjrWl5YWS1MS"], "artistPop": [57, 26], "genres": ["la pop", "r&b"]}, "574469CWNKsxl4D7RF1fJt": {"name": "fake friend", "coverArt": "https://i.scdn.co/image/ab67616d00001e02bccefdf64cfd23747822d4c4", "artist": ["nothing,nowhere."], "artistIds": ["7FngGIEGgN3Iwauw1MvO4P"], "artistPop": [64], "genres": ["emo rap", "pop rap", "sad rap"]}, "0CEerSObq3SctoI4nixIDR": {"name": "PIN CUSHION", "coverArt": "https://i.scdn.co/image/ab67616d00001e024a50ca612f10c1122422c711", "artist": ["Siiickbrain"], "artistIds": ["1oPEr1Ci8sWOYj8SSh2VPE"], "artistPop": [50], "genres": []}, "7J628pHde9wLzgkPNh3JkM": {"name": "Another You", "coverArt": "https://i.scdn.co/image/ab67616d00001e02fe81ac1e39e13a9d90905680", "artist": ["Elle King"], "artistIds": ["3bhu7P5PfngueRHiB9hjcx"], "artistPop": [68], "genres": ["modern blues rock"]}, "7y3q2BEJlYme4Goh8gKS79": {"name": "Indigo", "coverArt": "https://i.scdn.co/image/ab67616d00001e0270cb0837faa7c17b6efcbb83", "artist": ["Spencer Sutherland"], "artistIds": ["6mjz3NMhNE5SK7GsbJIg6C"], "artistPop": [48], "genres": ["pop soul"]}, "3bFvx2vtTNWOr0aR6RUVcz": {"name": "Change My Mind", "coverArt": "https://i.scdn.co/image/ab67616d00001e0216cb218f54f6a3405d53e52c", "artist": ["Carly Rose"], "artistIds": ["0Z49rYPKsyCCLGq1UiHrBe"], "artistPop": [28], "genres": ["talent show"]}, "792v1iBZPSRkNMMSncQjBU": {"name": "Alone Again My Friend", "coverArt": "https://i.scdn.co/image/ab67616d00001e0221ffe2c2dfd3bb2a04018ccf", "artist": ["Lowertown"], "artistIds": ["1yI0RRPnOA9BFJmiZ6cEzw"], "artistPop": [39], "genres": ["lo-fi indie"]}, "5YD8ZKRVx9au36tfplEi9S": {"name": "Safeword", "coverArt": "https://i.scdn.co/image/ab67616d00001e0262cce222241170ab1d1e9514", "artist": ["Siena Liggins"], "artistIds": ["5DLTBcpdWQsAPeN1t8PZv9"], "artistPop": [32], "genres": ["detroit indie"]}, "44xUqPXksQ2MNtuF2AuRBN": {"name": "cherry blossom", "coverArt": "https://i.scdn.co/image/ab67616d00001e028e1c8f7c0ceb0af8cbf816d9", "artist": ["slenderbodies"], "artistIds": ["3S4d3YRNGg2OhnNm3QvfhA"], "artistPop": [56], "genres": ["electropop", "indie poptimism", "indie soul", "modern rock", "vapor soul"]}, "1KduF4t7FmMPKbu8U5GvsI": {"name": "Treat Myself", "coverArt": "https://i.scdn.co/image/ab67616d00001e0240f3615b829478001af01525", "artist": ["Victoria Justice"], "artistIds": ["2OTfr6S2kuHRYStjt1IkY6"], "artistPop": [62], "genres": ["post-teen pop"]}, "21CvSW5NIu5Glg9x3BPxjj": {"name": "Star Song (with Lil Durk)", "coverArt": "https://i.scdn.co/image/ab67616d00001e027be6c77bb2eb2409b11d4c96", "artist": ["Sally Sossa", "Lil Durk"], "artistIds": ["58q28H7IgX06YXkPvUtGgR", "3hcs9uc56yIGFCSy9leWe7"], "artistPop": [57, 87], "genres": ["chicago drill", "chicago rap", "drill", "hip hop", "rap", "trap"]}, "3i4UAIq22OgbnKNr2iogmz": {"name": "Vision", "coverArt": "https://i.scdn.co/image/ab67616d00001e02db9b9c0c512a018731101fd8", "artist": ["Rosemarie"], "artistIds": ["3Lz0JugHcf9nqKF1Khkhmu"], "artistPop": [32], "genres": []}, "4yJyr0UUP09OwVgIVk15o0": {"name": "donde tu ta?", "coverArt": "https://i.scdn.co/image/ab67616d00001e0228761943f8f5b2849651653f", "artist": ["LATENIGHTJIGGY", "The Rudeboyz"], "artistIds": ["34OTRVwyaE8DkOrGMQa7Ah", "7ciBW1p3KBsYIkFk4UmwS8"], "artistPop": [49, 57], "genres": ["dominican pop", "trap brasileiro"]}, "1cu7b3hcYX6f6shXwqR1V0": {"name": "World of Trouble", "coverArt": "https://i.scdn.co/image/ab67616d00001e025dcff82f8b9dc3a27ce62624", "artist": ["Kossisko"], "artistIds": ["3TmVOBZL0RYrAAF3f2QSGq"], "artistPop": [56], "genres": ["cali rap"]}, "1Bq3Pa95GhA8XBUWDPLhGZ": {"name": "GOOD GRIEF", "coverArt": "https://i.scdn.co/image/ab67616d00001e0273c5712d13f73fbfcc7b7273", "artist": ["cleopatrick"], "artistIds": ["6VTvaLJ9arNmKi8e1ekOwW"], "artistPop": [56], "genres": ["modern alternative rock", "modern blues rock", "modern hard rock", "modern rock", "rock"]}, "1AamwwLMxzX4EGPUZGHbqL": {"name": "Remember to Forget", "coverArt": "https://i.scdn.co/image/ab67616d00001e028c60056e3e515e65c2a1421b", "artist": ["Passenger"], "artistIds": ["0gadJ2b9A4SKsB1RFkBb66"], "artistPop": [73], "genres": ["folk-pop", "neo mellow", "pop", "pop rock"]}}