{"3nEHrvNNtgLv9rneTAYVr4": {"name": "Heaven Takes You Home (feat. Connie Constance)", "coverArt": "https://i.scdn.co/image/ab67616d00001e02bd6f8ac82dc5fe1028c14f7d", "artist": ["Swedish House Mafia", "Connie Constance"], "artistIds": ["1h6Cn3P4NGzXbaXidqURXs", "4RB2kk5dmocmMiHFBlmOEt"], "artistPop": [80, 52], "genres": ["dance pop", "edm", "electro house", "pop", "pop dance", "progressive electro house", "uk contemporary r&b"]}, "1PckUlxKqWQs3RlWXVBLw3": {"name": "About Damn Time", "coverArt": "https://i.scdn.co/image/ab67616d00001e027bb9f03ad65d1bd0b656fe68", "artist": ["Lizzo"], "artistIds": ["56oDRnqbIiwx4mymNEv7dS"], "artistPop": [76], "genres": ["dance pop", "escape room", "minnesota hip hop", "pop", "trap queen"]}, "7AYP21Q4qnxw2WxETEvSRb": {"name": "Memories", "coverArt": "https://i.scdn.co/image/ab67616d00001e02df3c4784ffdd1ee2dc7adab2", "artist": ["Conan Gray"], "artistIds": ["4Uc8Dsxct0oMqx0P6i60ea"], "artistPop": [83], "genres": ["bedroom pop", "pop"]}, "6Z165JvPnS8PYvGW8oLGLc": {"name": "Flowers", "coverArt": "https://i.scdn.co/image/ab67616d00001e02295d21d0987dcc3d88b4e993", "artist": ["Lauren Spencer-Smith"], "artistIds": ["79AyR6ATpj2LTPxfb6FX50"], "artistPop": [76], "genres": ["alt z", "gen z singer-songwriter", "pop"]}, "3SWjpNMVUi5UXz096NbfPr": {"name": "Gata (feat. Chencho Corleone)", "coverArt": "https://i.scdn.co/image/ab67616d00001e0296e2642422ad16661e673fa2", "artist": ["Anitta", "Chencho Corleone"], "artistIds": ["7FNnA9vBm6EKceENgCGRMb", "37230BxxYs9ksS7OkZw3IU"], "artistPop": [87, 83], "genres": ["funk carioca", "funk pop", "pagode baiano", "pop nacional"]}, "0RkCnqwF8Tfl2QGPZwopyk": {"name": "Shake It (feat. Cardi B, Dougie B & Bory300)", "coverArt": "https://i.scdn.co/image/ab67616d00001e02868b51c3a8d2376ef84ffeba", "artist": ["Kay Flock", "Cardi B", "Dougie B", "Bory300"], "artistIds": ["2AMeiDbfU2vonrTkpXDKUu", "4kYSro6naA4h99UJvo89HB", "6ykgQbKcZFy5qoKBU4YiWj", "77oGJAObEl8wdAUrknL1gH"], "artistPop": [69, 86, 52, 48], "genres": ["bronx drill", "new york drill", "dance pop", "pop", "pop rap", "rap", "bronx drill"]}, "2WzWwYoxWIqyjzIaazsqYV": {"name": "Doritos & Fritos", "coverArt": "https://i.scdn.co/image/ab67616d00001e024d3269002e79016a5be1316d", "artist": ["100 gecs"], "artistIds": ["6PfSUFtkMVoDkx4MQkzOi3"], "artistPop": [64], "genres": ["hyperpop", "proto-hyperpop"]}, "4SKvKJaqkRl1bUZWEqTYzl": {"name": "Sidelines", "coverArt": "https://i.scdn.co/image/ab67616d00001e0223a9bfabf54914f791bea535", "artist": ["Phoebe Bridgers"], "artistIds": ["1r1uxoy19fzMxunt3ONAkG"], "artistPop": [79], "genres": ["indie pop", "la indie"]}, "1620rCO9xoE7kug77sS4AJ": {"name": "Speakers", "coverArt": "https://i.scdn.co/image/ab67616d00001e020c8a0405b0035e48ab780eec", "artist": ["Alec Benjamin"], "artistIds": ["5IH6FPUwQTxPSXurCrcIov"], "artistPop": [80], "genres": ["alt z", "dream smp", "electropop", "pop"]}, "06eFWpksA3M9qg8GeOGGBX": {"name": "LET\u2019S DO IT AGAIN - Radio Edit", "coverArt": "https://i.scdn.co/image/ab67616d00001e02801d91b175c14bd0bf6faedd", "artist": ["Jamie xx"], "artistIds": ["7A0awCXkE1FtSU8B0qwOJQ"], "artistPop": [64], "genres": ["electronica", "future garage", "new rave"]}, "1mGtSulwCCpDQoXHrrZ4Ur": {"name": "iScream", "coverArt": "https://i.scdn.co/image/ab67616d00001e0252da18be1e355f60c1cfc966", "artist": ["Deaton Chris Anthony", "beabadoobee"], "artistIds": ["1n8hLoV90OhFCYXLtCD659", "35l9BRT7MXmM8bv2WDQiyB"], "artistPop": [48, 75], "genres": ["alternative r&b", "bedroom pop", "bubblegrunge", "indie pop"]}, "0R3BfnrLdW13mopXeKOTQZ": {"name": "Another", "coverArt": "https://i.scdn.co/image/ab67616d00001e02b00c56a2c1dd769cce9d2f44", "artist": ["Muni Long"], "artistIds": ["7tjVFCxJdwT4NdrTmjyjQ6"], "artistPop": [70], "genres": ["dance pop", "indie r&b", "pop", "pop r&b", "pop rap", "r&b"]}, "0UO48o2FQlksTxH1o8m4kS": {"name": "Last One Left (with Roddy Ricch)", "coverArt": "https://i.scdn.co/image/ab67616d00001e02caedb769d1b125aa14bdf25d", "artist": ["Fredo Bang", "Roddy Ricch"], "artistIds": ["4yTmEo2clwWq2jwelvqgVv", "757aE44tKEUQEqRuT6GnEB"], "artistPop": [67, 84], "genres": ["baton rouge rap", "pop rap", "southern hip hop", "trap", "melodic rap", "rap", "trap"]}, "3gDRZkL8YfzpZg1N1YsW5x": {"name": "Frankenstein (feat. A$AP Rocky)", "coverArt": "https://i.scdn.co/image/ab67616d00001e02bd6f8ac82dc5fe1028c14f7d", "artist": ["Swedish House Mafia", "A$AP Rocky"], "artistIds": ["1h6Cn3P4NGzXbaXidqURXs", "13ubrt8QOOCPljQ2FL1Kca"], "artistPop": [80, 87], "genres": ["dance pop", "edm", "electro house", "pop", "pop dance", "progressive electro house", "east coast hip hop", "hip hop", "rap", "trap"]}, "4w9qnwPPJRWPOw6DHhNtIc": {"name": "Let Me Down Easy (Lie)", "coverArt": "https://i.scdn.co/image/ab67616d00001e0248b0cbf55eeb61112436f8bd", "artist": ["Why Don't We"], "artistIds": ["2jnIB6XdLvnJUeNTy5A0J2"], "artistPop": [76], "genres": ["boy band", "dance pop", "electropop", "pop", "post-teen pop", "teen pop"]}, "4CtqJnvxzV1638eK7xts3V": {"name": "Good Person", "coverArt": "https://i.scdn.co/image/ab67616d00001e0228da87bf803adceeeff4ee2e", "artist": ["Ingrid Andress"], "artistIds": ["0jPnVIasXzBYjrlpO5irii"], "artistPop": [66], "genres": ["contemporary country", "country pop"]}, "6w0t6KnnmifuC5N6O231Dk": {"name": "ohfuckimnotok", "coverArt": "https://i.scdn.co/image/ab67616d00001e026046b6826367dc81bfc1fdb2", "artist": ["Sarcastic Sounds"], "artistIds": ["1bq8rqNnfrojn0OSAfeNXJ"], "artistPop": [71], "genres": ["lo-fi beats", "lo-fi chill", "sad lo-fi"]}, "3dKd0adfI8l6tKfoLsuaJ1": {"name": "COMPLICATED (feat. aldn & 8485)", "coverArt": "https://i.scdn.co/image/ab67616d00001e022fe2fd277cb9e2cf1bbd508d", "artist": ["Whethan", "aldn", "8485"], "artistIds": ["0vqJkZ0RpLZixt3lTmD8vP", "2GUw9Wzha61PkZoRVv1PDD", "3LwiPwIJNshV4ItekGcIMo"], "artistPop": [67, 55, 53], "genres": ["edm", "electropop", "hyperpop", "indie poptimism", "vapor twitch", "glitchcore", "hyperpop", "escape room", "glitchcore", "hyperpop"]}, "5KcZNsrl7PMIxJ2xBbTwH3": {"name": "Serial Killers", "coverArt": "https://i.scdn.co/image/ab67616d00001e02386aa7f8bae07a8d1ad346a3", "artist": ["Gucci Mane"], "artistIds": ["13y7CgLHjMVRMDqxdx0Xdo"], "artistPop": [83], "genres": ["atl hip hop", "dirty south rap", "gangster rap", "hip hop", "pop rap", "rap", "southern hip hop", "trap"]}, "4wJKTG3bAleqUXmylh83Id": {"name": "[Admire Her] (with Gunna)", "coverArt": "https://i.scdn.co/image/ab67616d00001e02f43d41b89d1ed18551a84c35", "artist": ["Bas", "Gunna"], "artistIds": ["70gP6Ry4Uo0Yx6uzPIdaiJ", "2hlmm7s2ICUX0LVIhVFlZQ"], "artistPop": [74, 91], "genres": ["hip hop", "queens hip hop", "rap", "southern hip hop", "sudanese hip hop", "sudanese pop", "underground hip hop", "atl hip hop", "melodic rap", "rap", "trap"]}, "06sZ51gSjEQXBa0UXAp8F5": {"name": "Good Friday", "coverArt": "https://i.scdn.co/image/ab67616d00001e0277999a4c76b6557696af4fbc", "artist": ["Kota the Friend"], "artistIds": ["2AfU5LYBVCiCtuCCfM7uVX"], "artistPop": [69], "genres": ["hip hop", "rap", "underground hip hop"]}, "4MohhrpdYb12785ml59cp4": {"name": "Where Did the Day Go", "coverArt": "https://i.scdn.co/image/ab67616d00001e020aa58da2fb28dbb429886348", "artist": ["Wet"], "artistIds": ["2i9uaNzfUtuApAjEf1omV8"], "artistPop": [61], "genres": ["alternative r&b", "art pop", "brooklyn indie", "electropop", "indie pop", "indie poptimism", "nyc pop", "vapor soul"]}, "4KGTM5EQEWR1QMDvo8dzaZ": {"name": "dose", "coverArt": "https://i.scdn.co/image/ab67616d00001e0295418aedda778c6855e978f1", "artist": ["Teddy Swims"], "artistIds": ["33qOK5uJ8AR2xuQQAhHump"], "artistPop": [64], "genres": []}, "1TUuhV75FeOF6UObRsABo2": {"name": "Don't Think Jesus", "coverArt": "https://i.scdn.co/image/ab67616d00001e02f5530e99a8b86d18cd2fa2d9", "artist": ["Morgan Wallen"], "artistIds": ["4oUHIQIBe0LHzYfvXNW4QM"], "artistPop": [87], "genres": ["contemporary country"]}, "1nccRXlgqIuC8WiAuTieBo": {"name": "Million Little Problems", "coverArt": "https://i.scdn.co/image/ab67616d00001e02f956bcc1a151b88fa9b80938", "artist": ["The Walters"], "artistIds": ["027TpXKGwdXP7iwbjUSpV8"], "artistPop": [78], "genres": ["chicago indie"]}, "604i6TTlBXBv6HA6392C0b": {"name": "Robbery Part 3", "coverArt": "https://i.scdn.co/image/ab67616d00001e022386654d45455e924670844a", "artist": ["Tee Grizzley"], "artistIds": ["6AUl0ykLLpvTktob97x9hO"], "artistPop": [73], "genres": ["detroit hip hop", "detroit trap", "hip hop", "pop rap", "rap", "southern hip hop", "trap"]}, "43t69WNj30qqc2XDryeLAj": {"name": "Picasso", "coverArt": "https://i.scdn.co/image/ab67616d00001e0283c149fb26638a6b96ef07ce", "artist": ["Tanna Leone"], "artistIds": ["1bPYCoigTRLOQwNfjpwmff"], "artistPop": [40], "genres": []}, "7pMLnEJrGpg7jx9Z0gyhiF": {"name": "Angel", "coverArt": "https://i.scdn.co/image/ab67616d00001e026dc18b33f40a0be7b5525f14", "artist": ["G-Eazy"], "artistIds": ["02kJSzxNuaWGqwubyUba0Z"], "artistPop": [81], "genres": ["hip hop", "indie pop rap", "oakland hip hop", "pop", "pop rap", "rap"]}, "5MlvAB51sadP8tIIhdXEkQ": {"name": "Pager", "coverArt": "https://i.scdn.co/image/ab67616d00001e021471dfc2b7ef7559f6a82a4b", "artist": ["Lyn Lapid"], "artistIds": ["4pfy05cNNTacuOQ6SiSu4v"], "artistPop": [66], "genres": ["gen z singer-songwriter"]}, "7fTa1znarT0UvbtvLCAPxE": {"name": "Booty Call", "coverArt": "https://i.scdn.co/image/ab67616d00001e0293fa3ef2921a4e1bc40844d0", "artist": ["b\u00fclow"], "artistIds": ["5vBrKGOjN10BMwB0cJADj4"], "artistPop": [65], "genres": ["alt z", "electropop", "indie poptimism", "indietronica", "pop", "social media pop"]}, "0BkzrrQUzJhCAFk3Pq7g29": {"name": "Hell Yeah", "coverArt": "https://i.scdn.co/image/ab67616d00001e025c0923e38a7cd33ec58c4a59", "artist": ["Little Big Town"], "artistIds": ["3CygdxquGHurS7f9LjNLkv"], "artistPop": [71], "genres": ["contemporary country", "country", "country dawn", "country road"]}, "0ZHGYKgO3uim2g9JCIWU4U": {"name": "People Talk", "coverArt": "https://i.scdn.co/image/ab67616d00001e0270fce90886dc3cdb53fa72b3", "artist": ["Kidd G"], "artistIds": ["5edcHuf8pWH3I00WTorajM"], "artistPop": [65], "genres": []}, "4jCA5lFRXy7PkryLP7UIc8": {"name": "Freak Like That", "coverArt": "https://i.scdn.co/image/ab67616d00001e0215006e3202b800f502a0affd", "artist": ["Austin George"], "artistIds": ["5SVHLhz1Vv5m4xmkT4Pk6D"], "artistPop": [58], "genres": []}, "2npGF2T4MHbn2YEDlOaPQg": {"name": "ur not delilah", "coverArt": "https://i.scdn.co/image/ab67616d00001e021875b4edc78fd69788428929", "artist": ["dempsey hope"], "artistIds": ["6ZzYOQMKYTj2lJeAitjSl7"], "artistPop": [49], "genres": ["modern indie pop"]}, "6qdy9y84usFsxkfhNoGwik": {"name": "crybaby", "coverArt": "https://i.scdn.co/image/ab67616d00001e02398f41f5f06b7600a5988cfb", "artist": ["Amelia Moore"], "artistIds": ["61shKG2hWuRTW2PEAPk7fo"], "artistPop": [49], "genres": []}, "7IybpxLp5E4Hs1jKbPNSKx": {"name": "GASLIGHT", "coverArt": "https://i.scdn.co/image/ab67616d00001e025688681dffcb64e13ba96718", "artist": ["INJI"], "artistIds": ["0Z4Ir8usNVcAdCSQl0fQki"], "artistPop": [31], "genres": []}, "504yGVmAMJVXpS3RGquwwA": {"name": "Clap", "coverArt": "https://i.scdn.co/image/ab67616d00001e02e7022b5dd24940881cdddc13", "artist": ["Trina", "Latto"], "artistIds": ["4PrinKSrmILmo0kERG0Ogn", "3MdXrJWsbVzdn6fe5JYkSQ"], "artistPop": [61, 76], "genres": ["contemporary r&b", "hip pop", "miami hip hop", "pop r&b", "pop rap", "r&b", "rap", "rap latina", "southern hip hop", "trap", "trap queen", "pop", "r&b", "trap queen"]}, "3S6DSiBFZuQrkqirp33iSB": {"name": "Very Special", "coverArt": "https://i.scdn.co/image/ab67616d00001e02bd98f09b989efd42894c14d4", "artist": ["NoCap"], "artistIds": ["4PNHuWkk4ee6R8WEhFVPf5"], "artistPop": [67], "genres": ["alabama rap", "atl trap", "trap"]}, "3167uNHlYILMowcArVoLZ3": {"name": "Main Road", "coverArt": "https://i.scdn.co/image/ab67616d00001e02c14a28149460b56fc4d46698", "artist": ["Digga D"], "artistIds": ["57n1OF36WvtOeATY6WQ6iw"], "artistPop": [73], "genres": ["aussie drill", "london rap"]}, "7pbDDgeQjKt3fOrjePnwFu": {"name": "Castles", "coverArt": "https://i.scdn.co/image/ab67616d00001e02c6416f1df25eb61295e71877", "artist": ["DJ_Dave"], "artistIds": ["78ZgfyDjF59qBIWrGHRdme"], "artistPop": [34], "genres": []}, "5MYAjxYvtSkUQzOgtnntTH": {"name": "Things You Said", "coverArt": "https://i.scdn.co/image/ab67616d00001e02341b8a143e8d648615e02e5e", "artist": ["gglum"], "artistIds": ["3AYjDTXEMqJP0h1iXq8eYO"], "artistPop": [38], "genres": []}, "29hh4KOAANANjqfl4XcD7K": {"name": "Surprise Me", "coverArt": "https://i.scdn.co/image/ab67616d00001e0287a2299e9c45a91b8df457f8", "artist": ["Mallrat", "Azealia Banks"], "artistIds": ["4OSArit7O2Jaj4mgf3YN7A", "7gRhy3MIPHQo5CXYfWaw9I"], "artistPop": [60, 65], "genres": ["aussietronica", "australian hip hop", "australian indie", "australian pop", "brisbane indie", "dance pop", "escape room", "hip house", "lgbtq+ hip hop", "pop", "trap queen"]}, "3JAu0EQd84Mhu8RMLuwhsf": {"name": "Tears Are Falling", "coverArt": "https://i.scdn.co/image/ab67616d00001e02e3d416c7555640f9540cad37", "artist": ["Black Polish"], "artistIds": ["68uS7D9Jp3BsuUEOOqQ9oP"], "artistPop": [39], "genres": []}, "0LACZ5yc1B7U7CIrVcJ6Fe": {"name": "Settle Down", "coverArt": "https://i.scdn.co/image/ab67616d00001e029cc1de6c4ff1f2226beb49e2", "artist": ["Ricky Montgomery"], "artistIds": ["0ZUvK7zGdXLd78mQr3t1Tw"], "artistPop": [75], "genres": ["indie pop", "la indie", "pop"]}, "3HzMxBV957tidhL2ft7KXA": {"name": "Hair Toss, Arms Crossed", "coverArt": "https://i.scdn.co/image/ab67616d00001e0278d02e0f75317fbe9c283318", "artist": ["Mark Ambor"], "artistIds": ["11p2E654TTU8e0nZWBR4AL"], "artistPop": [52], "genres": []}, "21DZByorOzBJ0a0mikH8ri": {"name": "A Veces Bien Y A Veces Mal", "coverArt": "https://i.scdn.co/image/ab67616d00001e028944099a2f5137e2029ba499", "artist": ["Ricky Martin", "Reik"], "artistIds": ["7slfeZO9LsJbWgpkIoXBUJ", "0vR2qb8m9WHeZ5ByCbimq2"], "artistPop": [79, 83], "genres": ["dance pop", "latin", "latin pop", "mexican pop", "puerto rican pop", "latin", "latin arena pop", "latin pop", "mexican pop"]}, "1SldN7GTd0ADTjspv96wCl": {"name": "Loved By U", "coverArt": "https://i.scdn.co/image/ab67616d00001e02cf87734d79f10477dd97e76b", "artist": ["TOKiMONSTA", "morgxn"], "artistIds": ["3VwKSHAfgzV1DOHV0aANCI", "034u8Qcs47NHkRQXaWkLXW"], "artistPop": [59, 52], "genres": ["chillwave", "electra", "electronica", "future bass", "vapor twitch", "wonky", "indie poptimism", "la pop"]}, "4udmLibqrbdqJtPizt6yBT": {"name": "Running Out Of Love", "coverArt": "https://i.scdn.co/image/ab67616d00001e021f6b3776590b3d05571ef4d4", "artist": ["Duke Deuce", "Dante Smith"], "artistIds": ["24zj84GShUIcBQYq6VpOYW", "0wI2v917gHsRkC3HF5JHO7"], "artistPop": [59, 22], "genres": ["memphis hip hop", "rap", "southern hip hop", "trap"]}, "3Ws45kDHTzluLrOBphKwkO": {"name": "Tuh (feat. Queendom Come)", "coverArt": "https://i.scdn.co/image/ab67616d00001e02587840816b64fc552348c4bc", "artist": ["BeatKing", "Queendom Come"], "artistIds": ["5L8p9kDnX2cgoI8VLUL2p4", "0tFnayGz6sZxgRf1YS5VmI"], "artistPop": [57, 47], "genres": ["houston rap"]}, "6vo0dV9t7PCQZKsLFwVwZ5": {"name": "Darl+ing", "coverArt": "https://i.scdn.co/image/ab67616d00001e022139a9fca45751cc0b0f53ba", "artist": ["SEVENTEEN"], "artistIds": ["7nqOGRxlXj7N2JYbgNEjYH"], "artistPop": [78], "genres": ["k-pop", "k-pop boy group"]}, "1Vt4oAoHBIopxekC8KhT6X": {"name": "Friends", "coverArt": "https://i.scdn.co/image/ab67616d00001e02f9bbd48cfa70e8f00f5f253d", "artist": ["emma l\u00f8v", "Loote", "JORDY"], "artistIds": ["7eCvJy2JvEw2s087UHlJdx", "00TKPo9MxwZ0j4ooveIxWZ", "0p9SPN0Vhv6aDRZCz4W13E"], "artistPop": [46, 67, 59], "genres": ["alt z", "dance pop", "electropop", "indie poptimism", "nyc pop", "pop", "pop dance", "pop edm", "post-teen pop", "tropical house", "alt z", "electropop", "gen z singer-songwriter"]}, "74PIF3XMo1MpPutKxQYPGy": {"name": "24 48", "coverArt": "https://i.scdn.co/image/ab67616d00001e025bdc85e8035cada10ec0f684", "artist": ["sammy rash"], "artistIds": ["0yXuo2N8r6dzzGgnLNLGZm"], "artistPop": [60], "genres": ["gen z singer-songwriter", "sad rap"]}, "4RFq7aObCPnrNHyqBOkrdq": {"name": "Buy The Building", "coverArt": "https://i.scdn.co/image/ab67616d00001e02fad85f5a3107725b3f24822e", "artist": ["Yungeen Ace"], "artistIds": ["7hj7ffJe6UkF1gsMpuweSI"], "artistPop": [66], "genres": ["florida rap", "melodic rap", "pop rap", "trap"]}, "74liWk9c43Eu8jSNoN1XFq": {"name": "24", "coverArt": "https://i.scdn.co/image/ab67616d00001e02ad3b902b41f260d8b9db1b8e", "artist": ["Quando Rondo"], "artistIds": ["4IprNlQiJZUUJhDl0fL2SL"], "artistPop": [68], "genres": ["melodic rap", "pop rap", "trap"]}, "1zqWDQbUlHWxjsXKe7KAr4": {"name": "Think Of You", "coverArt": "https://i.scdn.co/image/ab67616d00001e020ee0129c1c49f336da62d5f5", "artist": ["Zeds Dead", "Blunts & Blondes"], "artistIds": ["67qogtRNI0GjUr8PlaG6Zh", "4XxIRZXk8xgrBmt0SNq7E3"], "artistPop": [67, 51], "genres": ["brostep", "canadian electronic", "dubstep", "edm", "electro house", "electronic trap", "progressive electro house", "electronic trap"]}, "5ifM6wdzeM0hLHhqQFea4P": {"name": "cool guy", "coverArt": "https://i.scdn.co/image/ab67616d00001e020e7d49a3b35c3119c54fd148", "artist": ["girlhouse"], "artistIds": ["7AWyYXZ5tIc0xNSfKLD3QX"], "artistPop": [49], "genres": ["bubblegrunge", "indie pop"]}, "5omCnPHQc8bNztSrjlxdtu": {"name": "Colour Me Blue", "coverArt": "https://i.scdn.co/image/ab67616d00001e02530ee3c2f1ddcf6c6296c28f", "artist": ["Alfie Templeman"], "artistIds": ["6QzMY3tnu0m56eKUnr4uCF"], "artistPop": [65], "genres": ["indie soul", "modern alternative pop"]}, "10msxtilbay9vZw8UbQfMY": {"name": "Mama Raised the Hell Out of Me", "coverArt": "https://i.scdn.co/image/ab67616d00001e023c79d4337a48ea0e7c305f2b", "artist": ["Mitchell Tenpenny"], "artistIds": ["1p6CdzJRoicjRcSdWoB9Qc"], "artistPop": [70], "genres": ["contemporary country", "country", "heartland rock"]}, "15TlVyJLpMysa7g9FSS0No": {"name": "All I Needed", "coverArt": "https://i.scdn.co/image/ab67616d00001e025f105dc60df322f45fed4f25", "artist": ["American Aquarium"], "artistIds": ["7nSYcucRT6IGiMepEmiZgT"], "artistPop": [54], "genres": ["alternative country", "deep new americana", "modern southern rock", "new americana", "roots americana", "roots rock"]}, "5SwALA8YgBYpYKIIvIMQFX": {"name": "Gonna Lose", "coverArt": "https://i.scdn.co/image/ab67616d00001e0229ad050f0906c3e6e4aa8d67", "artist": ["Built To Spill"], "artistIds": ["3kbBWco9PZ5eSQsNScwG6U"], "artistPop": [54], "genres": ["alternative rock", "anti-folk", "dream pop", "idaho indie", "indie pop", "indie rock", "lo-fi", "modern rock", "stomp and holler"]}, "11ytsbCqnMlj2bV0hVKp5P": {"name": "In The Mirror", "coverArt": "https://i.scdn.co/image/ab67616d00001e02d2c2622ee1fa6e9979c9623e", "artist": ["The Interrupters"], "artistIds": ["25Maank76ry2Tmbi2Ql1SF"], "artistPop": [58], "genres": ["punk", "ska", "ska punk", "skate punk"]}, "4UQy41kC5LjzwQuiuWOpwA": {"name": "Starlight (Keep Me Afloat)", "coverArt": "https://i.scdn.co/image/ab67616d00001e02966ee66d723744788a24dfcc", "artist": ["Martin Garrix", "DubVision", "Shaun Farrugia"], "artistIds": ["60d24wfXkVzDSfLS6hyCjZ", "3XINWZaloea97SIRiyTJxX", "4ukUyiEoZi8QxibfjuUsEw"], "artistPop": [82, 65, 42], "genres": ["dance pop", "dutch edm", "edm", "pop", "pop dance", "progressive house", "tropical house", "big room", "edm", "electro house", "pop dance", "pop edm", "progressive electro house", "progressive house", "tropical house"]}, "4Jmjx2mox918DIZpgQJUxo": {"name": "If That's What You Need", "coverArt": "https://i.scdn.co/image/ab67616d00001e02f782d4cb0eb2cecd0f87eafc", "artist": ["ayokay"], "artistIds": ["4BzCdhJTyTS3gumq9xmymb"], "artistPop": [60], "genres": ["electropop", "indie poptimism", "pop", "pop dance", "pop edm", "tropical house"]}, "2nm0J9sicQTiW8M8k2yZ4x": {"name": "Apartment Complex on the Eastside", "coverArt": "https://i.scdn.co/image/ab67616d00001e02ac99285f69b5ac167fe09f93", "artist": ["Dylan Fraser"], "artistIds": ["6Awp6fgyzqQ2XuEvOMjq8D"], "artistPop": [40], "genres": []}, "2L79zW9LUnohYifrJDPBtg": {"name": "Drowning in the Culture", "coverArt": "https://i.scdn.co/image/ab67616d00001e023d8952703adcc24009bc1255", "artist": ["AVIV"], "artistIds": ["1EWcnusq6BavKMW5OCsRMo"], "artistPop": [40], "genres": []}, "2rmKfU3dFpq9sM7VWn8hBu": {"name": "Hunter Schafer", "coverArt": "https://i.scdn.co/image/ab67616d00001e02dc441efcaa07e5ea93750b63", "artist": ["Ray Laur\u00e9l"], "artistIds": ["7gW3GsnBSoT6q9YQUstlzA"], "artistPop": [19], "genres": []}, "5U7KfxD8hNZvem1SOomwIl": {"name": "Better4u", "coverArt": "https://i.scdn.co/image/ab67616d00001e02a78274f2461fd0eba92ea50c", "artist": ["Kill Jasper"], "artistIds": ["3Hxle1ifo8pdsakQ06MMUH"], "artistPop": [48], "genres": ["indie hip hop"]}, "1tu6h8NPmeS4q2RRpEGjT8": {"name": "Street Signs", "coverArt": "https://i.scdn.co/image/ab67616d00001e02784104921e70f9bb22c3f35f", "artist": ["Blueface", "G Herbo"], "artistIds": ["3Fl1V19tmjt57oBdxXKAjJ", "5QdEbQJ3ylBnc3gsIASAT5"], "artistPop": [73, 78], "genres": ["cali rap", "trap", "chicago drill", "chicago rap", "drill", "rap", "southern hip hop", "trap"]}, "6FJbKBPUiFVPC4e5S3uesc": {"name": "Esta Noche", "coverArt": "https://i.scdn.co/image/ab67616d00001e029913c30fe5655f0fcacc2b4e", "artist": ["Yahritza Y Su Esencia"], "artistIds": ["51ZSh80McCt7vbqHouzW0A"], "artistPop": [70], "genres": []}, "5i0kg0Q8tdAKvzFT4w3uEH": {"name": "Something Changed", "coverArt": "https://i.scdn.co/image/ab67616d00001e02956a79343ab3cbb53f9b4946", "artist": ["Interpol"], "artistIds": ["3WaJSfKnzc65VDgmj2zU8B"], "artistPop": [68], "genres": ["alternative dance", "alternative rock", "indie rock", "modern rock", "new rave", "rock"]}, "2mKz0wGscPw1xnTvrTlQUi": {"name": "Orange Blood", "coverArt": "https://i.scdn.co/image/ab67616d00001e02538afc814477092a0781be50", "artist": ["Mt. Joy"], "artistIds": ["69tiO1fG8VWduDl3ji2qhI"], "artistPop": [68], "genres": ["indie folk", "modern rock", "stomp and holler"]}, "62lLZOUN0AmYBaw6es63l5": {"name": "Apple Tree Blues", "coverArt": "https://i.scdn.co/image/ab67616d00001e02d78b3eb72959292fdbfbe58b", "artist": ["Caamp"], "artistIds": ["0wyMPXGfOuQzNR54ujR9Ix"], "artistPop": [70], "genres": ["indie folk", "stomp and holler"]}, "6v9ZG6Mqt0ORN4N9jN1Nh0": {"name": "EASY TONIGHT", "coverArt": "https://i.scdn.co/image/ab67616d00001e02125cafbf585b39bb0f6a3845", "artist": ["Niko Moon"], "artistIds": ["6Rw7DRa1dzChBvxGPCpOxU"], "artistPop": [63], "genres": ["contemporary country"]}, "6F3ZGAp9M9Nub4cSCpY5tW": {"name": "Sober", "coverArt": "https://i.scdn.co/image/ab67616d00001e026b8f26b411206aa159aeb85c", "artist": ["superflirt"], "artistIds": ["50vN1tYzW2EYBA5vd7Ov49"], "artistPop": [19], "genres": []}, "2ScZ1hahiTjElGjfY5MuxS": {"name": "Liked You Better", "coverArt": "https://i.scdn.co/image/ab67616d00001e022cb4db3d27705f1a0dffaf52", "artist": ["good problem", "Boy In Space"], "artistIds": ["3aRk4W0Y1YbyEXJT6UL2cK", "0xu4jAQQv7ZAqvFGdc9HgP"], "artistPop": [39, 65], "genres": ["alt z", "electropop", "pop"]}, "38RJVU2LTPjW7xiXqCUlDn": {"name": "Sucker", "coverArt": "https://i.scdn.co/image/ab67616d00001e026ddb6b9c805788de707c2a77", "artist": ["ari hicks"], "artistIds": ["7kBSIXnl2HuGLcA0RZ8T9Z"], "artistPop": [35], "genres": ["social media pop"]}, "0yyTUTW3QCekpMvFJi3f2f": {"name": "Free", "coverArt": "https://i.scdn.co/image/ab67616d00001e021f5fcb98d19f1e647da5814b", "artist": ["Otis Kane"], "artistIds": ["2rp9zfs7yPrwCGVl4CjWAl"], "artistPop": [54], "genres": ["alternative r&b", "chill r&b", "indie r&b", "indie soul"]}, "6V2vqlfcpnwIGixg3iGQat": {"name": "Floss My Teeth", "coverArt": "https://i.scdn.co/image/ab67616d00001e0202ab6b763db2423b4b3ec479", "artist": ["Jae Lynx"], "artistIds": ["03lamRtaO7ZuCSn2qFfmMN"], "artistPop": [25], "genres": []}, "2tyh6kMjnlUsAfyvrYwIDE": {"name": "Crawl (feat. Anna Shoemaker)", "coverArt": "https://i.scdn.co/image/ab67616d00001e02d091ca6e4515e47d69205d02", "artist": ["Richie Quake", "Anna Shoemaker"], "artistIds": ["5RmZclxIWvmctw5DNBJyo6", "3STjhKc10jr3X60mDRpHV4"], "artistPop": [36, 43], "genres": []}, "5ItAruXMNgaAmxP2MmRHI7": {"name": "Flyin (like a fast train)", "coverArt": "https://i.scdn.co/image/ab67616d00001e0218c2ba9e31899d1b2b549d19", "artist": ["Kurt Vile"], "artistIds": ["5gspAQIAH8nJUrMYgXjCJ2"], "artistPop": [63], "genres": ["alternative rock", "indie folk", "indie rock", "modern folk rock", "philly indie", "roots rock", "stomp and holler"]}, "0Xujn00SgmNKBo4y7czhnl": {"name": "Don't Know How to Girlfriend", "coverArt": "https://i.scdn.co/image/ab67616d00001e027386783590b0907d174c615a", "artist": ["GRAE"], "artistIds": ["0H307pF74X7H7kXOmDyYGU"], "artistPop": [48], "genres": ["modern indie pop"]}, "2T0GF8mdSC5wyDzv5Z8DXg": {"name": "Bullet", "coverArt": "https://i.scdn.co/image/ab67616d00001e02a4ada9e43fc3594ae44f842b", "artist": ["Ghastly"], "artistIds": ["2Sa4c9qKaI7ILJs8D6gUCh"], "artistPop": [51], "genres": ["brostep", "dubstep", "edm", "electro house", "electronic trap"]}, "7bfUCyvnGwly51E5Qx1XE2": {"name": "aywhat + supasoaka", "coverArt": "https://i.scdn.co/image/ab67616d00001e02df8601cbc8d4bd3a20b94e33", "artist": ["SEBii"], "artistIds": ["5fAix5NwfNgHQqYRrHIPxo"], "artistPop": [53], "genres": ["glitchcore", "hyperpop"]}, "0IJFVS4gD6ZPxx46OvZZ6M": {"name": "Autopilot", "coverArt": "https://i.scdn.co/image/ab67616d00001e024ac0faee565559dee48f6780", "artist": ["Dev Lemons"], "artistIds": ["5zbFRbEu3FDkqN4j1awLLO"], "artistPop": [46], "genres": ["hyperpop"]}, "23QzTSvwsNdVYhM9DIRpsb": {"name": "Gully", "coverArt": "https://i.scdn.co/image/ab67616d00001e02276ebca6af439d1f86560b40", "artist": ["Yumi Nu"], "artistIds": ["5721R2CT0MBWXJ6Dz78QUZ"], "artistPop": [22], "genres": []}, "3vkQqaIM82rW6ovsT2Paeg": {"name": "Nino", "coverArt": "https://i.scdn.co/image/ab67616d00001e025e01cdac8eba2b3de553f6a5", "artist": ["BigWalkDog"], "artistIds": ["5RivQkx7CAT7TSVFJKvbDz"], "artistPop": [57], "genres": ["memphis hip hop", "southern hip hop", "trap"]}, "066sS3o8CfZKJ9O3Q6yN7x": {"name": "Docking The Pay", "coverArt": "https://i.scdn.co/image/ab67616d00001e02d96af770c723405bb3ecc20e", "artist": ["CVC"], "artistIds": ["4UVp2DRjYXq2ZWQwA5QLuD"], "artistPop": [16], "genres": []}, "4eqDVqsli1ILflQfB5MoeP": {"name": "Hay Que Hacer Dinero", "coverArt": "https://i.scdn.co/image/ab67616d00001e022e75d73beac0f59efd5bc853", "artist": ["Banda MS de Sergio Liz\u00e1rraga", "Eden Mu\u00f1oz"], "artistIds": ["2C6i0I5RiGzDKN9IAF8reh", "1gJdf4Yybu4X5A2xYV3NMV"], "artistPop": [84, 75], "genres": ["banda", "musica mexicana", "norteno", "musica mexicana", "nueva musica mexicana"]}, "66cdCIrACw7lCLjeUQKx6v": {"name": "Breaking News", "coverArt": "https://i.scdn.co/image/ab67616d00001e023c6c6f605b54db31e8e9c67d", "artist": ["Kolby Cooper"], "artistIds": ["2dz0ijxEHh6AzUzQBwBSKx"], "artistPop": [60], "genres": ["texas country"]}, "77fOA740BCuAkclGxQUuEP": {"name": "what else can she do", "coverArt": "https://i.scdn.co/image/ab67616d00001e029d5458dd9de1074e223f167e", "artist": ["Kaitlin Butts"], "artistIds": ["6QmSTo72BYMATkQVOV1axD"], "artistPop": [53], "genres": ["red dirt", "roots americana", "texas country"]}, "4ESI02gRSgi4HlZMH0JDyF": {"name": "Face The River", "coverArt": "https://i.scdn.co/image/ab67616d00001e02011342a57d6012b46c36ee36", "artist": ["Gavin DeGraw"], "artistIds": ["5DYAABs8rkY9VhwtENoQCz"], "artistPop": [67], "genres": ["acoustic pop", "dance pop", "neo mellow", "pop", "pop rock"]}, "5Xx1X1rBk5fpxuhvvtt4th": {"name": "Aimed to Kill", "coverArt": "https://i.scdn.co/image/ab67616d00001e023ab90c7b9dfcd9f2e85b8025", "artist": ["Jade LeMac"], "artistIds": ["4JnJjqxsTp8E5rZsyITf63"], "artistPop": [55], "genres": ["alt z"]}, "6wulXQCZNl4nrD4W5qxoOg": {"name": "Raise Up", "coverArt": "https://i.scdn.co/image/ab67616d00001e027dd9e25b137b8d8c35616eb0", "artist": ["Semler"], "artistIds": ["1UPqLSmKOY8Ld8LoAuNA5g"], "artistPop": [43], "genres": []}, "09fosw8GBPZcJGmGwip06w": {"name": "No More Tears", "coverArt": "https://i.scdn.co/image/ab67616d00001e02453e1b5ef3762d31d7adb632", "artist": ["Jewel", "Darius Rucker"], "artistIds": ["6FbDoZnMBTdhhhLuJBOOqP", "7FY5V3XMwlNBPitEjXowHQ"], "artistPop": [63, 71], "genres": ["alaska indie", "lilith", "permanent wave", "pop rock", "singer-songwriter", "black americana", "contemporary country", "country", "country road"]}, "2rIrdCcmhbm7RLbBaVhIIQ": {"name": "Lovin' you", "coverArt": "https://i.scdn.co/image/ab67616d00001e02a782de3c47a531371ab16560", "artist": ["Taner\u00e9lle"], "artistIds": ["1r1n66Rkx4fzNCIUQhS6OH"], "artistPop": [55], "genres": ["alternative r&b", "indie electropop"]}, "1EX11t2KcrBqQmi5v3AyuG": {"name": "Just What it Seem", "coverArt": "https://i.scdn.co/image/ab67616d00001e025cb10a42862edad5709cf94e", "artist": ["NCognita"], "artistIds": ["5cbFRX9vfBg6rtjN1V0VTI"], "artistPop": [29], "genres": ["indie hip hop"]}, "2WEFtOvc70xfKzRNYkXzer": {"name": "Invierno", "coverArt": "https://i.scdn.co/image/ab67616d00001e02a50e4df1b61c424b8a75a1c6", "artist": ["Far\u00ee", "Juan Oliva"], "artistIds": ["19NSUgUJH4PKz5m5pN0Jel", "1s3MoyfwrjtXi5r9wKLFnc"], "artistPop": [20, 22], "genres": ["pop catracho"]}, "1M65QIDUGHX5iccsPZ83hd": {"name": "Take It or Leave It", "coverArt": "https://i.scdn.co/image/ab67616d00001e0214330cefc8f541775c71e357", "artist": ["Aleyna Tilki"], "artistIds": ["4ckLjJztj53Ifid7WHweBn"], "artistPop": [58], "genres": ["turkish pop", "turkish trap pop"]}, "0dMIDyuC4EjrXxMTGArX4A": {"name": "Nice", "coverArt": "https://i.scdn.co/image/ab67616d00001e02b31e0009651367578f09b3e9", "artist": ["Matilda Mann"], "artistIds": ["76oY04bOzECod3aGVTDtzu"], "artistPop": [52], "genres": ["british singer-songwriter", "indie pop"]}, "5IEHHypxL6TaMZhqUfF0vS": {"name": "Fingers", "coverArt": "https://i.scdn.co/image/ab67616d00001e0221393df447114807741c2bd6", "artist": ["Jules Paymer"], "artistIds": ["5RsYo1rckHPH2ERWm3tGeS"], "artistPop": [34], "genres": []}}