{"6EDO9iiTtwNv6waLwa1UUq": {"name": "POPSTAR (feat. Drake)", "coverArt": "https://i.scdn.co/image/ab67616d00001e02efaecb4b9cbae7c120d14617", "artist": ["DJ Khaled", "Drake"], "artistIds": ["0QHgL1lAIqAw0HtD7YldmP", "3TVXtAsR1Inumwj472S9r4"], "artistPop": [80, 100], "genres": ["hip hop", "miami hip hop", "pop rap", "rap", "southern hip hop", "trap", "canadian hip hop", "canadian pop", "hip hop", "pop rap", "rap", "toronto rap"]}, "03H4ZJA6mAGdyNi3omlKjG": {"name": "Painless (feat. Lil Durk)", "coverArt": "https://i.scdn.co/image/ab67616d00001e0223035ec716eebc43759a0cf7", "artist": ["J.I the Prince of N.Y", "Lil Durk"], "artistIds": ["2eqoJbzUGDwys5ENUkbT3h", "3hcs9uc56yIGFCSy9leWe7"], "artistPop": [66, 87], "genres": ["nyc rap", "pop r&b", "chicago drill", "chicago rap", "drill", "hip hop", "rap", "trap"]}, "4FYbo4yQzu3hGkj2Ix4ucW": {"name": "Funny", "coverArt": "https://i.scdn.co/image/ab67616d00001e028046020d2ba421ea91423419", "artist": ["Zedd", "Jasmine Thompson"], "artistIds": ["2qxJFvFYMEDqd7ui6kSAcq", "2TL8gYTNgD6nXkyuUdDrMg"], "artistPop": [78, 70], "genres": ["complextro", "dance pop", "edm", "electro house", "electropop", "german techno", "pop", "pop dance", "post-teen pop", "tropical house", "indie cafe pop", "neo mellow", "pop", "post-teen pop", "viral pop"]}, "065bY5WrLvI3NN9VCK0QLe": {"name": "Jerk", "coverArt": "https://i.scdn.co/image/ab67616d00001e02bf5af474b6ed745faf53f508", "artist": ["Oliver Tree"], "artistIds": ["6TLwD7HPWuiOzvXEa3oCNe"], "artistPop": [77], "genres": ["alternative hip hop"]}, "1aFL6FVclpfPafOGekKkna": {"name": "Night Garden (feat. Kenny Beats & Bakar)", "coverArt": "https://i.scdn.co/image/ab67616d00001e029a1deffa157c7e34d721fb11", "artist": ["BENEE", "Kenny Beats", "Bakar"], "artistIds": ["0Cp8WN4V8Tu4QJQwCN5Md4", "1rHOtdmGNr5vcYNw5v7QGC", "3K2Srho6NCF3o9MswGR76H"], "artistPop": [70, 66, 65], "genres": ["alt z", "nz pop", "pop", "trap", "underground hip hop", "uk alternative hip hop"]}, "27BBfeJZBFlZ60Sgx7iOgL": {"name": "TELL ME WHY", "coverArt": "https://i.scdn.co/image/ab67616d00001e0262b4f254737aca1ff199f8ac", "artist": ["The Kid LAROI"], "artistIds": ["2tIP7SsRs7vjIcLrU85W8J"], "artistPop": [92], "genres": ["australian hip hop"]}, "4IXtbeWsD2DQWnTfjDSMjm": {"name": "Icy", "coverArt": "https://i.scdn.co/image/ab67616d00001e0287bb1da05f3491eea3401de5", "artist": ["Pink Sweat$"], "artistIds": ["1W7FNibLa0O0b572tB2w7t"], "artistPop": [75], "genres": ["bedroom soul", "pop"]}, "3Be7CLdHZpyzsVijme39cW": {"name": "What's Love Got to Do with It", "coverArt": "https://i.scdn.co/image/ab67616d00001e02f0b43fee481f279a186dff20", "artist": ["Kygo", "Tina Turner"], "artistIds": ["23fqKkggKUBHNkbKtXEls4", "1zuJe6b1roixEKMOtyrEak"], "artistPop": [83, 71], "genres": ["edm", "pop", "pop dance", "tropical house", "disco", "mellow gold", "new wave pop", "soft rock"]}, "2EPvkwP4Djr1s59GxAh8tO": {"name": "Love I\u2019m Given", "coverArt": "https://i.scdn.co/image/ab67616d00001e02156d79bdb60fc5f7af75590b", "artist": ["Ellie Goulding"], "artistIds": ["0X2BH1fck6amBIoJhDVmmJ"], "artistPop": [80], "genres": ["dance pop", "edm", "electropop", "indietronica", "metropopolis", "pop", "post-teen pop", "uk pop"]}, "0FqeDovtUyWos9nRKTMtD5": {"name": "Mulholland Drive (feat. Ebenezer)", "coverArt": "https://i.scdn.co/image/ab67616d00001e02293c2edccbb836b8927b0958", "artist": ["MORGAN", "Ebenezer"], "artistIds": ["7ltW5jYRnGOE4O1vcgW2DI", "2vik8lyw8WiALKMJK7C3hn"], "artistPop": [51, 49], "genres": ["trap soul", "uk hip hop"]}, "0t2q2c43AATY4z1GI883Be": {"name": "Summer 2020", "coverArt": "https://i.scdn.co/image/ab67616d00001e02128c44a13ff730aedae77779", "artist": ["Jhen\u00e9 Aiko"], "artistIds": ["5ZS223C6JyBfXasXxrRqOk"], "artistPop": [79], "genres": ["alternative r&b", "dance pop", "pop", "pop rap", "r&b", "urban contemporary"]}, "35RJhm1pEovTBwnNR0zWad": {"name": "GREECE (feat. Drake)", "coverArt": "https://i.scdn.co/image/ab67616d00001e027db0d21fc5696a3fcedfb933", "artist": ["DJ Khaled", "Drake"], "artistIds": ["0QHgL1lAIqAw0HtD7YldmP", "3TVXtAsR1Inumwj472S9r4"], "artistPop": [80, 100], "genres": ["hip hop", "miami hip hop", "pop rap", "rap", "southern hip hop", "trap", "canadian hip hop", "canadian pop", "hip hop", "pop rap", "rap", "toronto rap"]}, "7LS1ejD2YP26363YkJmVdZ": {"name": "Through The Wire", "coverArt": "https://i.scdn.co/image/ab67616d00001e0237850efe2b4d62bddb33a847", "artist": ["Rod Wave"], "artistIds": ["45TgXXqMDdF8BkjA83OM7z"], "artistPop": [78], "genres": ["florida rap"]}, "2P88a8aJtNJtlZBJhCCzOB": {"name": "Money Now (feat. Tyga & Johnny Yukon)", "coverArt": "https://i.scdn.co/image/ab67616d00001e025fd42339c4ba04605546d3af", "artist": ["KYLE", "Johnny Yukon", "Tyga"], "artistIds": ["4qBgvVog0wzW75IQ48mU7v", "4fLF7NyMYLaMxUmZCSp5ex", "5LHRHt1k9lMyONurDHEdrp"], "artistPop": [70, 48, 84], "genres": ["pop rap", "rap", "social media pop", "trap soul", "dance pop", "hip hop", "pop rap", "rap", "southern hip hop", "trap"]}, "1woVRb6gryP7hsMvBkiIzj": {"name": "i feel bad", "coverArt": "https://i.scdn.co/image/ab67616d00001e02991d47e551cc36d4efed68d9", "artist": ["blackbear"], "artistIds": ["2cFrymmkijnjDg9SS92EPM"], "artistPop": [84], "genres": ["pop", "pop rap"]}, "3gwoz4xZuye0agjYgrC2je": {"name": "Easy", "coverArt": "https://i.scdn.co/image/ab67616d00001e02acd22b93c9521a25e0210109", "artist": ["Troye Sivan"], "artistIds": ["3WGpXCj9YhhfX11TToZcXP"], "artistPop": [79], "genres": ["australian pop", "dance pop", "electropop", "pop", "post-teen pop", "viral pop"]}, "4YAg8h8WliHZlW5wuv8Jpk": {"name": "To Be Young (feat. Doja Cat)", "coverArt": "https://i.scdn.co/image/ab67616d00001e02cf617a096d3674b2da48d9d8", "artist": ["Anne-Marie", "Doja Cat"], "artistIds": ["1zNqDE7qDGCsyzJwohVaoX", "5cj0lLjcoR7YOSnhnX0Po5"], "artistPop": [82, 94], "genres": ["dance pop", "pop", "pop dance", "post-teen pop", "tropical house", "uk pop", "dance pop", "pop"]}, "0Mg5oWo54uPg9GBJGHBD8p": {"name": "Molang", "coverArt": "https://i.scdn.co/image/ab67616d00001e02b960297336eb9591e5077c9a", "artist": ["Payday"], "artistIds": ["6I7IZDntAGBmzkCANUmtV0"], "artistPop": [48], "genres": []}, "6fGSHpEipD1YjtLLChnBzW": {"name": "Friend", "coverArt": "https://i.scdn.co/image/ab67616d00001e0255c38bc34d1fe852f2657c2e", "artist": ["Gracie Abrams"], "artistIds": ["4tuJ0bMpJh08umKkEXKUI5"], "artistPop": [66], "genres": ["alt z", "indie cafe pop", "indie pop", "pop"]}, "0t66WOHS2gTyP9UnjFTqra": {"name": "SO WHAT!", "coverArt": "https://i.scdn.co/image/ab67616d00001e0233993171751cdfb80364f073", "artist": ["jxdn"], "artistIds": ["6Y64EaNqpqcZYTgs4c76gF"], "artistPop": [73], "genres": ["pop rap"]}, "4dO4oVzvRrRRsJgaT4ORlM": {"name": "17again", "coverArt": "https://i.scdn.co/image/ab67616d00001e029d4efe0aa3c186628751553c", "artist": ["Powfu"], "artistIds": ["6bmlMHgSheBauioMgKv2tn"], "artistPop": [76], "genres": ["sad rap"]}, "46LXErxjs0JgFiaUshrSBI": {"name": "Please Don't Make Me Cry", "coverArt": "https://i.scdn.co/image/ab67616d00001e02e4e22468cc1f1e4b9b9a9acc", "artist": ["Lianne La Havas"], "artistIds": ["2RP4pPHTXlQpDnO9LvR7Yt"], "artistPop": [63], "genres": ["british soul", "indie soul", "neo soul", "pop soul", "soul"]}, "3XnvNOjFKyFyNvxlXy1DXm": {"name": "Live Without Your Love (with Steve Lacy)", "coverArt": "https://i.scdn.co/image/ab67616d00001e02ea2f8f3a024eb5393305361e", "artist": ["Love Regenerator", "Steve Lacy", "Calvin Harris"], "artistIds": ["05KDKIpxshxrB9BMewaCBW", "57vWImR43h4CaDao012Ofp", "7CajNmpbOovFoOoasH2HaY"], "artistPop": [57, 77, 85], "genres": ["edm", "house", "afrofuturism", "dance pop", "edm", "electro house", "house", "pop", "progressive house", "uk dance"]}, "341lTIxmhybbQsgydwJiFx": {"name": "Stuntin' On You (feat. DaBaby)", "coverArt": "https://i.scdn.co/image/ab67616d00001e028e58e86741db1334fcfc015a", "artist": ["Tyla Yaweh", "DaBaby"], "artistIds": ["1MXZ0hsGic96dWRDKwAwdr", "4r63FhuTkUYltbVAg5TQnk"], "artistPop": [68, 89], "genres": ["cali rap", "melodic rap", "pop rap", "rap", "trap", "north carolina hip hop", "rap"]}, "4sEH3mM8kkKaE5g9V2QZoU": {"name": "Care", "coverArt": "https://i.scdn.co/image/ab67616d00001e02b694c6e4dd1f247401d758a8", "artist": ["beabadoobee"], "artistIds": ["35l9BRT7MXmM8bv2WDQiyB"], "artistPop": [73], "genres": ["bedroom pop", "bubblegrunge", "indie pop"]}, "5DTCKNnlpC94Ri2zX2IyS8": {"name": "Hurricane", "coverArt": "https://i.scdn.co/image/ab67616d00001e025807a5c68a226bbb489f6cf0", "artist": ["Anson Seabra"], "artistIds": ["2jHp7gQArCQrlMvdrIVFCg"], "artistPop": [69], "genres": ["alt z", "indie cafe pop", "pop", "social media pop"]}, "2KFulyrLZkXBpThxLCtxxY": {"name": "HEAD OVER HEELS", "coverArt": "https://i.scdn.co/image/ab67616d00001e02798bfc3ee712c493f2dcbdf3", "artist": ["LoveLeo"], "artistIds": ["0JDVDA5aG4Y2wXylqghzC6"], "artistPop": [53], "genres": ["modern indie pop"]}, "3CDFVcwAfqfgPz1p4R68bh": {"name": "Get Paid", "coverArt": "https://i.scdn.co/image/ab67616d00001e02005522b05aabacd374b16824", "artist": ["Aluna", "Princess Nokia", "Jada Kingdom", "AlunaGeorge"], "artistIds": ["5ITI6SEoUZMIXXkzCfr4oE", "6lay1nwbE6hTx1jivysUAL", "2FgooFaZzZy6PUyJImk0kG", "2VAnyOxzJuSAj7XIuEOT38"], "artistPop": [62, 68, 49, 66], "genres": ["pop dance", "escape room", "lgbtq+ hip hop", "trap queen", "dancehall", "modern reggae", "electropop", "house", "pop", "tropical house"]}, "2yNca0rxzR3LpCQ2wHzlXf": {"name": "Time", "coverArt": "https://i.scdn.co/image/ab67616d00001e0210e038f7e08aef689901204c", "artist": ["Lonely God"], "artistIds": ["6pF6MN603wSrisJcf7HS5v"], "artistPop": [60], "genres": ["modern indie pop"]}, "2GU2CvKoEIvOxDlheIHrnw": {"name": "The Machine", "coverArt": "https://i.scdn.co/image/ab67616d00001e02587d5e94858c0ebbc11b160e", "artist": ["Oliver Malcolm"], "artistIds": ["5ut4VhaCRPsEjAZ93jpPfK"], "artistPop": [47], "genres": ["indie hip hop", "modern alternative pop"]}, "5LyK4EaVofQjOvJ4OGhdfv": {"name": "The Light", "coverArt": "https://i.scdn.co/image/ab67616d00001e0263d3d88060ff940456b89719", "artist": ["Joey Bada$$"], "artistIds": ["2P5sC9cVZDToPxyomzF1UH"], "artistPop": [74], "genres": ["conscious hip hop", "hip hop", "rap", "underground hip hop"]}, "5vZnCc3RX3LjL6HqUeZ7WI": {"name": "Viola", "coverArt": "https://i.scdn.co/image/ab67616d00001e0273debb36ac6edd90c7f4c6a8", "artist": ["StaySolidRocky"], "artistIds": ["1XLWox9w1Yvbodui0SRhUQ"], "artistPop": [65], "genres": ["melodic rap"]}, "1dBdrCDwt8Fxheqzb8xXDt": {"name": "Zach's Ballad", "coverArt": "https://i.scdn.co/image/ab67616d00001e02e7011da8c2433c98e65919d9", "artist": ["Peter Manos"], "artistIds": ["4K9aclpXgCPNFGEqRlFPal"], "artistPop": [52], "genres": ["indie cafe pop"]}, "0CFf5n5yNQs8cfjsPN0Psi": {"name": "Girl", "coverArt": "https://i.scdn.co/image/ab67616d00001e02f539716ab673b520971d34a6", "artist": ["SAYGRACE"], "artistIds": ["6y5amJcTjeDgLXIjtQLMst"], "artistPop": [62], "genres": ["dance pop", "pop", "post-teen pop", "r&b"]}, "08kXaWxw2QkXSQTlyH9GMc": {"name": "Sleep at Night", "coverArt": "https://i.scdn.co/image/ab67616d00001e02d3836964e3eb4ee83eaca288", "artist": ["The Chicks"], "artistIds": ["25IG9fa7cbdmCIy3OnuH57"], "artistPop": [68], "genres": ["country", "country dawn"]}, "1SRE1nCHhbqbGCLdWnl988": {"name": "Superman", "coverArt": "https://i.scdn.co/image/ab67616d00001e020afd33679a69475542caeefb", "artist": ["Keith Urban"], "artistIds": ["0u2FHSq3ln94y5Q57xazwf"], "artistPop": [74], "genres": ["australian country", "australian pop", "contemporary country", "country", "country road"]}, "7uGQCsecZDhMCWBJmQvs1A": {"name": "Underwater (feat. Dillon Francis)", "coverArt": "https://i.scdn.co/image/ab67616d00001e02d9590f46097050a5f7c4c77d", "artist": ["Meghan Trainor", "Dillon Francis"], "artistIds": ["6JL8zeS1NmiOftqZTRgdTz", "5R3Hr2cnCCjt220Jmt2xLf"], "artistPop": [76, 67], "genres": ["dance pop", "hip pop", "pop", "post-teen pop", "brostep", "dance pop", "edm", "electro house", "electronic trap", "electropop", "house", "moombahton", "pop", "pop dance", "slap house", "tropical house"]}, "2JCOFv3vvv6HIfw7QOqpIz": {"name": "Roses - (Imanbek Remix) [Latino Gang]", "coverArt": "https://i.scdn.co/image/ab67616d00001e0282b87e6b9d7ea40b1f01a06e", "artist": ["SAINt JHN", "J Balvin", "Imanbek"], "artistIds": ["0H39MdGGX6dbnnQPt6NQkZ", "1vyhD5VmyZ7KMfW5gqLgo5", "5rGrDvrLOV2VV8SCFVGWlj"], "artistPop": [76, 94, 79], "genres": ["melodic rap", "pop rap", "rap", "slap house", "trap", "latin", "reggaeton", "reggaeton colombiano", "trap latino", "dance pop", "edm", "electro house", "pop dance", "slap house", "tropical house"]}, "23MEeQTkSmsDS6NjL8k6I8": {"name": "Te Mueves", "coverArt": "https://i.scdn.co/image/ab67616d00001e0273a36207679a359204922bb9", "artist": ["Zion & Lennox", "Natti Natasha"], "artistIds": ["21451j1KhjAiaYKflxBjr1", "1GDbiv3spRmZ1XdM1jQbT7"], "artistPop": [81, 80], "genres": ["latin", "latin hip hop", "reggaeton", "reggaeton flow", "trap latino", "latin", "latin pop", "rap latina", "reggaeton", "trap latino"]}, "7g2uEIBiSXUNkLmEUCv5nq": {"name": "Cry Dancing", "coverArt": "https://i.scdn.co/image/ab67616d00001e02d0fd23dbfabf77a4cbca1f5b", "artist": ["NOTD", "Nina Nesbitt"], "artistIds": ["5jAMCwdNHWr7JThxtMuEyy", "7AzjETXRUKNRSJHMW9GIqd"], "artistPop": [70, 62], "genres": ["alt z", "dance pop", "edm", "electro house", "electropop", "pop", "pop dance", "pop edm", "post-teen pop", "tropical house", "alt z", "dance pop", "electropop", "indie cafe pop", "indie poptimism", "neo-singer-songwriter", "pop", "pop rock", "post-teen pop", "uk pop"]}, "5IyF01fIazdmFkXHWWnQI7": {"name": "Hit Me Back (feat. Social House)", "coverArt": "https://i.scdn.co/image/ab67616d00001e0233bd6450729433529ecab1b3", "artist": ["Conor Matthews", "Social House"], "artistIds": ["5iWU68xnsNiacwbt1fYEcq", "5UjifI1TYefXWn9GdqDOHl"], "artistPop": [50, 67], "genres": ["chill pop", "pop rap"]}, "4hk4plGoAmg3naYTq8EUul": {"name": "fuck, i luv my friends", "coverArt": "https://i.scdn.co/image/ab67616d00001e02c82e4d0cc3b8c3ea9eb2881d", "artist": ["renforshort"], "artistIds": ["3GYvf7puxwkr51EYoD9E7D"], "artistPop": [57], "genres": ["alt z", "canadian pop", "indie pop", "pop", "social media pop"]}, "4ekceoPLIy8EEMKBnjn1S8": {"name": "12 Steps", "coverArt": "https://i.scdn.co/image/ab67616d00001e026ef9cd8246caf85696d1e95e", "artist": ["CXLOE"], "artistIds": ["6M25WWmNO7wK1DnKmd3z6R"], "artistPop": [46], "genres": ["alt z", "australian alternative pop", "australian electropop", "australian pop", "indie electropop", "social media pop"]}, "222MT5t80Pf0C1ItJ79sCF": {"name": "strawberry lipstick", "coverArt": "https://i.scdn.co/image/ab67616d00001e026e80151360335feefacb90d9", "artist": ["YUNGBLUD"], "artistIds": ["6Ad91Jof8Niiw0lGLLi3NW"], "artistPop": [76], "genres": ["british indie rock", "modern rock", "pop", "rock"]}, "58Tv7AKHHXbGTYfuXrUGVU": {"name": "big face (feat. Mike Kinsella of American Football)", "coverArt": "https://i.scdn.co/image/ab67616d00001e02a103f594413ba344e2c92cbd", "artist": ["boyband", "American Football", "Mike Kinsella"], "artistIds": ["4OxvOPeLvZWDxihwqtOC4D", "5FwydyGVcsQllnM4xM6jw4", "65MqFenJZqxNAPxnEATV8U"], "artistPop": [33, 51, 24], "genres": ["indie hip hop", "alternative emo", "emo", "midwest emo"]}, "3MMLO6TUL07tze9IXud0Vc": {"name": "honey", "coverArt": "https://i.scdn.co/image/ab67616d00001e02249e7e07a7e0100ebb8bfc11", "artist": ["boy pablo"], "artistIds": ["7wbkl3zgDZEoZer357mVIw"], "artistPop": [66], "genres": ["bedroom pop", "bergen indie", "indie pop", "norwegian indie"]}, "51h4KMFqZKSCRA5rK3curR": {"name": "Clueless", "coverArt": "https://i.scdn.co/image/ab67616d00001e02a774ffec24c87bd2224d44b8", "artist": ["Calboy"], "artistIds": ["0HkcYmcjrBR3SCw9Ld5VZk"], "artistPop": [63], "genres": ["chicago rap", "melodic rap", "rap", "trap", "vapor trap"]}, "6EeMWRDPBFpboU5DjA7Jrl": {"name": "Perc Popper", "coverArt": "https://i.scdn.co/image/ab67616d00001e02c71d3c45f03c73120756d4c9", "artist": ["Shoreline Mafia", "OHGEESY", "Fenix Flexin"], "artistIds": ["4tYSBptyGeVyZsk8JC4JHZ", "3ppQEG71r7jVpI8RudzycF", "63GIj2yhFvX1Bzphb9JgVb"], "artistPop": [70, 70, 67], "genres": ["cali rap", "trap", "underground hip hop", "cali rap", "trap", "underground hip hop", "vapor trap", "cali rap", "underground hip hop", "vapor trap"]}, "1wjperknmeArNjZdtpVLrT": {"name": "smoke", "coverArt": "https://i.scdn.co/image/ab67616d00001e020f1929b0eb0762c0eeda69af", "artist": ["Joy Oladokun"], "artistIds": ["7rrTqtOUOwva4sgTx9C9F9"], "artistPop": [58], "genres": ["indie cafe pop", "indie folk", "indiecoustica", "la pop"]}, "5usaydQKInuUpnaWQVTGM0": {"name": "Imagine", "coverArt": "https://i.scdn.co/image/ab67616d00001e02b21a88a523751a8cbe727ac8", "artist": ["Steve Aoki", "Frank Walker", "AJ Mitchell"], "artistIds": ["77AiFEVeAVj2ORpC85QVJs", "6rcE30MaP92XafelMNZ2Sq", "6dn6x1XOng3LOAnfTjUn77"], "artistPop": [76, 62, 67], "genres": ["dance pop", "edm", "electro house", "pop", "pop dance", "tropical house", "deep tropical house", "pop edm", "alt z", "dance pop", "electropop", "indie cafe pop", "pop", "post-teen pop", "social media pop"]}, "2Lho7mxHpPgTmaWLnpK2Vs": {"name": "Note To Self", "coverArt": "https://i.scdn.co/image/ab67616d00001e024d789692c073c603f3726c29", "artist": ["Jim-E Stack", "Empress Of"], "artistIds": ["4GmataFSHOSQWxuuUX57Bh", "5QuBVnBPEzwYvFrgBbwpmU"], "artistPop": [51, 57], "genres": ["alternative r&b", "indie pop", "vapor house", "vapor soul", "alternative r&b", "art pop", "electropop", "escape room", "etherpop", "shiver pop"]}, "2TL9UACmry1qTiurBc2PjV": {"name": "Relaciones", "coverArt": "https://i.scdn.co/image/ab67616d00001e027b2b0878033f9207bdbd8e00", "artist": ["Lunay"], "artistIds": ["47MpMsUfWtgyIIBEFOr4FE"], "artistPop": [77], "genres": ["latin", "latin hip hop", "latin pop", "reggaeton", "reggaeton flow", "trap latino"]}, "3Rp8FNCr3yxM3fGFy99LN8": {"name": "Smile (feat. H.E.R.)", "coverArt": "https://i.scdn.co/image/ab67616d00001e02751b1dcc4f89ef5ce02d55c9", "artist": ["WizKid", "H.E.R."], "artistIds": ["3tVQdUvClmAT7URs9V3rsp", "3Y7RZ31TRPVadSFVy1o8os"], "artistPop": [80, 78], "genres": ["afro dancehall", "afropop", "azonto", "nigerian hip hop", "nigerian pop", "alternative r&b", "dance pop", "pop", "r&b"]}, "0h11wE1hTwKMxYd1NACgNb": {"name": "Selene", "coverArt": "https://i.scdn.co/image/ab67616d00001e02a05fc4f725bf2388f1be64ac", "artist": ["NIKI"], "artistIds": ["2kxP07DLgs4xlWz8YHlvfh"], "artistPop": [73], "genres": ["chill r&b", "indonesian r&b", "pop"]}, "34doO7AMIw782WUAprziug": {"name": "Young Heart", "coverArt": "https://i.scdn.co/image/ab67616d00001e02de714c4a7955e316df331a51", "artist": ["Kara Marni", "Russ"], "artistIds": ["2lfOu2DjnvR4Xpolt3OPfv", "1z7b1Pr1rSlvWRzsW3HOrS"], "artistPop": [42, 79], "genres": ["alternative r&b", "chill r&b", "indie r&b", "uk contemporary r&b", "hawaiian hip hop", "pop rap", "rap"]}, "6rsosgHkIZvaVzhxrtc10g": {"name": "Models", "coverArt": "https://i.scdn.co/image/ab67616d00001e027d21a59aa3f1e1f88ad7dad8", "artist": ["Joe Avio"], "artistIds": ["3QegvPZ8QZhhJbNGaaZiXI"], "artistPop": [12], "genres": []}, "0C3sscH57PNeQ8dmY6xTIR": {"name": "SUNRISE", "coverArt": "https://i.scdn.co/image/ab67616d00001e0291f291c87b978bd3a9cec695", "artist": ["MICHELLE"], "artistIds": ["4yYvor6Rq4fG82J1L47DYp"], "artistPop": [50], "genres": ["bedroom pop", "indie pop", "indie r&b"]}, "4LxtXi0FHIQb9EDgUb0dfH": {"name": "ASOS", "coverArt": "https://i.scdn.co/image/ab67616d00001e02b92385bc3c57170e073b0a32", "artist": ["Dava"], "artistIds": ["2fyrK060Qol9hgj9vNITPu"], "artistPop": [33], "genres": []}, "4Nh4VaMQxFCb4vLbChdz9C": {"name": "Ironhand", "coverArt": "https://i.scdn.co/image/ab67616d00001e020bb808bf892ab3ebea1340e3", "artist": ["Kllo"], "artistIds": ["0RDC2Krd2nmqseGx5C8PQz"], "artistPop": [49], "genres": ["alternative r&b", "aussietronica", "indie soul", "vapor soul"]}, "2pq8Euv7ULQPETCrGwr4vE": {"name": "Make You Mine", "coverArt": "https://i.scdn.co/image/ab67616d00001e02bbdd2fda91a66d7efe633f2e", "artist": ["Bleu Clair", "Ytram", "RA"], "artistIds": ["7kA4sEagpoNK91I7wr9tYr", "5qTx6amAEpOiXxb6KQjquZ", "5KB4q7bGeG3ekRWMLX11Rs"], "artistPop": [50, 49, 32], "genres": ["bass house", "deep groove house", "electro house", "indonesian edm", "dutch edm"]}, "5tLPWQUcUHvR8kRr8k33cl": {"name": "Drown", "coverArt": "https://i.scdn.co/image/ab67616d00001e02bc1a934d8c7415a3e1c28f2f", "artist": ["Lecrae", "John Legend"], "artistIds": ["1CFCsEqKrCyvAFKOATQHiW", "5y2Xq6xcjJb2jVM54GHK3t"], "artistPop": [67, 79], "genres": ["ccm", "christian alternative rock", "christian hip hop", "christian music", "worship", "neo soul", "pop", "pop soul", "r&b", "urban contemporary"]}, "4NwcXcvuMZKPBM5xZllgdf": {"name": "SHOES (feat. Virgil Abloh)", "coverArt": "https://i.scdn.co/image/ab67616d00001e02222ce94bd0cd630df029fbbf", "artist": ["Lupe Fiasco", "Kaelin Ellis", "Virgil Abloh"], "artistIds": ["01QTIT5P1pFP3QnnFSdsJf", "0QalUUx2C9F1PGbfQVcHAd", "6zKRU70JFcCQtP3vKV4ANm"], "artistPop": [68, 38, 35], "genres": ["chicago rap", "conscious hip hop", "gangster rap", "hip hop", "political hip hop", "pop rap", "rap", "southern hip hop", "future bass"]}, "1XNftuHylWlfWbPx9MVS2a": {"name": "PICASSO", "coverArt": "https://i.scdn.co/image/ab67616d00001e0291c7ea899cc7235bae5db657", "artist": ["Sheff G", "King Von", "Jay Critch", "Eli Fross"], "artistIds": ["1tG7s7S4sq2eFFW0QZyLbm", "6QtgPSJPSzcnn7dPZ4VINp", "6Av6GMCOznZIlHuNcBWgf4", "6Vy1VMVCyTgbcmA1iz0QFg"], "artistPop": [76, 76, 61, 52], "genres": ["brooklyn drill", "new york drill", "nyc rap", "chicago rap", "nyc rap", "rap", "southern hip hop", "trap", "underground hip hop", "vapor trap", "brooklyn drill"]}, "7f1qPZPILuQnHJoxOIuQW8": {"name": "astrology", "coverArt": "https://i.scdn.co/image/ab67616d00001e0253e73c8c51480ff30de6af46", "artist": ["bbno$", "lentra"], "artistIds": ["41X1TR6hrK8Q2ZCpp2EqCz", "484bfoveqgHfx2VhNY4zzT"], "artistPop": [77, 64], "genres": ["canadian hip hop", "dark trap", "pop rap", "vapor trap", "canadian hip hop"]}, "2WpMB2RxvNOnStRrT2e2kC": {"name": "Things I Thought Were Mine", "coverArt": "https://i.scdn.co/image/ab67616d00001e02da44efe770f5f9bcdb5ed869", "artist": ["Alfie Templeman"], "artistIds": ["6QzMY3tnu0m56eKUnr4uCF"], "artistPop": [58], "genres": ["indie pop", "modern alternative pop"]}, "6pQUQdaZacg722q6sg6fPR": {"name": "Blame", "coverArt": "https://i.scdn.co/image/ab67616d00001e02fd41cd31515c6b582becfca3", "artist": ["Grace Carter", "Jacob Banks"], "artistIds": ["2LuHL7im4aCEmfOlD4rxBC", "0AepkoQhYvkjEzzwIcGxdV"], "artistPop": [57, 63], "genres": ["indie anthem-folk", "indie cafe pop", "pop", "uk contemporary r&b", "uk pop", "modern alternative rock", "uk contemporary r&b"]}, "6DSHbo7m9awD387qT89mKU": {"name": "Anyone Else", "coverArt": "https://i.scdn.co/image/ab67616d00001e02d84d9910abded29ae68bd878", "artist": ["Joshua Bassett"], "artistIds": ["4VdV2qRAYBLINR6uU72V1J"], "artistPop": [66], "genres": ["alt z", "pop", "post-teen pop", "social media pop"]}, "7tDaK0PgfzxD9TbCYCqU5Z": {"name": "CWJBHN", "coverArt": "https://i.scdn.co/image/ab67616d00001e02b6e043c7dd1bae504e922858", "artist": ["Jake Scott", "Josie Dunne"], "artistIds": ["0DxPHf2flBAcV2SnZPg3SV", "2KgFtUjEtayfuximKppSAq"], "artistPop": [64, 54], "genres": ["alt z", "indie cafe pop", "indiecoustica", "neo mellow", "pop", "pop rock", "post-teen pop", "alt z", "pop soul"]}, "3JiORsn1iJZgY20026RwFF": {"name": "Emotional", "coverArt": "https://i.scdn.co/image/ab67616d00001e0295f358d21d904481f248222e", "artist": ["Sarah Barrios"], "artistIds": ["0HJsX1aTdgG1VDIRDiseSJ"], "artistPop": [49], "genres": ["alt z"]}, "0cx6g0ug2huxrGxNx5L2Xn": {"name": "Classic", "coverArt": "https://i.scdn.co/image/ab67616d00001e0298ce8a484f633321837a9489", "artist": ["Cam"], "artistIds": ["5WRElKaZsn1tGnrgmJVAeO"], "artistPop": [60], "genres": ["contemporary country", "country", "country pop"]}, "41c0nW524VqMTPwATKSrdG": {"name": "Save Me", "coverArt": "https://i.scdn.co/image/ab67616d00001e02d6212b3681b77bcedca768f8", "artist": ["LANCO"], "artistIds": ["2lRH2dgU5Kk4Bc5phmII4T"], "artistPop": [58], "genres": ["contemporary country", "country pop"]}, "7An3TmBnSnNnvDnh1D1oEB": {"name": "I Still Do", "coverArt": "https://i.scdn.co/image/ab67616d00001e02447e7324dacee40c5c3bca30", "artist": ["Kiiara"], "artistIds": ["4u5smJBskI6Adzv08PuiUP"], "artistPop": [66], "genres": ["alt z", "dance pop", "electropop", "indie poptimism", "pop", "post-teen pop"]}, "4fuuDcJPH29rVBFmipmL5N": {"name": "Black Magic Hour", "coverArt": "https://i.scdn.co/image/ab67616d00001e021e667ad3d3d43c949ba320ab", "artist": ["Jidenna", "Bullish"], "artistIds": ["4TsHKU8l8Wq7n7OPVikirn", "4tV5QurG607WiVstsmuNAe"], "artistPop": [57, 21], "genres": ["ghanaian hip hop"]}, "31jakwR10bxFLDzjbardtX": {"name": "Feel It", "coverArt": "https://i.scdn.co/image/ab67616d00001e02e28d0a68d0b221086af52be2", "artist": ["YSB Tril"], "artistIds": ["79TnwjflPC7KqP9O4pXpDQ"], "artistPop": [50], "genres": ["north carolina hip hop", "sad rap"]}, "1bzHZRL513pHVC9oEwQ0aL": {"name": "Play Fight (with Tinashe)", "coverArt": "https://i.scdn.co/image/ab67616d00001e02e8f70482a1326cb5ae7f6daa", "artist": ["THEY.", "Tinashe"], "artistIds": ["0pghUohLPptZWBasy2wmUx", "0NIIxcxNHmOoyBx03SfTCD"], "artistPop": [60, 73], "genres": ["alternative r&b", "pop", "pop r&b", "pop rap", "r&b", "trap soul", "underground hip hop", "alternative r&b", "dance pop", "electropop", "metropopolis", "pop", "pop r&b", "pop rap", "post-teen pop", "r&b", "urban contemporary"]}, "34FbkFgAbv4ffvhL2XQMVm": {"name": "Jolie nana", "coverArt": "https://i.scdn.co/image/ab67616d00001e02bb3b1ff9ae23f61cf8cb80a5", "artist": ["Aya Nakamura"], "artistIds": ["7IlRNXHjoOCgEAWN5qYksg"], "artistPop": [75], "genres": ["basshall", "francoton"]}, "1ooi97uomLH2fqrxFkcpoF": {"name": "Thinking About You (with Winona Oak)", "coverArt": "https://i.scdn.co/image/ab67616d00001e022ad16d9344c143c33cb7297e", "artist": ["R3HAB", "Winona Oak"], "artistIds": ["6cEuCEZu7PAE9ZSzLLc2oQ", "3XC57xz74X3xUi1hv4mge1"], "artistPop": [78, 60], "genres": ["dance pop", "dutch house", "edm", "electro house", "pop", "pop dance", "progressive electro house", "slap house", "tropical house", "alt z", "pop", "swedish pop"]}, "0izUjTuDrUy2FgQOSRALSU": {"name": "Lockdown", "coverArt": "https://i.scdn.co/image/ab67616d00001e02cdbcabc170ce557ae4919753", "artist": ["Koffee"], "artistIds": ["1gWjcmBsveEYMxOZ0VRi32"], "artistPop": [61], "genres": ["dancehall", "modern reggae"]}, "3shN7koidanVTTjStHstRc": {"name": "No Home For The Brave", "coverArt": "https://i.scdn.co/image/ab67616d00001e02f478c9684a4880511fcc2fdd", "artist": ["Guapdad 4000"], "artistIds": ["0NcPKaSNIHAM2RfioH9vMT"], "artistPop": [62], "genres": ["cali rap", "oakland hip hop", "scam rap", "trap soul", "underground hip hop", "vapor trap"]}, "4oiQOsADnhn8McN2HaylII": {"name": "throwback thursday", "coverArt": "https://i.scdn.co/image/ab67616d00001e022b5e85149033032bc1af7317", "artist": ["Johan Lenox", "Lil Keed", "Kota the Friend"], "artistIds": ["1KuV6xtFnLPsneN3yBrjFj", "3uJx5SnOM59Li7lCxA3b29", "2AfU5LYBVCiCtuCCfM7uVX"], "artistPop": [43, 63, 66], "genres": ["melodic rap", "rap", "southern hip hop", "trap", "vapor trap", "hip hop", "rap", "underground hip hop"]}, "1eOunIE3nhAH5f0jIZ7eMB": {"name": "vulnerable", "coverArt": "https://i.scdn.co/image/ab67616d00001e0287060ab5ce9f2891ed63a376", "artist": ["dhruv"], "artistIds": ["70NcAr4ZtA3FAqU16iQZSb"], "artistPop": [73], "genres": ["chill r&b", "nyc pop"]}, "7oEll6CiWAejF2oFXH4j9e": {"name": "Wait For Me (feat. Goody Grace & Tory Lanez)", "coverArt": "https://i.scdn.co/image/ab67616d00001e025e11df8ac64647c7624144b3", "artist": ["Takis", "Goody Grace", "Tory Lanez"], "artistIds": ["2UP3E5PuFYs6mRpeuXJUq4", "1iH2Yx2Ea0kZ0zKI3Nlk30", "2jku7tDXc6XoB6MO2hFuqg"], "artistPop": [45, 61, 81], "genres": ["pop rap", "sad rap", "canadian hip hop", "canadian trap", "hip hop", "melodic rap", "pop rap", "r&b", "rap", "toronto rap", "trap"]}, "1GNSWpe2SB30zYGbNTD96b": {"name": "No Bailes Sola", "coverArt": "https://i.scdn.co/image/ab67616d00001e02f382e58f42d0f2cd169ee822", "artist": ["Danna Paola", "Sebastian Yatra"], "artistIds": ["5xSx2FM8mQnrfgM1QsHniB", "07YUOmWljBTXwIseAUd9TW"], "artistPop": [78, 84], "genres": ["latin", "latin pop", "latin viral pop", "mexican pop", "pop", "colombian pop", "latin", "reggaeton", "reggaeton colombiano"]}, "1IIYdSbCR6ZyYrgnqTx4y4": {"name": "Forgive Myself", "coverArt": "https://i.scdn.co/image/ab67616d00001e02ec610c8e450895a4d567f565", "artist": ["Shaylen"], "artistIds": ["5wqQVApxKeHbMsfLJTfWMJ"], "artistPop": [46], "genres": ["alt z", "la pop", "social media pop"]}, "2aNLQlgiR8Va8dwrdbG4oK": {"name": "Too Bad", "coverArt": "https://i.scdn.co/image/ab67616d00001e02ad1ca55d4d8405afc9c0c129", "artist": ["Ty Bri"], "artistIds": ["2pWGn3adBut6kiEwfNzHO1"], "artistPop": [25], "genres": ["trap queen"]}, "6NajOG7IiN1p2KSVoJB3Zv": {"name": "Bands In Da Basement (with Chief Keef)", "coverArt": "https://i.scdn.co/image/ab67616d00001e0293084e4f6aeb25dcd530210d", "artist": ["03 Greedo", "Chief Keef", "RONRONTHEPRODUCER"], "artistIds": ["0FtsMKmZEq8fBWqdSOWtqp", "15iVAtD3s3FsQR4w1v6M0P", "13iHfCJycQVyCypXHeVMoU"], "artistPop": [63, 74, 34], "genres": ["cali rap", "melodic rap", "trap", "underground hip hop", "vapor trap", "chicago bop", "chicago drill", "chicago rap", "drill", "hip hop", "pop rap", "rap", "southern hip hop", "trap", "underground hip hop"]}, "4ckim4qK45FNc1tTv3YOtc": {"name": "TRICK DADDY", "coverArt": "https://i.scdn.co/image/ab67616d00001e02ecc9ad11f8edd72f21953a90", "artist": ["ICECOLDBISHOP", "Kenny Beats"], "artistIds": ["04zbRSHjzlQYvV31SW7qZ4", "1rHOtdmGNr5vcYNw5v7QGC"], "artistPop": [41, 66], "genres": ["indie hip hop", "trap", "underground hip hop"]}, "44ZbosO8mS7ZLzSG2qWDnk": {"name": "Duse N Juice", "coverArt": "https://i.scdn.co/image/ab67616d00001e027d1c0f033d28f2d84270405e", "artist": ["TyFontaine", "Lil Keed"], "artistIds": ["3U1jsFYwwJHv7VB4Frf3F4", "3uJx5SnOM59Li7lCxA3b29"], "artistPop": [47, 63], "genres": ["vapor trap", "melodic rap", "rap", "southern hip hop", "trap", "vapor trap"]}, "6T59LIHAK5fsTwaKwH2DNi": {"name": "Ag\u00fcita", "coverArt": "https://i.scdn.co/image/ab67616d00001e025d6867bd216f72b36771ade8", "artist": ["Gabriel Garz\u00f3n-Montano"], "artistIds": ["1R4GxRuSVTPSb6oy56SPST"], "artistPop": [45], "genres": ["alternative r&b", "indie jazz", "indie soul"]}, "2Z8wB3POP4ldey7Cu3txkI": {"name": "That Good", "coverArt": "https://i.scdn.co/image/ab67616d00001e02973f9982a0e5151e346eb057", "artist": ["Sarah Berk"], "artistIds": ["6pHCCLIv4qkuePhzpATSpR"], "artistPop": [1], "genres": []}, "1wG6fee7pcvakBoL0n0YiZ": {"name": "Hand Me Down", "coverArt": "https://i.scdn.co/image/ab67616d00001e021a652a963ac25f017b64410b", "artist": ["MyKey"], "artistIds": ["191tnItkCke3YcHpUxDOD9"], "artistPop": [53], "genres": ["bedroom pop", "indie pop"]}, "5srKMwXoeyrRnyTnNbpgIW": {"name": "People I Don't Like", "coverArt": "https://i.scdn.co/image/ab67616d00001e02de3975b105bc6d216359ffe6", "artist": ["UPSAHL"], "artistIds": ["1294QqYm1VuxxjRiL9M0h9"], "artistPop": [67], "genres": ["alt z", "electropop", "indie pop", "indie poptimism", "modern indie pop", "modern rock", "pop", "social media pop"]}, "70GPQX67w54kz33PcsXIuk": {"name": "The Kingdom", "coverArt": "https://i.scdn.co/image/ab67616d00001e02000dc224c449d83b0679f6a2", "artist": ["Bush"], "artistIds": ["78SHxLdtysAXgywQ4vE0Oa"], "artistPop": [63], "genres": ["alternative metal", "alternative rock", "grunge", "modern rock", "nu metal", "pop rock", "post-grunge", "rock"]}, "0Ky4U5952pryWGyCgAnl6b": {"name": "Elaborate Attractions", "coverArt": "https://i.scdn.co/image/ab67616d00001e029c5b1ddc29929e561221974a", "artist": ["more*"], "artistIds": ["1PNlt30lRnQITXc9vMnv7i"], "artistPop": [19], "genres": []}, "0ydRX7h7wHZqiYnu4FEfT1": {"name": "Reckless", "coverArt": "https://i.scdn.co/image/ab67616d00001e02c92c5fc1d7401b8e06581578", "artist": ["COTIS"], "artistIds": ["63CZNEytugjFnZBdjBmWc8"], "artistPop": [48], "genres": ["canadian contemporary r&b", "trap soul"]}, "5CizqQtH07127WhWt8VsIF": {"name": "Sleep and Friends", "coverArt": "https://i.scdn.co/image/ab67616d00001e02364f97922555dfc00f0b452f", "artist": ["david hugo"], "artistIds": ["0IErJSgNHRD1DAH0X7yHvn"], "artistPop": [50], "genres": ["alt z", "modern indie pop"]}, "6V0U7iSzbFirmM3O7cDo3V": {"name": "Everything's Wrong", "coverArt": "https://i.scdn.co/image/ab67616d00001e02addb5529c455cbc560a77a06", "artist": ["Chaz Cardigan"], "artistIds": ["7DJUlhy4pX4sxaDfQcH0Ms"], "artistPop": [40], "genres": []}, "3mypbA7EVmhlhHDZy9THNm": {"name": "Mariposa", "coverArt": "https://i.scdn.co/image/ab67616d00001e028053d02034e09d4c513ee852", "artist": ["Radiant Children"], "artistIds": ["2e0Bkreg0zzfE5umvfKQXf"], "artistPop": [43], "genres": ["alternative r&b", "indie r&b", "indie soul", "uk contemporary r&b"]}, "1pR2t8MrNUm8rHz7ghuJAG": {"name": "STACKHOUSE", "coverArt": "https://i.scdn.co/image/ab67616d00001e023cb508e65138f11248ed876f", "artist": ["Melvoni"], "artistIds": ["01Kz5ab1oYMaey58CaGTxA"], "artistPop": [48], "genres": ["nyc rap"]}, "11b39rF8WVddnL1iKN4dbV": {"name": "Olvidando", "coverArt": "https://i.scdn.co/image/ab67616d00001e02680de7a8cc26cc76b6195211", "artist": ["Brytiago", "Darell"], "artistIds": ["00XhexlJEXQstHimpZN910", "1TtXnWcUs0FCkaZDPGYHdf"], "artistPop": [76, 80], "genres": ["latin", "latin hip hop", "reggaeton", "reggaeton flow", "trap latino", "latin", "latin hip hop", "reggaeton", "reggaeton flow", "trap latino"]}}