{"73SpzrcaHk0RQPFP73vqVR": {"name": "No Time To Die", "coverArt": "https://i.scdn.co/image/ab67616d00001e02f7b7174bef6f3fbfda3a0bb7", "artist": ["Billie Eilish"], "artistIds": ["6qqNVTkY8uBg9cP3Jd7DAH"], "artistPop": [92], "genres": ["electropop", "pop"]}, "2ZlCGeK30BLRNSPC832pNZ": {"name": "Forever (feat. Post Malone & Clever)", "coverArt": "https://i.scdn.co/image/ab67616d00001e027fe4a82a08c4f0decbeddbc6", "artist": ["Justin Bieber", "Post Malone", "Clever"], "artistIds": ["1uNFoZAHBGtllmzznpCI3s", "246dkjvS1zLTtiykXe5h60", "5yy76ufVriyvidNSvXlRU1"], "artistPop": [95, 89, 64], "genres": ["canadian pop", "pop", "post-teen pop", "dfw rap", "melodic rap", "rap", "alabama rap"]}, "2ZTYlnhhV1UAReg7wIGolx": {"name": "To Die For", "coverArt": "https://i.scdn.co/image/ab67616d00001e02f1819f8c6386cd5b4a215020", "artist": ["Sam Smith"], "artistIds": ["2wY79sveU1sp5g7SokKOiI"], "artistPop": [85], "genres": ["dance pop", "pop", "post-teen pop", "uk pop"]}, "733c1CWmIGymoQXdp7Us88": {"name": "Numbers (feat. Roddy Ricch, Gunna and London On Da Track)", "coverArt": "https://i.scdn.co/image/ab67616d00001e021072a34d8c8d75e9b2545d8a", "artist": ["A Boogie Wit da Hoodie", "London On Da Track", "Roddy Ricch", "Gunna"], "artistIds": ["31W5EY0aAly4Qieq6OFu6I", "5Nf5yishRW9Ye174sJISkg", "757aE44tKEUQEqRuT6GnEB", "2hlmm7s2ICUX0LVIhVFlZQ"], "artistPop": [83, 59, 83, 87], "genres": ["melodic rap", "pop rap", "rap", "trap", "atl hip hop", "melodic rap", "rap", "trap", "atl hip hop", "hip hop", "melodic rap", "rap", "trap"]}, "6ZelF5APDN5r6XnFqcnvWR": {"name": "Give No Fxk", "coverArt": "https://i.scdn.co/image/ab67616d00001e02d5597995a478c7d3f490b34f", "artist": ["Migos", "Travis Scott", "Young Thug"], "artistIds": ["6oMuImdp5ZcFhWP0ESe6mG", "0Y5tJX1MQlPlqiwlOH1tJY", "50co4Is1HCEo8bhOyUWKpn"], "artistPop": [82, 91, 88], "genres": ["atl hip hop", "pop rap", "rap", "trap", "rap", "slap house", "atl hip hop", "atl trap", "gangster rap", "hip hop", "melodic rap", "pop rap", "rap", "trap"]}, "3LbZIhU0smEU5SUnxod4j4": {"name": "Breathe Deeper", "coverArt": "https://i.scdn.co/image/ab67616d00001e0258267bd34420a00d5cf83a49", "artist": ["Tame Impala"], "artistIds": ["5INjqkS1o8h1imAzPqGZBb"], "artistPop": [79], "genres": ["australian psych", "neo-psychedelic"]}, "2U12JbtnFSYa5Av5wEcEDX": {"name": "Oh My God", "coverArt": "https://i.scdn.co/image/ab67616d00001e0284e27f954eba97249e1a4698", "artist": ["Alec Benjamin"], "artistIds": ["5IH6FPUwQTxPSXurCrcIov"], "artistPop": [78], "genres": ["alt z", "dream smp", "electropop", "pop"]}, "1PnAx788sAvcI3ZxTlEyX8": {"name": "Second Emotion (feat. Travis Scott)", "coverArt": "https://i.scdn.co/image/ab67616d00001e027fe4a82a08c4f0decbeddbc6", "artist": ["Justin Bieber", "Travis Scott"], "artistIds": ["1uNFoZAHBGtllmzznpCI3s", "0Y5tJX1MQlPlqiwlOH1tJY"], "artistPop": [95, 91], "genres": ["canadian pop", "pop", "post-teen pop", "rap", "slap house"]}, "5SON8GFVi5chitOTgM8QIe": {"name": "Konclusions", "coverArt": "https://i.scdn.co/image/ab67616d00001e0279d1fe52df93fe69a6a9624b", "artist": ["YG", "Kehlani"], "artistIds": ["0A0FS04o6zMoto8OKPsDwY", "0cGUm45nv7Z6M6qdXYQGTX"], "artistPop": [78, 79], "genres": ["cali rap", "gangster rap", "hip hop", "pop rap", "rap", "southern hip hop", "trap", "dance pop", "pop", "pop rap", "post-teen pop", "r&b"]}, "3wYRLYuO1M88d8woWUIxct": {"name": "Ignorantes", "coverArt": "https://i.scdn.co/image/ab67616d00001e02427b8b4d04aef8ed09293b87", "artist": ["Bad Bunny", "Sech"], "artistIds": ["4q3ewBCX7sLwd24euuV69X", "77ziqFxp5gaInVrF2lj4ht"], "artistPop": [96, 88], "genres": ["latin", "reggaeton", "trap latino", "latin", "panamanian pop", "reggaeton", "trap latino"]}, "4PV0uE5pZSh44E3NqNNDEH": {"name": "Selfish", "coverArt": "https://i.scdn.co/image/ab67616d00001e02603d62ea5d5919e8920ba450", "artist": ["Madison Beer"], "artistIds": ["2kRfqPViCqYdSGhYSM9R0Q"], "artistPop": [78], "genres": ["alt z", "dance pop", "electropop", "pop", "post-teen pop"]}, "7eJMfftS33KTjuF7lTsMCx": {"name": "death bed (coffee for your head)", "coverArt": "https://i.scdn.co/image/ab67616d00001e02bf01fd0986a195d485922167", "artist": ["Powfu", "beabadoobee"], "artistIds": ["6bmlMHgSheBauioMgKv2tn", "35l9BRT7MXmM8bv2WDQiyB"], "artistPop": [76, 73], "genres": ["sad rap", "bedroom pop", "bubblegrunge", "indie pop"]}, "4AhAT2GxKdNYWc5bmdoAES": {"name": "Copy Cat (feat. Tierra Whack)", "coverArt": "https://i.scdn.co/image/ab67616d00001e02ec73b51168d3a04d203a41d1", "artist": ["Tierra Whack", "Melanie Martinez"], "artistIds": ["4lPl9gqgox3JDiaJ1yklKh", "63yrD80RY3RNEM2YDpUpO8"], "artistPop": [62, 79], "genres": ["alternative r&b", "escape room", "indie soul", "alt z", "electropop", "pop"]}, "4l2rsMfr20dj6nf6i6F3Y8": {"name": "Might Not Give Up (feat. Young Thug)", "coverArt": "https://i.scdn.co/image/ab67616d00001e021072a34d8c8d75e9b2545d8a", "artist": ["A Boogie Wit da Hoodie", "Young Thug"], "artistIds": ["31W5EY0aAly4Qieq6OFu6I", "50co4Is1HCEo8bhOyUWKpn"], "artistPop": [83, 88], "genres": ["melodic rap", "pop rap", "rap", "trap", "atl hip hop", "atl trap", "gangster rap", "hip hop", "melodic rap", "pop rap", "rap", "trap"]}, "00SiZEELZ0K4gkUl0rU529": {"name": "Bandsville", "coverArt": "https://i.scdn.co/image/ab67616d00001e0215f04c6e3d7c57a5a4348bca", "artist": ["Yung Gravy", "bbno$"], "artistIds": ["2YOYua8FpudSEiB9s88IgQ", "41X1TR6hrK8Q2ZCpp2EqCz"], "artistPop": [71, 77], "genres": ["meme rap", "minnesota hip hop", "pop rap", "social media pop", "canadian hip hop", "dark trap", "pop rap", "vapor trap"]}, "7dz48pntblPzJ9mTPiUH81": {"name": "At The Door", "coverArt": "https://i.scdn.co/image/ab67616d00001e027383b6e3b68f30eb21814fc7", "artist": ["The Strokes"], "artistIds": ["0epOFNiUfyON9EYx7Tpr6V"], "artistPop": [77], "genres": ["alternative rock", "garage rock", "modern rock", "permanent wave", "rock"]}, "5B1qeFOEeUCMudPEVeasHp": {"name": "Delete Forever", "coverArt": "https://i.scdn.co/image/ab67616d00001e028ba1a93bd50f98d5f4c48a35", "artist": ["Grimes"], "artistIds": ["053q0ukIDRgzwTr4vNSwab"], "artistPop": [68], "genres": ["art pop", "canadian electropop", "chillwave", "dance pop", "electropop", "escape room", "grave wave", "hyperpop", "indietronica", "metropopolis", "pop"]}, "5DmNUZcVPIWeIlTJaRQSg5": {"name": "Bruiseboy", "coverArt": "https://i.scdn.co/image/ab67616d00001e02996cf0c27bd656f764a9088a", "artist": ["Jean Dawson"], "artistIds": ["7vNNmjV14SKQzlQAEg0BXP"], "artistPop": [50], "genres": ["modern indie pop"]}, "4KNlASXNNrYYmNZj4KG8qX": {"name": "Reminds Me", "coverArt": "https://i.scdn.co/image/ab67616d00001e0218866a60ad73638e0f9441f5", "artist": ["Kim Petras"], "artistIds": ["3Xt3RrJMFv5SZkCfUE8C1J"], "artistPop": [68], "genres": ["alt z", "art pop", "dance pop", "electropop", "escape room", "indie poptimism", "pop", "post-teen pop", "transpop"]}, "2IL2OsHC29dlszciTnOw3m": {"name": "Born To Love (feat. SHELLS)", "coverArt": "https://i.scdn.co/image/ab67616d00001e02a46388cdcffedfdec6c3226d", "artist": ["MEDUZA", "SHELLS"], "artistIds": ["0xRXCcSX89eobfrshSVdyu", "1ZwuShKjJItDJez0aDCsxN"], "artistPop": [78, 50], "genres": ["dance pop", "edm", "pop dance", "pop house", "tropical house", "uk pop"]}, "21Oh0PHE9KQPXPUvXk7sY9": {"name": "100 Preguntas", "coverArt": "https://i.scdn.co/image/ab67616d00001e02ce99f24b2a9fba25ec7403c6", "artist": ["Ozuna"], "artistIds": ["1i8SpTcr7yvPOmcqrbnVXY"], "artistPop": [88], "genres": ["latin", "puerto rican pop", "reggaeton", "trap latino"]}, "74fV8TuLZKVzSIOOGu8wwI": {"name": "Go Stupid (feat. NLE Choppa & Mike WiLL Made-It)", "coverArt": "https://i.scdn.co/image/ab67616d00001e02d1a19d547655f7484e39ebf0", "artist": ["Polo G", "Stunna 4 Vegas", "NLE Choppa", "Mike WiLL Made-It"], "artistIds": ["6AgTAQt8XS6jRWi4sX7w49", "44IvvHRk2XF243QLA2VOa8", "0ErzCpIMyLcjPiwT4elrtZ", "0NWbwDZY1VkRqFafuQm6wk"], "artistPop": [88, 64, 77, 68], "genres": ["chicago rap", "southern hip hop", "trap", "viral rap", "memphis hip hop", "atl hip hop", "hip hop", "pop rap", "rap", "southern hip hop", "trap", "underground hip hop"]}, "3a0Wh4w8gkib4KRfWGfG0P": {"name": "Knocked Off", "coverArt": "https://i.scdn.co/image/ab67616d00001e024b4f06061c4f5c82f33c2b25", "artist": ["YoungBoy Never Broke Again"], "artistIds": ["7wlFDEWiM5OoIAt8RSli8b"], "artistPop": [83], "genres": ["baton rouge rap", "trap"]}, "6nxOW44RKSH3OBw6ZP8yuZ": {"name": "YOU CAN'T HOLD MY HEART", "coverArt": "https://i.scdn.co/image/ab67616d00001e02ffe04004d1e5636faa06763a", "artist": ["Monsta X"], "artistIds": ["4TnGh5PKbSjpYqpIdlW5nz"], "artistPop": [69], "genres": ["k-pop", "k-pop boy group"]}, "2o2R6ghiVJfAqEXnlmOihz": {"name": "Honeymoon Fades", "coverArt": "https://i.scdn.co/image/ab67616d00001e02fbfc8e29755f8dbbf00bb1f8", "artist": ["Sabrina Carpenter"], "artistIds": ["74KM79TiuVKeVCqs8QtB0B"], "artistPop": [74], "genres": ["alt z", "dance pop", "electropop", "pop", "post-teen pop", "viral pop"]}, "5xROgo35i9a9IbQgN56Clz": {"name": "Golf On TV feat. JP Saxe", "coverArt": "https://i.scdn.co/image/ab67616d00001e0252ceda0f27ae7d108a83d5a3", "artist": ["Lennon Stella", "JP Saxe"], "artistIds": ["1cZQSpDsxgKIX2yW5OR9Ot", "66W9LaWS0DPdL7Sz8iYGYe"], "artistPop": [70, 72], "genres": ["alt z", "canadian pop", "dance pop", "electropop", "indie cafe pop", "pop", "post-teen pop", "social media pop", "alt z", "canadian contemporary r&b", "indie cafe pop", "pop", "pop rock", "post-teen pop"]}, "0ScX6hF4ctchtXcgLj6aao": {"name": "Forget", "coverArt": "https://i.scdn.co/image/ab67616d00001e02f591b5a7f53c1fcd2c6b87bf", "artist": ["Shallou"], "artistIds": ["7C3Cbtr2PkH2l4tOGhtCsk"], "artistPop": [64], "genres": ["electropop", "indie poptimism", "new french touch", "tropical house", "vapor soul"]}, "4S6PolgPZ5OLph314ww8Fg": {"name": "Eugene", "coverArt": "https://i.scdn.co/image/ab67616d00001e025fcd8793a97f15b365235441", "artist": ["Arlo Parks"], "artistIds": ["4kIwETcbpuFgRukE8o7Opx"], "artistPop": [64], "genres": ["indie soul", "uk contemporary r&b"]}, "1nyXYgcOxmCPzMay9q5StX": {"name": "Ohio", "coverArt": "https://i.scdn.co/image/ab67616d00001e024c027d8802ff5934ec892b29", "artist": ["King Princess"], "artistIds": ["6beUvFUlKliUYJdLOXNj9C"], "artistPop": [65], "genres": ["alt z", "dance pop", "electropop", "indie pop", "indie poptimism", "nyc pop", "pop", "post-teen pop"]}, "24TigVMgym0xm5pnyH8i2i": {"name": "Born Here Live Here Die Here", "coverArt": "https://i.scdn.co/image/ab67616d00001e020ce06e4659391175aaa76e2c", "artist": ["Luke Bryan"], "artistIds": ["0BvkDsjIUla7X0k6CSWh1I"], "artistPop": [78], "genres": ["contemporary country", "country", "country road"]}, "0PKjvdyNNzkmhtBR4vBsrT": {"name": "ME BECAUSE OF YOU", "coverArt": "https://i.scdn.co/image/ab67616d00001e02c3e39bd1e448713675d0cbc1", "artist": ["HRVY"], "artistIds": ["28y6CyJNkGNjJQKrlx4AmN"], "artistPop": [69], "genres": ["dance pop", "pop", "pop dance", "post-teen pop", "social media pop", "tropical house"]}, "5TRvbTPZHYI1PoHPyKF4CY": {"name": "how to sleep", "coverArt": "https://i.scdn.co/image/ab67616d00001e0224873164c69c38a8fe2d9730", "artist": ["EDEN"], "artistIds": ["1t20wYnTiAT0Bs7H1hv9Wt"], "artistPop": [67], "genres": ["indie poptimism", "modern rock", "pop"]}, "75N0cen8wTAlL5nPFprGoE": {"name": "Because Of You", "coverArt": "https://i.scdn.co/image/ab67616d00001e0202dac3078ee72e526cef3c3a", "artist": ["Kodak Black"], "artistIds": ["46SHBwWsqBkxI7EeeBEQG7"], "artistPop": [81], "genres": ["florida rap", "hip hop", "melodic rap", "miami hip hop", "rap", "southern hip hop", "trap"]}, "1dnsojUNfvhiztcITLzruj": {"name": "Wolves (with NAV)", "coverArt": "https://i.scdn.co/image/ab67616d00001e02cd90e898c070ef21812ab363", "artist": ["Pop Smoke", "NAV"], "artistIds": ["0eDvMgVFoNV3TpwtrVCoTj", "7rkW85dBwwrJtlHRDkJDAC"], "artistPop": [89, 79], "genres": ["brooklyn drill", "canadian hip hop", "canadian trap", "hip hop", "melodic rap", "pop rap", "rap", "toronto rap", "trap"]}, "5NAheKWXXFvj86udnCMiYD": {"name": "Barbarian (feat. Lil Tjay)", "coverArt": "https://i.scdn.co/image/ab67616d00001e02a50bd1bc7cf0694edad6f0ea", "artist": ["Calboy", "Lil Tjay"], "artistIds": ["0HkcYmcjrBR3SCw9Ld5VZk", "6jGMq4yGs7aQzuGsMgVgZR"], "artistPop": [63, 84], "genres": ["chicago rap", "melodic rap", "rap", "trap", "vapor trap", "brooklyn drill", "melodic rap", "nyc rap"]}, "3GAd2MJKTUB6AyPg7fRBHn": {"name": "back to life", "coverArt": "https://i.scdn.co/image/ab67616d00001e0293df27eb9e7c4f4b22462ec0", "artist": ["lilspirit"], "artistIds": ["3VWII9MTZSfIdOXr1DafzL"], "artistPop": [45], "genres": ["chill r&b"]}, "48EgjNzxFSFJzeUzd59RJc": {"name": "Mars or Maui", "coverArt": "https://i.scdn.co/image/ab67616d00001e0227dac40e794f9be1d532bc50", "artist": ["Dounia"], "artistIds": ["4fJsnm9CeDAPrwO4MAEToj"], "artistPop": [47], "genres": ["alt z", "alternative r&b", "electropop", "escape room"]}, "0MskASIXSqjZQ1vGk2cmvO": {"name": "Heaven", "coverArt": "https://i.scdn.co/image/ab67616d00001e02608369c97f09c94695bc7c5f", "artist": ["Sj", "Katelyn Tarver"], "artistIds": ["3kBTda7vNOOAA2Tu5uD13Y", "6i8Tae6takoQos2JZ4vdRn"], "artistPop": [43, 53], "genres": ["pop edm", "alt z", "indie cafe pop", "post-teen pop", "viral pop"]}, "4MBxiq9e0jpWxJikv4kJA4": {"name": "Hold Out", "coverArt": "https://i.scdn.co/image/ab67616d00001e0281067a1791a2481af05d97da", "artist": ["Sam Fender"], "artistIds": ["6zlR5ttMfMNmwf2lecU9Cc"], "artistPop": [67], "genres": ["modern alternative rock", "modern rock", "north east england indie", "rock"]}, "5zrvbvUB7T3d1mi69885VZ": {"name": "Bang!", "coverArt": "https://i.scdn.co/image/ab67616d00001e02b043bb1b8c127ff212aee60a", "artist": ["AJR"], "artistIds": ["6s22t5Y3prQHyaHWUN1R1C"], "artistPop": [76], "genres": ["modern rock", "pop rap"]}, "1KizhCVnkyDoHx3SErDhDB": {"name": "I Hate You So Much", "coverArt": "https://i.scdn.co/image/ab67616d00001e0275b8bffb1057d4bd556c4569", "artist": ["Alexander 23"], "artistIds": ["6sFHvCyqklnJpXC9Nh1aag"], "artistPop": [68], "genres": ["alt z", "indie cafe pop", "pop", "post-teen pop", "social media pop"]}, "62vTY0qYAenRQMvsl4b00G": {"name": "Lie To Me", "coverArt": "https://i.scdn.co/image/ab67616d00001e0297f2263f36240e72b6cc416a", "artist": ["Black Atlass"], "artistIds": ["7AbKOHOvn27dK0FOiboAno"], "artistPop": [54], "genres": ["canadian contemporary r&b", "trap soul"]}, "3rMvNNeC4BumGpIbKPFECJ": {"name": "Ordinary (feat. Pop Smoke)", "coverArt": "https://i.scdn.co/image/ab67616d00001e021bd6df014fcecd078f49d155", "artist": ["PnB Rock", "Pop Smoke"], "artistIds": ["21WS9wngs9AqFckK7yYJPM", "0eDvMgVFoNV3TpwtrVCoTj"], "artistPop": [74, 89], "genres": ["melodic rap", "pop rap", "r&b", "rap", "southern hip hop", "trap", "brooklyn drill"]}, "63OMWrJNE4BM7tR491N9WU": {"name": "In This Bitch", "coverArt": "https://i.scdn.co/image/ab67616d00001e02d5e2f1dea66801377866b656", "artist": ["G Herbo"], "artistIds": ["5QdEbQJ3ylBnc3gsIASAT5"], "artistPop": [74], "genres": ["chicago drill", "chicago rap", "drill", "rap", "southern hip hop", "trap"]}, "5mpCx2nbXtAbnzd342Mwrb": {"name": "I Do", "coverArt": "https://i.scdn.co/image/ab67616d00001e02ea094084af1b528caf8a2208", "artist": ["Aloe Blacc"], "artistIds": ["0id62QV2SZZfvBn9xpmuCl"], "artistPop": [69], "genres": ["pop soul", "r&b"]}, "0Wk3MRrKRn6EPG7B83nKSJ": {"name": "IDIOTA", "coverArt": "https://i.scdn.co/image/ab67616d00001e02ec4bad33ecaef6d167e9e87e", "artist": ["Sof\u00eda Reyes"], "artistIds": ["0haZhu4fFKt0Ag94kZDiz2"], "artistPop": [73], "genres": ["dance pop", "latin", "latin pop", "mexican pop", "pop"]}, "1rbjic9uKr1p6nxnjLDHN6": {"name": "Do You Love Me", "coverArt": "https://i.scdn.co/image/ab67616d00001e02ee07f5d93ce85ea2013fc959", "artist": ["Stephanie Poetri"], "artistIds": ["0HS00NN7MAfF59aJnfcxSO"], "artistPop": [59], "genres": ["indonesian pop"]}, "3nwRFkMifqUDEitugRfRiF": {"name": "Cold Feet", "coverArt": "https://i.scdn.co/image/ab67616d00001e0249d9948f20534484cbf14ea7", "artist": ["Loud Luxury"], "artistIds": ["6t1gpxYbY8OlLA7D2RiikQ"], "artistPop": [72], "genres": ["dance pop", "edm", "electro house", "pop", "pop dance", "tropical house"]}, "0hgMdo7KaYJwGGmigSrF4b": {"name": "Reasons", "coverArt": "https://i.scdn.co/image/ab67616d00001e020e49ca322a18f37d63a5b6d7", "artist": ["Fetty Wap"], "artistIds": ["6PXS4YHDkKvl1wkIl4V8DL"], "artistPop": [73], "genres": ["new jersey rap", "pop rap", "rap", "southern hip hop", "trap"]}, "47QUDFbtFdDPSKQrRfsqAB": {"name": "XOXO", "coverArt": "https://i.scdn.co/image/ab67616d00001e025f91e306ae309b5a08ce99b6", "artist": ["JUMEX", "Lil Xan"], "artistIds": ["4WSweIJDD3aAMDeHA5MK0j", "3EXdLajEO02ziZ90P90bSW"], "artistPop": [43, 63], "genres": ["emo rap", "emo rap", "underground hip hop", "vapor trap"]}, "67G5yEiuuhVAFdgBk5SJ1P": {"name": "D&D feat. Fivio Foreign & Smoove'L", "coverArt": "https://i.scdn.co/image/ab67616d00001e0269b463c99173dee8cfb80ece", "artist": ["Casanova", "Fivio Foreign", "Smoove'L"], "artistIds": ["6dXsR7VDJvXnF1LTZlwULx", "14CHVeJGrR5xgUGQFV5BVM", "6FheakPfcCNN0NeROtOKeQ"], "artistPop": [52, 75, 50], "genres": ["brooklyn drill", "nyc rap", "brooklyn drill", "new york drill", "rap", "trap", "brooklyn drill", "new york drill"]}, "0x8xbM5MEduFnFKlRqEmX0": {"name": "Spend Sum Cash", "coverArt": "https://i.scdn.co/image/ab67616d00001e0267cc5e37a918ae17cfe1bef2", "artist": ["LightSkinKeisha"], "artistIds": ["6LIcR4928YAJqYcYD1P2mM"], "artistPop": [47], "genres": ["pop r&b", "trap queen"]}, "4PAaJhFkM25JSSkFcqjyxC": {"name": "Picture Perfect", "coverArt": "https://i.scdn.co/image/ab67616d00001e02a0ce5359f32d2e94b94a77c7", "artist": ["UMI"], "artistIds": ["4ClziihVpBeFXNyDH83Lde"], "artistPop": [64], "genres": ["alternative r&b", "bedroom soul", "chill r&b", "indie r&b", "pop", "r&b"]}, "7l94AyvXRwnQgKccUU3PRN": {"name": "April", "coverArt": "https://i.scdn.co/image/ab67616d00001e02d6fd719531afda5f9cc0e248", "artist": ["Beach Bunny"], "artistIds": ["2vnB6tuQMaQpORiRdvXF9H"], "artistPop": [72], "genres": ["bubblegrunge", "chicago indie", "indie pop", "pop"]}, "6dhn5ZreoskYocA256lMPV": {"name": "Sweet Tooth", "coverArt": "https://i.scdn.co/image/ab67616d00001e02993eca1b2840b9732e8c9560", "artist": ["Cavetown"], "artistIds": ["2hR4h1Cao2ueuI7Cx9c7V8"], "artistPop": [77], "genres": ["bedroom pop", "indie pop"]}, "1sAma2aBDhdkDSKMZKYdeP": {"name": "Valentine", "coverArt": "https://i.scdn.co/image/ab67616d00001e0255211cdac78ac4ffd9836f74", "artist": ["COIN"], "artistIds": ["0ZxZlO7oWCSYMXhehpyMvE"], "artistPop": [67], "genres": ["indie pop", "indie poptimism", "modern alternative rock", "modern rock", "pop", "pop rock"]}, "1D7cfiC5mxqHfTCcOiRBej": {"name": "Love You Like I Used To", "coverArt": "https://i.scdn.co/image/ab67616d00001e020610a7b20b59754022db05ec", "artist": ["Russell Dickerson"], "artistIds": ["1E2AEtxaFaJtH0lO7kgNKw"], "artistPop": [68], "genres": ["contemporary country", "country", "country road", "modern country rock"]}, "2rhnO6nvKeuC8nSReRCXm2": {"name": "Finish Your Sentences", "coverArt": "https://i.scdn.co/image/ab67616d00001e026d66467f90a58d06c5bf70e1", "artist": ["Carly Pearce", "Michael Ray"], "artistIds": ["4sIl4BTo9l9KqEi0Y3RE72", "6ghiFYcwn2Vzl6K50U0UPz"], "artistPop": [65, 60], "genres": ["contemporary country", "country", "country pop", "contemporary country", "country", "country pop", "country road", "modern country rock"]}, "6QtBvQVb03I6ex0fXMf9ga": {"name": "Raleigh", "coverArt": "https://i.scdn.co/image/ab67616d00001e0292face0a093e1cf73d672fff", "artist": ["Beulahbelle"], "artistIds": ["4bsYLs7O0Y3YdCIq2xfPQS"], "artistPop": [28], "genres": []}, "25ZrXLeXnIxH1rXdWHCIJg": {"name": "Why Oh Why", "coverArt": "https://i.scdn.co/image/ab67616d00001e02ecfbf740cbb7193699330f3b", "artist": ["New Hope Club"], "artistIds": ["2WuKU0SYZOQyY3MmE4vtez"], "artistPop": [64], "genres": ["boy band", "pop"]}, "3GHVwyXywVrxAJuqTGxUUM": {"name": "Who You Loving? (feat. G-Eazy & Rahky)", "coverArt": "https://i.scdn.co/image/ab67616d00001e0221e2c8ae20152f894215f977", "artist": ["DreamDoll", "G-Eazy", "Rahky"], "artistIds": ["1nsdnHv49z0H5oPj3sJ3to", "02kJSzxNuaWGqwubyUba0Z", "5oUvJ4GGen3ikQjzgPuGal"], "artistPop": [52, 81, 38], "genres": ["hip pop", "pop r&b", "trap queen", "hip hop", "indie pop rap", "oakland hip hop", "pop rap", "rap"]}, "45RdkQ34Kzn9GY1InYjIsA": {"name": "Y.O.U.", "coverArt": "https://i.scdn.co/image/ab67616d00001e0251250ded943ef85ca6449fd0", "artist": ["Luh Kel"], "artistIds": ["24CgJHK6T7C5OmUbiLLMjJ"], "artistPop": [65], "genres": ["pop r&b", "st louis rap"]}, "75nCGDsQW8BQsCXQrhFmoK": {"name": "My Attitude", "coverArt": "https://i.scdn.co/image/ab67616d00001e02caa7fe6557213aa27702f6f2", "artist": ["Flo Milli"], "artistIds": ["08PvCOlef4xdOr20jFSTPd"], "artistPop": [69], "genres": ["dance pop", "pop", "pop rap", "r&b", "social media pop", "viral rap"]}, "7na7Bk98usp84FaOJFPv3d": {"name": "Tattoo", "coverArt": "https://i.scdn.co/image/ab67616d00001e023a0be655a8c95ba6163d2a47", "artist": ["Rauw Alejandro"], "artistIds": ["1mcTU81TzQhprhouKaTkpq"], "artistPop": [92], "genres": ["puerto rican pop", "trap latino"]}, "71saxBjWmK5f6PGyreoLjx": {"name": "Forever and a Day", "coverArt": "https://i.scdn.co/image/ab67616d00001e02bcb4a5aec10cdfa1a7cbded3", "artist": ["DRAMA"], "artistIds": ["7LvvNoUPwTZpgXDWBRrfHg"], "artistPop": [63], "genres": ["alternative r&b", "indie soul", "vapor soul"]}, "2AUZQajCw7Yvx68m34ip4L": {"name": "Drive", "coverArt": "https://i.scdn.co/image/ab67616d00001e0253fa3f166a0ea5d7b0de4049", "artist": ["Ryann"], "artistIds": ["5EJHdetWppJ5mcyyU2HN52"], "artistPop": [34], "genres": ["modern indie pop"]}, "3u7wsrz99sBEk5kLKOuhcm": {"name": "Helpless", "coverArt": "https://i.scdn.co/image/ab67616d00001e02127ffbcf69bc1e887427a77b", "artist": ["Cameron Dallas"], "artistIds": ["5s3rUylqooMyGsFE0rOFJT"], "artistPop": [41], "genres": ["teen pop"]}, "5MXmSSUJUOBubD7agTFlka": {"name": "Number 1 (feat. Landon Cube)", "coverArt": "https://i.scdn.co/image/ab67616d00001e023e7fb63ea045cb5d4cf8e809", "artist": ["Yung Pinch", "Landon Cube"], "artistIds": ["61qMnYXa1GxSBoV3IiYKjZ", "04ei5kNgmDuNAydFhhIHnD"], "artistPop": [62, 64], "genres": ["emo rap", "melodic rap", "oc rap", "pop rap", "rap", "sad rap", "trap", "underground hip hop", "vapor trap", "emo rap", "sad rap", "underground hip hop", "vapor trap"]}, "3mMvrW2odnDf0IOSFW21X1": {"name": "Pink (Freak)", "coverArt": "https://i.scdn.co/image/ab67616d00001e020dbd763778a0fd9dfb4b532e", "artist": ["Elliot Lee"], "artistIds": ["6PZUrbjktV3P6m9RSuqzX5"], "artistPop": [42], "genres": ["alt z", "nyc pop"]}, "0iZY4DZpLwEFnbyH9qyGBb": {"name": "Being Human", "coverArt": "https://i.scdn.co/image/ab67616d00001e022fc60a7718bae82cf6a9126f", "artist": ["Chaz Cardigan"], "artistIds": ["7DJUlhy4pX4sxaDfQcH0Ms"], "artistPop": [40], "genres": []}, "3OAiJ8YdnNr2zus6CwT3y2": {"name": "Who\u2019s Gonna Love Me Now", "coverArt": "https://i.scdn.co/image/ab67616d00001e02bfe8c8d449034816ecb42d24", "artist": ["Cold War Kids"], "artistIds": ["6VDdCwrBM4qQaGxoAyxyJC"], "artistPop": [63], "genres": ["indie pop", "indie rock", "modern alternative rock", "modern blues rock", "modern rock", "piano rock", "pop rock", "rock", "stomp and holler"]}, "5bl2pNsPhMT37RkDUa57Ab": {"name": "Our House (The Mess We Made)", "coverArt": "https://i.scdn.co/image/ab67616d00001e02c900ad2b089a1f47cda3bcba", "artist": ["You Me At Six"], "artistIds": ["1kNQXvepPjaPgUfeDAF2h6"], "artistPop": [62], "genres": ["modern alternative rock", "modern rock", "neon pop punk", "pop emo", "pop punk", "rock"]}, "4T2qYgSrpQe1nSzQo9tZFv": {"name": "All Dogs Go To Heaven", "coverArt": "https://i.scdn.co/image/ab67616d00001e02401a4acbb6573069fedd080a", "artist": ["$uicideboy$"], "artistIds": ["1VPmR4DJC1PlOtd0IADAO0"], "artistPop": [85], "genres": ["dark trap", "new orleans rap", "underground hip hop"]}, "0NdQ2LxyB1S0Z3TyHvNb5B": {"name": "Big Fish", "coverArt": "https://i.scdn.co/image/ab67616d00001e02e7e51fba33034087d2345ef2", "artist": ["Ace Hood"], "artistIds": ["31HjiqargV4NAw4GZqUale"], "artistPop": [65], "genres": ["dirty south rap", "gangster rap", "miami hip hop", "pop rap", "rap", "southern hip hop", "trap"]}, "1nE9uAmcJHp9h3aRJZkVTI": {"name": "VALENTINE", "coverArt": "https://i.scdn.co/image/ab67616d00001e027f9cadf939dc056e6a843958", "artist": ["Raissa"], "artistIds": ["1C9U2fqP6cYCEwb73uv2LS"], "artistPop": [36], "genres": ["modern indie pop"]}, "2GpLgm5YGr8ocNEh1VWczP": {"name": "Electric (feat. Hayley May)", "coverArt": "https://i.scdn.co/image/ab67616d00001e021881a416f0acb4ce03be4119", "artist": ["David Solomon", "Hayley May"], "artistIds": ["3fzRb5i8Wn7ao2KPDxEiTR", "1WcwbtAnG5HWNbPPK84ued"], "artistPop": [50, 57], "genres": []}, "2G6VDwRHhEx0pARmbleYMz": {"name": "Ex Wifi", "coverArt": "https://i.scdn.co/image/ab67616d00001e02ac81d2bfd6bd614b532f8c81", "artist": ["Chloe Angelides", "Bipolar Sunshine"], "artistIds": ["79A4RmgwxYGIDkqQDUHLXK", "0CjWKoS55T7DOt0HJuwF1H"], "artistPop": [46, 65], "genres": ["gauze pop"]}, "3MO9JCG4Vcqpycq81ViwOJ": {"name": "You Touch Me, I Touch You Back", "coverArt": "https://i.scdn.co/image/ab67616d00001e02a507b02e99203d54aaf8d28a", "artist": ["Cailin Russo"], "artistIds": ["2org0PubBAxTvjVvLo9PJ0"], "artistPop": [56], "genres": ["la pop"]}, "3xERNjol68IJkC8HIicJiL": {"name": "Till There's Nothing Left", "coverArt": "https://i.scdn.co/image/ab67616d00001e0271f50feba5054217f6ce40b3", "artist": ["Cam"], "artistIds": ["5WRElKaZsn1tGnrgmJVAeO"], "artistPop": [60], "genres": ["contemporary country", "country", "country pop"]}, "6wrg1vRPOSVFpXh0VgMV70": {"name": "Life of the Party", "coverArt": "https://i.scdn.co/image/ab67616d00001e02d52bc4ecb0de038bd5150c2c", "artist": ["Ingrid Andress"], "artistIds": ["0jPnVIasXzBYjrlpO5irii"], "artistPop": [65], "genres": ["contemporary country", "country pop"]}, "6mLHg0qv2fwy2O1PGkKCe7": {"name": "Be Afraid", "coverArt": "https://i.scdn.co/image/ab67616d00001e02d3450b56b091a7a98f857d2c", "artist": ["Jason Isbell and the 400 Unit"], "artistIds": ["3Lg3FGwBxOGuefqekQzRUf"], "artistPop": [59], "genres": ["alternative country", "deep new americana", "folk", "new americana", "roots rock", "stomp and holler"]}, "45sbqogvDC5RYRyIw84mgY": {"name": "Witching Hour", "coverArt": "https://i.scdn.co/image/ab67616d00001e0216febdc0d3497decf01c4b47", "artist": ["TOPS"], "artistIds": ["2SdK1QDmZIP2hk94rSaLl9"], "artistPop": [50], "genres": ["art pop", "chillwave", "indie pop", "quebec indie", "shiver pop"]}, "6CaB5rTQ62P6r7Cssc9IgJ": {"name": "Matrimony II", "coverArt": "https://i.scdn.co/image/ab67616d00001e025fb78828b598e77ddb6e2f3e", "artist": ["Tennis"], "artistIds": ["1ybAN3utgdoUL1MUCtH4QM"], "artistPop": [56], "genres": ["art pop", "chillwave", "denver indie", "indie pop", "indie rock", "indie surf", "shimmer pop"]}, "6FG3Th7J72vwIfUqVGSQ9z": {"name": "Monday", "coverArt": "https://i.scdn.co/image/ab67616d00001e029b62383f60112414ab169e6c", "artist": ["Kota the Friend"], "artistIds": ["2AfU5LYBVCiCtuCCfM7uVX"], "artistPop": [66], "genres": ["hip hop", "rap", "underground hip hop"]}, "3LwWnLo70dAdSQU4oqz1Nt": {"name": "Drip Jacker", "coverArt": "https://i.scdn.co/image/ab67616d00001e026b4c6117e7082e430335b699", "artist": ["Lil Keed", "Lil Yachty", "Zaytoven", "Lil Gotit"], "artistIds": ["3uJx5SnOM59Li7lCxA3b29", "6icQOAFXDZKsumw3YXyusw", "1mceaxtjWdEmwoDVAlkC41", "4ke9HXbejpYVMhbOjSa4le"], "artistPop": [63, 79, 54, 55], "genres": ["melodic rap", "rap", "southern hip hop", "trap", "vapor trap", "atl hip hop", "hip hop", "melodic rap", "pop rap", "rap", "trap", "viral rap", "atl hip hop", "atl trap", "dirty south rap", "gangster rap", "houston rap", "melodic rap", "rap", "southern hip hop", "trap", "vapor trap", "atl trap", "rap", "southern hip hop", "trap", "vapor trap"]}, "40RLKXFjYALRUQDpSi0CLS": {"name": "Lit AF", "coverArt": "https://i.scdn.co/image/ab67616d00001e02b54cf7ff19b6492df2e5f989", "artist": ["Marlo", "Young Dolph"], "artistIds": ["2qFmZcrhfzbppEdD6wibAy", "3HiuzBlSW7pGDXlSFMhO2g"], "artistPop": [48, 72], "genres": ["atl trap", "gangster rap", "hip hop", "memphis hip hop", "rap", "southern hip hop", "tennessee hip hop", "trap"]}, "2tCVQ8Ez3MSHMnLjmGlrgQ": {"name": "One of Them Days Again", "coverArt": "https://i.scdn.co/image/ab67616d00001e02201c65a65f516ce3502ee63d", "artist": ["Boosie Badazz", "MO3"], "artistIds": ["6z7xFFHxYkE9t8bwIF0Bvg", "44JEJiBvti7NiEhAfzWstv"], "artistPop": [67, 67], "genres": ["baton rouge rap", "dirty south rap", "gangster rap", "hip hop", "rap", "southern hip hop", "trap", "dfw rap", "trap"]}, "6TcZZCK1hWQT3fD1Jh3fK8": {"name": "Shallow Dimes", "coverArt": "https://i.scdn.co/image/ab67616d00001e02f546425a00efab8b76e17eb9", "artist": ["Childish Major"], "artistIds": ["4bMNzAopkqYTwkBLwMKsF1"], "artistPop": [54], "genres": ["alternative r&b", "canadian hip hop", "indie r&b", "trap soul", "underground hip hop"]}, "6LGymG7t5PyHzZBnoHMsby": {"name": "Beauty Queen", "coverArt": "https://i.scdn.co/image/ab67616d00001e029c54de7da2a982c29278ebb4", "artist": ["WENS"], "artistIds": ["0QcblRyHbgYTLOKlP5BE66"], "artistPop": [36], "genres": ["alt z", "indie electropop"]}, "6N0ZXIa4oofIoNxoFlqKs9": {"name": "Help!", "coverArt": "https://i.scdn.co/image/ab67616d00001e02d808c148078be88c1ea59b75", "artist": ["Cast of Zoey\u2019s Extraordinary Playlist"], "artistIds": ["57bUufbyKAiTkj93wvYz8n"], "artistPop": [49], "genres": []}, "6NzQ8rakiTcrzPwdg07GJP": {"name": "Maria", "coverArt": "https://i.scdn.co/image/ab67616d00001e02f5757b61cfa9c5c01ea00771", "artist": ["Christian Paul"], "artistIds": ["1Bfi1Jw2HGVbOEjOdtApOe"], "artistPop": [25], "genres": []}, "0ShhMU4mTH4zvBnjmHuMmi": {"name": "2much", "coverArt": "https://i.scdn.co/image/ab67616d00001e02bb2acb5891574651f0daa793", "artist": ["Spencer."], "artistIds": ["20PdOyVym0ZZrOB1rfcvCR"], "artistPop": [51], "genres": ["alternative r&b", "bedroom pop", "indie r&b"]}, "29tAPBrjFQT3xDJOTPlgxg": {"name": "Cut It Out", "coverArt": "https://i.scdn.co/image/ab67616d00001e02114c40435d2aca1dfed4da86", "artist": ["Tink"], "artistIds": ["4v6XOdonnfpdTKTRJArG7v"], "artistPop": [63], "genres": ["chicago rap", "drill", "pop", "pop r&b", "r&b", "trap queen"]}, "4oZPOhLn4AoWrJKQj2ORjX": {"name": "Love Song", "coverArt": "https://i.scdn.co/image/ab67616d00001e026dc076095356150defd6688e", "artist": ["IV JAY"], "artistIds": ["0S63sOasTLdgPXIycsCsMX"], "artistPop": [48], "genres": []}, "6yjaawIMDdFgmB1psFJGYs": {"name": "Something Different", "coverArt": "https://i.scdn.co/image/ab67616d00001e028ba76bc68731178ba9c6790d", "artist": ["Jalen Santoy"], "artistIds": ["41DGOfz7IFMVvf9wKAzeZS"], "artistPop": [54], "genres": ["north carolina hip hop", "underground hip hop"]}, "7N0my5zogsCbIccggqxkOx": {"name": "Bitch Do It", "coverArt": "https://i.scdn.co/image/ab67616d00001e0209afbe1f99cf897e8feeb58a", "artist": ["Renni Rucci"], "artistIds": ["5RnUS48fC3nHEjbKeb8TPz"], "artistPop": [50], "genres": ["pop r&b", "south carolina hip hop", "trap queen"]}, "5rdhDMfiwWNnrEQpjUVpDu": {"name": "Cold", "coverArt": "https://i.scdn.co/image/ab67616d00001e0262fd23e6d581a882fb5eaae4", "artist": ["Matt Simons"], "artistIds": ["1g0fXhQMHAxlRyIBkCbuE7"], "artistPop": [65], "genres": ["neo-singer-songwriter", "tropical house"]}, "0gXBmSKRVyewEHLCDEybxh": {"name": "You Don't Know Me", "coverArt": "https://i.scdn.co/image/ab67616d00001e022f30ff00ee82002cf8f3c67b", "artist": ["GG Magree"], "artistIds": ["54pgkpWVgQYbQXD8bkUP8n"], "artistPop": [48], "genres": ["dubstep"]}, "3tBOduABygszf71Q5e8Rpk": {"name": "Lies", "coverArt": "https://i.scdn.co/image/ab67616d00001e024084c908ea309fc6e551a45b", "artist": ["Terrace Martin"], "artistIds": ["7MNEVabc4cs19CbzAFZmXz"], "artistPop": [62], "genres": ["alternative r&b", "indie jazz", "indie soul", "neo soul"]}}