{"2ygvZOXrIeVL4xZmAWJT2C": {"name": "my future", "coverArt": "https://i.scdn.co/image/ab67616d00001e02954fe13f7c5f4b2f18d066b8", "artist": ["Billie Eilish"], "artistIds": ["6qqNVTkY8uBg9cP3Jd7DAH"], "artistPop": [92], "genres": ["electropop", "pop"]}, "5esKpsrB3TbGHwFaAjIGMx": {"name": "Move Ya Hips (feat. Nicki Minaj & MadeinTYO)", "coverArt": "https://i.scdn.co/image/ab67616d00001e029c7f5612dc2f284ef5c31764", "artist": ["A$AP Ferg", "Nicki Minaj", "MadeinTYO"], "artistIds": ["5dHt1vcEm9qb8fCyLcB3HL", "0hCNtLu0JehylgoiP8L4Gh", "5SyGEPymt1G2uto47tVWvZ"], "artistPop": [75, 88, 66], "genres": ["hip hop", "pop rap", "rap", "southern hip hop", "trap", "underground hip hop", "dance pop", "hip pop", "pop", "pop rap", "post-teen pop", "queens hip hop", "atl hip hop", "hip hop", "melodic rap", "pop rap", "rap", "southern hip hop", "trap", "underground hip hop", "vapor trap"]}, "1g0k1bFcLKyIrdsdUkF3eW": {"name": "FIND YOUR WAY BACK - MELO-X Remix", "coverArt": "https://i.scdn.co/image/ab67616d00001e0260e232dede80f62f9bfc8eda", "artist": ["Beyonc\u00e9", "Melo-X"], "artistIds": ["6vWDO969PvNqNYHIOW5v0m", "6AxHPycFTjxDROqK1pzsAE"], "artistPop": [84, 40], "genres": ["dance pop", "pop", "post-teen pop", "r&b", "soul flow"]}, "2KoHxhRyWxJzA0VafWd5Nk": {"name": "My Oasis (feat. Burna Boy)", "coverArt": "https://i.scdn.co/image/ab67616d00001e02daaa5a76699780480b232ad9", "artist": ["Sam Smith", "Burna Boy"], "artistIds": ["2wY79sveU1sp5g7SokKOiI", "3wcj11K77LjEY1PkEazffa"], "artistPop": [85, 77], "genres": ["dance pop", "pop", "post-teen pop", "uk pop", "afro dancehall", "dancehall", "nigerian hip hop", "nigerian pop"]}, "0SRPuTnr5QOKRoIxMvvlgK": {"name": "Vampire", "coverArt": "https://i.scdn.co/image/ab67616d00001e02cfc824b65a3b1755d98a7e23", "artist": ["Dominic Fike"], "artistIds": ["6USv9qhCn6zfxlBQIYJ9qs"], "artistPop": [73], "genres": ["alternative pop rock", "pop"]}, "69CQe4ekUZ7txcSfEXYFW9": {"name": "NO DRIBBLE (with Stunna 4 Vegas)", "coverArt": "https://i.scdn.co/image/ab67616d00001e02e9b41d0a652e4697d563b512", "artist": ["DaBaby", "Stunna 4 Vegas"], "artistIds": ["4r63FhuTkUYltbVAg5TQnk", "44IvvHRk2XF243QLA2VOa8"], "artistPop": [89, 64], "genres": ["north carolina hip hop", "rap", "southern hip hop", "trap", "viral rap"]}, "3GZd1aDsgKL71Kt3VIp0hc": {"name": "Narrow Road (feat. Lil Baby)", "coverArt": "https://i.scdn.co/image/ab67616d00001e022fa34f1cf347e25b10183858", "artist": ["NLE Choppa", "Lil Baby"], "artistIds": ["0ErzCpIMyLcjPiwT4elrtZ", "5f7VJjfbwm532GiveGC0ZK"], "artistPop": [77, 91], "genres": ["memphis hip hop", "atl hip hop", "atl trap", "rap", "trap"]}, "4uoR6qeWeuL4Qeu2qJzkuG": {"name": "Haw\u00e1i", "coverArt": "https://i.scdn.co/image/ab67616d00001e024805528033046475b63f0fd5", "artist": ["Maluma"], "artistIds": ["1r4hJ1h58CWwUQe3MxPuau"], "artistPop": [88], "genres": ["latin", "reggaeton", "reggaeton colombiano"]}, "5ovVcYo2MvjVydFwFyaaqy": {"name": "I Should Probably Go To Bed", "coverArt": "https://i.scdn.co/image/ab67616d00001e021ea272bee5d25ec449cad255", "artist": ["Dan + Shay"], "artistIds": ["7z5WFjZAIYejWy0NI5lv4T"], "artistPop": [78], "genres": ["contemporary country", "country", "pop"]}, "574JRYU1lS9Cz3zcYD8SFF": {"name": "The Heat", "coverArt": "https://i.scdn.co/image/ab67616d00001e0244dd1ea87768351754bae9cf", "artist": ["Khamari"], "artistIds": ["6kmDosYCYjFQtywDq0DLPZ"], "artistPop": [39], "genres": ["indie r&b"]}, "2UWnZrXLXIyfMgNvJr2KUa": {"name": "By Any Means", "coverArt": "https://i.scdn.co/image/ab67616d00001e02572fb51dc5446d6922dfe998", "artist": ["Jorja Smith"], "artistIds": ["1CoZyIx7UvdxT5c8UkMzHd"], "artistPop": [75], "genres": ["pop", "r&b", "uk contemporary r&b"]}, "73h4oe03sZy8bXfQLfnqMv": {"name": "Who's Laughing Now", "coverArt": "https://i.scdn.co/image/ab67616d00001e026ef8a84f6eaa07b2b293d412", "artist": ["Ava Max"], "artistIds": ["4npEfmQ6YuiwW1GpUmaq3F"], "artistPop": [82], "genres": ["dance pop", "pop"]}, "0bmQ5H9mHFzRnJ4ZntylFg": {"name": "Somewhere (feat. Gus Dapperton)", "coverArt": "https://i.scdn.co/image/ab67616d00001e02ba3286704e1aec6a762ab144", "artist": ["Surf Mesa", "Gus Dapperton"], "artistIds": ["1lmU3giNF3CSbkVSQmLpHQ", "6sHCvZe1PHrOAuYlwTLNH4"], "artistPop": [69, 67], "genres": ["tropical house", "bedroom pop", "indie pop", "indie poptimism"]}, "1TF8rXy87zrnpBlS9TLykA": {"name": "Cry (with John Martin)", "coverArt": "https://i.scdn.co/image/ab67616d00001e02281b348fd0140720a36443f0", "artist": ["Gryffin", "John Martin"], "artistIds": ["2ZRQcIgzPCVaT9XKhXZIzh", "2auikkNYqigWStoHWK1Grq"], "artistPop": [74, 68], "genres": ["dance pop", "edm", "electro house", "pop", "pop dance", "tropical house", "pop edm"]}, "0qI2Zclmx79YzOREH3UCtr": {"name": "Freestyle", "coverArt": "https://i.scdn.co/image/ab67616d00001e0244d137bb35b17bfe71cf938a", "artist": ["Rod Wave"], "artistIds": ["45TgXXqMDdF8BkjA83OM7z"], "artistPop": [78], "genres": ["florida rap"]}, "0M52bTppxI3QQxan8ftIsY": {"name": "Rari (feat. Future)", "coverArt": "https://i.scdn.co/image/ab67616d00001e02e9410c0c63e456d1f5e61661", "artist": ["Octavian", "Future"], "artistIds": ["5zfEatKLDdRkgbw6sdLBAQ", "1RyvyyTE3xzB2ZywiAwp0i"], "artistPop": [62, 89], "genres": ["afroswing", "london rap", "uk alternative hip hop", "uk hip hop", "atl hip hop", "pop rap", "rap", "southern hip hop", "trap"]}, "4WwynJRKVuJzMgew9ptoDe": {"name": "The feelings tend to stay the same", "coverArt": "https://i.scdn.co/image/ab67616d00001e02d137750baa2e11c89775ce94", "artist": ["Curtis Waters"], "artistIds": ["2JbE7jUIGtpXSzytnyMg6U"], "artistPop": [60], "genres": []}, "31brGBYDq5N15VxIn5juop": {"name": "WHAT YOU GONNA DO???", "coverArt": "https://i.scdn.co/image/ab67616d00001e0278d9a3a7d9270d4847a4ae67", "artist": ["Bastille", "Graham Coxon"], "artistIds": ["7EQ0qTo7fWT7DPxmxtSYEc", "7ueZp29tCNwjIj4yAMTEaC"], "artistPop": [78, 48], "genres": ["metropopolis", "modern rock", "pop", "pop rock", "tropical house", "britpop", "solo wave"]}, "53bCcVMGv0S2aIYvfju2Tt": {"name": "Crying Over You", "coverArt": "https://i.scdn.co/image/ab67616d00001e02a92b660981b2bb134109a02a", "artist": ["The Band CAMINO", "Chelsea Cutler"], "artistIds": ["6d4jrmreCmsenscuieJERc", "5JMLG56F1X5mFmWNmS0iAp"], "artistPop": [68, 75], "genres": ["electropop", "hopebeat", "indie cafe pop", "indie poptimism", "modern alternative rock", "modern rock", "pop", "pop rock", "alt z", "electropop", "indie poptimism", "pop", "post-teen pop", "tropical house"]}, "7aKCwhBjb8zuTEBGzf48Qm": {"name": "Caught in the Middle", "coverArt": "https://i.scdn.co/image/ab67616d00001e02d2f04450d7c2541a5f8a923d", "artist": ["Alexander 23"], "artistIds": ["6sFHvCyqklnJpXC9Nh1aag"], "artistPop": [68], "genres": ["alt z", "indie cafe pop", "pop", "post-teen pop", "social media pop"]}, "2vjo6HuhOURw0wXsb0EVCa": {"name": "Reinvent", "coverArt": "https://i.scdn.co/image/ab67616d00001e027a59425f039e4c6b7e5a72af", "artist": ["Phoebe Green"], "artistIds": ["5qt7yk11uFzsBUC3CgbyNP"], "artistPop": [37], "genres": ["indie pop", "manchester indie"]}, "3El2kpfCqwha6TSxU20GnY": {"name": "I Don't Want To Make It Alone, I Want To Make It With You", "coverArt": "https://i.scdn.co/image/ab67616d00001e02218acf12a192f5a49e16ff09", "artist": ["beaux"], "artistIds": ["6aw3gb4KA0sfz1Vac4JNaj"], "artistPop": [33], "genres": []}, "1UFyMlAdP197da7OWKP1wr": {"name": "Clap - From Road To Fast 9 Mixtape", "coverArt": "https://i.scdn.co/image/ab67616d00001e02426202fb8a2ba60e61c91cbd", "artist": ["Don Toliver"], "artistIds": ["4Gso3d4CscCijv0lmajZWs"], "artistPop": [83], "genres": ["rap", "trap"]}, "0jBSoILwo3Fy9rI7K9d3Px": {"name": "Don't Panic 2", "coverArt": "https://i.scdn.co/image/ab67616d00001e02f06a5bd577d7fada47af700f", "artist": ["Sleepy Hallow", "Sheff G"], "artistIds": ["6EPlBSH2RSiettczlz7ihV", "1tG7s7S4sq2eFFW0QZyLbm"], "artistPop": [82, 76], "genres": ["brooklyn drill", "nyc rap", "brooklyn drill", "new york drill", "nyc rap"]}, "1supkf9D4Obm2yTHqug3m8": {"name": "Douha (Mali Mali) (Edit)", "coverArt": "https://i.scdn.co/image/ab67616d00001e0233bd3205bbb328cec715c8e6", "artist": ["Disclosure", "Fatoumata Diawara"], "artistIds": ["6nS5roXSAGhTGr34W6n7Et", "4G5ZJny3HvX6Il7eHVfnNC"], "artistPop": [76, 58], "genres": ["house", "pop", "uk dance", "afropop", "desert blues", "malian blues", "mande pop", "wassoulou", "world"]}, "2BypOWlak6LbJ2raGGzukY": {"name": "The Usual", "coverArt": "https://i.scdn.co/image/ab67616d00001e021c6f9d044593785c0dfdbfbb", "artist": ["Sam Fischer"], "artistIds": ["6L1XC7NrmgWRlwAeLJvVtA"], "artistPop": [72], "genres": ["alt z", "australian pop", "dance pop", "indie cafe pop", "pop", "post-teen pop"]}, "2UNaGqS3RPjvkBzTtIS94A": {"name": "Bottle Rocket", "coverArt": "https://i.scdn.co/image/ab67616d00001e024a347e9049c14a677902d8ce", "artist": ["Jimi Somewhere"], "artistIds": ["5rXanKVc707nhQmW1Is2pB"], "artistPop": [40], "genres": ["norwegian indie"]}, "6HlE9t71z9DjGi7KqSyEpA": {"name": "Deep End", "coverArt": "https://i.scdn.co/image/ab67616d00001e02bcf6d999338f72005c8522a7", "artist": ["Foushe\u00e9"], "artistIds": ["6trIghKwHRUyxwvm66HLHH"], "artistPop": [68], "genres": ["indie r&b"]}, "3b2IVvQUr7cIBGReeV9MYW": {"name": "Pressure", "coverArt": "https://i.scdn.co/image/ab67616d00001e0228ff6b4cbe32840156ee9552", "artist": ["Koffee"], "artistIds": ["1gWjcmBsveEYMxOZ0VRi32"], "artistPop": [61], "genres": ["dancehall", "modern reggae"]}, "3CwcGdFwFF3DfHGGppdI4X": {"name": "Muwop (feat. Gucci Mane)", "coverArt": "https://i.scdn.co/image/ab67616d00001e02d9b3798e602cd1f419117157", "artist": ["Latto", "Gucci Mane"], "artistIds": ["3MdXrJWsbVzdn6fe5JYkSQ", "13y7CgLHjMVRMDqxdx0Xdo"], "artistPop": [66, 79], "genres": ["pop", "pop r&b", "r&b", "trap queen", "atl hip hop", "dirty south rap", "gangster rap", "hip hop", "pop rap", "rap", "southern hip hop", "trap"]}, "56S4e7Ix1GnDEoAxwoaLYp": {"name": "I JUST WANNA LIVE (feat. Andra Day, Lucky Daye and IDK)", "coverArt": "https://i.scdn.co/image/ab67616d00001e02f8992d6454845a73e6d5e2ad", "artist": ["Keedron Bryant", "Andra Day", "Lucky Daye", "IDK"], "artistIds": ["2l5DDUyyMSmNBLCSa0BIIX", "1c4rxrxy8eDLvMVL1DTiBe", "5Vuvs6Py2JRU7WiFDVsI7J", "6aiFCgyKNwF9Rv5TOxnE8E"], "artistPop": [27, 60, 67, 65], "genres": ["neo soul", "r&b", "alternative r&b", "chill r&b", "indie r&b", "pop r&b", "r&b", "dmv rap", "hip hop", "rap", "trap", "underground hip hop"]}, "10Dm3hTVWVFhOcSo0pVB2R": {"name": "bon iver", "coverArt": "https://i.scdn.co/image/ab67616d00001e0261052e1019e9de54a9104987", "artist": ["mxmtoon"], "artistIds": ["0HthCchcL0kVLHTr113Vk1"], "artistPop": [70], "genres": ["alt z", "bedroom pop", "electropop", "indie pop", "pop", "social media pop"]}, "7ERAHOsRvAjvj1h6NYB8r3": {"name": "Damage is Done", "coverArt": "https://i.scdn.co/image/ab67616d00001e02f2131a4961445e5b16f9849f", "artist": ["Y2K", "JoJo"], "artistIds": ["6USMTwO0MNDnKte5a5h0xx", "5xuNBZoM7z1Vv8IQ6uM0p6"], "artistPop": [67, 64], "genres": ["pop rap", "dance pop", "hip pop", "pop", "pop r&b", "pop rap", "post-teen pop", "r&b", "urban contemporary"]}, "6HMgvWVw3yHmFsmpyb864i": {"name": "Lie for You (feat. A Boogie Wit Da Hoodie & Davido)", "coverArt": "https://i.scdn.co/image/ab67616d00001e02fc183d1d53f7ae227452f9c1", "artist": ["Snakehips", "Jess Glynne", "DaVido", "A Boogie Wit da Hoodie"], "artistIds": ["2FwJwEswyIUAljqgjNSHgP", "4ScCswdRlyA23odg9thgIO", "0Y3agQaa6g2r0YmHPOO9rh", "31W5EY0aAly4Qieq6OFu6I"], "artistPop": [67, 75, 68, 83], "genres": ["dance pop", "edm", "electropop", "indie poptimism", "pop", "pop dance", "tropical house", "australian pop", "dance pop", "pop", "pop dance", "post-teen pop", "tropical house", "uk pop", "afropop", "ghanaian hip hop", "nigerian pop", "melodic rap", "pop rap", "rap", "trap"]}, "6aCrMiyXXSrs0MOYDvyOgC": {"name": "Still", "coverArt": "https://i.scdn.co/image/ab67616d00001e022fb812729ec4e68730bd544c", "artist": ["Russ"], "artistIds": ["1z7b1Pr1rSlvWRzsW3HOrS"], "artistPop": [79], "genres": ["hawaiian hip hop", "pop rap", "rap"]}, "1vwTCUJxmGlTuClU5YLfJA": {"name": "Pain", "coverArt": "https://i.scdn.co/image/ab67616d00001e02b06a1f447428daad1dcb7891", "artist": ["Nessa Barrett"], "artistIds": ["7pwufEBGfggjoI8twqlsmQ"], "artistPop": [71], "genres": ["alt z", "pop", "social media pop"]}, "1FhxEhPZpBBOJTDwSf6MA5": {"name": "Borderline", "coverArt": "https://i.scdn.co/image/ab67616d00001e028dc6ce25f5903da06ff3ba8a", "artist": ["Brandy"], "artistIds": ["05oH07COxkXKIMt6mIPRee"], "artistPop": [67], "genres": ["dance pop", "hip hop", "hip pop", "neo soul", "pop", "pop rap", "r&b", "urban contemporary"]}, "5E5Ixhxfgqf4Ke0kgwXrhl": {"name": "Highway 40 Blues (feat. Ricky Skaggs & Larry Cordle)", "coverArt": "https://i.scdn.co/image/ab67616d00001e02beaa01ff3483d8794fbe5920", "artist": ["Tyler Childers", "Ricky Skaggs", "Larry Cordle"], "artistIds": ["13ZEDW6vyBF12HYcZRr4EV", "0uNC9XuH437fKCCMuzvSks", "2FTZtjNxkvPnXU0XoMYedM"], "artistPop": [74, 51, 41], "genres": ["kentucky indie", "kentucky roots", "outlaw country", "bluegrass", "bluegrass gospel", "country", "country rock", "mandolin", "old-time", "progressive bluegrass", "bluegrass"]}, "0H8LHYMi4hzbwSzxp7DOxR": {"name": "It\u2019s All So Incredibly Loud", "coverArt": "https://i.scdn.co/image/ab67616d00001e02e03f256ea16f671a7628611c", "artist": ["Glass Animals"], "artistIds": ["4yvcSjfu4PC0CYQyLy4wSq"], "artistPop": [83], "genres": ["gauze pop", "indietronica", "shiver pop"]}, "683pmH1N542FzPKKvs0Aqs": {"name": "Make Me Feel (feat. Rick Ross & Ari Lennox)", "coverArt": "https://i.scdn.co/image/ab67616d00001e02c60751d73e4e811b3eb17fea", "artist": ["Skip Marley", "Rick Ross", "Ari Lennox"], "artistIds": ["4ryoUS0W8qXokfMxrlJt6O", "1sBkRIssrMs1AbVkOJbc7a", "1vaQ6v3pOFxAIrFoPrAcom"], "artistPop": [61, 81, 66], "genres": ["modern reggae", "dirty south rap", "gangster rap", "hip hop", "pop rap", "rap", "southern hip hop", "trap", "alternative r&b", "dmv rap", "indie r&b", "indie soul", "neo soul", "pop", "r&b", "urban contemporary"]}, "1GDe2pacTrpqTvJANhWRXy": {"name": "Be Honest", "coverArt": "https://i.scdn.co/image/ab67616d00001e0229800bfde642f4452422fae0", "artist": ["A. K. Paul"], "artistIds": ["5Ur4wFDyKGnavclr0esWLe"], "artistPop": [33], "genres": ["uk alternative pop"]}, "0MTxcCP2r1Nd7m5CoFu49A": {"name": "Lies", "coverArt": "https://i.scdn.co/image/ab67616d00001e0261a158451002ed9924de5c37", "artist": ["GASHI"], "artistIds": ["0JOxt5QOwq0czoJxvSc5hS"], "artistPop": [66], "genres": ["pop rap", "trap soul"]}, "0oHivrvqAyEBDgjFF9JPXa": {"name": "Head In The Clouds", "coverArt": "https://i.scdn.co/image/ab67616d00001e0285d4a7ee3f0be9c2a24c889e", "artist": ["BabyJake"], "artistIds": ["07Asx51VtMw5kbNXKrpZlq"], "artistPop": [62], "genres": ["pop", "pop rap"]}, "7HbKIvZWeJPD6JmxQymOZ8": {"name": "Life Goes On", "coverArt": "https://i.scdn.co/image/ab67616d00001e0272f05b494c69a541387f32e4", "artist": ["Bryce Vine"], "artistIds": ["1ShZZUjkbXCjhwrb18BA8I"], "artistPop": [71], "genres": ["pop", "pop rap"]}, "7rY8Iw9HQtmLMDVe6wQ4f3": {"name": "Difficult", "coverArt": "https://i.scdn.co/image/ab67616d00001e02094d6e77cb7c2da20a59dc57", "artist": ["Amy Allen"], "artistIds": ["4Ebm2DC4Spo173X85D1n5x"], "artistPop": [40], "genres": []}, "0t7F6nflyhy7UR9yzTBAHl": {"name": "Unbreakable (feat. Clarence Coffee Jr.)", "coverArt": "https://i.scdn.co/image/ab67616d00001e02c28da6804087472a64a7e7f9", "artist": ["BUNT.", "Clarence Coffee Jr."], "artistIds": ["2CpLIMBoE2ZzyY3ZBCRZ7j", "6dp9lFNgVOFhtteg8tln7J"], "artistPop": [57, 48], "genres": ["deep tropical house", "pop dance", "pop edm", "tropical house"]}, "3nowY0ZuWMuAmmAu1plEBP": {"name": "No Te Vayas", "coverArt": "https://i.scdn.co/image/ab67616d00001e02e27a8421807b4d0ec151e5ed", "artist": ["Yandel", "J Balvin"], "artistIds": ["0eHQ9o50hj6ZDNBt6Ys1sD", "1vyhD5VmyZ7KMfW5gqLgo5"], "artistPop": [79, 94], "genres": ["latin", "latin hip hop", "reggaeton", "reggaeton flow", "trap latino", "latin", "reggaeton", "reggaeton colombiano", "trap latino"]}, "3JDvRm0Rgj3E22AgI9EkyR": {"name": "Do What I Do", "coverArt": "https://i.scdn.co/image/ab67616d00001e0206f63b0c2ecdac6d9bc47b93", "artist": ["BlocBoy JB"], "artistIds": ["4TEJudQY2pXxVHPE3gD2EU"], "artistPop": [63], "genres": ["memphis hip hop", "rap", "southern hip hop", "tennessee hip hop", "trap", "vapor trap"]}, "7CmNyEQUpNSX6RMM5Fw3os": {"name": "DOORS UNLOCKED (feat. Ty Dolla $ign & Polo G)", "coverArt": "https://i.scdn.co/image/ab67616d00001e02f61c63b10ec1192e647fe7d6", "artist": ["Murda Beatz", "Polo G", "Ty Dolla $ign"], "artistIds": ["3CbYyyd8wH3RT6t0jwpdzC", "6AgTAQt8XS6jRWi4sX7w49", "7c0XG5cIJTrrAgEC3ULPiq"], "artistPop": [64, 88, 87], "genres": ["canadian hip hop", "canadian trap", "chicago rap", "hip hop", "pop", "pop rap", "r&b", "trap", "trap soul"]}, "1K8MgzVyx6MMo8Y0rfDx1O": {"name": "living single", "coverArt": "https://i.scdn.co/image/ab67616d00001e02285a05abde36e080dde854eb", "artist": ["JPEGMAFIA"], "artistIds": ["6yJ6QQ3Y5l0s0tn7b0arrO"], "artistPop": [63], "genres": ["alternative hip hop", "escape room", "experimental hip hop", "hip hop", "industrial hip hop", "rap", "underground hip hop"]}, "4KsMTsVpgVRQvPKhYkm0ff": {"name": "Forever", "coverArt": "https://i.scdn.co/image/ab67616d00001e02328e520ac8b40ed289c97ca3", "artist": ["Travis Barker", "Run The Jewels"], "artistIds": ["4exLIFE8sISLr28sqG1qNX", "4RnBFZRiMLRyZy0AzzTg2C"], "artistPop": [79, 65], "genres": ["rap rock", "escape room", "hip hop", "political hip hop"]}, "6lsOCdPt1gUKjlysphTbPE": {"name": "WE ARE CHAOS", "coverArt": "https://i.scdn.co/image/ab67616d00001e02b0b8d57f66ad0c7e8a586480", "artist": ["Marilyn Manson"], "artistIds": ["2VYQTNDsvvKN9wmU5W7xpj"], "artistPop": [72], "genres": ["alternative metal", "industrial", "industrial metal", "industrial rock", "nu metal", "wrestling"]}, "2oAZlBN2CmNieXmJ1bQDYL": {"name": "Riptide", "coverArt": "https://i.scdn.co/image/ab67616d00001e0235a3b57bf357cf82435346f0", "artist": ["grandson"], "artistIds": ["4ZgQDCtRqZlhLswVS6MHN4"], "artistPop": [73], "genres": ["modern alternative rock", "modern rock", "rock"]}, "0J1dghZvW89xWai1COnPdT": {"name": "Warmer", "coverArt": "https://i.scdn.co/image/ab67616d00001e02cf36b8eb29533018e1dc9533", "artist": ["Rascal Flatts"], "artistIds": ["0a1gHP0HAqALbEyxaD5Ngn"], "artistPop": [72], "genres": ["contemporary country", "country", "country road"]}, "5ZawGS5kFVVxEZrN7FshIk": {"name": "Cherry Flavoured", "coverArt": "https://i.scdn.co/image/ab67616d00001e0252153b48cd301443cbd13085", "artist": ["The Neighbourhood"], "artistIds": ["77SW9BnxLY8rJ0RciFqkHh"], "artistPop": [83], "genres": ["modern alternative rock", "modern rock", "pop"]}, "1mg57RdIhsXUbqPFdfC44y": {"name": "Fiending For A Lover", "coverArt": "https://i.scdn.co/image/ab67616d00001e0210f432101779a913ea55e4c1", "artist": ["DeathbyRomy"], "artistIds": ["7aWpPjjgItUnXljFxYYKZI"], "artistPop": [56], "genres": ["alt z", "modern indie pop"]}, "1wRXZO2KeCbovrfaOFoMnz": {"name": "Married In Vegas", "coverArt": "https://i.scdn.co/image/ab67616d00001e02dd3c2b19e92272714c5d6632", "artist": ["The Vamps"], "artistIds": ["7gAppWoH7pcYmphCVTXkzs"], "artistPop": [73], "genres": ["boy band", "dance pop", "pop", "post-teen pop"]}, "32zrJNyJdpoMOqW7u3PEgo": {"name": "Goofy", "coverArt": "https://i.scdn.co/image/ab67616d00001e02774699d04685b92c41156b32", "artist": ["MishCatt"], "artistIds": ["4nljnlPiswjFIoVpLGn8Wc"], "artistPop": [47], "genres": ["indie tico", "pop costarricense"]}, "7cXFaYqrkiUAIkvMiZFgs7": {"name": "Freak", "coverArt": "https://i.scdn.co/image/ab67616d00001e0222ed09a9e16549a989e7988c", "artist": ["Ant Clemons"], "artistIds": ["028lPW2NdWHdSPCkRkcyhd"], "artistPop": [57], "genres": ["alternative r&b", "indie r&b", "pop r&b"]}, "3esaWH2z62yl2daClRTk3U": {"name": "On the Low (feat. Kodak Black)", "coverArt": "https://i.scdn.co/image/ab67616d00001e027925e88cf812671c79881a8f", "artist": ["Shoreline Mafia", "OHGEESY", "Rob Vicious", "Kodak Black"], "artistIds": ["4tYSBptyGeVyZsk8JC4JHZ", "3ppQEG71r7jVpI8RudzycF", "2gGtD7OGXbNZAY3oCZvZqA", "46SHBwWsqBkxI7EeeBEQG7"], "artistPop": [70, 70, 59, 81], "genres": ["cali rap", "trap", "underground hip hop", "cali rap", "trap", "underground hip hop", "vapor trap", "cali rap", "florida rap", "hip hop", "melodic rap", "miami hip hop", "rap", "southern hip hop", "trap"]}, "3f1ChZHm6v4KdUaEW5y5qd": {"name": "Me and You", "coverArt": "https://i.scdn.co/image/ab67616d00001e0298544459ee7e574a5200f8d2", "artist": ["Cold Hart", "Lil Peep"], "artistIds": ["1fsCfvdiomqjKJFR6xI8e4", "2kCcBybjl3SAtIcwdWpUe3"], "artistPop": [61, 84], "genres": ["dark trap", "emo rap", "sad rap", "underground hip hop", "emo rap", "lgbtq+ hip hop"]}, "3mXYJFpSVXWMH3iWLtYVL1": {"name": "Scared of the World", "coverArt": "https://i.scdn.co/image/ab67616d00001e026715f79435c33d86a983d4d4", "artist": ["Sarcastic Sounds"], "artistIds": ["1bq8rqNnfrojn0OSAfeNXJ"], "artistPop": [68], "genres": ["lo-fi beats", "lo-fi chill", "sad lo-fi"]}, "4bKkUZX9OlAh8fE5KsaE0G": {"name": "Sing (feat. Russell Dickerson, Florida Georgia Line)", "coverArt": "https://i.scdn.co/image/ab67616d00001e02baf7db7222e9a65afe1bf142", "artist": ["Chris Tomlin", "Russell Dickerson", "Florida Georgia Line"], "artistIds": ["6pRi6EIPXz4QJEOEsBaA0m", "1E2AEtxaFaJtH0lO7kgNKw", "3b8QkneNDz4JHKKKlLgYZg"], "artistPop": [68, 68, 80], "genres": ["ccm", "christian alternative rock", "christian music", "world worship", "worship", "contemporary country", "country", "country road", "modern country rock", "contemporary country", "country", "country pop", "country road", "modern country rock"]}, "5wZs9W0nALt2QZn6yxDlxa": {"name": "Run", "coverArt": "https://i.scdn.co/image/ab67616d00001e025edd1cdecd565cd474abd569", "artist": ["Lauren Alaina"], "artistIds": ["1v3tdpIdBSW14rHUfiEVOv"], "artistPop": [69], "genres": ["contemporary country", "country", "country dawn", "country pop", "country road", "modern country rock"]}, "2h2xz9EWgGASYWSv3mSpBU": {"name": "Don't Play Pretend", "coverArt": "https://i.scdn.co/image/ab67616d00001e02403456d1611a0090389c2f4e", "artist": ["Anna Sofia"], "artistIds": ["3ONUI6Gh4s7kcv3h0EuG2K"], "artistPop": [39], "genres": ["ontario indie"]}, "5XRfIAdgYxZ3jLiqxSZnRj": {"name": "Whole New Mess", "coverArt": "https://i.scdn.co/image/ab67616d00001e0281cba0d3efa187a2d380219c", "artist": ["Angel Olsen"], "artistIds": ["6mKqFxGMS5TGDZI3XkT5Rt"], "artistPop": [60], "genres": ["alternative americana", "art pop", "chamber psych", "dream pop", "freak folk", "indie folk", "indie pop", "indie rock"]}, "7egz7bbHGeQP32mcO3DxnI": {"name": "A Lucid Dream", "coverArt": "https://i.scdn.co/image/ab67616d00001e0238b3e6c2fa94fc0b9ba0f187", "artist": ["Fontaines D.C."], "artistIds": ["3SXwqSqAoBz9WCI9PDQzY6"], "artistPop": [53], "genres": ["chamber psych", "indie rock", "irish indie rock", "modern alternative rock", "modern rock"]}, "1iZoBnjg3p9ugz5xZGCK5d": {"name": "gucci slides (feat. Smino)", "coverArt": "https://i.scdn.co/image/ab67616d00001e023ca465533a8aa55f72f671ec", "artist": ["Ambr\u00e9", "Smino"], "artistIds": ["6gj3sMEZYP6IESIptoXnrP", "1ybINI1qPiFbwDXamRtwxD"], "artistPop": [48, 70], "genres": ["alternative r&b", "chill r&b", "indie r&b", "pop r&b", "trap soul", "alternative r&b", "hip hop", "rap", "underground hip hop"]}, "5ZhNFzInNjdqmdIglUpidB": {"name": "Tu Castigo", "coverArt": "https://i.scdn.co/image/ab67616d00001e028f05b91fbc44d43cb27ab5cb", "artist": ["Mariah Angeliq", "Lyanno"], "artistIds": ["0KKUc4amZyvswV2YL6WTar", "1Ts9of7VPZElwPQnqnDSfW"], "artistPop": [74, 76], "genres": ["latin pop", "rap latina", "reggaeton", "trap latino", "latin", "reggaeton", "reggaeton flow", "trap boricua", "trap latino"]}, "43kJApe2q2ChCQhBEBfaL7": {"name": "Milli (feat. Flipp Dinero)", "coverArt": "https://i.scdn.co/image/ab67616d00001e0254f71afdb2c9c98c44a0e534", "artist": ["Static & Ben El", "Flipp Dinero"], "artistIds": ["0xHa28taiElkcQf9o3z76g", "2HUwZ0kumzCSlhFcjFZfpp"], "artistPop": [60, 64], "genres": ["israeli pop", "jewish pop", "melodic rap", "pop rap", "rap", "southern hip hop", "trap", "vapor trap"]}, "30oHbnPSoRbyt4ibbU7v2G": {"name": "BODYCOUNT (feat. Jasiah)", "coverArt": "https://i.scdn.co/image/ab67616d00001e02f85473ef2a184e145b07c0e7", "artist": ["TOKYO\u2019S REVENGE", "Jasiah"], "artistIds": ["5TbLOwv8BNnik3f03NZJlt", "7502fDxg339jvGV08Jd4R0"], "artistPop": [64, 64], "genres": ["meme rap", "sad rap", "vapor trap", "viral rap", "dark trap", "ohio hip hop", "underground hip hop", "vapor trap", "viral rap"]}, "7v5j0xD17QpK5MgJGqXOsX": {"name": "Black Is Beautiful", "coverArt": "https://i.scdn.co/image/ab67616d00001e0224231c5b461990488bf999eb", "artist": ["E-40", "Big K.R.I.T."], "artistIds": ["3crnzLy8R4lVwaigKEOz7V", "0CKa42Jqrc9fSFbDjePaXP"], "artistPop": [69, 62], "genres": ["cali rap", "gangster rap", "hip hop", "hyphy", "oakland hip hop", "pop rap", "rap", "southern hip hop", "trap", "west coast rap", "alternative hip hop", "conscious hip hop", "dirty south rap", "gangster rap", "hip hop", "houston rap", "mississippi hip hop", "pop rap", "rap", "southern hip hop", "trap", "underground hip hop"]}, "5fYDJO53eCCB084fQZ3Aje": {"name": "City on Lock", "coverArt": "https://i.scdn.co/image/ab67616d00001e026dde711a7d147293e63aee07", "artist": ["Hit-Boy", "Dom Kennedy", "Nas"], "artistIds": ["6q3p11nP1p80Ey6LrOOSed", "3s8alQfNnY0roAHaJh7Xxt", "20qISvAhX20dpIbOOzGK3q"], "artistPop": [63, 62, 78], "genres": ["cali rap", "cali rap", "hip hop", "rap", "southern hip hop", "trap", "underground hip hop", "west coast trap", "conscious hip hop", "east coast hip hop", "gangster rap", "hardcore hip hop", "hip hop", "queens hip hop", "rap"]}, "1uxZNRVV8zJObmig31q2XA": {"name": "Dance", "coverArt": "https://i.scdn.co/image/ab67616d00001e021e0259ea7c89c6a3baa37847", "artist": ["Toni Braxton"], "artistIds": ["3X458ddYA2YcVWuVIGGOYe"], "artistPop": [65], "genres": ["dance pop", "hip pop", "neo soul", "new jack swing", "quiet storm", "r&b", "urban contemporary"]}, "1rXEehyenWvuge8Tqsvi3H": {"name": "Careless", "coverArt": "https://i.scdn.co/image/ab67616d00001e0228c3966e935729a016b84b26", "artist": ["Ella Eyre"], "artistIds": ["66TrUkUZ3RM29dqeDQRgyA"], "artistPop": [68], "genres": ["dance pop", "pop", "post-teen pop", "tropical house", "uk pop"]}, "41guDd0XdNWrjY5I8pv73m": {"name": "Waking Up The Neighbors", "coverArt": "https://i.scdn.co/image/ab67616d00001e02ddfbcce26549e8000ea19ade", "artist": ["Bahari"], "artistIds": ["0fs8oBR1rx7JIXZi75h7Uu"], "artistPop": [56], "genres": ["alt z", "indie electropop", "indie poptimism", "la pop"]}, "59VDjcpB2I8psQasslQpdK": {"name": "Don't Leave Me Now", "coverArt": "https://i.scdn.co/image/ab67616d00001e029357f6851b075c6fb7b44f41", "artist": ["Lost Frequencies", "Mathieu Koss"], "artistIds": ["7f5Zgnp2spUuuzKplmRkt7", "4W6fwRbqEy1dfEoE6OCyZu"], "artistPop": [78, 59], "genres": ["belgian edm", "edm", "pop", "pop dance", "tropical house", "new french touch"]}, "7kQrwjWCfm7u2MjtMmOagg": {"name": "Safe Place", "coverArt": "https://i.scdn.co/image/ab67616d00001e02c4e51a067bf4f94ccbd41859", "artist": ["PARADISE RISING", "Kiana V"], "artistIds": ["0bGLIWZrNjcM3mIwPqxBNo", "1DZGAZcaTA32eLJELEsjXY"], "artistPop": [35, 40], "genres": ["pinoy indie"]}, "453dwxD9JW2YcKvTriSUmN": {"name": "Always n Forever (feat. Lil Baby)", "coverArt": "https://i.scdn.co/image/ab67616d00001e02dec68a2642f59321b404150f", "artist": ["Mariah the Scientist", "Lil Baby"], "artistIds": ["7HO5fOXE4gh3lzZn64tX2E", "5f7VJjfbwm532GiveGC0ZK"], "artistPop": [56, 91], "genres": ["alternative r&b", "chill r&b", "indie r&b", "pop r&b", "r&b", "atl hip hop", "atl trap", "rap", "trap"]}, "74QDDpNKio3jo0SmLT71nv": {"name": "GAH DAMN HIGH", "coverArt": "https://i.scdn.co/image/ab67616d00001e027b67e5aee3ca0f4206a58f78", "artist": ["Juicy J", "Lex Luger", "Wiz Khalifa"], "artistIds": ["5gCRApTajqwbnHHPbr2Fpi", "03ojdQidPtScdEq8KU2V9K", "137W8MRPWKqSmrBGDBFSop"], "artistPop": [75, 44, 84], "genres": ["crunk", "dirty south rap", "gangster rap", "hip hop", "memphis hip hop", "pop rap", "rap", "southern hip hop", "trap", "dance pop", "hip hop", "pittsburgh rap", "pop rap", "rap", "southern hip hop", "trap"]}, "0G3mpBnkukzmIVhiUdEpM6": {"name": "Love Sosa", "coverArt": "https://i.scdn.co/image/ab67616d00001e02224ae98dba016c09a16ff347", "artist": ["Sosa Geek"], "artistIds": ["2UyyBkpzN5w3hzZBZGvRZb"], "artistPop": [49], "genres": ["brooklyn drill"]}, "5AzuFMUO9TRuvkfbHgkbeV": {"name": "Yacht Club (feat. Young Thug & Ty Dolla $ign)", "coverArt": "https://i.scdn.co/image/ab67616d00001e02f2b4236844e87ea9a3ed4183", "artist": ["Strick", "Ty Dolla $ign", "Young Thug"], "artistIds": ["2WInxWtfee6mRhUQUmIRAH", "7c0XG5cIJTrrAgEC3ULPiq", "50co4Is1HCEo8bhOyUWKpn"], "artistPop": [45, 87, 88], "genres": ["atl trap", "hip hop", "pop", "pop rap", "r&b", "trap", "trap soul", "atl hip hop", "atl trap", "gangster rap", "hip hop", "melodic rap", "pop rap", "rap", "trap"]}, "7dmcTMq4saNeKIBmG3m6Tq": {"name": "1:45AM (feat. Bearface)", "coverArt": "https://i.scdn.co/image/ab67616d00001e02450bc1f5e921225cdae1f0b5", "artist": ["No Rome", "Bearface"], "artistIds": ["6auWB5YAlcKaHyrbTH66nd", "7yjWDiLDpsHxobHP1fWYh8"], "artistPop": [55, 34], "genres": ["indie pop", "indietronica"]}, "50fOAzCbELUmkFWgbrdW7C": {"name": "hours", "coverArt": "https://i.scdn.co/image/ab67616d00001e02c77c3e79a9e3023b384c3f3b", "artist": ["again&again"], "artistIds": ["3CIq9N0VQGWfBpCAMzMZZN"], "artistPop": [47], "genres": ["modern alternative pop"]}, "4ApRJfvkBLyO2zfqQOk2sh": {"name": "Drift", "coverArt": "https://i.scdn.co/image/ab67616d00001e0285bac530914f462b0168b76f", "artist": ["Oscar Welsh"], "artistIds": ["5h7aN3xfMdLwyuopfgvtST"], "artistPop": [47], "genres": ["uk pop"]}, "4T02NiYLYcbo9dc8EaCTft": {"name": "Something of Myself", "coverArt": "https://i.scdn.co/image/ab67616d00001e0271e4e07e3e61d2489d43181d", "artist": ["Peter Fenn"], "artistIds": ["6gMyLqdBGrHjR8TdCutVIP"], "artistPop": [46], "genres": ["chill r&b", "la pop"]}, "5Gb0fmr4k55Zj3OY9hbHhC": {"name": "Black Eyes Blue", "coverArt": "https://i.scdn.co/image/ab67616d00001e027fe9e70c27d9b287f2067bc2", "artist": ["Corey Taylor"], "artistIds": ["0nhDd1RWjZ6SDV1Vg1Ku2Q"], "artistPop": [57], "genres": ["alternative metal", "alternative rock", "nu metal"]}, "4tOt3E22ViMghRzOl7QyJP": {"name": "Ablaze", "coverArt": "https://i.scdn.co/image/ab67616d00001e029e3ab27f2e4d1b31c8af886e", "artist": ["Alanis Morissette"], "artistIds": ["6ogn9necmbUdCppmNnGOdi"], "artistPop": [69], "genres": ["alternative rock", "canadian pop", "canadian singer-songwriter", "pop rock", "singer-songwriter"]}, "4LSi50PwwZFOpkusSFu9Pd": {"name": "Your Body", "coverArt": "https://i.scdn.co/image/ab67616d00001e02cd20c2c282c457a8133ee965", "artist": ["Mipso"], "artistIds": ["5Bcrb5qQMVTEbJ43fdIS4A"], "artistPop": [55], "genres": ["new americana", "north carolina roots", "progressive bluegrass", "stomp and holler"]}, "2dq43odP6MG5a0ZHgjvF9v": {"name": "Bad Mother Trucker", "coverArt": "https://i.scdn.co/image/ab67616d00001e021915e09684b9e8710eba4ea9", "artist": ["Eric Church"], "artistIds": ["2IvkS5MXK0vPGnwyJsrEyV"], "artistPop": [74], "genres": ["contemporary country", "country", "country road"]}, "0VDwexFkbhb7kNAnJwfcsh": {"name": "Don't Blink", "coverArt": "https://i.scdn.co/image/ab67616d00001e02cc163ca3e2268bc5dff41e0d", "artist": ["Fancy Hagood"], "artistIds": ["1klmpKnfBdJkVqr94BnuOF"], "artistPop": [41], "genres": []}, "1PB0fQGKLKVSNBYzInpTaf": {"name": "Live Out Your Love", "coverArt": "https://i.scdn.co/image/ab67616d00001e020c20817b1fd403963637487f", "artist": ["Kem", "Toni Braxton"], "artistIds": ["1f2e3RQf7LHOum8NU61q0R", "3X458ddYA2YcVWuVIGGOYe"], "artistPop": [54, 65], "genres": ["funk", "neo soul", "new jack swing", "quiet storm", "r&b", "soul", "urban contemporary", "dance pop", "hip pop", "neo soul", "new jack swing", "quiet storm", "r&b", "urban contemporary"]}, "5jYF7Xmvmn7sNjtuPXaXfQ": {"name": "Running Outta Love (feat. Tori Kelly)", "coverArt": "https://i.scdn.co/image/ab67616d00001e0241b4125aad411f352904518e", "artist": ["Jacob Collier", "Tori Kelly"], "artistIds": ["0QWrMNukfcVOmgEU0FEDyD", "1vSN1fsvrzpbttOYGsliDr"], "artistPop": [59, 69], "genres": ["indie soul", "uk alternative pop", "dance pop", "pop", "post-teen pop", "r&b", "viral pop"]}, "1zlgbp5I9lT66WgJhB8XfG": {"name": "Woman", "coverArt": "https://i.scdn.co/image/ab67616d00001e0217cce5c5122e58f1fa892aa6", "artist": ["Lola Young"], "artistIds": ["67FB4n52MgexGQIG8s0yUH"], "artistPop": [38], "genres": ["uk pop"]}, "51R4b8gt9ZvjxgSHn6b8qD": {"name": "White Window Light", "coverArt": "https://i.scdn.co/image/ab67616d00001e024abae50d3e21c7c5843c16f2", "artist": ["Madeline Kenney"], "artistIds": ["2mirb9SKAm6IUHtPwreoqN"], "artistPop": [33], "genres": ["modern dream pop"]}, "2QEADtLY3MTx2K6AGeNEpi": {"name": "Make Room", "coverArt": "https://i.scdn.co/image/ab67616d00001e0289e9e03e34de2aba49c06558", "artist": ["Paige"], "artistIds": ["2hscsIIlxYGIUYsfarFCG7"], "artistPop": [43], "genres": ["nz pop"]}, "3PwZAzJ9NiYojvVC2WyxMX": {"name": "Park Ave", "coverArt": "https://i.scdn.co/image/ab67616d00001e02c018ca0f240fbee83f85a17d", "artist": ["Katz\u00f9 Oso"], "artistIds": ["4tSzEOfCj6LXhaf0jtk4XO"], "artistPop": [40], "genres": ["bedroom pop"]}, "0buTd8lwRNKRvHuDgbyzF5": {"name": "Lost Ties", "coverArt": "https://i.scdn.co/image/ab67616d00001e020e9bd57b4885400905577f9e", "artist": ["Jackboy"], "artistIds": ["2S2mt1DiA4QKdKvtqwxrbB"], "artistPop": [61], "genres": ["florida rap", "southern hip hop", "trap"]}, "26zca9SApz6zj54Xj7t63W": {"name": "Savage On The Loose", "coverArt": "https://i.scdn.co/image/ab67616d00001e02a0018668c3a857876a4e2707", "artist": ["Dee Watkins"], "artistIds": ["5cNn5kF2qKIOtBQJ2z4FM3"], "artistPop": [55], "genres": ["florida rap", "vapor trap"]}, "6rWvSDfSYNal5mJSflFMU7": {"name": "Antibodies (Do You Have The)", "coverArt": "https://i.scdn.co/image/ab67616d00001e02f91716a591b6e434a9349921", "artist": ["Nicholas Braun"], "artistIds": ["0SXeUOcPUdSHytxuIppVel"], "artistPop": [20], "genres": []}}