{"4RVwu0g32PAqgUiJoXsdF8": {"name": "Happier Than Ever", "coverArt": "https://i.scdn.co/image/ab67616d00001e022a038d3bf875d23e4aeaa84e", "artist": ["Billie Eilish"], "artistIds": ["6qqNVTkY8uBg9cP3Jd7DAH"], "artistPop": [92], "genres": ["electropop", "pop"]}, "2sXf2JdbB2GlNju00kw9WE": {"name": "Skate", "coverArt": "https://i.scdn.co/image/ab67616d00001e0211e2cf3dda165be3b917fe17", "artist": ["Bruno Mars", "Anderson .Paak", "Silk Sonic"], "artistIds": ["0du5cEVh5yTK9QJze8zA0C", "3jK9MiCrA42lLAdMGUZpwa", "6PvvGcCY2XtUcSRld1Wilr"], "artistPop": [89, 82, 78], "genres": ["dance pop", "pop", "post-teen pop", "escape room"]}, "2vCKQ9NNCTXoAF8ltW0Zv9": {"name": "Better Days", "coverArt": "https://i.scdn.co/image/ab67616d00001e02e7b3a1446db5c5433c8be022", "artist": ["Dermot Kennedy"], "artistIds": ["5KNNVgR6LBIABRIomyCwKJ"], "artistPop": [77], "genres": ["folk-pop", "irish pop", "pop"]}, "3Dah4SWoWwekrG4GShaHVP": {"name": "From The Garden (feat. Lil Uzi Vert)", "coverArt": "https://i.scdn.co/image/ab67616d00001e029ea8c8d190d896bcb886bf6b", "artist": ["Isaiah Rashad", "Lil Uzi Vert"], "artistIds": ["6aaMZ3fcfLv4tEbmY7bjRM", "4O15NlyKLIASxsJ0PrXPfz"], "artistPop": [75, 88], "genres": ["hip hop", "rap", "tennessee hip hop", "underground hip hop", "melodic rap", "philly rap", "rap", "trap"]}, "5TqyBpQregEG4VMK767HSB": {"name": "BEST FOR ME", "coverArt": "https://i.scdn.co/image/ab67616d00001e02b4d59e6fa7e5e7cbc57ac33a", "artist": ["The Kid LAROI"], "artistIds": ["2tIP7SsRs7vjIcLrU85W8J"], "artistPop": [92], "genres": ["australian hip hop"]}, "0UJAH9v2PmS7sBcuBquprR": {"name": "Oxytocin", "coverArt": "https://i.scdn.co/image/ab67616d00001e02e1317227c6c759e01beae66e", "artist": ["Billie Eilish"], "artistIds": ["6qqNVTkY8uBg9cP3Jd7DAH"], "artistPop": [92], "genres": ["electropop", "pop"]}, "2HL0VnhJLtWDZL1UsnLib5": {"name": "Secret Life (feat. Lana Del Rey)", "coverArt": "https://i.scdn.co/image/ab67616d00001e02585ce9a1312ee594a5b068ac", "artist": ["Bleachers", "Lana Del Rey"], "artistIds": ["2eam0iDomRHGBypaDQLwWI", "00FQb4jTyendYWaN8pK0wa"], "artistPop": [67, 84], "genres": ["double drumming", "indie pop", "indie poptimism", "modern alternative rock", "modern rock", "pop rock", "art pop", "pop"]}, "6Ee34qCOE6FBzEPRAGwSrn": {"name": "En Mi Cuarto", "coverArt": "https://i.scdn.co/image/ab67616d00001e0298c62434b879af69206530c5", "artist": ["Jhay Cortez", "Skrillex"], "artistIds": ["0EFisYRi20PTADoJrifHrz", "5he5w2lnU9x7JFhnwcekXX"], "artistPop": [88, 83], "genres": ["latin", "reggaeton", "trap latino", "brostep", "complextro", "edm", "electro"]}, "1Oqr9YhCi3JmuHcyHDBhf8": {"name": "Act Up", "coverArt": "https://i.scdn.co/image/ab67616d00001e023ebb2e5fa9074679a85d7cc5", "artist": ["Terry Presume"], "artistIds": ["4JLuMu6NZUAU8gYhrzvOdX"], "artistPop": [44], "genres": ["indie hip hop", "indie r&b"]}, "08dXaiP8qdpvQqGKv5rUqE": {"name": "Theme For The People", "coverArt": "https://i.scdn.co/image/ab67616d00001e022bae728759d1d51e672b2637", "artist": ["Logic"], "artistIds": ["4xRYI6VqpkE3UwrDrAZL8L"], "artistPop": [81], "genres": ["conscious hip hop", "dmv rap", "hip hop", "pop rap", "rap"]}, "7Ko12sPqhdCczAdJ6wnyAc": {"name": "Mrs. Bubblegum", "coverArt": "https://i.scdn.co/image/ab67616d00001e0273fd6b27cce0f9aadf627432", "artist": ["Tyga"], "artistIds": ["5LHRHt1k9lMyONurDHEdrp"], "artistPop": [84], "genres": ["dance pop", "hip hop", "pop rap", "rap", "southern hip hop", "trap"]}, "74ruhOVvor6O8R91cyrzK0": {"name": "2055 (feat. Coi Leray)", "coverArt": "https://i.scdn.co/image/ab67616d00001e02adc9a7201d4aeecc9041bb38", "artist": ["Sleepy Hallow", "Coi Leray"], "artistIds": ["6EPlBSH2RSiettczlz7ihV", "6AMd49uBDJfhf30Ak2QR5s"], "artistPop": [82, 68], "genres": ["brooklyn drill", "nyc rap", "new jersey underground rap", "r&b", "trap queen", "viral rap"]}, "4VWahNC3hzIZpJsb1aNBB8": {"name": "killer lover boy", "coverArt": "https://i.scdn.co/image/ab67616d00001e02411eb07d5a603399804a5129", "artist": ["SEB"], "artistIds": ["7oPxPZSk7y5q0fhzpmX5Gi"], "artistPop": [64], "genres": []}, "5c8bM603hqoHJzJFxmUkZ1": {"name": "A Piece Of Your Mind", "coverArt": "https://i.scdn.co/image/ab67616d00001e02580cf044e12fa1ee398f0158", "artist": ["Jelani Aryeh"], "artistIds": ["7A47sEe0ih6WpKmNCRMu86"], "artistPop": [56], "genres": ["alternative r&b", "bedroom soul", "indie pop", "indie r&b"]}, "774sqQH3AwCP4qFdCZBl5l": {"name": "hazel eyes", "coverArt": "https://i.scdn.co/image/ab67616d00001e0223680b668ba96ae2a8484594", "artist": ["Prentiss"], "artistIds": ["0uzKt8lgkTlxm4OUWiCX3H"], "artistPop": [35], "genres": []}, "2KnuaZYoGzDoHiBTNYOTXG": {"name": "Billie Bossa Nova", "coverArt": "https://i.scdn.co/image/ab67616d00001e022a038d3bf875d23e4aeaa84e", "artist": ["Billie Eilish"], "artistIds": ["6qqNVTkY8uBg9cP3Jd7DAH"], "artistPop": [92], "genres": ["electropop", "pop"]}, "1inQjfrPjWSM8DehYMfIxi": {"name": "At Will (feat. EST Gee)", "coverArt": "https://i.scdn.co/image/ab67616d00001e02d3aa92cefb3da11670149718", "artist": ["G-Eazy", "EST Gee"], "artistIds": ["02kJSzxNuaWGqwubyUba0Z", "4FlG0V0jhLO4qGpayFOphj"], "artistPop": [81, 70], "genres": ["hip hop", "indie pop rap", "oakland hip hop", "pop rap", "rap", "kentucky hip hop", "rap", "southern hip hop", "trap"]}, "0ZEFUsb2AVGup8SV3y3yXl": {"name": "Nirvana", "coverArt": "https://i.scdn.co/image/ab67616d00001e02629f0ae002c430f0d73c8ff3", "artist": ["Skepta", "J Balvin"], "artistIds": ["2p1fiYHYiXz9qi0JJyxBzN", "1vyhD5VmyZ7KMfW5gqLgo5"], "artistPop": [76, 94], "genres": ["birmingham grime", "grime", "instrumental grime", "rap", "latin", "reggaeton", "reggaeton colombiano", "trap latino"]}, "1o2moCaL0Bu5EYXQu1Tv4V": {"name": "Lying", "coverArt": "https://i.scdn.co/image/ab67616d00001e02537911ed86dce808ad209d66", "artist": ["Dan + Shay"], "artistIds": ["7z5WFjZAIYejWy0NI5lv4T"], "artistPop": [78], "genres": ["contemporary country", "country", "pop"]}, "3mvMkZMSvp7Xjd9JCAC1Y7": {"name": "Appreciation", "coverArt": "https://i.scdn.co/image/ab67616d00001e02fb34e7b6fea00db74a56ff20", "artist": ["Ant Clemons", "2 Chainz", "Ty Dolla $ign"], "artistIds": ["028lPW2NdWHdSPCkRkcyhd", "17lzZA2AlOHwCwFALHttmp", "7c0XG5cIJTrrAgEC3ULPiq"], "artistPop": [58, 80, 87], "genres": ["alternative r&b", "indie r&b", "pop r&b", "atl hip hop", "gangster rap", "hip hop", "pop rap", "rap", "southern hip hop", "trap", "hip hop", "pop", "pop rap", "r&b", "trap", "trap soul"]}, "3qBwNiPApdpUWRNyc8s5W8": {"name": "Adding", "coverArt": "https://i.scdn.co/image/ab67616d00001e022d4c9fe36867275fb426d9bc", "artist": ["Yung Fazo", "SoFaygo"], "artistIds": ["2UuVqmRzuGdHQB7BKACEW4", "2SJhf6rTOU53g8yBdAjPby"], "artistPop": [59, 72], "genres": ["glitchcore", "plugg", "vapor trap"]}, "67IBUDBd2JqElQWKX6sVTD": {"name": "ZAZA", "coverArt": "https://i.scdn.co/image/ab67616d00001e0249990a72a5c0b20e869c02e3", "artist": ["Stunna Gambino"], "artistIds": ["15ZjD8Gus20Miqw3fdOaXX"], "artistPop": [70], "genres": ["nyc rap"]}, "3j3GmHp7AsY3gJN3mXcJ9h": {"name": "spin music (feat. Fivio Foreign)", "coverArt": "https://i.scdn.co/image/ab67616d00001e02e685711767b28c1acb625edf", "artist": ["Toosii", "Fivio Foreign"], "artistIds": ["6BH1xcDkwbbyrLMUKECsW1", "14CHVeJGrR5xgUGQFV5BVM"], "artistPop": [67, 75], "genres": ["north carolina hip hop", "pop r&b", "brooklyn drill", "new york drill", "rap", "trap"]}, "0BOAxZQ9xv738lfPKpBBsi": {"name": "Only You", "coverArt": "https://i.scdn.co/image/ab67616d00001e0209b8f2ea18e219b23daf56b4", "artist": ["Parmalee"], "artistIds": ["4TshyQDihSYXSWqvclXl3I"], "artistPop": [66], "genres": ["contemporary country", "country", "country pop", "country road", "modern country rock", "modern uplift"]}, "0qLCGr3tEqsvk5FfHU2XqV": {"name": "Tears For Later", "coverArt": "https://i.scdn.co/image/ab67616d00001e02170a837618b7f461392a3e84", "artist": ["Don Diablo", "Galantis"], "artistIds": ["1l2ekx5skC4gJH8djERwh1", "4sTQVOfp9vEMCemLw50sbu"], "artistPop": [72, 79], "genres": ["dance pop", "edm", "electro house", "future house", "pop dance", "progressive electro house", "tropical house", "dance pop", "edm", "electro house", "pop", "pop dance", "tropical house"]}, "5dyFpHnCShXfEmDoKIg0J5": {"name": "Naked", "coverArt": "https://i.scdn.co/image/ab67616d00001e02f622d74595aff698b1a2268b", "artist": ["TOKiMONSTA", "Channel Tres"], "artistIds": ["3VwKSHAfgzV1DOHV0aANCI", "4cUkGQyhLFqKHBtL58HYVp"], "artistPop": [58, 64], "genres": ["chillwave", "electra", "future bass", "vapor soul", "vapor twitch", "wonky", "indie soul", "la pop"]}, "0gOA1SWEZhRECJRguyxFFZ": {"name": "Truth", "coverArt": "https://i.scdn.co/image/ab67616d00001e023f4bd2435035b9e2e7102867", "artist": ["Jungle"], "artistIds": ["59oA5WbbQvomJz2BuRG071"], "artistPop": [71], "genres": ["indie soul", "uk contemporary r&b"]}, "6YMnz4CTX2NSg2JtXiSFJU": {"name": "Remember Her Name", "coverArt": "https://i.scdn.co/image/ab67616d00001e02b2b1ca86710b311ab7672bd5", "artist": ["Mickey Guyton"], "artistIds": ["6nfN5B7Jmi853SHa9106Hz"], "artistPop": [52], "genres": ["contemporary country", "country pop"]}, "5PPrN7zj104wLUtAofZvwb": {"name": "Dancing Away In Tears", "coverArt": "https://i.scdn.co/image/ab67616d00001e021f1980f8fcad6e4f9e497585", "artist": ["Yola"], "artistIds": ["2gqMBdyddvN82dzZt4ZF14"], "artistPop": [57], "genres": ["folk", "indie folk", "new americana", "uk americana"]}, "4tBNl51vv4ekUT1APoSWij": {"name": "Not Jus Anybody (feat. Future)", "coverArt": "https://i.scdn.co/image/ab67616d00001e02e3d5e1d7a72405743e7241a6", "artist": ["Jacquees", "Future"], "artistIds": ["4tMm1dU6Gn04VAZ9ClHcIZ", "75Pf8IiXv0bh6rMdN4Sj4t"], "artistPop": [70, 43], "genres": ["atl hip hop", "dance pop", "pop", "pop r&b", "pop rap", "r&b", "rap", "urban contemporary"]}, "5vUIh7sODY1sD6EIo49Dka": {"name": "Miami", "coverArt": "https://i.scdn.co/image/ab67616d00001e02eff19df1be3935b139b6f167", "artist": ["Nicky Jam"], "artistIds": ["1SupJlEpv7RS2tPNRaHViT"], "artistPop": [87], "genres": ["latin", "latin hip hop", "reggaeton", "trap latino"]}, "7D3W0U3V5Oy23pfqYeZvKn": {"name": "STILL BREATHING", "coverArt": "https://i.scdn.co/image/ab67616d00001e02e685b8d6d352cc1051fa3559", "artist": ["Arizona Zervas"], "artistIds": ["0vRvGUQVUjytro0xpb26bs"], "artistPop": [71], "genres": ["pop rap", "rhode island rap"]}, "7uidJM7xBikobIitpHQKZ4": {"name": "Drive You Home", "coverArt": "https://i.scdn.co/image/ab67616d00001e02302a392c47ea2832de786b9c", "artist": ["Jackson Wang", "Internet Money"], "artistIds": ["1kfWoWgCugPkyxQP8lkRlY", "6MPCFvOQv5cIGfw3jODMF0"], "artistPop": [67, 79], "genres": ["k-pop", "pop rap", "rap", "trap"]}, "0DHh3p0g7qmNNfNdRNwL6N": {"name": "Try Again (feat. Lauv)", "coverArt": "https://i.scdn.co/image/ab67616d00001e02355721802a86adce32a12e82", "artist": ["DallasK", "Lauv"], "artistIds": ["7uas0F5EhsZg6KDJ7yy7rW", "5JZ7CnR6gTvEMKX4g70Amv"], "artistPop": [60, 80], "genres": ["complextro", "pop edm", "dance pop", "electropop", "pop", "post-teen pop"]}, "6eCmK3GQyFuTNWCJHsaF9d": {"name": "Drive (feat. Wes Nelson)", "coverArt": "https://i.scdn.co/image/ab67616d00001e027005fb6e48d5fc3383086d0d", "artist": ["Clean Bandit", "Topic", "Wes Nelson"], "artistIds": ["6MDME20pz9RveH9rEXvrOM", "0u6GtibW46tFX7koQ6uNJZ", "4ktBrNjagCGftyuBLJkATq"], "artistPop": [78, 80, 69], "genres": ["dance pop", "edm", "pop", "pop dance", "post-teen pop", "tropical house", "uk dance", "uk funky", "dance pop", "edm", "electro house", "german dance", "pop dance", "pop edm", "tropical house"]}, "22MVIVqYMJbhA5OHRNRzdS": {"name": "bastard", "coverArt": "https://i.scdn.co/image/ab67616d00001e02b8b49a3aa643d5765787408f", "artist": ["glaive"], "artistIds": ["4cJKDGSv4Dz9QycXYmo565"], "artistPop": [65], "genres": ["glitchcore", "hyperpop"]}, "6jOhRHRWnahPwpgwxKBikW": {"name": "tinted green (feat. Jomie)", "coverArt": "https://i.scdn.co/image/ab67616d00001e02984db5d969d1f3c67cefd8f3", "artist": ["Powfu", "Mila Moon", "Jomie"], "artistIds": ["6bmlMHgSheBauioMgKv2tn", "25FtAp1VZnKUCT0QZ34ioZ", "5F4cFdG9NvJMnHXJkmqw9g"], "artistPop": [76, 43, 53], "genres": ["sad rap", "sad lo-fi", "sad rap"]}, "0KH3EDexTEFoWZxjX2f1gu": {"name": "Holly", "coverArt": "https://i.scdn.co/image/ab67616d00001e0278b09638096b06bcf74a9b39", "artist": ["Ryan Caraveo"], "artistIds": ["1PDE2MIJ4M6uvFJDrslazf"], "artistPop": [61], "genres": ["indie pop rap", "pop rap", "sad rap"]}, "5RVsDcr9glkqtHcbVdfmUN": {"name": "Okay", "coverArt": "https://i.scdn.co/image/ab67616d00001e02ecfd41a7c4be9548b5fde140", "artist": ["X Ambassadors"], "artistIds": ["3NPpFNZtSTHheNBaWC82rB"], "artistPop": [74], "genres": ["indie poptimism", "modern alternative rock", "modern rock", "pop", "pop rock", "rock", "stomp pop"]}, "3FemRrmhLglpUFS3qOijE2": {"name": "Wait Outside", "coverArt": "https://i.scdn.co/image/ab67616d00001e0259995a9bd3892bf2d44d86bd", "artist": ["Parker McCollum"], "artistIds": ["0Z8XVUAOBPM4x12wKnFHEQ"], "artistPop": [68], "genres": ["contemporary country", "texas country"]}, "19ZzEzb4BVK1wVO4brrmZz": {"name": "Beers On Me", "coverArt": "https://i.scdn.co/image/ab67616d00001e02a2dabe59b9c6dd89a9748ce4", "artist": ["Dierks Bentley", "BRELAND", "HARDY"], "artistIds": ["7x8nK0m0cP2ksQf0mjWdPS", "0C86lmpnwiyLDUiyo4d0P1", "5QNm7E7RU2m64l6Gliu8Oy"], "artistPop": [71, 65, 69], "genres": ["contemporary country", "country", "country road", "contemporary country", "contemporary country"]}, "1yCaGeVkeiHwM0EnErYDrR": {"name": "Rebel (feat. Jeremih)", "coverArt": "https://i.scdn.co/image/ab67616d00001e0286c805b9acae53f9d11327f4", "artist": ["Tink", "Jeremih"], "artistIds": ["4v6XOdonnfpdTKTRJArG7v", "3KV3p5EY4AvKxOlhGHORLg"], "artistPop": [63, 78], "genres": ["chicago rap", "drill", "pop", "pop r&b", "r&b", "trap queen", "chicago rap", "dance pop", "hip hop", "pop", "pop rap", "r&b", "southern hip hop", "trap", "urban contemporary"]}, "6lGzF6TmNEvPfyvP1gUUjv": {"name": "Run It Up (feat. Stove God Cooks)", "coverArt": "https://i.scdn.co/image/ab67616d00001e026f282f4761d6afb9b495ad9d", "artist": ["The Heavytrackerz", "Stove God Cooks"], "artistIds": ["6aTCNF8JTH5TFs9rheknQB", "35fcckhFq2cF2u7hIG0fPv"], "artistPop": [33, 53], "genres": ["instrumental grime", "boom bap", "upstate ny rap"]}, "0xrhyHY599f7Y1F8nVodUT": {"name": "Guardian Angel", "coverArt": "https://i.scdn.co/image/ab67616d00001e0209fa60cdd067c0e1a13f19e5", "artist": ["Scorey"], "artistIds": ["0X3nsc84A9qlFilmlWNwQb"], "artistPop": [61], "genres": ["upstate ny rap"]}, "1NxCtk7ybnoLfNBBnMg5oM": {"name": "slideshow", "coverArt": "https://i.scdn.co/image/ab67616d00001e029b3460bf663df3fb0bed4aa7", "artist": ["Amindi"], "artistIds": ["1xQIR56DxgWYZPUvOLRIua"], "artistPop": [52], "genres": ["alternative r&b", "dancehall", "indie r&b"]}, "2CKrEKGMFoPzagBkhocFKW": {"name": "It\u2019s Not You, It\u2019s Me - Club Mix", "coverArt": "https://i.scdn.co/image/ab67616d00001e02d7f98b12296205816b4a4241", "artist": ["jamesjamesjames"], "artistIds": ["0DqR5aQYPz1s2M3YbycLMJ"], "artistPop": [50], "genres": []}, "3S7A85bAWOd6ltk6r2ANOI": {"name": "You Are My High", "coverArt": "https://i.scdn.co/image/ab67616d00001e02170a0923ea9f73207c47906e", "artist": ["DJ Snake"], "artistIds": ["540vIaP2JwjQb9dm3aArA4"], "artistPop": [80], "genres": ["dance pop", "edm", "electronic trap", "pop", "pop dance", "pop rap"]}, "7htpUANwMWFNWxSLPLNYuF": {"name": "Everything", "coverArt": "https://i.scdn.co/image/ab67616d00001e026b893e189e154382e517e82b", "artist": ["WizTheMc"], "artistIds": ["3ebS2RuCq8QeLyndUDmgB5"], "artistPop": [58], "genres": ["canadian contemporary r&b", "pop rap"]}, "6QkjBOwIRoRPDOQNULWgiC": {"name": "Screw Feelings", "coverArt": "https://i.scdn.co/image/ab67616d00001e02754e036e0272b50e9c4c13d7", "artist": ["Au/Ra"], "artistIds": ["1eMmoIprPDWeFdB1FxU6ZV"], "artistPop": [69], "genres": ["alt z", "deep pop edm", "electropop", "indie poptimism", "pop", "social media pop"]}, "1K0lYhdaq84V90aOneQjIW": {"name": "Time of my Life", "coverArt": "https://i.scdn.co/image/ab67616d00001e0232a55c9762636a6ccff4eff6", "artist": ["UPSAHL"], "artistIds": ["1294QqYm1VuxxjRiL9M0h9"], "artistPop": [67], "genres": ["alt z", "electropop", "indie pop", "indie poptimism", "modern indie pop", "modern rock", "pop", "social media pop"]}, "3tIuCHOW1namhnP5smJES3": {"name": "So High", "coverArt": "https://i.scdn.co/image/ab67616d00001e024f973fe091bca2663efa92a9", "artist": ["Aidan Bissett"], "artistIds": ["4XQI4hyuy5xun1ou3SM8Oe"], "artistPop": [53], "genres": []}, "66c2aovkJat36B3Todz9kz": {"name": "back to back", "coverArt": "https://i.scdn.co/image/ab67616d00001e02bf8b68d9f3fbd1827c885c0c", "artist": ["Wrabel", "Duncan Laurence"], "artistIds": ["7r2uG6BlFXKcwmh9ItqlII", "3klZnJvYGIbWritVwQD434"], "artistPop": [63, 74], "genres": ["alt z", "australian pop", "electropop", "indie cafe pop", "indie poptimism", "indiecoustica", "neo mellow", "pop", "pop rock", "dutch pop"]}, "7eBhckEcFgofknv0lR3lK7": {"name": "Show Me", "coverArt": "https://i.scdn.co/image/ab67616d00001e02e9a7aaa4ef4e505f43783555", "artist": ["Mark Ronson"], "artistIds": ["3hv9jJF3adDNsBSIQDqcjp"], "artistPop": [77], "genres": ["dance pop", "neo soul", "pop"]}, "7uoxJCPiqiEa3fvOQQQbyn": {"name": "In My Mind", "coverArt": "https://i.scdn.co/image/ab67616d00001e029cda97e540666595a3cb3643", "artist": ["Alok", "John Legend"], "artistIds": ["0NGAZxHanS9e0iNHpR8f2W", "5y2Xq6xcjJb2jVM54GHK3t"], "artistPop": [82, 79], "genres": ["electro house", "pop nacional", "slap house", "neo soul", "pop", "pop soul", "r&b", "urban contemporary"]}, "5ovV1imGX3ATM8XKGgX7jx": {"name": "Kindness", "coverArt": "https://i.scdn.co/image/ab67616d00001e02cb56a2a7fcb4d9cfe731dec0", "artist": ["M\u00d8"], "artistIds": ["0bdfiayQAKewqEvaU6rXCv"], "artistPop": [72], "genres": ["art pop", "dance pop", "danish pop", "electropop", "indie poptimism", "pop", "tropical house"]}, "01foHKHazVkkbW9hcAY2X4": {"name": "Louie Bag (feat. Smino)", "coverArt": "https://i.scdn.co/image/ab67616d00001e02b375528f954483355038b94a", "artist": ["Yebba", "Smino"], "artistIds": ["1ooV8YZC1KbpEcrmI8WH0F", "1ybINI1qPiFbwDXamRtwxD"], "artistPop": [73, 70], "genres": ["alternative r&b", "indie soul", "pop soul", "alternative r&b", "hip hop", "rap", "underground hip hop"]}, "4vUU8lx3iz7u72rpDjhXHi": {"name": "And Then Life Was Beautiful", "coverArt": "https://i.scdn.co/image/ab67616d00001e0275698ac6c0e48fd8ad5c2975", "artist": ["Nao"], "artistIds": ["7aFTOGFDEqDtJUCziLVsVC"], "artistPop": [63], "genres": ["alternative r&b", "chill r&b", "dance pop", "indie r&b", "indie soul", "neo soul", "pop", "r&b", "uk contemporary r&b"]}, "5rnDy5QVLVH4A73A3C1PpF": {"name": "Vibrate (feat. Pink Sweat$)", "coverArt": "https://i.scdn.co/image/ab67616d00001e02added2818e8a07700a5bb4a6", "artist": ["IV JAY", "Pink Sweat$"], "artistIds": ["0S63sOasTLdgPXIycsCsMX", "1W7FNibLa0O0b572tB2w7t"], "artistPop": [48, 75], "genres": ["bedroom soul", "pop"]}, "6WYxEIpgD3dDWyxTFcPCXv": {"name": "Like A Pro (feat. Juicy J)", "coverArt": "https://i.scdn.co/image/ab67616d00001e022fa5f8f73ba24a61ecf27e29", "artist": ["Kash Doll", "Juicy J"], "artistIds": ["3u579Gdap91lMptBSdXTpf", "5gCRApTajqwbnHHPbr2Fpi"], "artistPop": [59, 75], "genres": ["detroit hip hop", "escape room", "hip pop", "pop r&b", "r&b", "trap queen", "crunk", "dirty south rap", "gangster rap", "hip hop", "memphis hip hop", "pop rap", "rap", "southern hip hop", "trap"]}, "3WlNMTz3Fh701C2kPe98Kd": {"name": "Dead Prezis (feat. G-Eazy)", "coverArt": "https://i.scdn.co/image/ab67616d00001e0208b3c64e5e39da03d9a79934", "artist": ["Travis Thompson", "G-Eazy"], "artistIds": ["6WZfEqqsYujHTUDuNd5Lbc", "02kJSzxNuaWGqwubyUba0Z"], "artistPop": [54, 81], "genres": ["seattle hip hop", "hip hop", "indie pop rap", "oakland hip hop", "pop rap", "rap"]}, "5lTFnFtK5vjPpA49BDUOyo": {"name": "Prada Bae (feat. Nafe Smallz)", "coverArt": "https://i.scdn.co/image/ab67616d00001e028fcf4a3230fa407c57a74ce2", "artist": ["Young T & Bugsey", "Nafe Smallz"], "artistIds": ["6M6XXCcO5gI68XpIlrUL3Z", "3dKjmeRZcSUw617CoMzEA0"], "artistPop": [66, 63], "genres": ["afroswing", "uk hip hop", "afroswing", "trap soul", "uk hip hop"]}, "7xLYLM5K6S1TwiSdfuhZQg": {"name": "Se Me Olvid\u00f3", "coverArt": "https://i.scdn.co/image/ab67616d00001e0214068dd622e6971320e73476", "artist": ["Gera MX", "Rels B"], "artistIds": ["2hejA1Dkf8v8R0koF44FvW", "2IMZYfNi21MGqxopj9fWx8"], "artistPop": [80, 78], "genres": ["mexican hip hop", "rap conciencia", "r&b en espanol", "spanish hip hop", "trap latino", "urbano espanol"]}, "4pAjn6PcQp81T2BKOzPOtn": {"name": "Paul Newman Daytona Rolex", "coverArt": "https://i.scdn.co/image/ab67616d00001e029c2e33c0b4a60638f0c34eb8", "artist": ["Brett Dennen"], "artistIds": ["0FC1LIeQXKib0jOwZqeIwT"], "artistPop": [57], "genres": ["acoustic pop", "indie folk", "neo mellow", "pop rock", "stomp and holler"]}, "0mwmnzC58HlOGPmX82jKZs": {"name": "Coast", "coverArt": "https://i.scdn.co/image/ab67616d00001e025c70b4ad975ebd1d82c2cb15", "artist": ["Ryan Hurd"], "artistIds": ["7lDVEkjIURPMyUYwoQRrpw"], "artistPop": [66], "genres": ["contemporary country", "country pop"]}, "5nUzRHDvRYqRcOlVWg67Di": {"name": "I Am Yours", "coverArt": "https://i.scdn.co/image/ab67616d00001e028327c31bacbfa2ba31691eda", "artist": ["NEEDTOBREATHE"], "artistIds": ["610EjgFatGvVPtib97jQ8G"], "artistPop": [69], "genres": ["ccm", "christian alternative rock", "christian indie", "christian music", "folk-pop", "indiecoustica", "neo mellow", "worship"]}, "52BHuLFKoBemaQ1oOPFhFZ": {"name": "PMA (feat. Pale Waves)", "coverArt": "https://i.scdn.co/image/ab67616d00001e021ed6376a2d81927a3619ddd6", "artist": ["All Time Low", "Pale Waves"], "artistIds": ["46gyXjRIvN1NL1eCB8GBxo", "0wOej91SVqB1zcYkW6xUtA"], "artistPop": [74, 57], "genres": ["modern rock", "pop punk", "post-teen pop", "electropop", "indie pop", "manchester indie", "metropopolis", "modern alternative rock", "modern rock"]}, "4DThkXi1jP0hGONO9A8BHG": {"name": "Superficial", "coverArt": "https://i.scdn.co/image/ab67616d00001e0221f5f2c5a9dfafe1e8d7b928", "artist": ["contradash"], "artistIds": ["1pVa1yITCEfqfAvQaaHvAt"], "artistPop": [44], "genres": []}, "3n0If8GidXp4KziBDoMe99": {"name": "Cheater (feat. Tom The Mail Man)", "coverArt": "https://i.scdn.co/image/ab67616d00001e02dc2b683942f0f67586aa1cc7", "artist": ["SAIAH", "Tom The Mail Man"], "artistIds": ["5ZPYeVqoWNuukwfarvkyJX", "1ueFyDvrq8tCjAd6x8AVxD"], "artistPop": [45, 56], "genres": ["emo rap", "sad rap", "aesthetic rap", "modern indie pop", "sad rap", "vapor trap"]}, "4N5JhudHz0Wlj9r3FDpGyi": {"name": "Me Myself and Dollar Hell", "coverArt": "https://i.scdn.co/image/ab67616d00001e023396835210cd7af9e2c1b611", "artist": ["Mild High Club"], "artistIds": ["5J81VungUjSVHxlPpTI9KG"], "artistPop": [63], "genres": ["indie garage rock", "neo-psychedelic"]}, "3qbYn4ku7WyiqiFd5Z6pWI": {"name": "Blue Football", "coverArt": "https://i.scdn.co/image/ab67616d00001e0261f8492678fbd863414bfff8", "artist": ["August Royals"], "artistIds": ["75lrknh4n2savTcDGbMchq"], "artistPop": [26], "genres": []}, "2pxPyZopqt8UHeopkoQMql": {"name": "Hotel Room", "coverArt": "https://i.scdn.co/image/ab67616d00001e029693faec00d2646791132813", "artist": ["Forrest Nolan"], "artistIds": ["3M8UUCqb0mIEn5S2lO13yv"], "artistPop": [50], "genres": []}, "4Kg7wuHmbjZ3o6LeUJH8P4": {"name": "Really, Really", "coverArt": "https://i.scdn.co/image/ab67616d00001e02c4747ca88aaf0463f7aebf71", "artist": ["Serena Isioma"], "artistIds": ["6u6AbTVrbabv27DLcSrF8i"], "artistPop": [58], "genres": ["alternative r&b", "chill r&b", "indie r&b", "modern indie pop"]}, "0J1KDL7iu717SK1yr93rRb": {"name": "4K", "coverArt": "https://i.scdn.co/image/ab67616d00001e020a16531454f92dbbf406b9c6", "artist": ["Duckwrth", "Phabo"], "artistIds": ["6I3MElirhT5t6Kf7p0hGk9", "5FdZDr2bMbEcnsEKRgO3rn"], "artistPop": [66, 47], "genres": ["alternative r&b", "escape room", "indie r&b", "indie soul", "underground hip hop", "alternative r&b", "chill r&b", "indie r&b", "trap soul"]}, "60BGYIyhys7MCxLAKyfrEN": {"name": "Baby (feat. Deno)", "coverArt": "https://i.scdn.co/image/ab67616d00001e02170f52c72b41f12d04dd1c50", "artist": ["A1 x J1", "Deno"], "artistIds": ["1WO1hFAkFbeo9tV3uVX7Dy", "58ICshZ0AgBMNJiLHK3U8l"], "artistPop": [64, 63], "genres": ["uk hip hop"]}, "2cegJfpyiaWXclqj5HRsZG": {"name": "Just Feels Tight", "coverArt": "https://i.scdn.co/image/ab67616d00001e026b360cbd5da80d19a6ee0d47", "artist": ["FISHER"], "artistIds": ["1VJ0briNOlXRtJUAzoUJdt"], "artistPop": [69], "genres": ["australian house"]}, "56YpW3nISMuVvM6pHkR9oU": {"name": "Summer Of Love", "coverArt": "https://i.scdn.co/image/ab67616d00001e02bf854125453a19bef4135630", "artist": ["Aluna", "Punctual"], "artistIds": ["5ITI6SEoUZMIXXkzCfr4oE", "1ocnIbhFWM9bSPrd7Hu4zF"], "artistPop": [62, 55], "genres": ["pop dance"]}, "3uUuGVFu1V7jTQL60S1r8z": {"name": "Where Are You Now", "coverArt": "https://i.scdn.co/image/ab67616d00001e028d7a7f1855b04104ba59c18b", "artist": ["Lost Frequencies", "Calum Scott"], "artistIds": ["7f5Zgnp2spUuuzKplmRkt7", "6ydoSd3N2mwgwBHtF6K7eX"], "artistPop": [78, 77], "genres": ["belgian edm", "edm", "pop", "pop dance", "tropical house", "indie cafe pop", "neo mellow", "pop", "pop rock"]}, "27KDaaYxMJgJcyixSP7oHO": {"name": "happy for you", "coverArt": "https://i.scdn.co/image/ab67616d00001e0226cfe4fe408cf5afd5b1401a", "artist": ["Jasmine Thompson"], "artistIds": ["2TL8gYTNgD6nXkyuUdDrMg"], "artistPop": [70], "genres": ["indie cafe pop", "neo mellow", "pop", "post-teen pop", "viral pop"]}, "6NEO9Sl3w3Trw6UFNqfura": {"name": "Better With You", "coverArt": "https://i.scdn.co/image/ab67616d00001e02c079c4ac427192d5585dc3c2", "artist": ["ayokay"], "artistIds": ["4BzCdhJTyTS3gumq9xmymb"], "artistPop": [58], "genres": ["electropop", "indie electropop", "indie poptimism", "pop", "pop dance", "pop edm", "tropical house"]}, "2xrKI7IHHCAf6ZlU8djiR0": {"name": "bro, i like u", "coverArt": "https://i.scdn.co/image/ab67616d00001e021ec9a4d65ef5f8387505d6a0", "artist": ["Shalom Margaret"], "artistIds": ["0G0TyoIwnAuLkDurFQGM5Z"], "artistPop": [44], "genres": ["slowed and reverb"]}, "7lM9dI6wRfmA2KxQlYQdIE": {"name": "What I Like", "coverArt": "https://i.scdn.co/image/ab67616d00001e0246440c77405129a9924dae78", "artist": ["Destiny Rogers"], "artistIds": ["6gezkje7GoJlQbHBgLXHuu"], "artistPop": [60], "genres": ["pop"]}, "2Diz85eMch17UsnrZ7Ci8q": {"name": "JELEEL JUICE!", "coverArt": "https://i.scdn.co/image/ab67616d00001e02085faae1f1d3694b87fad51c", "artist": ["JELEEL!"], "artistIds": ["1FX1BFU0DbHRYgKP83pA0d"], "artistPop": [40], "genres": ["rhode island rap"]}, "6NlJymYd3B9HND7AxISLlZ": {"name": "Like That", "coverArt": "https://i.scdn.co/image/ab67616d00001e022229c66a51ebe497b0b9f229", "artist": ["Kalisway"], "artistIds": ["36w05i5hz4ktQ9sWnmKgtK"], "artistPop": [29], "genres": ["canadian contemporary r&b"]}, "6Amih0aX5S35fwqo5xegp6": {"name": "Soldier", "coverArt": "https://i.scdn.co/image/ab67616d00001e0228014434b7fbb1dcdd57a560", "artist": ["Hotboy Wes"], "artistIds": ["2Lgyk37aJufoDDSoU4S5nO"], "artistPop": [44], "genres": ["houston rap"]}, "5qjFTswgEX44BA6rQQs836": {"name": "Local Joker", "coverArt": "https://i.scdn.co/image/ab67616d00001e0212b3e746fac78624ddf8f2a7", "artist": ["Maxo Kream"], "artistIds": ["6xS5PpBWaVYraexEkEjjXv"], "artistPop": [63], "genres": ["hip hop", "houston rap", "melodic rap", "rap", "southern hip hop", "trap", "underground hip hop", "vapor trap"]}, "5JHA7fBeuwELWV93oDhVi4": {"name": "Freeze Me", "coverArt": "https://i.scdn.co/image/ab67616d00001e02ad858e98bff41acb25fccb2d", "artist": ["9lokknine"], "artistIds": ["0ceH34CATvfgphxnLRWFkm"], "artistPop": [60], "genres": ["florida rap"]}, "2QK0BfzedC7H271NaXIFM9": {"name": "Send Nudes", "coverArt": "https://i.scdn.co/image/ab67616d00001e02fd88ccd4ea8a683c903edbce", "artist": ["Cameron Forbes"], "artistIds": ["3Uc9JxIQcr0yZeDIS3KFuz"], "artistPop": [23], "genres": []}, "4WnLmvKvb1tSPme5GejUFG": {"name": "Magic", "coverArt": "https://i.scdn.co/image/ab67616d00001e0226499775885dac3d108cddb4", "artist": ["Jany Green", "Kenny Beats"], "artistIds": ["1Qg99NvQcJaAMmmDl6nPRv", "1rHOtdmGNr5vcYNw5v7QGC"], "artistPop": [44, 66], "genres": ["modern indie pop", "trap", "underground hip hop"]}, "1Ht332hgVG71HLepGgKJnE": {"name": "Apartamento", "coverArt": "https://i.scdn.co/image/ab67616d00001e024d5fb77114e0253573f562c8", "artist": ["Danny Ocean"], "artistIds": ["5H1nN1SzW0qNeUEZvuXjAj"], "artistPop": [77], "genres": ["latin", "latin pop", "pop venezolano", "reggaeton", "trap latino"]}, "52bypla5rY64eIO39OUdRc": {"name": "Priorities", "coverArt": "https://i.scdn.co/image/ab67616d00001e023f8de831608edbcc53b5b731", "artist": ["L Devine"], "artistIds": ["5dhyUSoGhz79WTzP39vKs4"], "artistPop": [54], "genres": ["alt z", "electropop", "indie electropop", "indie pop", "indie poptimism", "pop", "uk pop"]}, "6RwiFA2a6b8xICdSi4wUqk": {"name": "Monster", "coverArt": "https://i.scdn.co/image/ab67616d00001e025d63df64c68c58c57452f75e", "artist": ["PVRIS"], "artistIds": ["6oFs3qk4VepIVFdoD4jmsy"], "artistPop": [63], "genres": ["electropop", "modern alternative rock", "modern rock", "pixie", "pop", "pop emo", "pop punk", "rock"]}, "0qB5ojhJiQwQYokW3WTmKe": {"name": "Locust Laced", "coverArt": "https://i.scdn.co/image/ab67616d00001e02351b8c6cbe2a30cd5cd3746f", "artist": ["Sleigh Bells"], "artistIds": ["59pWgeY26Q6yJy37QvJflh"], "artistPop": [53], "genres": ["alternative dance", "art pop", "brooklyn indie", "chillwave", "electropop", "escape room", "experimental pop", "indie pop", "indie surf", "indietronica", "modern rock", "new rave", "noise pop"]}, "7DIYO2KUchQlJwcnRc7y02": {"name": "Freedom Is Coming - Live", "coverArt": "https://i.scdn.co/image/ab67616d00001e028013a38fabf1bc95c74d5f2e", "artist": ["Hillsong Young & Free"], "artistIds": ["7m4gF38CPATtHrk5HS42WZ"], "artistPop": [67], "genres": ["ccm", "christian music", "world worship", "worship"]}, "2IMxBnxu3m0DByGJrBAzUT": {"name": "GAF (feat. Guapdad 4000)", "coverArt": "https://i.scdn.co/image/ab67616d00001e02ef78312ce70081beb35e7422", "artist": ["Bri Steves", "Guapdad 4000"], "artistIds": ["26PGLwvDbs1jVA6tAv1lLj", "0NcPKaSNIHAM2RfioH9vMT"], "artistPop": [31, 62], "genres": ["trap queen", "cali rap", "oakland hip hop", "scam rap", "trap soul", "underground hip hop", "vapor trap"]}, "27S9AXAh4rH08HSjsx83xB": {"name": "Not Wock", "coverArt": "https://i.scdn.co/image/ab67616d00001e0243c76326cad9374c41aa3ee3", "artist": ["Bktherula"], "artistIds": ["6OjtkJDlAZzlzAydEn78cK"], "artistPop": [58], "genres": ["vapor trap", "viral rap"]}, "2vte8DHnyYE1ZHTlRC7VwU": {"name": "Love Me", "coverArt": "https://i.scdn.co/image/ab67616d00001e02a80949524bb252ccf39ed43b", "artist": ["Malachiii"], "artistIds": ["37lTKHi901VnwngQ7C8noT"], "artistPop": [30], "genres": []}, "6szHZTNSEfNOdrTJ2bRPzr": {"name": "Headlights (feat. b\u00fclow)", "coverArt": "https://i.scdn.co/image/ab67616d00001e029228b293bb80f4f6f52c0808", "artist": ["Jimi Somewhere", "b\u00fclow"], "artistIds": ["5rXanKVc707nhQmW1Is2pB", "5vBrKGOjN10BMwB0cJADj4"], "artistPop": [40, 62], "genres": ["norwegian indie", "alt z", "electropop", "indie cafe pop", "indie poptimism", "indietronica", "pop", "post-teen pop", "social media pop"]}, "5KzwHKqX7NZXgO54FjgRpp": {"name": "Danger", "coverArt": "https://i.scdn.co/image/ab67616d00001e027a4c3bbd0ea2e73ea95abd7e", "artist": ["AHI"], "artistIds": ["08Uextujt6ZT2iQmSYAJfH"], "artistPop": [51], "genres": ["canadian folk"]}, "35buHwHyHsY5RoCLJop93u": {"name": "Losing My Mind", "coverArt": "https://i.scdn.co/image/ab67616d00001e02705dfb3da8dcefa1153353b0", "artist": ["Angels & Airwaves"], "artistIds": ["7xklw3WodFZiNNmQt3DIgp"], "artistPop": [62], "genres": ["modern rock", "pop punk", "socal pop punk"]}, "57aXGko6xZws5P5Z8SGNds": {"name": "Skin", "coverArt": "https://i.scdn.co/image/ab67616d00001e025552eebe62911d84f5bc5839", "artist": ["KID BRUNSWICK"], "artistIds": ["4QxIol1JzAa4ePmDytv0e4"], "artistPop": [50], "genres": ["modern alternative rock", "modern rock"]}}