{"3Kkjo3cT83cw09VJyrLNwX": {"name": "Oh My God", "coverArt": "https://i.scdn.co/image/ab67616d00001e02c6b577e4c4a6d326354a89f7", "artist": ["Adele"], "artistIds": ["4dpARuHxo51G3z768sgnrY"], "artistPop": [93], "genres": ["british soul", "pop", "pop soul", "uk pop"]}, "2yBb1CRq98SSWRuDSn36SZ": {"name": "Life Of The Party (with Andr\u00e9 3000)", "coverArt": "https://i.scdn.co/image/ab67616d00001e02c5663e50de353981ed2b1a37", "artist": ["Kanye West", "Andr\u00e9 3000"], "artistIds": ["5K4W6rqBFWDnAN6FQUkS6x", "74V3dE1a51skRkdII8y2C6"], "artistPop": [95, 65], "genres": ["chicago rap", "rap", "atl hip hop", "dirty south rap", "southern hip hop"]}, "0dFdGPVLs3k0z9ezYWZzUa": {"name": "Intimidated (feat. H.E.R.)", "coverArt": "https://i.scdn.co/image/ab67616d00001e02f310d5609e266549b3094564", "artist": ["KAYTRANADA", "H.E.R."], "artistIds": ["6qgnBH6iDM91ipVXv28OMu", "3Y7RZ31TRPVadSFVy1o8os"], "artistPop": [70, 80], "genres": ["escape room", "indie soul", "lgbtq+ hip hop", "alternative r&b", "dance pop", "pop", "r&b"]}, "6w8ZPYdnGajyfPddTWdthN": {"name": "Can I Get It", "coverArt": "https://i.scdn.co/image/ab67616d00001e02c6b577e4c4a6d326354a89f7", "artist": ["Adele"], "artistIds": ["4dpARuHxo51G3z768sgnrY"], "artistPop": [93], "genres": ["british soul", "pop", "pop soul", "uk pop"]}, "5MkPZ9VprDSFTljruLxDEd": {"name": "Icy Chain", "coverArt": "https://i.scdn.co/image/ab67616d00001e02dc04065f1284a291736c533d", "artist": ["Saweetie"], "artistIds": ["6cK3NBO6uP7hh0oyuVELFl"], "artistPop": [82], "genres": ["cali rap", "dance pop", "pop", "pop rap", "r&b", "trap queen"]}, "2sU586qrQQhByPLqEF7pLX": {"name": "I.Y.B.", "coverArt": "https://i.scdn.co/image/ab67616d00001e024907fd4b60236ed77ef4dd25", "artist": ["NLE Choppa"], "artistIds": ["0ErzCpIMyLcjPiwT4elrtZ"], "artistPop": [80], "genres": ["memphis hip hop"]}, "2Tdkz4mLxN8szqcMeNWcI8": {"name": "mememe", "coverArt": "https://i.scdn.co/image/ab67616d00001e020c52b44787942fcc92e8a25d", "artist": ["100 gecs"], "artistIds": ["6PfSUFtkMVoDkx4MQkzOi3"], "artistPop": [63], "genres": ["escape room", "hyperpop"]}, "3VI1Raz5Z7HivJBuGeJMrq": {"name": "Geordan Favors (feat. Deante' Hitchcock)", "coverArt": "https://i.scdn.co/image/ab67616d00001e025d42863a8e615b639da8bbb9", "artist": ["Isaiah Rashad", "Deante' Hitchcock"], "artistIds": ["6aaMZ3fcfLv4tEbmY7bjRM", "5REHfa3YDopGOzrxwTsPvH"], "artistPop": [73, 51], "genres": ["hip hop", "rap", "tennessee hip hop", "underground hip hop", "alternative r&b", "atl hip hop", "pop rap", "underground hip hop"]}, "3gjKJ0RjjEddIJW0NDDZ1r": {"name": "Measure of a Man (feat. Central Cee)", "coverArt": "https://i.scdn.co/image/ab67616d00001e02c49a41f04b20a28af959e0e5", "artist": ["FKA twigs", "Central Cee"], "artistIds": ["6nB0iY1cjSY1KyhYyuIIKH", "5H4yInM5zmHqpKIoMNAx4r"], "artistPop": [66, 78], "genres": ["afrofuturism", "alternative r&b", "art pop", "dance pop", "escape room", "experimental r&b", "pop", "trip hop", "drill brasileiro"]}, "10ImcQk9tihY1EKMDIbvXJ": {"name": "To Be Loved", "coverArt": "https://i.scdn.co/image/ab67616d00001e02c6b577e4c4a6d326354a89f7", "artist": ["Adele"], "artistIds": ["4dpARuHxo51G3z768sgnrY"], "artistPop": [93], "genres": ["british soul", "pop", "pop soul", "uk pop"]}, "2xo2fUrwrdOruV2zdNtWoP": {"name": "Money (feat. Flo Milli)", "coverArt": "https://i.scdn.co/image/ab67616d00001e026ff5c5e92da139a5ced1b20d", "artist": ["Rico Nasty", "Flo Milli"], "artistIds": ["2OaHYHb2XcFPvqL3VsyPzU", "08PvCOlef4xdOr20jFSTPd"], "artistPop": [70, 69], "genres": ["dance pop", "dmv rap", "escape room", "pop", "trap queen", "dance pop", "pop", "r&b", "viral rap"]}, "0JcgIOrlZ0CNUOPxyudnrK": {"name": "Handstand (feat. Saweetie)", "coverArt": "https://i.scdn.co/image/ab67616d00001e0244ccdb6cd30b83256ae7a82b", "artist": ["French Montana", "Doja Cat", "Saweetie"], "artistIds": ["6vXTefBL93Dj5IqAWq6OTv", "5cj0lLjcoR7YOSnhnX0Po5", "6cK3NBO6uP7hh0oyuVELFl"], "artistPop": [79, 95, 82], "genres": ["gangster rap", "hip hop", "pop", "pop rap", "rap", "southern hip hop", "trap", "dance pop", "pop", "cali rap", "dance pop", "pop", "pop rap", "r&b", "trap queen"]}, "3HicZmZQqn09gi8xG7v9iZ": {"name": "Black Illuminati (feat. Jadakiss)", "coverArt": "https://i.scdn.co/image/ab67616d00001e02e5ec8e141a518add905ae2ed", "artist": ["Freddie Gibbs", "Jadakiss"], "artistIds": ["0Y4inQK6OespitzD6ijMwb", "5pnbUBPifNnlusY8kTBivi"], "artistPop": [72, 70], "genres": ["alternative hip hop", "hip hop", "indiana hip hop", "rap", "southern hip hop", "trap", "underground hip hop", "battle rap", "east coast hip hop", "gangster rap", "hardcore hip hop", "hip hop", "hip pop", "pop rap", "rap", "trap"]}, "4fPO3377M8WMykvWUJmzeO": {"name": "Summer Rain (feat. Jazmine Sullivan)", "coverArt": "https://i.scdn.co/image/ab67616d00001e02b479faaba482002b6acc87ab", "artist": ["Leon Bridges", "Jazmine Sullivan"], "artistIds": ["3qnGvpP8Yth1AqSBMqON5x", "7gSjFKpVmDgC2MMsnN8CYq"], "artistPop": [75, 68], "genres": ["modern blues", "alternative r&b", "dance pop", "hip pop", "neo soul", "pop", "pop r&b", "pop rap", "r&b", "urban contemporary"]}, "395GwdPbJqFzM7ihmlCe8Z": {"name": "Bling Up", "coverArt": "https://i.scdn.co/image/ab67616d00001e02547876b609905f5842951019", "artist": ["Sanni"], "artistIds": ["4KbUzTS1NC8GHIe9LkwIPS"], "artistPop": [32], "genres": []}, "0fGsBRR1Am2H5nIQx9nFCT": {"name": "Kahan (Last Year)", "coverArt": "https://i.scdn.co/image/ab67616d00001e0289be366fdd0222bf91b27e7e", "artist": ["Fred again..", "Kodak Black"], "artistIds": ["4oLeXFyACqeem2VImYeBFe", "46SHBwWsqBkxI7EeeBEQG7"], "artistPop": [68, 82], "genres": ["florida rap", "hip hop", "melodic rap", "miami hip hop", "rap", "southern hip hop", "trap"]}, "1erjalqVwLQT2t1ZWcas9P": {"name": "PARAMOUR (feat. AURORA)", "coverArt": "https://i.scdn.co/image/ab67616d00001e0278d999110fb1a95083092b29", "artist": ["Sub Urban", "AURORA"], "artistIds": ["7gXb99Sf9nNmpNYeAgIQFG", "1WgXqy2Dd70QQOU7Ay074N"], "artistPop": [74, 76], "genres": ["modern indie pop", "art pop", "norwegian pop"]}, "1o9kTjiWJ5lTgKonUK6jAU": {"name": "Cherry (feat. Hayley Kiyoko)", "coverArt": "https://i.scdn.co/image/ab67616d00001e023aff79d5dac209c0b50c854c", "artist": ["FLETCHER", "Hayley Kiyoko"], "artistIds": ["5qa31A9HySw3T7MKWI9bGg", "3LjhVl7GzYsza1biQjTpaN"], "artistPop": [71, 65], "genres": ["alt z", "dance pop", "electropop", "indie poptimism", "pop", "post-teen pop", "social media pop", "alt z", "art pop", "dance pop", "electropop", "indie pop", "indie poptimism", "pop", "post-teen pop"]}, "0ueoValmpkImjA06FLPDfx": {"name": "Automatic Woman - from the \"Bruised\" Soundtrack", "coverArt": "https://i.scdn.co/image/ab67616d00001e02b2bbcf164aa5fa65dd90e9a1", "artist": ["H.E.R.", "Bruised Soundtrack"], "artistIds": ["3Y7RZ31TRPVadSFVy1o8os", "0CHgnpcHB0yfcUfJ3bdI3W"], "artistPop": [80, 36], "genres": ["alternative r&b", "dance pop", "pop", "r&b"]}, "3Gplr4iOpewQ9ynbZujzlu": {"name": "Dizzy (feat. Thomas Headon and Alfie Templeman)", "coverArt": "https://i.scdn.co/image/ab67616d00001e023843530153fab89898fdd691", "artist": ["chloe moriondo", "Thomas Headon", "Alfie Templeman"], "artistIds": ["3P4vW5tzQvmuoNaFQqzy9q", "0dn62y7ayEAxcIcMcBWXIE", "6QzMY3tnu0m56eKUnr4uCF"], "artistPop": [66, 54, 60], "genres": ["alt z", "bedroom pop", "indie pop", "modern indie pop", "indie pop", "modern alternative pop"]}, "0vzv4fNNHbkVCTVGQwxxGw": {"name": "Fix You", "coverArt": "https://i.scdn.co/image/ab67616d00001e02beb5ed7f1a1e79c806f883b3", "artist": ["Kacey Musgraves"], "artistIds": ["70kkdajctXSbqSMJbQO424"], "artistPop": [77], "genres": ["contemporary country", "country dawn", "pop", "texas country"]}, "03kCiUPjdAV9ur9ugm8PQT": {"name": "Never Say Never (with Lainey Wilson)", "coverArt": "https://i.scdn.co/image/ab67616d00001e02de4d6a56930ffbf1bac8f53b", "artist": ["Cole Swindell", "Lainey Wilson"], "artistIds": ["1mfDfLsMxYcOOZkzBxvSVW", "6tPHARSq45lQ8BSALCfkFC"], "artistPop": [68, 60], "genres": ["contemporary country", "country", "country road", "modern country rock", "contemporary country", "country pop"]}, "2CMGiyYO8H8GhPwS73LL13": {"name": "Somebody To Use", "coverArt": "https://i.scdn.co/image/ab67616d00001e02f8ed7f324c2e0c18b198db17", "artist": ["Alesso"], "artistIds": ["4AVFqumd2ogHFlRbKIjp1t"], "artistPop": [78], "genres": ["dance pop", "edm", "electro house", "pop", "pop dance", "progressive electro house", "tropical house"]}, "1kqpo5oFmTYTuHyofHToQ3": {"name": "Somos Nada", "coverArt": "https://i.scdn.co/image/ab67616d00001e02f64c243a25de1ccc0eaef613", "artist": ["Christina Aguilera"], "artistIds": ["1l7ZsJRRS8wlW3WfJfPfNS"], "artistPop": [81], "genres": ["dance pop", "pop", "post-teen pop"]}, "7bH9S0IHoM5kznWf1432zZ": {"name": "Lift Me Up", "coverArt": "https://i.scdn.co/image/ab67616d00001e022cf9ff45c2b7abf819596e74", "artist": ["Tyga"], "artistIds": ["5LHRHt1k9lMyONurDHEdrp"], "artistPop": [85], "genres": ["dance pop", "hip hop", "pop rap", "rap", "southern hip hop", "trap"]}, "0IQ3KOas5wGRregqoMb9HF": {"name": "Yamz", "coverArt": "https://i.scdn.co/image/ab67616d00001e0211782af988e7f56451d41a5a", "artist": ["Masego", "Devin Morrison"], "artistIds": ["3ycxRkcZ67ALN3GQJ57Vig", "4AgZVM5339ZoMyg38nYyYW"], "artistPop": [73, 46], "genres": ["alternative r&b", "alternative r&b", "chill r&b", "indie r&b", "neo r&b"]}, "6IUVdUkKw18jHqFAjl7y8k": {"name": "prick", "coverArt": "https://i.scdn.co/image/ab67616d00001e02623a163695000ce933281c9f", "artist": ["glaive"], "artistIds": ["4cJKDGSv4Dz9QycXYmo565"], "artistPop": [68], "genres": ["glitchcore", "hyperpop"]}, "0siaNLUtg2GmAoVUpuyGEr": {"name": "Lincoln", "coverArt": "https://i.scdn.co/image/ab67616d00001e02f9d37d11ee37913982ce843e", "artist": ["Slump6s"], "artistIds": ["63ELR8SMfqu8EH9eXqCt9j"], "artistPop": [66], "genres": ["vapor trap"]}, "579Toef3RjBEXfFMXvwkqp": {"name": "Word Vomit", "coverArt": "https://i.scdn.co/image/ab67616d00001e02ec0d92ceca6c425c4b699bbd", "artist": ["Lozeak"], "artistIds": ["0neQuv6AF4kuA82CZcPoAc"], "artistPop": [0], "genres": []}, "7IcfiG6VRJYZMvRxRYlYGp": {"name": "Real Nice (H.C.T.F.) (feat. Nerve)", "coverArt": "https://i.scdn.co/image/ab67616d00001e028130e974992e2f7cf3f50bbf", "artist": ["Young Franco", "Tkay Maidza", "Nerve"], "artistIds": ["6mK0vAO13gT8jWYANyoXAl", "1kMPdZQVdUhMDKDWOJM5iK", "7BJleNy6CWKzS3nKtrsNuN"], "artistPop": [56, 58, 49], "genres": ["aussietronica", "indie soul", "art pop", "australian hip hop", "electropop", "escape room", "pop", "aussie drill", "australian hip hop", "australian trap", "australian underground hip hop"]}, "0myEYpzyBetSo4tgKs7oUx": {"name": "Never Fail (with Benny The Butcher)", "coverArt": "https://i.scdn.co/image/ab67616d00001e02a0d290b7206210e41a36e4fc", "artist": ["Morray", "Benny The Butcher"], "artistIds": ["44vREmJC0OlVZjZaGLqVEd", "5Matrg5du62bXwer29cU5T"], "artistPop": [70, 67], "genres": ["pop rap", "boom bap", "buffalo hip hop", "hip hop", "rap", "underground hip hop", "upstate ny rap"]}, "7eQ1a5DgRxRnyrhNM7Kql5": {"name": "Instinto", "coverArt": "https://i.scdn.co/image/ab67616d00001e02e0edd7ee8d40fd1f97df1ea5", "artist": ["YE\u0418DRY", "J Balvin"], "artistIds": ["3Lk9AWrpD4bminO5LwmBOw", "1vyhD5VmyZ7KMfW5gqLgo5"], "artistPop": [55, 94], "genres": ["dominican pop", "latin", "reggaeton", "reggaeton colombiano", "trap latino"]}, "0PjqDT5SzI91kgzGnylyOd": {"name": "On My Way (Marry Me)", "coverArt": "https://i.scdn.co/image/ab67616d00001e026b0cfd42fd0f7292b3aebde7", "artist": ["Jennifer Lopez"], "artistIds": ["2DlGxzQSjYe5N6G9nkYghR"], "artistPop": [79], "genres": ["dance pop", "pop", "pop rap", "urban contemporary"]}, "77oKig47u34qCCFWKMfu1e": {"name": "AA", "coverArt": "https://i.scdn.co/image/ab67616d00001e022b46b5b241079360e6951405", "artist": ["Walker Hayes"], "artistIds": ["7sKxqpSqbIzphAKAhrqvlf"], "artistPop": [73], "genres": ["contemporary country", "country", "country road", "modern country rock"]}, "4SLV1kwfWgTVgYjxl9wf4y": {"name": "Haunted House", "coverArt": "https://i.scdn.co/image/ab67616d00001e027d5df2ee510df7f8753d13a2", "artist": ["Mckenna Grace"], "artistIds": ["1ZjXhESKpjsv31L7ykuJBE"], "artistPop": [18], "genres": []}, "3nOz1U41SZZ0N3fuUWr9nb": {"name": "I AM WOMAN", "coverArt": "https://i.scdn.co/image/ab67616d00001e02d4e10cba96b669683d0f8069", "artist": ["Emmy Meli"], "artistIds": ["71szvmFWd7TUa7b6XmXj9k"], "artistPop": [44], "genres": []}, "4L7LSrveE3uOM57YxtD2eS": {"name": "Wisdom Tooth", "coverArt": "https://i.scdn.co/image/ab67616d00001e02e6a9b307b903e28cb40d7f07", "artist": ["Wallice"], "artistIds": ["6d6ts87Fxm1EdULf4CaLw4"], "artistPop": [50], "genres": ["indie pop", "indie r&b"]}, "2iZf5y9Ce6smoZiGkC0aAg": {"name": "m box", "coverArt": "https://i.scdn.co/image/ab67616d00001e0203fd381741d8d184228504c6", "artist": ["aldn"], "artistIds": ["2GUw9Wzha61PkZoRVv1PDD"], "artistPop": [53], "genres": ["glitchcore", "hyperpop"]}, "74VD75tGYXIHyZR0CmKFWX": {"name": "Stop That", "coverArt": "https://i.scdn.co/image/ab67616d00001e025a102e9268ad4c0c6214a574", "artist": ["Saba"], "artistIds": ["7Hjbimq43OgxaBRpFXic4x"], "artistPop": [68], "genres": ["alternative r&b", "chicago rap", "hip hop", "rap", "underground hip hop"]}, "6zKn5ATZWR6XUeK53UoOKC": {"name": "Lamborghini Geeski", "coverArt": "https://i.scdn.co/image/ab67616d00001e02c0e09ad997c1f04b8b3d3ba5", "artist": ["EST Gee"], "artistIds": ["4FlG0V0jhLO4qGpayFOphj"], "artistPop": [71], "genres": ["kentucky hip hop", "rap", "southern hip hop", "trap"]}, "5iidIZADOqvVmH8MgpPipq": {"name": "Go To War", "coverArt": "https://i.scdn.co/image/ab67616d00001e0233f5e6066056bdf2db0acf56", "artist": ["Blxst", "Snoop Dogg"], "artistIds": ["4qXC0i02bSFstECuXP2ZpL", "7hJcb9fa4alzcOq3EaNPoG"], "artistPop": [76, 85], "genres": ["pop rap", "g funk", "gangster rap", "hip hop", "pop rap", "rap", "west coast rap"]}, "7n74B8CVy1kWH0IOXnbrj2": {"name": "Renegade", "coverArt": "https://i.scdn.co/image/ab67616d00001e02ed1f238e8713fcdc26202ceb", "artist": ["Kavinsky", "Cautious Clay"], "artistIds": ["0UF7XLthtbSF2Eur7559oV", "6iWuBN32BqCJAeXW6o3nil"], "artistPop": [61, 64], "genres": ["electro house", "filter house", "alternative r&b", "indie r&b", "nyc pop"]}, "5nBqvq3hUl8n6HtKtwNphW": {"name": "Strangers - with Mansionair", "coverArt": "https://i.scdn.co/image/ab67616d00001e022b3bc5ae71d504c1fd2577d6", "artist": ["Dom Dolla", "Mansionair"], "artistIds": ["205i7E8fNVfojowcQSfK9m", "4qOzMSukiZoiSjPQw8Zs7s"], "artistPop": [63, 60], "genres": ["australian house", "deep groove house", "edm", "electro house", "house", "aussietronica", "electropop", "indie soul", "indietronica", "modern rock", "vapor soul"]}, "4UN1cxXIlQhmOWXhEkrBqu": {"name": "anxiety.", "coverArt": "https://i.scdn.co/image/ab67616d00001e022dabb1e2860bb1497c4c3903", "artist": ["JVKE"], "artistIds": ["164Uj4eKjl6zTBKfJLFKKK"], "artistPop": [69], "genres": ["modern indie pop"]}, "4R50WBxYsOjc79RC5WTOAg": {"name": "Hey Siri", "coverArt": "https://i.scdn.co/image/ab67616d00001e02450fd2defb637a3fe5d30b25", "artist": ["salem ilese"], "artistIds": ["3QJUFtGBGL05vo0kCJZsmT"], "artistPop": [68], "genres": ["alt z", "modern indie pop", "social media pop"]}, "2j9UWkSA9T4mUAXrcBi2Fr": {"name": "Empty Bottles (feat. MOD SUN)", "coverArt": "https://i.scdn.co/image/ab67616d00001e02a661432841e2d9fcb1e17efc", "artist": ["Bryce Vine", "MOD SUN"], "artistIds": ["1ShZZUjkbXCjhwrb18BA8I", "3u2R8st1bb6zfBqNWceRXG"], "artistPop": [72, 65], "genres": ["pop", "pop rap", "minnesota hip hop", "pop punk", "pop rap"]}, "0ZWfWytIwA7UwvB8oCNndU": {"name": "Until I Come Home", "coverArt": "https://i.scdn.co/image/ab67616d00001e028d22fe1adc246c7b0dfe5649", "artist": ["Two Feet", "grandson"], "artistIds": ["5sWHDYs0csV6RS48xBl0tH", "4ZgQDCtRqZlhLswVS6MHN4"], "artistPop": [75, 74], "genres": ["indie poptimism", "modern rock", "pop", "modern alternative rock", "modern rock", "rock"]}, "3p6CJ6SEqeE2ar8EGHx1XU": {"name": "Strangers", "coverArt": "https://i.scdn.co/image/ab67616d00001e022d897eb73523eca60e77b0ca", "artist": ["Ashley Kutcher"], "artistIds": ["1Zi1c8sWZTy5rDiN3lAuEj"], "artistPop": [59], "genres": ["alt z", "gen z singer-songwriter"]}, "5xTGNrUdGKwbn4jA90H58B": {"name": "Never Get It Back", "coverArt": "https://i.scdn.co/image/ab67616d00001e026c109b4cddb8bdcd807591f8", "artist": ["Gabby Barrett"], "artistIds": ["6Iz3eq2aQGFf7TbGT2iahL"], "artistPop": [69], "genres": ["contemporary country"]}, "1XXNLuG4TNBUiIM9QF3XLF": {"name": "Gangster of Love", "coverArt": "https://i.scdn.co/image/ab67616d00001e0225fa65ce9e1a80f99b9ea4df", "artist": ["Aiyana-Lee"], "artistIds": ["2IZXxSIGhFtkHJyMh6UTln"], "artistPop": [45], "genres": []}, "44T0AhTa6pkc4mEqUGta1s": {"name": "I'm The One", "coverArt": "https://i.scdn.co/image/ab67616d00001e02ac7bfc59de2071172dc8db3f", "artist": ["LPB Poody"], "artistIds": ["0wHeZY93Ede0g1jXaWsiFS"], "artistPop": [58], "genres": ["florida rap"]}, "2LNiTlYDSFntPkU3qvUc6Y": {"name": "No Option", "coverArt": "https://i.scdn.co/image/ab67616d00001e0205f5e78c6d02575630c13a3d", "artist": ["Flipp Dinero"], "artistIds": ["2HUwZ0kumzCSlhFcjFZfpp"], "artistPop": [65], "genres": ["melodic rap", "pop rap", "rap", "trap", "vapor trap"]}, "4eBlELpnfUpZx3SEgzCRzP": {"name": "Chrome Hearts", "coverArt": "https://i.scdn.co/image/ab67616d00001e024337782bd202d611d412d885", "artist": ["D-Block Europe", "Offset"], "artistIds": ["5VadK1havLhK1OpKYsXv9y", "4DdkRBBYG6Yk9Ka8tdJ9BW"], "artistPop": [74, 81], "genres": ["uk hip hop", "atl hip hop", "hip hop", "pop rap", "rap", "southern hip hop", "trap"]}, "2mIW33L1ycl9oqBAlkmO7l": {"name": "hey prentiss", "coverArt": "https://i.scdn.co/image/ab67616d00001e02d5055561b31dc40fbc9edb19", "artist": ["Prentiss"], "artistIds": ["0uzKt8lgkTlxm4OUWiCX3H"], "artistPop": [38], "genres": []}, "1NEvhcHwzloQ2OUt3M7tB2": {"name": "Everybody's dead!", "coverArt": "https://i.scdn.co/image/ab67616d00001e02e7a2417bc8b63eaf0c7aa91e", "artist": ["underscores"], "artistIds": ["7HfUJxeVTgrvhk0eWHFzV7"], "artistPop": [50], "genres": ["escape room", "future bass", "glitchcore", "hyperpop"]}, "43x8gg4AnsyCO5pWmWed1J": {"name": "IDC", "coverArt": "https://i.scdn.co/image/ab67616d00001e02fd8b3228d0ee5260b7151d33", "artist": ["carpetgarden"], "artistIds": ["1rw5Io28PBVxMjikCwvevG"], "artistPop": [56], "genres": ["indie pop"]}, "77pZL5Oq2PVQIPFkEkusZU": {"name": "Rolling Stone", "coverArt": "https://i.scdn.co/image/ab67616d00001e02b73990d07bf1fc681bdabe15", "artist": ["Oliver Malcolm"], "artistIds": ["5ut4VhaCRPsEjAZ93jpPfK"], "artistPop": [49], "genres": ["indie hip hop", "modern alternative pop"]}, "5kUgMxXcpAdsnKumXs4J5Z": {"name": "2010", "coverArt": "https://i.scdn.co/image/ab67616d00001e02f2229c3f1b9a07b630bb2f8e", "artist": ["Earl Sweatshirt"], "artistIds": ["3A5tHz1SfngyOZM2gItYKu"], "artistPop": [72], "genres": ["alternative hip hop", "experimental hip hop", "hip hop", "rap", "underground hip hop"]}, "1EXHfM9lHxzwb3lbJ4XU0J": {"name": "Addicted", "coverArt": "https://i.scdn.co/image/ab67616d00001e023eb5d510aaf55b520978c418", "artist": ["Cozz"], "artistIds": ["5oFkj1qSlyBUmV5d6Edgtq"], "artistPop": [57], "genres": ["underground hip hop"]}, "79n4p7Yfb9jLzmoFaExzzA": {"name": "Trust Nobody", "coverArt": "https://i.scdn.co/image/ab67616d00001e023c8e110e42af2edd3cf77ee3", "artist": ["North Ave Jax"], "artistIds": ["7t3WSgiRVbVsTIbsgcHVrY"], "artistPop": [0], "genres": []}, "3p7bWzqLgmHc172MBh7Vd2": {"name": "Paper Walls", "coverArt": "https://i.scdn.co/image/ab67616d00001e029f0b3b11283ba66c3022c90d", "artist": ["Rezz", "Metric"], "artistIds": ["4aKdmOXdUKX07HVd3sGgzw", "1rCIEwPp5OnXW0ornlSsRl"], "artistPop": [66, 63], "genres": ["canadian electronic", "edm", "electra", "electro house", "alternative dance", "canadian indie", "canadian rock", "electropop", "indie pop", "indie rock", "indietronica", "metropopolis", "modern rock", "neo-synthpop", "new rave", "pop rock"]}, "0I7G7fSWdS9iugsedj7Ns1": {"name": "No One", "coverArt": "https://i.scdn.co/image/ab67616d00001e0209efba531a1f37f9791cf552", "artist": ["Godford"], "artistIds": ["4pUwtnbS6FdBniLp410AOu"], "artistPop": [50], "genres": []}, "7kQ5eCSvLropJUPuEYaUbX": {"name": "Keep Me Around", "coverArt": "https://i.scdn.co/image/ab67616d00001e028538f79d56badea3fd6b8c53", "artist": ["AUGUST 08"], "artistIds": ["2iB8eFB6flwQculkUrRssi"], "artistPop": [59], "genres": ["la pop", "r&b"]}, "7AE1oyRpPGoSwDs8b9XBO0": {"name": "Split", "coverArt": "https://i.scdn.co/image/ab67616d00001e023d673a8d9dd05a6bfa352557", "artist": ["NIKI", "88rising"], "artistIds": ["2kxP07DLgs4xlWz8YHlvfh", "1AhjOkOLkbHUfcHDSErXQs"], "artistPop": [74, 72], "genres": ["chill r&b", "indonesian r&b", "pop", "asian american hip hop", "pop"]}, "3cXNW2770x7T82Mf7Jzdsb": {"name": "Crystal Ball", "coverArt": "https://i.scdn.co/image/ab67616d00001e02d7d4a1da2c99e67a06a286f8", "artist": ["Lila Drew"], "artistIds": ["31ce51nzy9QQQlfnkwRm9F"], "artistPop": [39], "genres": []}, "0B5OlNsn2wbSMFd8hmLSZ7": {"name": "What Lovers Do", "coverArt": "https://i.scdn.co/image/ab67616d00001e02beff07a75b178f7f5999c5e0", "artist": ["Joy Again"], "artistIds": ["4jCIAMb0zEArF3GYEYzoDk"], "artistPop": [69], "genres": ["indie garage rock", "indie pop"]}, "0R4swMhxxuKpm4tx1EeQqH": {"name": "stupid", "coverArt": "https://i.scdn.co/image/ab67616d00001e021213566c605fd284f0800a5f", "artist": ["dvr"], "artistIds": ["5Xpb5H2bMANDgdjX287U6k"], "artistPop": [42], "genres": []}, "3GEcWJB535LBfwF1lyWGAD": {"name": "Weirdo", "coverArt": "https://i.scdn.co/image/ab67616d00001e02999a61b32444d585fe8e8ea3", "artist": ["K.Flay"], "artistIds": ["0pCNk4D3E2xtszsm6hMsWr"], "artistPop": [71], "genres": ["electropop", "escape room", "hip pop", "indie poptimism", "modern alternative rock", "modern rock", "pop", "rock"]}, "2HSg6TSfOlPu9XT7nO7S8P": {"name": "The Haves", "coverArt": "https://i.scdn.co/image/ab67616d00001e0259b45d825c31ee7f3feb19e8", "artist": ["Eddie Vedder"], "artistIds": ["0mXTJETA4XUa12MmmXxZJh"], "artistPop": [66], "genres": ["acoustic rock", "permanent wave"]}, "0szIXYe2JiSuNHLWkh5cAP": {"name": "A.M. RADIO", "coverArt": "https://i.scdn.co/image/ab67616d00001e02dd57628246a7c563f49a3a47", "artist": ["The Lumineers"], "artistIds": ["16oZKvXb6WkQlVAjwo2Wbg"], "artistPop": [79], "genres": ["folk-pop", "modern rock", "pop", "pop rock", "stomp and holler"]}, "2kEhQe0BVtY8IIaFE5ALA0": {"name": "Pickup", "coverArt": "https://i.scdn.co/image/ab67616d00001e0255cf07db4e16161e39b14477", "artist": ["MacKenzie Porter"], "artistIds": ["6nXco5Q3cJJ0ZutnBOsSpq"], "artistPop": [64], "genres": ["alberta country", "canadian contemporary country", "canadian country", "contemporary country", "country pop"]}, "1KCon9P4bPjLGFBGyTLt6f": {"name": "Most People", "coverArt": "https://i.scdn.co/image/ab67616d00001e0249c5bda1807dd869a780223f", "artist": ["R3HAB", "Lukas Graham"], "artistIds": ["6cEuCEZu7PAE9ZSzLLc2oQ", "25u4wHJWxCA9vO0CzxAbK7"], "artistPop": [79, 76], "genres": ["dance pop", "dutch house", "edm", "electro house", "pop", "pop dance", "progressive electro house", "slap house", "tropical house", "danish pop", "pop", "scandipop"]}, "3C3rtf7n8TNyUarr5fnRMW": {"name": "Still Miss U", "coverArt": "https://i.scdn.co/image/ab67616d00001e02a2a75c4a8d59c4201c81b538", "artist": ["DJ_Dave", "Kitty"], "artistIds": ["78ZgfyDjF59qBIWrGHRdme", "6YMeCrTjUKwsXh9yhQJjEV"], "artistPop": [27, 43], "genres": ["escape room", "hyperpop"]}, "5GFcYCn3ciDSFTRYOi4oVY": {"name": "Su\u00e9ltate (Sam I, BIA, Jarina De Marco feat. Anitta) - From Sing 2", "coverArt": "https://i.scdn.co/image/ab67616d00001e02d4edc3a25e189c77dfe8b382", "artist": ["Sam i", "BIA", "Jarina De Marco", "Anitta"], "artistIds": ["5AUTN6tMncnOnYgJK1VM6K", "6veh5zbFpm31XsPdjBgPER", "2Ju0kEPJxYUo0XM2PNUGeL", "7FNnA9vBm6EKceENgCGRMb"], "artistPop": [35, 73, 38, 81], "genres": ["escape room", "pop", "r&b", "rap latina", "trap queen", "dominican indie", "funk carioca", "funk pop", "pagode baiano", "pop nacional"]}, "4SVrkrtAeQLXoNOfQdmSAw": {"name": "Alejarme de Ti", "coverArt": "https://i.scdn.co/image/ab67616d00001e02fad0f51d1a659f4e3aa55325", "artist": ["Eladio Carrion", "Jay Wheeler"], "artistIds": ["5XJDexmWFLWOkjOEjOVX3e", "2cPqdH7XMvwaBJEVjheH8g"], "artistPop": [78, 82], "genres": ["reggaeton", "reggaeton flow", "trap boricua", "trap latino", "trap triste", "latin", "reggaeton", "trap latino"]}, "3vs733LJpo6r1lxMBsMYal": {"name": "OUTTAMYMIND! (feat. Lil Yachty)", "coverArt": "https://i.scdn.co/image/ab67616d00001e027d225dfbf50379bd285616ee", "artist": ["Lancey Foux", "Lil Yachty"], "artistIds": ["2LakckgvXEtJlKOYP6BO11", "6icQOAFXDZKsumw3YXyusw"], "artistPop": [55, 81], "genres": ["uk alternative hip hop", "underground hip hop", "vapor trap", "atl hip hop", "hip hop", "melodic rap", "rap", "trap", "viral rap"]}, "0Ri77u7FwVyFtNkFaY09jJ": {"name": "Rounds", "coverArt": "https://i.scdn.co/image/ab67616d00001e02aab85a18fe6cca2fa591f4fa", "artist": ["Whookilledkenny"], "artistIds": ["2KZnFwKkzZwaTe74507ZLD"], "artistPop": [46], "genres": []}, "0sGZ7fSjf9FwXwUMBMlD1W": {"name": "Bounce Out", "coverArt": "https://i.scdn.co/image/ab67616d00001e024eb57be692666bdc8119a4a6", "artist": ["Kuttem Reese"], "artistIds": ["23vk8FQSjesEtpErniqki4"], "artistPop": [47], "genres": ["florida rap"]}, "6ajBId9czM3gf31Z6zYRaG": {"name": "M.E.M 2 Jacksonville (feat. SpotemGottem)", "coverArt": "https://i.scdn.co/image/ab67616d00001e02501058890a3857db478154ce", "artist": ["BlocBoy JB", "SpotemGottem"], "artistIds": ["4TEJudQY2pXxVHPE3gD2EU", "3Y2MLcrD3ZQXRXmtn4fZQx"], "artistPop": [65, 65], "genres": ["memphis hip hop", "pop rap", "rap", "southern hip hop", "tennessee hip hop", "trap", "vapor trap", "florida rap", "viral rap"]}, "4NV1Hoah3ggnoOP7PlrWjh": {"name": "OFF", "coverArt": "https://i.scdn.co/image/ab67616d00001e0283c5e097d3dd3fcb88cf13eb", "artist": ["Maxwell"], "artistIds": ["2AOt5htsbtyaHd5Eq3kl3j"], "artistPop": [61], "genres": ["neo soul", "new jack swing", "quiet storm", "r&b", "soul", "urban contemporary"]}, "1TTXXmRgq2f0AkN99iw1f9": {"name": "Somebody Was Watching Over Me", "coverArt": "https://i.scdn.co/image/ab67616d00001e020bc596f2ce1baf3b8e93dd0d", "artist": ["Robert Plant", "Alison Krauss"], "artistIds": ["1OwarW4LEHnoep20ixRA0y", "5J6L7N6B4nI1M5cwa29mQG"], "artistPop": [62, 65], "genres": ["album rock", "art rock", "blues rock", "classic rock", "hard rock", "mellow gold", "progressive rock", "rock", "roots rock", "soft rock", "symphonic rock", "uk americana", "bluegrass", "folk", "lilith", "mellow gold", "progressive bluegrass"]}, "0OKn63DGQ2kBRTo9BRfiEP": {"name": "For Her Love", "coverArt": "https://i.scdn.co/image/ab67616d00001e0219450fba9eb4dbaa9dfc5d2e", "artist": ["Sting"], "artistIds": ["0Ty63ceoRnnJKVEYP0VQpk"], "artistPop": [73], "genres": ["permanent wave", "soft rock", "sophisti-pop"]}, "6S8pntCfgqcPa5vhybICfv": {"name": "Sweet Dreams & Dynamite", "coverArt": "https://i.scdn.co/image/ab67616d00001e02cb8c6936d0e684c9f3836206", "artist": ["Seeb", "Nina Nesbitt"], "artistIds": ["5iNrZmtVMtYev5M9yoWpEq", "7AzjETXRUKNRSJHMW9GIqd"], "artistPop": [72, 65], "genres": ["dance pop", "edm", "electro house", "norwegian pop", "pop", "pop dance", "pop edm", "tropical house", "alt z", "dance pop", "electropop", "indie poptimism", "neo-singer-songwriter", "pop", "pop rock", "post-teen pop", "uk pop", "viral pop"]}, "0pjBEOWMJTwzzjBrTAlbDd": {"name": "North", "coverArt": "https://i.scdn.co/image/ab67616d00001e0263f215c50f7ee4746584507a", "artist": ["Fly By Midnight"], "artistIds": ["4rQTEdG6hDVOlDUFKs9EjZ"], "artistPop": [57], "genres": ["alt z", "electropop", "indie electropop", "indie poptimism", "pop edm"]}, "6OOkbVOvc8umM48aIEA3aK": {"name": "Hole", "coverArt": "https://i.scdn.co/image/ab67616d00001e02f00e9721c3de0376e07e711c", "artist": ["Yot Club"], "artistIds": ["6FugQjLquBF4JzATRN70bR"], "artistPop": [71], "genres": ["bedroom pop", "indie pop"]}, "5qFRPfX8KnMsnlbNrjXxHR": {"name": "Life of the Party", "coverArt": "https://i.scdn.co/image/ab67616d00001e02b0b7184015eb92e7f7cb09ce", "artist": ["Sofia Mills"], "artistIds": ["7H0Xu8hdP0tjpZ6z4dHquW"], "artistPop": [58], "genres": []}, "5urhxXrAA3lyKucdA2Cm5M": {"name": "Queer", "coverArt": "https://i.scdn.co/image/ab67616d00001e02d6636d2af9c3bb2f459ef8d6", "artist": ["Arca", "Planningtorock"], "artistIds": ["4SQdUpG4f7UbkJG3cJ2Iyj", "7qHOphlWaJrfFa0BqpayDG"], "artistPop": [62, 46], "genres": ["ai", "art pop", "dance pop", "deconstructed club", "electropop", "escape room", "experimental pop", "fluxwork", "pop", "alternative dance", "art pop", "electroclash", "electropop"]}, "3Z6GbPlijhmM1QTBLS4pvh": {"name": "ANXIETY", "coverArt": "https://i.scdn.co/image/ab67616d00001e02f713b5339b35b194aaf2e2a3", "artist": ["BEAM"], "artistIds": ["46MWeeHNVMYRIIofQBEX98"], "artistPop": [62], "genres": ["trap soul"]}, "0pNCiP9eDs1eGecPAKasnN": {"name": "Eternity", "coverArt": "https://i.scdn.co/image/ab67616d00001e02fda0ada66ad1e6084ef7ed37", "artist": ["Sally Sossa"], "artistIds": ["58q28H7IgX06YXkPvUtGgR"], "artistPop": [56], "genres": []}, "2xDsoMDYyAiOns2ntt1bRE": {"name": "Human (feat. Barns Courtney)", "coverArt": "https://i.scdn.co/image/ab67616d00001e02d4f5657301212008f485d086", "artist": ["Tom Morello", "Barns Courtney"], "artistIds": ["74NBPbyyftqJ4SpDZ4c1Ed", "5tFRohaO5yEsuJxmMnlCO9"], "artistPop": [63, 64], "genres": ["modern alternative rock", "modern rock", "modern alternative rock", "modern rock", "rock"]}, "5vraAGKBOoxAX44ftREyar": {"name": "wondering how", "coverArt": "https://i.scdn.co/image/ab67616d00001e02706223d26718531637f80fa3", "artist": ["Scruffpuppie"], "artistIds": ["4sfEJm0Dv8H6RFfeenNJEd"], "artistPop": [49], "genres": ["lo-fi indie"]}, "63RzcAtYTczRhO1PNLezq0": {"name": "Viagra", "coverArt": "https://i.scdn.co/image/ab67616d00001e02dd11eff19d8017e0b6694afc", "artist": ["CIB"], "artistIds": ["2wCyYQ7ZZm89ylc7Ryryyl"], "artistPop": [3], "genres": []}, "3rXcD1ODKBv1MJnb1PY2pL": {"name": "Country as Fuck", "coverArt": "https://i.scdn.co/image/ab67616d00001e0200edfd19edcba3c7595e1b96", "artist": ["Paul Cauthen"], "artistIds": ["6yHM0XQEdu9sIlbILMaKBp"], "artistPop": [55], "genres": ["new americana", "roots americana"]}, "55lJN2gIzJM9SCfwzxAEjf": {"name": "I Don't Wanna Go To Heaven", "coverArt": "https://i.scdn.co/image/ab67616d00001e02e7951ff7bcdab6c0d52e51d8", "artist": ["Nate Smith"], "artistIds": ["4NYMUsIcUUsBHbV9DICa5x"], "artistPop": [59], "genres": ["contemporary country", "country pop"]}, "2TYtWTZO97F1Uyuwov8wSk": {"name": "So Tired (feat. Bizzle & Zhalarina)", "coverArt": "https://i.scdn.co/image/ab67616d00001e028b8cd9d7c3cfcf1d304f869b", "artist": ["KB", "Bizzle", "Zhalarina"], "artistIds": ["77IKXFvO7SpWrq8hflrUXc", "0P8V2XSw1mIo8739T1qjzr", "4YGH9xeBuphWZaiiWmG8sC"], "artistPop": [62, 50, 10], "genres": ["christian hip hop", "christian trap", "christian hip hop", "christian trap"]}, "2jDNxarXYJ33wnVNWpinL7": {"name": "Champagne Flights", "coverArt": "https://i.scdn.co/image/ab67616d00001e0231334a357895752ae513bbc3", "artist": ["BBY KODIE"], "artistIds": ["7Mkl8rsG7ZMoh0SZPuVZUW"], "artistPop": [53], "genres": ["vapor trap"]}, "3hJmvCJQE7crXKhxGVPT3E": {"name": "Spend It", "coverArt": "https://i.scdn.co/image/ab67616d00001e0202f6a1f4e8f9c871dbd8efc8", "artist": ["BRS Kash"], "artistIds": ["5jJjvmEwRr8epuGZq4eUUa"], "artistPop": [57], "genres": []}, "6UZWeRythuGsvnqrwgcj2v": {"name": "Tweet Bird (Never Broke Again feat.YoungBoy Never Broke Again, Rojay MLP, Meechy Baby, P Yungin, Rjae)", "coverArt": "https://i.scdn.co/image/ab67616d00001e022578e6939e69c44d45b9d9a8", "artist": ["Never Broke Again", "YoungBoy Never Broke Again", "Rojay MLP", "Meechy Baby", "P Yungin", "Rjae"], "artistIds": ["5YyTs9tUWqcdI9kIQb85P2", "7wlFDEWiM5OoIAt8RSli8b", "555MqZGSQCqBmLLLFUjsPl", "6QtIrsfiHbIToOfsCllNxv", "2kxNIMdmDtVtHDAWluq0eN", "0PnrpdWmz1aJYJfNPUejmk"], "artistPop": [51, 86, 30, 28, 39, 24], "genres": ["baton rouge rap", "trap"]}, "6B2smPDLlM2Ms59jSB4pVH": {"name": "Rings of Saturn", "coverArt": "https://i.scdn.co/image/ab67616d00001e02fc6a080bed54972702567cb3", "artist": ["Alann8h"], "artistIds": ["1PG2FugIT1iF2CWnzjw0We"], "artistPop": [44], "genres": ["canadian contemporary r&b", "chill pop", "indie r&b"]}}