{"14246VCxRDGZHqlMlqWSz4": {"name": "Wave Gods", "coverArt": "https://i.scdn.co/image/ab67616d00001e02cdcec7e1d601da2e8232daff", "artist": ["Nas", "A$AP Rocky", "DJ Premier"], "artistIds": ["20qISvAhX20dpIbOOzGK3q", "13ubrt8QOOCPljQ2FL1Kca", "6GEykX11lQqp92UVOQQCC7"], "artistPop": [77, 86, 62], "genres": ["conscious hip hop", "east coast hip hop", "gangster rap", "hardcore hip hop", "hip hop", "queens hip hop", "rap", "east coast hip hop", "hip hop", "rap", "trap", "alternative hip hop", "east coast hip hop", "hardcore hip hop", "hip hop", "jazz boom bap", "turntablism"]}, "4hJhHbkhZFnxmWbAkZRoe0": {"name": "Peru", "coverArt": "https://i.scdn.co/image/ab67616d00001e02f05920bc798631855292cb5f", "artist": ["Fireboy DML", "Ed Sheeran"], "artistIds": ["75VKfyoBlkmrJFDqo1o2VY", "6eUKZXaKkcviH0Ku9w2n3V"], "artistPop": [68, 96], "genres": ["afropop", "nigerian pop", "pop", "uk pop"]}, "0iXqDv92jTifES3rxAYDNc": {"name": "Holy Water", "coverArt": "https://i.scdn.co/image/ab67616d00001e02a8db9eacb41b97cdd4fb4ade", "artist": ["Brett Eldredge"], "artistIds": ["0qSX3s5pJnAlSsgsCne8Cz"], "artistPop": [78], "genres": ["contemporary country", "country", "country road", "modern country rock"]}, "4ur8uhTyzF4Ok9WyxQLr68": {"name": "Skylight", "coverArt": "https://i.scdn.co/image/ab67616d00001e02cc5462eb6e9e4033ba38b328", "artist": ["Gabrielle Aplin"], "artistIds": ["3w6zswp5THsSKYLICUbDTZ"], "artistPop": [67], "genres": ["acoustic pop", "alt z", "electropop", "indie poptimism", "neo mellow", "neo-singer-songwriter", "pop", "pop rock", "uk pop", "viral pop"]}, "3ybYCEZBzVasEAHpix0ihF": {"name": "Win Anyway", "coverArt": "https://i.scdn.co/image/ab67616d00001e02114d9e10724bf43f92f28d41", "artist": ["WALK THE MOON"], "artistIds": ["6DIS6PRrLS3wbnZsf7vYic"], "artistPop": [72], "genres": ["dance pop", "dance rock", "indie poptimism", "modern alternative rock", "modern rock", "pop rock", "rock"]}, "15N1KAIKQwtlBvFXyjC0tC": {"name": "I Don't Wanna", "coverArt": "https://i.scdn.co/image/ab67616d00001e020d7e2506674b6a29a76b6282", "artist": ["Kidd G"], "artistIds": ["5edcHuf8pWH3I00WTorajM"], "artistPop": [64], "genres": ["social media pop"]}, "0HINQFSerZ6iMfSsaTO3G5": {"name": "12x3", "coverArt": "https://i.scdn.co/image/ab67616d00001e02bb49914585bf94cff80c691a", "artist": ["DEKKO"], "artistIds": ["6ZvYYrrfpb1Z7kICDyxWQE"], "artistPop": [61], "genres": ["reggaeton colombiano", "trap latino"]}, "2rKPqxCmMQ68wYV1ArFvNy": {"name": "We Good (From The TV Show \"DAVE\")", "coverArt": "https://i.scdn.co/image/ab67616d00001e021d61fd8667dd8b6b8ad246f9", "artist": ["Lil Dicky", "GaTa"], "artistIds": ["1tqhsYv8yBBdwANFNzHtcr", "5eJwzR2zzh5zkXcUjZAvDL"], "artistPop": [67, 35], "genres": ["comedy rap", "pop rap", "rap"]}, "6I0vBiTtWTVJ0P6tH2y7Qo": {"name": "Self Made", "coverArt": "https://i.scdn.co/image/ab67616d00001e02825f568fc8168ec65b0bc139", "artist": ["Tay Money"], "artistIds": ["6R6EfP43F8ZuMcilsE4zs7"], "artistPop": [60], "genres": ["dfw rap", "trap queen"]}, "1Nxq2Wefu9Xnvt4VXrnH5J": {"name": "Fans Go Crazy", "coverArt": "https://i.scdn.co/image/ab67616d00001e02df3723a7e6ef46ed6ad5e9b5", "artist": ["Money Man", "Yung Bleu"], "artistIds": ["3Rx4PJ7SP6unkOk5elPUK7", "3KNIG74xSTc3dj0TRy7pGX"], "artistPop": [74, 73], "genres": ["memphis hip hop", "rap", "southern hip hop", "trap", "alabama rap", "pop r&b", "pop rap", "r&b", "trap"]}, "0zbCQ5BMhpFfKWcpEuzqVd": {"name": "Typical (feat. Lars Martin)", "coverArt": "https://i.scdn.co/image/ab67616d00001e02ecec5c863abbf222a43d226d", "artist": ["Alok", "Steve Aoki", "Lars Martin"], "artistIds": ["0NGAZxHanS9e0iNHpR8f2W", "77AiFEVeAVj2ORpC85QVJs", "22GWBRw4EYd2qGvzDqzxXO"], "artistPop": [83, 78, 3], "genres": ["electro house", "pop nacional", "slap house", "dance pop", "edm", "electro house", "pop dance", "pop rap", "tropical house"]}, "36vsIkYZOTxHxKPPFoE65Y": {"name": "bad luck", "coverArt": "https://i.scdn.co/image/ab67616d00001e0207e2ac620502cb0b9cf9e5cd", "artist": ["guardin"], "artistIds": ["6zqcGQ6MH6yetBUoquMnL7"], "artistPop": [66], "genres": ["dark trap", "emo rap", "pop rap", "sad lo-fi", "sad rap"]}, "3kZLfFEvFmuRhpVM7Nyfq0": {"name": "come thru", "coverArt": "https://i.scdn.co/image/ab67616d00001e029771098de1707f947503f282", "artist": ["juno", "midwxst"], "artistIds": ["5YfZjShz51htJsfQP0YceU", "7CGSp2GbiOpLPSq61qjxf8"], "artistPop": [46, 61], "genres": ["glitchcore", "glitchcore", "hyperpop", "vapor trap"]}, "5wb8h2gUzyhmCwOtGp29z4": {"name": "Real Thing (feat. Elohim)", "coverArt": "https://i.scdn.co/image/ab67616d00001e02b71b36b053ca026540e8502d", "artist": ["Lights", "Elohim"], "artistIds": ["5pdyjBIaY5o1yOyexGIUc6", "6wKxOKEA3K6R2UZ3COLXEY"], "artistPop": [63, 58], "genres": ["canadian folk", "canadian pop", "electropop", "indie poptimism", "alt z", "edm", "electropop", "indie electropop", "indie poptimism", "indietronica", "la pop", "pop", "vapor soul", "vapor twitch"]}, "7EBx50SQBEAqJ1Kv1X0Gxv": {"name": "Love In The Music", "coverArt": "https://i.scdn.co/image/ab67616d00001e0280b103bc2a2aa181d6dc805b", "artist": ["Baauer"], "artistIds": ["25fqWEebq6PoiGQIHIrdtv"], "artistPop": [58], "genres": ["bass trap", "electro house", "electronic trap", "vapor twitch"]}, "4eaEUmyOmuIkDslaf7xw0f": {"name": "Body Mind Soul (with Benny Benassi feat. Kyle Reynolds)", "coverArt": "https://i.scdn.co/image/ab67616d00001e028e5d3c0cdb0d74eb9013cb0e", "artist": ["DVBBS", "Benny Benassi", "Kyle Reynolds"], "artistIds": ["5X4LWwbUFNzPkEas04uU82", "4Ws2otunReOa6BbwxxpCt6", "5yhR0OqJhkbQ2y76XUte3R"], "artistPop": [69, 67, 57], "genres": ["canadian electronic", "dance pop", "edm", "electro house", "electropop", "pop", "pop dance", "pop edm", "slap house", "tropical house", "edm", "electro house", "pop dance"]}, "5mXqmmuvjxHXHrn2tGsSXv": {"name": "Fix You - Live for There With Care", "coverArt": "https://i.scdn.co/image/ab67616d00001e021fae5009fa858c59c2142d2f", "artist": ["Jacob Collier"], "artistIds": ["0QWrMNukfcVOmgEU0FEDyD"], "artistPop": [64], "genres": ["indie soul", "uk alternative pop"]}, "0T2JQndAZ8UaDdBHWTY6wS": {"name": "Bedroom", "coverArt": "https://i.scdn.co/image/ab67616d00001e02587bdd7821b01312602f787a", "artist": ["Aiyana-Lee"], "artistIds": ["2IZXxSIGhFtkHJyMh6UTln"], "artistPop": [48], "genres": []}, "6ytpkxTqX6awQAvxU5Tccx": {"name": "Hoe Games", "coverArt": "https://i.scdn.co/image/ab67616d00001e02f1f598e9ab2f44220652be42", "artist": ["Kid Ink"], "artistIds": ["6KZDXtSj0SzGOV705nNeh3"], "artistPop": [73], "genres": ["dance pop", "hip hop", "pop rap", "rap", "southern hip hop", "trap"]}, "2fKgq4eJuQcXuzGDjFm5Vw": {"name": "Fool for Love", "coverArt": "https://i.scdn.co/image/ab67616d00001e0242b5a5ed9b6753ad03df11c1", "artist": ["Fredo Bang"], "artistIds": ["4yTmEo2clwWq2jwelvqgVv"], "artistPop": [65], "genres": ["baton rouge rap", "pop rap", "southern hip hop", "trap"]}, "6rVCUwfnuYTAsX4P9fIdIu": {"name": "Dreams Come True", "coverArt": "https://i.scdn.co/image/ab67616d00001e025b1ee39743c40b88a80b4ccf", "artist": ["aespa"], "artistIds": ["6YVMFz59CuY7ngCxTxjpxE"], "artistPop": [75], "genres": ["k-pop", "k-pop girl group"]}, "4RxTUxyNf3NFE4eqZqIfcf": {"name": "Cross My Heart", "coverArt": "https://i.scdn.co/image/ab67616d00001e02196f61397edff6cf65854d62", "artist": ["Klaas", "Emmie Lee"], "artistIds": ["25sJFKMqDENdsTF7zRXoif", "4fFlpk8hS56rPSExrMiiLW"], "artistPop": [71, 52], "genres": ["edm", "german dance", "pop dance", "pop house", "tropical house"]}, "6tFsTN9jmdz4DACp1P7nO1": {"name": "psycho killa", "coverArt": "https://i.scdn.co/image/ab67616d00001e023189e56c41170c1c06e80707", "artist": ["Sipper"], "artistIds": ["2BjcWnk7C01aHhp59HqUED"], "artistPop": [51], "genres": ["indie pop"]}, "5P95YdhbQTboAkNRrbjBZX": {"name": "Rain For Christmas", "coverArt": "https://i.scdn.co/image/ab67616d00001e02390c014bff399f363bf6c471", "artist": ["Abe Parker"], "artistIds": ["5V61WloeXM3XLslOqJ8RES"], "artistPop": [54], "genres": ["alt z"]}, "7oT74IUwjrHseRdUT2tSYa": {"name": "Circles", "coverArt": "https://i.scdn.co/image/ab67616d00001e02039ffc6d2fd01f5da4bfe71a", "artist": ["Adam Turley", "Obi Ben"], "artistIds": ["0clfID6QXqVAUhgm7QHpwF", "4tggpePtFnIweqywchxhP9"], "artistPop": [42, 21], "genres": ["pop edm"]}, "2VHLVBTc9iyjBAVgWdaZ2y": {"name": "Save Me from Myself", "coverArt": "https://i.scdn.co/image/ab67616d00001e02c0088901d5ecd1d4d28d9def", "artist": ["Wifisfuneral"], "artistIds": ["1vb1XqzyNMQ16BqbxRz5BV"], "artistPop": [62], "genres": ["dark trap", "emo rap", "florida rap", "miami hip hop", "rap", "trap", "underground hip hop", "vapor trap"]}, "4LL7QIFRd2k7qGnHZsoDe2": {"name": "On A Tee (feat. Icewear Vezzo)", "coverArt": "https://i.scdn.co/image/ab67616d00001e02773b9366a8d46deb88b29709", "artist": ["SpotemGottem", "Icewear Vezzo"], "artistIds": ["3Y2MLcrD3ZQXRXmtn4fZQx", "1ZbmerOthZbxz5eR3c9Mn1"], "artistPop": [66, 62], "genres": ["florida rap", "viral rap", "detroit trap", "southern hip hop", "trap"]}, "1LGO36ooYszJaigfU70gR2": {"name": "bluemoon", "coverArt": "https://i.scdn.co/image/ab67616d00001e022a684f6c814858446d5d7309", "artist": ["Mixed Matches"], "artistIds": ["7A2xUGz3Mbq2tJdMfILN34"], "artistPop": [51], "genres": ["glitchcore"]}, "1tcPRVt2ucjWKOKZhJv40X": {"name": "@thenovo", "coverArt": "https://i.scdn.co/image/ab67616d00001e0287d59eb11a4433892021d93d", "artist": ["han.irl <3", "Atlas in Motion"], "artistIds": ["5VfSeZYcDwD8WQVwbaoL6z", "1N9JxmOPJqhMCw219uoEi8"], "artistPop": [32, 37], "genres": []}, "3oJ60hM1u2rJLMz7s6fUwS": {"name": "vivienne", "coverArt": "https://i.scdn.co/image/ab67616d00001e020be2d43cadb6a5651a35ddf9", "artist": ["tiffi"], "artistIds": ["4bQCZKbtYa0W0hzA7JrpC4"], "artistPop": [49], "genres": []}, "656lmc1zRhWwkJjdDRM1OJ": {"name": "On The Low (feat. Drenesse)", "coverArt": "https://i.scdn.co/image/ab67616d00001e02b75a71d7716a8a552d74d583", "artist": ["Rayven Justice", "Drenesse"], "artistIds": ["0m9husdLSRyNHOuxFAr5hB", "4jn4ihgNFsIsPdhQsmgLq3"], "artistPop": [49, 23], "genres": ["pop r&b", "slow game", "trap soul", "west coast trap"]}, "0L1Q4kLsRIK4CoxREHt390": {"name": "Mixed Emotions", "coverArt": "https://i.scdn.co/image/ab67616d00001e02c95e916ecbc346b1d6f26614", "artist": ["Big Boogie"], "artistIds": ["372IgXgnCt4wlfumrMTIOs"], "artistPop": [53], "genres": ["memphis hip hop"]}, "3Lqd8p69k4Ew1ItRqIL973": {"name": "Higher Than I Eva...", "coverArt": "https://i.scdn.co/image/ab67616d00001e02411b8acb4cf11a8c204e51aa", "artist": ["Ca$his"], "artistIds": ["3PDMMt0Ip2WHysoAOEAdBq"], "artistPop": [55], "genres": []}, "49Uhm2WdbqxhiKsx14sXEQ": {"name": "How Long v3", "coverArt": "https://i.scdn.co/image/ab67616d00001e02f005c184e7291c32b0f874a1", "artist": ["Kaskade", "Late Night Alumni"], "artistIds": ["6TQj5BFPooTa08A7pk8AQ1", "6JtFllJR7nhh8fa6oGefSj"], "artistPop": [70, 50], "genres": ["edm", "electro house", "pop", "pop dance", "progressive house", "tropical house", "vocal house", "disco house", "downtempo"]}, "3KDJyASCak07xkgxvKhjB2": {"name": "Emma", "coverArt": "https://i.scdn.co/image/ab67616d00001e0201e67184ef07ae0d6315948b", "artist": ["Andrew Barth Feldman"], "artistIds": ["5ulESxWZSX8cw4PI6xgdDG"], "artistPop": [25], "genres": []}, "4grSi0dNb0FbGnlRfbO2Lm": {"name": "butterfly effect - demo", "coverArt": "https://i.scdn.co/image/ab67616d00001e0207be12cb17abf31bfe25ac28", "artist": ["Sophie Holohan"], "artistIds": ["4kpaI92KQcPABQj9qxIopw"], "artistPop": [38], "genres": []}, "3OSl1oTKh3EVg6JNryDdnM": {"name": "I'm So Sad", "coverArt": "https://i.scdn.co/image/ab67616d00001e029cf506f2d0e0e819190d0246", "artist": ["Wells*"], "artistIds": ["4znHFKahg05RTuhSzEIZ41"], "artistPop": [27], "genres": ["nz pop"]}, "2rFAJEY10ySzFWpGfguu2E": {"name": "Superstition", "coverArt": "https://i.scdn.co/image/ab67616d00001e02716681ce2f9d8ecb74624528", "artist": ["Ethan P. Flynn", "Vegyn"], "artistIds": ["1c0MTVrGbnets3DTXAEa0z", "5iUnvXddCpOrbWKm7QMr6o"], "artistPop": [27, 52], "genres": ["electronica", "escape room", "experimental hip hop"]}, "4irTQpYTKM8ad1XgSdU19x": {"name": "Wishlist", "coverArt": "https://i.scdn.co/image/ab67616d00001e02d15a8314b8d7d3f276c5523b", "artist": ["Coyote Theory"], "artistIds": ["48vmXfV0QPy3ljXBp81Fwn"], "artistPop": [66], "genres": []}, "7cetyzjVJMwwLgbvBxahNf": {"name": "Middle Man", "coverArt": "https://i.scdn.co/image/ab67616d00001e026dd38ad1863604d29c6523b5", "artist": ["BigKayBeezy"], "artistIds": ["4wpwsRGyik5kVa8fG37Q50"], "artistPop": [57], "genres": ["chicago rap", "philly drill"]}, "4kmv0GdYL3RvUuCkDIOqbw": {"name": "Lord Knows (feat. Justin Clancy)", "coverArt": "https://i.scdn.co/image/ab67616d00001e028928938408ed8c3fe5fea7d3", "artist": ["Chris Webby", "Justin Clancy"], "artistIds": ["3IstlZaHyUP9SONpulb4SM", "55vc4xrK4aEyZYQWQ4xkpD"], "artistPop": [67, 34], "genres": ["indie pop rap", "pop rap", "rap"]}, "10t1ZXljBmqbdpAS9OOC5Z": {"name": "Christmas In The Hood", "coverArt": "https://i.scdn.co/image/ab67616d00001e02906b06f49a084011333195f8", "artist": ["Sy Ari Da Kid"], "artistIds": ["5ZI5pbnKxA6Qy1fVNsjCp0"], "artistPop": [52], "genres": ["pop r&b", "trap", "trap soul"]}, "1FMRyPDszjHQ3p3UfkX3vL": {"name": "never had a place", "coverArt": "https://i.scdn.co/image/ab67616d00001e028ad2f9e2921e9911993bf8e5", "artist": ["Jadu Jadu", "TAMBALA"], "artistIds": ["2Oe3qtPntosByl21BCcUSc", "2ypQgMFGak7MXlYK0RyO1F"], "artistPop": [50, 30], "genres": []}, "6gl1WVOsI09df2HiCxs5ze": {"name": "Better", "coverArt": "https://i.scdn.co/image/ab67616d00001e02d26bca5b9ed4bb4546519101", "artist": ["Daniel Blume"], "artistIds": ["7pbay7w0V7OdIr3jzSRkHj"], "artistPop": [57], "genres": ["irish pop"]}, "05LHZjqO6lYYmQK5kHxsm0": {"name": "Stop", "coverArt": "https://i.scdn.co/image/ab67616d00001e0263297c96d5c083d3a69c10ca", "artist": ["Elsie Mae"], "artistIds": ["5X3RapLMynGEC8oRqE6tlR"], "artistPop": [1], "genres": []}, "3jJ9djWzDlQnqDd7vTZs9K": {"name": "Mon Soleil - from \"Emily in Paris\" soundtrack", "coverArt": "https://i.scdn.co/image/ab67616d00001e02dca3b77c9cb55d3eb97bf528", "artist": ["Ashley Park"], "artistIds": ["59QZR94fPLVcOx2sWEk7xn"], "artistPop": [43], "genres": []}, "3FtOav13HRZKhnEFIeYl8q": {"name": "Gold", "coverArt": "https://i.scdn.co/image/ab67616d00001e02c5032a260aecbdfadb8c93ae", "artist": ["Kina Grannis", "Jome"], "artistIds": ["7h4j9YTJJuAHzLCc3KCvYu", "4rUMcxwZhidyj6FTbMSXse"], "artistPop": [69, 51], "genres": ["acoustic pop", "neo mellow", "pop rock", "viral pop", "folk-pop", "indie electropop"]}, "3cBsis6RxHMZEY52Bjd5u5": {"name": "Hustlin'", "coverArt": "https://i.scdn.co/image/ab67616d00001e02e07f7ce56667698ac73b022b", "artist": ["NEFFEX"], "artistIds": ["3z97WMRi731dCvKklIf2X6"], "artistPop": [77], "genres": []}, "51KRizdOCpCXx6q651hvis": {"name": "fake friends", "coverArt": "https://i.scdn.co/image/ab67616d00001e02e7ba54df29dbe12e54d9f2e7", "artist": ["familypet", "recycleBin", "CVLTE"], "artistIds": ["0qrKkQFiL3vftNOhGuIJEX", "1qB8BJOcuJuNQw0cPy5RZ2", "3IVZ4DbJgnhOtXQruNdomA"], "artistPop": [45, 34, 44], "genres": ["emo rap", "japanese alternative rock"]}, "6mTfnMO6hHMaNYsYOize7u": {"name": "Too Late", "coverArt": "https://i.scdn.co/image/ab67616d00001e0278f82b81491e77dce164de8d", "artist": ["Teqkoi", "thislandis"], "artistIds": ["6fOKLk8GmQ8xKogCRuuAwD", "0w55l1SoTkaZTig6KFIdk7"], "artistPop": [67, 28], "genres": ["emo rap", "lo-fi chill", "sad lo-fi"]}, "7e8lTRLo5cgoEIxKMK0Vp1": {"name": "RIP", "coverArt": "https://i.scdn.co/image/ab67616d00001e027e6e78eabf1c9f617024fdbf", "artist": ["Jperk"], "artistIds": ["6onWUDwgmJE4adNxGLDwyV"], "artistPop": [9], "genres": []}, "3HUhWUt20d0L1Jh6BNdK1t": {"name": "Adored", "coverArt": "https://i.scdn.co/image/ab67616d00001e02302b5e26359269cda2612d42", "artist": ["Nissim Black"], "artistIds": ["04QgfIIHBRS0b6XiY3kYYy"], "artistPop": [40], "genres": ["jewish hip hop", "jewish pop"]}, "79hHhUxnK1slHwz6VSMH7o": {"name": "Nihilist", "coverArt": "https://i.scdn.co/image/ab67616d00001e023e22656bd3bb06bc7c9efb5b", "artist": ["Yana Bey"], "artistIds": ["4sve9pXG18U5nqViEpIzFe"], "artistPop": [2], "genres": []}, "4ratMBrY9jjm54ppNsPO5Z": {"name": "Little Island", "coverArt": "https://i.scdn.co/image/ab67616d00001e02332cf3f17ea07a7d687cf542", "artist": ["Bamily"], "artistIds": ["6oMh7pGcBIgfpdKKUHmJAy"], "artistPop": [38], "genres": []}, "1wbqhfq7CIN9Q5FL8CL90r": {"name": "you ruined phoebe bridgers", "coverArt": "https://i.scdn.co/image/ab67616d00001e024766ddbddf41c91af6242b60", "artist": ["Anya Gupta"], "artistIds": ["6SHpQ6QnVZdoPVhQa3A2sL"], "artistPop": [23], "genres": []}, "02TKEQYD6jLEB0cYpBflFE": {"name": "Begin Again", "coverArt": "https://i.scdn.co/image/ab67616d00001e02536cfa1dc303d0f84f6c39cf", "artist": ["Rose Cousins"], "artistIds": ["3DIk8KcmVKTr4uGw3AuCtJ"], "artistPop": [52], "genres": ["canadian folk", "canadian indie", "canadian singer-songwriter", "deep new americana", "indie folk", "lilith", "new americana", "pei indie"]}, "3D1ihfozmd9hN3v3CqJsr5": {"name": "Give You Up (feat. Mila Falls)", "coverArt": "https://i.scdn.co/image/ab67616d00001e02596378e68295c065792f4bca", "artist": ["Lucky Rose", "Mila Falls"], "artistIds": ["5ShkaitLUorYdZgJMqTF5E", "5m1yocXnIqkhC8dyQQd6Ve"], "artistPop": [39, 50], "genres": ["pop edm"]}, "2j5aTLN8pgWOGhw04cRfrW": {"name": "Woman", "coverArt": "https://i.scdn.co/image/ab67616d00001e028ef9dcc5b57d2737d37f574c", "artist": ["Rak-Su"], "artistIds": ["5UyRaawCsdiVrro0WWgIVB"], "artistPop": [50], "genres": ["uk pop"]}, "3dK8Q0Fl1ETHRueC2FMl9H": {"name": "No Favors (feat. T9ine)", "coverArt": "https://i.scdn.co/image/ab67616d00001e0277b419e97a2c29725696d29d", "artist": ["Hurricane Wisdom", "T9ine"], "artistIds": ["4PooHx6BstbetDtBMrLyV7", "52gt8ml8WfLe2AVJurLrCX"], "artistPop": [40, 55], "genres": ["florida rap"]}, "0yh3lSGitaSiDYh5rMYSxj": {"name": "That Ain't Nice", "coverArt": "https://i.scdn.co/image/ab67616d00001e02ff816b86b6277b935730fa9d", "artist": ["Azizi Gibson"], "artistIds": ["2NjfafEappzvGGGDdMRJMP"], "artistPop": [57], "genres": ["dark trap", "underground hip hop"]}, "3y5EgAi6fjDlVjmMQt59tS": {"name": "Cinderace Weight", "coverArt": "https://i.scdn.co/image/ab67616d00001e029fb579a474e5abd36391d908", "artist": ["Yung Skrrt"], "artistIds": ["1OrSb6vu3ybhKsSY50R5HU"], "artistPop": [39], "genres": []}, "6mtZRfhPN64ZxpfqPEBdLf": {"name": "Nutcracker", "coverArt": "https://i.scdn.co/image/ab67616d00001e0285f44b213bb68ea92a80032a", "artist": ["s0clich\u00e9"], "artistIds": ["6VFh5MDegSpfTMvGQ4RGaO"], "artistPop": [49], "genres": ["emo rap", "sad lo-fi", "sad rap"]}, "5LBALrbr55bXfJNb8dsWb1": {"name": "Soul System", "coverArt": "https://i.scdn.co/image/ab67616d00001e026df076c6b403d82c1eb13b33", "artist": ["Michael Bibi"], "artistIds": ["4cvdQRyHmkSQSakUrW2oxv"], "artistPop": [51], "genres": ["house"]}, "3WduC5HAB4eOfrIyD9O8Nv": {"name": "Shiny Toys", "coverArt": "https://i.scdn.co/image/ab67616d00001e0270957f2e966901a519f062a8", "artist": ["Sharp Dialect", "IMRSQD"], "artistIds": ["6hVzf5DdOgxvOkReGooSeJ", "3SjPZFpbGUgmdGqpLIZ2lc"], "artistPop": [25, 45], "genres": ["christian hip hop", "christian pop", "christian trap", "uk christian rap"]}, "6FzMIRJ6zBDWjtTW4yx4Zy": {"name": "Breaking Each Other's Hearts", "coverArt": "https://i.scdn.co/image/ab67616d00001e023abb3d78484297db6bdcabd6", "artist": ["Joss Stone"], "artistIds": ["7bvcQXJHkFiN1ppIN3q4fi"], "artistPop": [63], "genres": ["british soul", "neo soul"]}, "31Tauz6YbzCwWUyGJQWxdm": {"name": "promise,", "coverArt": "https://i.scdn.co/image/ab67616d00001e02c3489dab6199266e98babe51", "artist": ["Fay Wildhagen", "SKAAR"], "artistIds": ["7lu3ibFfJWrm1X1eLLRz2P", "4NwacAakrdNGNinNP54KTQ"], "artistPop": [46, 51], "genres": ["norwegian indie", "norwegian pop", "norwegian indie", "norwegian pop", "scandipop"]}, "5Lz6UnJghksQvUAz54yBv9": {"name": "Didn\u2019t We Have a Time", "coverArt": "https://i.scdn.co/image/ab67616d00001e0203abd4109a3452c62faa75d0", "artist": ["North Mississippi Allstars"], "artistIds": ["714osTgzZrkyf3SGjggpfY"], "artistPop": [52], "genres": ["blues rock", "country rock", "deep new americana", "electric blues", "funk", "jam band", "modern blues", "modern blues rock", "new americana", "roots rock", "southern rock"]}, "3z0GfQCW7MAyoqfGbuymvD": {"name": "Happy Christmas My Dear", "coverArt": "https://i.scdn.co/image/ab67616d00001e0243dbb593085f3245a2854ef9", "artist": ["Passenger", "Stu Larsen"], "artistIds": ["0gadJ2b9A4SKsB1RFkBb66", "44M8i4BCwuBbmcQWwMaOfH"], "artistPop": [75, 50], "genres": ["folk-pop", "neo mellow", "pop", "pop rock", "indie anthem-folk", "indie folk", "indiecoustica", "stomp and holler"]}, "41NfPrA9JEK6ufqJkUUU2N": {"name": "Break", "coverArt": "https://i.scdn.co/image/ab67616d00001e024bac3661e58876418ce4e4e8", "artist": ["Emily Muli"], "artistIds": ["5PF3HYijywmkoIgVSwXtP8"], "artistPop": [18], "genres": []}, "0nQMfKCZUHSYA2Qp98Q4m1": {"name": "100GANG", "coverArt": "https://i.scdn.co/image/ab67616d00001e0226a2548c73499542255e0c8f", "artist": ["Eva Shaw", "BIJOU", "Hitmakerchinx"], "artistIds": ["638CPU1xRHUo6AmfZe3F2c", "3abRKajGbb3kLMy9AWzfMA", "6GhBUUXBi2x3DVad9izEQD"], "artistPop": [48, 53, 24], "genres": ["bass house", "edm", "electro house", "vogue"]}, "1qPTQMfc3fIGjFAL7I32Kr": {"name": "Evil Intentions", "coverArt": "https://i.scdn.co/image/ab67616d00001e02d242ca98e9d9d0d4dd5874f2", "artist": ["Sav'o", "Horrid1", "(CGM) ZK", "PR SAD"], "artistIds": ["1VeNLxolTVovUG1ROeumVp", "6BmZMwPlspsjzleRVb8rTZ", "0ffTMgrO5iCwF9VG1ShFYa", "5BNmhwOLVWHalUqNfGJeo4"], "artistPop": [63, 54, 44, 53], "genres": ["uk drill", "uk drill", "uk drill", "uk drill"]}, "0IfBeiOztQ7PvccZNpRGQp": {"name": "BERRIS FUELLER", "coverArt": "https://i.scdn.co/image/ab67616d00001e02c8a3b482631be3b6d603fa0c", "artist": ["Billy Marchiafava"], "artistIds": ["27foDL8SBDLivhZNlDsAza"], "artistPop": [62], "genres": ["aesthetic rap", "lo-fi rap", "meme rap", "vapor trap"]}, "0Dz9Tbq1eplvKXQgMf7Hjp": {"name": "Dangerous", "coverArt": "https://i.scdn.co/image/ab67616d00001e027764111d1b67c0f317d5f200", "artist": ["a4", "Gminxr"], "artistIds": ["6cXae0oxFktl578F6xun8I", "4vvW590Gq8dNWsP5BM9FkS"], "artistPop": [48, 74], "genres": ["desi pop", "punjabi pop"]}, "7vYwKSpzyel2L7FD3YgVLo": {"name": "Feel Like Forever", "coverArt": "https://i.scdn.co/image/ab67616d00001e02742d391e3cac2933bf77bc7b", "artist": ["Zach Oliver"], "artistIds": ["3mUGzseAIqVvSM5m3vJ4GX"], "artistPop": [41], "genres": []}, "39BRQDkqjcezvjud5PqYgQ": {"name": "Follow Me", "coverArt": "https://i.scdn.co/image/ab67616d00001e02e3f4c187e534c7a1da6de533", "artist": ["Faime"], "artistIds": ["6bNCZ9mUA7Qpg8Vu6WGox4"], "artistPop": [53], "genres": ["chill r&b"]}, "4U8TDLDoxWbaAFYkNkxalw": {"name": "Pieces", "coverArt": "https://i.scdn.co/image/ab67616d00001e0291f7888859d15eaa03923dea", "artist": ["S\u00e9b Mont"], "artistIds": ["4lFWNwqQbywI4qCQ9PeL7V"], "artistPop": [57], "genres": []}, "2j9VfaTtfXUr9dWE17Far1": {"name": "Addicted", "coverArt": "https://i.scdn.co/image/ab67616d00001e02dc414dff4cdf550e79a31e60", "artist": ["Nikonn"], "artistIds": ["1IUR872zLRlWXAfr7Uls4Q"], "artistPop": [36], "genres": ["greek indie rock"]}}