{"4iJyoBOLtHqaGxP12qzhQI": {"name": "Peaches (feat. Daniel Caesar & Giveon)", "coverArt": "https://i.scdn.co/image/ab67616d00001e02e6f407c7f3a0ec98845e4431", "artist": ["Justin Bieber", "Daniel Caesar", "Giveon"], "artistIds": ["1uNFoZAHBGtllmzznpCI3s", "20wkVLutqVOYrc0kxFs7rA", "4fxd5Ee7UefO4CUXgwJ7IP"], "artistPop": [96, 82, 84], "genres": ["canadian pop", "pop", "post-teen pop", "canadian contemporary r&b", "pop", "r&b", "pop", "r&b"]}, "6cQ08IpBxxfGcSKxqE3NmB": {"name": "Headshot (feat. Polo G & Fivio Foreign)", "coverArt": "https://i.scdn.co/image/ab67616d00001e02c3c0cf41da2bb35e19acc875", "artist": ["Lil Tjay", "Polo G", "Fivio Foreign"], "artistIds": ["6jGMq4yGs7aQzuGsMgVgZR", "6AgTAQt8XS6jRWi4sX7w49", "14CHVeJGrR5xgUGQFV5BVM"], "artistPop": [84, 88, 75], "genres": ["brooklyn drill", "melodic rap", "nyc rap", "chicago rap", "brooklyn drill", "new york drill", "rap", "trap"]}, "5KFHrrBMyGj5MhVbZMM3ts": {"name": "Tu Veneno", "coverArt": "https://i.scdn.co/image/ab67616d00001e02ea755cf5e2a1513e9b2c497d", "artist": ["J Balvin"], "artistIds": ["1vyhD5VmyZ7KMfW5gqLgo5"], "artistPop": [94], "genres": ["latin", "reggaeton", "reggaeton colombiano", "trap latino"]}, "4MmMxyew8yq1OEyJOMaX6M": {"name": "As I Am (feat. Khalid)", "coverArt": "https://i.scdn.co/image/ab67616d00001e026036cfd2a718036fc523855f", "artist": ["Justin Bieber", "Khalid"], "artistIds": ["1uNFoZAHBGtllmzznpCI3s", "6LuN9FCkKOj5PcnpouEgny"], "artistPop": [96, 88], "genres": ["canadian pop", "pop", "post-teen pop", "pop", "pop r&b"]}, "0tIHHwV2eL10rpQ1fiyDjz": {"name": "Try Me", "coverArt": "https://i.scdn.co/image/ab67616d00001e023563a930e7023f96278586bf", "artist": ["Lil Mosey"], "artistIds": ["5zctI4wO9XSKS8XwcnqEHk"], "artistPop": [76], "genres": ["melodic rap", "rap", "rap conscient", "trap", "vapor trap"]}, "3fUKv3kIexMFOmYsUYvbXJ": {"name": "Hood Melody (feat. Youngboy Never Broke Again)", "coverArt": "https://i.scdn.co/image/ab67616d00001e029ea849484864329633574323", "artist": ["DDG", "OG Parker", "YoungBoy Never Broke Again"], "artistIds": ["0WK3H9OErSn5zKOkOV5egm", "5hhgghBFkLDdMn93GW4x3I", "7wlFDEWiM5OoIAt8RSli8b"], "artistPop": [70, 65, 83], "genres": ["rap", "trap", "baton rouge rap", "trap"]}, "7MIkwVS7Wm1vYTEoDPsyVS": {"name": "Traumada", "coverArt": "https://i.scdn.co/image/ab67616d00001e02b7b03075a7d337cfac90baf8", "artist": ["Paloma Mami"], "artistIds": ["7rOlQwf8OuFLFQp4aydjBt"], "artistPop": [66], "genres": ["latin pop", "reggaeton chileno", "trap chileno"]}, "4Hl9rOqYomojCmxYfr25im": {"name": "White Dress", "coverArt": "https://i.scdn.co/image/ab67616d00001e02ca929c6e766cb8591a286e0d", "artist": ["Lana Del Rey"], "artistIds": ["00FQb4jTyendYWaN8pK0wa"], "artistPop": [84], "genres": ["art pop", "pop"]}, "137mSruegm1u6x9NvwiagR": {"name": "Unstable (feat. The Kid LAROI)", "coverArt": "https://i.scdn.co/image/ab67616d00001e02e6f407c7f3a0ec98845e4431", "artist": ["Justin Bieber", "The Kid LAROI"], "artistIds": ["1uNFoZAHBGtllmzznpCI3s", "2tIP7SsRs7vjIcLrU85W8J"], "artistPop": [96, 92], "genres": ["canadian pop", "pop", "post-teen pop", "australian hip hop"]}, "1VpKOZ6nnap41hh5CbY8gJ": {"name": "Obsessed", "coverArt": "https://i.scdn.co/image/ab67616d00001e0232f092757b151021315edce0", "artist": ["Addison Rae"], "artistIds": ["4gvjmrtzydbMpyJaXUtwvP"], "artistPop": [49], "genres": ["dance pop", "pop", "social media pop"]}, "18isufzGFuXQGmwX5hP5Mp": {"name": "Selfish", "coverArt": "https://i.scdn.co/image/ab67616d00001e0272dbf75edbf3f4de86e2f869", "artist": ["Nick Jonas", "Jonas Brothers"], "artistIds": ["4Rxn7Im3LGfyRkY2FlHhWi", "7gOdHgIoIKoe4i9Tta6qdD"], "artistPop": [69, 80], "genres": ["dance pop", "pop", "post-teen pop", "viral pop", "boy band", "dance pop", "pop", "post-teen pop"]}, "20R40KmQrdwKES14PmDwaf": {"name": "You Belong To Somebody Else", "coverArt": "https://i.scdn.co/image/ab67616d00001e02a20c943db14a7e7ad0dceea6", "artist": ["PJ Harding", "Noah Cyrus"], "artistIds": ["1RryIbDjpwt00AKkSpCGvP", "55fhWPvDiMpLnE4ZzNXZyW"], "artistPop": [57, 74], "genres": ["alt z", "dance pop", "pop", "post-teen pop"]}, "1Lfr9YBRpeSwCS14kBoTAg": {"name": "Moon in the Morning", "coverArt": "https://i.scdn.co/image/ab67616d00001e02667b8d322e53ea20b312e9c4", "artist": ["Adam Melchor"], "artistIds": ["54tv11ndFfiqXiR03PwdlB"], "artistPop": [58], "genres": ["indie anthem-folk", "indie cafe pop", "indie folk", "indie pop", "new jersey indie"]}, "1JdFSVTGl0gDJJVUTBvauR": {"name": "AIN'T GON STOP ME", "coverArt": "https://i.scdn.co/image/ab67616d00001e02aa23db6e90cb851677cc4081", "artist": ["reggie", "Monte Booker", "Kenny Beats"], "artistIds": ["2kAP2prnGAq7s3DwRT6s16", "4p75GTNEXwsAAkpweMVtKo", "1rHOtdmGNr5vcYNw5v7QGC"], "artistPop": [44, 53, 66], "genres": ["indie hip hop", "underground hip hop", "viral rap", "trap", "underground hip hop"]}, "49nkBg3OJtp6m6TQPmG1Qw": {"name": "Wolves", "coverArt": "https://i.scdn.co/image/ab67616d00001e0230a3ae07162e9a5c3b1c230b", "artist": ["Kota the Friend", "Statik Selektah"], "artistIds": ["2AfU5LYBVCiCtuCCfM7uVX", "5v0XTlB9FqNvfBfnw8n5b0"], "artistPop": [66, 55], "genres": ["hip hop", "rap", "underground hip hop", "alternative hip hop", "boom bap", "boston hip hop", "hardcore hip hop", "hip hop", "underground hip hop"]}, "2oeMjGwvO0mDjEYGxO1iLG": {"name": "WHEN THE DEVIL CRIES", "coverArt": "https://i.scdn.co/image/ab67616d00001e0281305010f6a686ffc86facef", "artist": ["347aidan"], "artistIds": ["0bBz5bRBkExaej2HxtVfCw"], "artistPop": [69], "genres": ["sad lo-fi", "sad rap"]}, "0ORX7Ghjozc9UvytOu1DMR": {"name": "Cry", "coverArt": "https://i.scdn.co/image/ab67616d00001e020946e313263013cf91bce9e7", "artist": ["Payday"], "artistIds": ["6I7IZDntAGBmzkCANUmtV0"], "artistPop": [48], "genres": []}, "1xFkcJjWuLlq8CIymwSTw9": {"name": "buzzkill", "coverArt": "https://i.scdn.co/image/ab67616d00001e02f43f9cfd442f6eae2089094c", "artist": ["Mothica"], "artistIds": ["1JhiIIXT9DWqEU3BYFZwGA"], "artistPop": [60], "genres": ["alt z", "electropop", "indie poptimism", "pop", "social media pop", "vapor soul"]}, "5Zkvb4Wz9HJtHjWnxXQDlX": {"name": "Heartless - Live From LA", "coverArt": "https://i.scdn.co/image/ab67616d00001e02426bc8428f6b549ef3a20d73", "artist": ["Roddy Ricch"], "artistIds": ["757aE44tKEUQEqRuT6GnEB"], "artistPop": [83], "genres": ["melodic rap", "rap", "trap"]}, "3kKfpZ1Lwf5bG2t6mHbSOw": {"name": "Plug Talk (feat. 2 Chainz)", "coverArt": "https://i.scdn.co/image/ab67616d00001e022afde92aba9482770dec2203", "artist": ["Benny The Butcher", "Harry Fraud", "2 Chainz"], "artistIds": ["5Matrg5du62bXwer29cU5T", "37ASGd4rWpHjuVonnYAN6S", "17lzZA2AlOHwCwFALHttmp"], "artistPop": [65, 64, 80], "genres": ["boom bap", "buffalo hip hop", "hip hop", "rap", "underground hip hop", "upstate ny rap", "atl hip hop", "gangster rap", "hip hop", "pop rap", "rap", "southern hip hop", "trap"]}, "0xtRShSDM9MNsaARH6hJkF": {"name": "Marigold", "coverArt": "https://i.scdn.co/image/ab67616d00001e02677f9bbc62fb177bc1da3690", "artist": ["Jelani Aryeh"], "artistIds": ["7A47sEe0ih6WpKmNCRMu86"], "artistPop": [56], "genres": ["alternative r&b", "bedroom soul", "indie pop", "indie r&b"]}, "22lJaG2yxlSjIwdUIddcFk": {"name": "(L)only Child", "coverArt": "https://i.scdn.co/image/ab67616d00001e0260884b1bd3109f357403d815", "artist": ["salem ilese"], "artistIds": ["3QJUFtGBGL05vo0kCJZsmT"], "artistPop": [66], "genres": ["alt z", "modern indie pop", "social media pop"]}, "3wFxiKVkDXYVRSqwZsG2MF": {"name": "Picture Of You", "coverArt": "https://i.scdn.co/image/ab67616d00001e02351e463bf707142ecd21ca68", "artist": ["Sara Kays"], "artistIds": ["7Lk9V7E1u5gqSHmtcKlOqH"], "artistPop": [67], "genres": ["alt z", "indie cafe pop", "indie pop", "modern indie pop", "pop", "social media pop"]}, "2EX5zYrsrFWFPukAxfQ8Iv": {"name": "As a Child", "coverArt": "https://i.scdn.co/image/ab67616d00001e0278d18df7e89341289ee29bfb", "artist": ["Madeline The Person"], "artistIds": ["79GARbspzW3V7Kb07hTLoY"], "artistPop": [41], "genres": []}, "1iJBSr7s7jYXzM8EGcbK5b": {"name": "To Begin Again", "coverArt": "https://i.scdn.co/image/ab67616d00001e02ed344bc4daeaf8de2d9333b3", "artist": ["Ingrid Michaelson", "ZAYN"], "artistIds": ["2vm8GdHyrJh2O2MfbQFYG0", "5ZsFI1h6hIdQRw2ti0hz81"], "artistPop": [63, 79], "genres": ["acoustic pop", "ectofolk", "indiecoustica", "lilith", "neo mellow", "pop", "pop rock", "dance pop", "pop", "post-teen pop", "uk pop"]}, "3GaIA718XNZODneN1KW6Vr": {"name": "Self!", "coverArt": "https://i.scdn.co/image/ab67616d00001e0262694e3b93915d3b907428de", "artist": ["Isaia Huron"], "artistIds": ["1hJx89kEIcAmlZzUWat9w6"], "artistPop": [43], "genres": ["alternative r&b", "chill pop", "indie r&b"]}, "4dVR8jBG0RQ7jbdi8GRkyd": {"name": "i wanna slam my head against the wall", "coverArt": "https://i.scdn.co/image/ab67616d00001e0237a90ad43dd46d9c410de679", "artist": ["glaive"], "artistIds": ["4cJKDGSv4Dz9QycXYmo565"], "artistPop": [65], "genres": ["glitchcore", "hyperpop"]}, "6zVkLCrNjslRlGLhmVBrXJ": {"name": "Youtube2MP3", "coverArt": "https://i.scdn.co/image/ab67616d00001e02f9b10a211c323d4405431650", "artist": ["AG Club"], "artistIds": ["22KyrgRdE2K6aB5wtZls3c"], "artistPop": [55], "genres": ["alternative r&b", "indie hip hop", "indie r&b", "underground hip hop"]}, "4TkacaEBA8raWT4LizhONs": {"name": "Calabasas", "coverArt": "https://i.scdn.co/image/ab67616d00001e028e05c60b1563e42232413a22", "artist": ["SSGKobe", "$NOT"], "artistIds": ["1NHCwCMqV9oNQJXl16IltL", "5IbEL2xjRtKsunfmsahLuO"], "artistPop": [65, 77], "genres": ["vapor trap", "aesthetic rap", "florida rap", "underground hip hop"]}, "3OzZSSRbdIr1Jojw1rHUB1": {"name": "Sydney", "coverArt": "https://i.scdn.co/image/ab67616d00001e02d7d06afbecf125312a8ae183", "artist": ["Rich Brian"], "artistIds": ["2IDLDx25HU1nQMKde4n61a"], "artistPop": [77], "genres": ["indonesian hip hop"]}, "1NUpIqsrU4UBxNvmeznDQK": {"name": "Brass in Pocket", "coverArt": "https://i.scdn.co/image/ab67616d00001e023282a52e786e0e1fd0124122", "artist": ["Teddy Geiger", "teddy<3"], "artistIds": ["1YIpZOfyHXMUgUaxxxgbaC", "62FaS5AarFCrus8LxSVKKW"], "artistPop": [40, 39], "genres": ["acoustic pop", "neo mellow", "rochester ny indie", "transpop", "la pop", "transpop"]}, "18lswJgmH364YWM4Gz2q0x": {"name": "Love Mania", "coverArt": "https://i.scdn.co/image/ab67616d00001e0207f547f2be3aab7a2e96be2c", "artist": ["Starrah"], "artistIds": ["6DpWtzfwV8fcwP6fXckDVu"], "artistPop": [53], "genres": []}, "7arsXR8AtExnOFN3v3HiJI": {"name": "Going Dumb", "coverArt": "https://i.scdn.co/image/ab67616d00001e0279e0572c54f0afba2187c671", "artist": ["Alesso", "CORSAK"], "artistIds": ["4AVFqumd2ogHFlRbKIjp1t", "1TcbdifqhtxLz77unBYJ7z"], "artistPop": [77, 62], "genres": ["dance pop", "edm", "electro house", "pop", "pop dance", "progressive electro house", "tropical house", "chinese electropop"]}, "2Gi5XHbTxLbzwjQQHky749": {"name": "Let's Hold Hands (feat. Melanie Faye)", "coverArt": "https://i.scdn.co/image/ab67616d00001e028b3073fdbe5c167704625d49", "artist": ["Dreamer Boy", "Melanie Faye"], "artistIds": ["1UJKiAI4Evnhh1ExDse25D", "4pcfFC9isxezJyTwbV1nIp"], "artistPop": [52, 52], "genres": ["alternative r&b", "chill r&b", "indie pop", "indie r&b", "nashville indie", "bedroom soul"]}, "3wTlriqyGE7UX1bebRBtR8": {"name": "bad to the bone", "coverArt": "https://i.scdn.co/image/ab67616d00001e02a217bcf62aa4cba60eeab335", "artist": ["bbno$", "lentra"], "artistIds": ["41X1TR6hrK8Q2ZCpp2EqCz", "484bfoveqgHfx2VhNY4zzT"], "artistPop": [77, 64], "genres": ["canadian hip hop", "dark trap", "pop rap", "vapor trap", "canadian hip hop"]}, "00lh2JJMF7xsplZhwDT4jv": {"name": "White Lows Off Designer (feat. Lil Durk)", "coverArt": "https://i.scdn.co/image/ab67616d00001e02dc7a99f60609e78342173f47", "artist": ["Tee Grizzley", "Lil Durk"], "artistIds": ["6AUl0ykLLpvTktob97x9hO", "3hcs9uc56yIGFCSy9leWe7"], "artistPop": [70, 87], "genres": ["detroit hip hop", "detroit trap", "hip hop", "rap", "southern hip hop", "trap", "chicago drill", "chicago rap", "drill", "hip hop", "rap", "trap"]}, "57JxDNtEe4iDhKFiwQT6Uo": {"name": "CUENTA", "coverArt": "https://i.scdn.co/image/ab67616d00001e0286686732ed5779f3c4284305", "artist": ["Myke Towers"], "artistIds": ["7iK8PXO48WeuP03g8YR51W"], "artistPop": [90], "genres": ["trap latino"]}, "2QOB5UiRKggr2j9uMD3GYK": {"name": "FREEDOM", "coverArt": "https://i.scdn.co/image/ab67616d00001e02185c1d65f3b51465282c1a68", "artist": ["Jon Batiste"], "artistIds": ["0eRbECAGCLLiTyVXPBRexU"], "artistPop": [58], "genres": ["new orleans jazz"]}, "0xXis9GsPdbB1aBwlFRfV9": {"name": "Get Sun (feat. Arthur Verocai) - Pocket Size Radio Edit", "coverArt": "https://i.scdn.co/image/ab67616d00001e026f53c1b6b4d0321b3b377423", "artist": ["Hiatus Kaiyote", "Arthur Verocai"], "artistIds": ["43JlwunhXm1oqdKyOa2Z9Y", "1tP3R35TdPW8BMwmTPOoVZ"], "artistPop": [60, 49], "genres": ["australian r&b", "indie jazz", "indie soul", "shiver pop", "bossa nova", "brazilian jazz", "indie jazz", "jazz funk", "psicodelia brasileira"]}, "1VgOjFqL9itpsevsi5mBIY": {"name": "Last Cigarette", "coverArt": "https://i.scdn.co/image/ab67616d00001e0275e086f5c2b7a5028b88038a", "artist": ["Morgan Wade"], "artistIds": ["4eYE8Z6cfEHEdG22lTyucP"], "artistPop": [55], "genres": ["contemporary country", "new americana", "roots americana"]}, "6fGNYNyM6PL9qE6kkFaW49": {"name": "Mine Forever", "coverArt": "https://i.scdn.co/image/ab67616d00001e022cba88ee3de8f0317fb2b290", "artist": ["Lord Huron"], "artistIds": ["6ltzsmQQbmdoHHbLZ4ZN25"], "artistPop": [73], "genres": ["indie folk", "stomp and holler"]}, "4toets2O8r7X3RHsppIy9s": {"name": "Story of My Life", "coverArt": "https://i.scdn.co/image/ab67616d00001e026b536f52053d5ce45a7edbef", "artist": ["Ant Clemons"], "artistIds": ["028lPW2NdWHdSPCkRkcyhd"], "artistPop": [58], "genres": ["alternative r&b", "indie r&b", "pop r&b"]}, "16ZSaXzmcsIXvHaK2HhT8r": {"name": "Chicken Adobo", "coverArt": "https://i.scdn.co/image/ab67616d00001e022bd125ac580ba1399610957a", "artist": ["Guapdad 4000", "!llmind"], "artistIds": ["0NcPKaSNIHAM2RfioH9vMT", "0bw7sLDsNQTScMpmsNFukJ"], "artistPop": [62, 45], "genres": ["cali rap", "oakland hip hop", "scam rap", "trap soul", "underground hip hop", "vapor trap"]}, "3xEd1UveSxgYsrQSfTt6iU": {"name": "Designa (Corvette Corvette, Pt. 2)", "coverArt": "https://i.scdn.co/image/ab67616d00001e02ad58a0b862fcdefb82813187", "artist": ["Popp Hunna"], "artistIds": ["3fyhhXHbGVLuSHFk2SYx4I"], "artistPop": [56], "genres": ["philly rap"]}, "3UR9JqoEaQc2qhsMTDgOiz": {"name": "Lumbago", "coverArt": "https://i.scdn.co/image/ab67616d00001e02e79b142ea2cd96d2279b3db4", "artist": ["Yeek"], "artistIds": ["5BhFZpE8kUGZJiKOsYjLQM"], "artistPop": [57], "genres": ["alternative r&b", "indie r&b"]}, "4nrMhdklAbLUkHRv1H7YkA": {"name": "Kneepads", "coverArt": "https://i.scdn.co/image/ab67616d00001e02cd8bc8e93787b8e2c803acde", "artist": ["MyKey"], "artistIds": ["191tnItkCke3YcHpUxDOD9"], "artistPop": [53], "genres": ["bedroom pop", "indie pop"]}, "0bfHoIK4Da3xOiiBdC2iTQ": {"name": "we would have some cute kids.", "coverArt": "https://i.scdn.co/image/ab67616d00001e02bce2c141ac668f4cace7a770", "artist": ["Tai Verdes"], "artistIds": ["2kCO8LXN1usaOPL3iEE28I"], "artistPop": [75], "genres": ["modern indie pop", "pop rap"]}, "16cfhCwNCVTmmSoLYxb2z3": {"name": "Nevermind", "coverArt": "https://i.scdn.co/image/ab67616d00001e02c59a2b49bba75c66a7558f64", "artist": ["Babygirl"], "artistIds": ["6Y2m4AEOS9JFrsK2goyg7T"], "artistPop": [44], "genres": ["indie pop"]}, "4OOCHC6IvwftKghx8VC45J": {"name": "I Really Want U To B Here", "coverArt": "https://i.scdn.co/image/ab67616d00001e0204c9b61f47da3ea9e366bc53", "artist": ["Wacomo"], "artistIds": ["3QCB7sHyeE8BM8G5JqA1Z4"], "artistPop": [34], "genres": []}, "6avcTjapRBq4AL6760uUbF": {"name": "Ride Or Die (feat. Chilly Gonzales)", "coverArt": "https://i.scdn.co/image/ab67616d00001e029e02597638fccbff0b240674", "artist": ["Boys Noize", "Kelsey Lu", "Chilly Gonzales"], "artistIds": ["62k5LKMhymqlDNo2DWOvvv", "0fEfMW5bypHZ0A8eLnhwj5", "0qudezVgvl4Chd9BgNFB83"], "artistPop": [58, 49, 53], "genres": ["alternative dance", "electro house", "electronica", "filter house", "german dance", "german techno", "new rave", "alternative r&b", "art pop", "escape room", "experimental r&b", "indie soul", "neo-classical"]}, "7HXBG0W8gFJwHUh5mVF9tf": {"name": "Rise", "coverArt": "https://i.scdn.co/image/ab67616d00001e0297af9e1f4cee5d4e16925042", "artist": ["Lost Frequencies"], "artistIds": ["7f5Zgnp2spUuuzKplmRkt7"], "artistPop": [78], "genres": ["belgian edm", "edm", "pop", "pop dance", "tropical house"]}, "5f2CDk3D2XX8XyL6kViwZI": {"name": "No Plans for Love (with Ne-Yo & Kent Jones)", "coverArt": "https://i.scdn.co/image/ab67616d00001e02109d928bd89931d6aa3f5b8c", "artist": ["D-Nice", "Ne-Yo", "Kent Jones"], "artistIds": ["4MbFOE7rR1KpTjHTw1gjWH", "21E3waRsmPlU7jZsS13rcj", "3jHBxvZ9gbBkZ17wKUqVsO"], "artistPop": [49, 79, 55], "genres": ["bronx hip hop", "east coast hip hop", "hip hop", "old school hip hop", "dance pop", "pop", "pop rap", "r&b", "urban contemporary", "miami hip hop", "viral trap"]}, "5XGJj8eIm5tSdxkIm6GBal": {"name": "Butterflies", "coverArt": "https://i.scdn.co/image/ab67616d00001e029023475e2fc5d2e81ab5eb6c", "artist": ["James TW"], "artistIds": ["0B3N0ZINFWvizfa8bKiz4v"], "artistPop": [70], "genres": ["indie cafe pop", "neo mellow", "pop", "pop rock", "post-teen pop", "uk pop", "viral pop"]}, "0hDDcANYNTgvQ2gpsBBjaZ": {"name": "Ruin My Make Up", "coverArt": "https://i.scdn.co/image/ab67616d00001e02c1730efccb8b3b6281b690f7", "artist": ["Lola Young"], "artistIds": ["67FB4n52MgexGQIG8s0yUH"], "artistPop": [38], "genres": ["uk pop"]}, "4Zih25AhRAn5EI4zawt4Po": {"name": "Big Facts", "coverArt": "https://i.scdn.co/image/ab67616d00001e02cba81621971d0199383c0e6c", "artist": ["Kareen Lomax"], "artistIds": ["0Fb9qTWnjsB90xH3zWr4oa"], "artistPop": [58], "genres": []}, "6mm3K0yWp6uzfOMuipM9Zh": {"name": "Tan Bonita", "coverArt": "https://i.scdn.co/image/ab67616d00001e029a74860d7918c8e38c5220cf", "artist": ["Piso 21"], "artistIds": ["4bw2Am3p9ji3mYsXNXtQcd"], "artistPop": [77], "genres": ["colombian pop", "latin", "reggaeton", "reggaeton colombiano", "trap latino"]}, "0nfFdjswV0F5XGehivzBCW": {"name": "Judas", "coverArt": "https://i.scdn.co/image/ab67616d00001e027a0b5c826689bee750c3605f", "artist": ["Bad Gyal", "KHEA"], "artistIds": ["4F4pp8NUW08JuXwnoxglpN", "4m6ubhNsdwF4psNf3R8kwR"], "artistPop": [66, 78], "genres": ["rap catala", "rap latina", "trap catala", "trap latino", "urbano espanol", "argentine hip hop", "trap argentino", "trap latino", "trap triste"]}, "46quh9nQ4OJS1ANuvQM2Ny": {"name": "Sleep With The Roaches", "coverArt": "https://i.scdn.co/image/ab67616d00001e02b636b3d4c883bf63c306adbe", "artist": ["Young Dolph", "Key Glock"], "artistIds": ["3HiuzBlSW7pGDXlSFMhO2g", "0RESbWvOMyua0yuyVrztJ5"], "artistPop": [72, 73], "genres": ["gangster rap", "hip hop", "memphis hip hop", "pop rap", "rap", "southern hip hop", "tennessee hip hop", "trap", "hip hop", "memphis hip hop", "rap", "southern hip hop", "tennessee hip hop", "trap"]}, "0946VVOuYpcWD04kxXHZzP": {"name": "Just Like Martin", "coverArt": "https://i.scdn.co/image/ab67616d00001e02a4147fcdb22dc6884b868071", "artist": ["IDK"], "artistIds": ["6aiFCgyKNwF9Rv5TOxnE8E"], "artistPop": [65], "genres": ["dmv rap", "hip hop", "rap", "trap", "underground hip hop"]}, "2RmENPt0yPmU09BKjKC26M": {"name": "Ziplock", "coverArt": "https://i.scdn.co/image/ab67616d00001e02c85523ed3f43010196c56a3a", "artist": ["Saba"], "artistIds": ["7Hjbimq43OgxaBRpFXic4x"], "artistPop": [65], "genres": ["alternative r&b", "chicago rap", "hip hop", "rap", "underground hip hop"]}, "6AtOwEpEs38Be9tuIX1eYh": {"name": "SITUATIONS", "coverArt": "https://i.scdn.co/image/ab67616d00001e028cec880f1e88fe42653d1653", "artist": ["Paris Texas"], "artistIds": ["1SCrMreNPJYSRZIlRe9SUq"], "artistPop": [47], "genres": ["indie hip hop", "indie r&b"]}, "5jRsnHqasY3MPLsZq76KiO": {"name": "OH GOD", "coverArt": "https://i.scdn.co/image/ab67616d00001e02da2ebe31c793329aecb27293", "artist": ["marinelli"], "artistIds": ["0iqCNJHozJhcjPDoX1EJ6a"], "artistPop": [46], "genres": ["modern indie pop"]}, "1Vr58OrTTkru2xyFEwEf6z": {"name": "BERNADETTE", "coverArt": "https://i.scdn.co/image/ab67616d00001e02833aa0ba2b4ee22b330e9f4f", "artist": ["Zack Villere", "Joyce Wrice"], "artistIds": ["5jLbQGcvxehi2Z6qkUP9Rh", "24Cf1irKt7kcewb9OOkPum"], "artistPop": [43, 53], "genres": ["bedroom pop", "alternative r&b", "chill r&b", "indie r&b", "indie soul", "r&b"]}, "2dUbpH1y32IQKGzc254W32": {"name": "The Bright Lights", "coverArt": "https://i.scdn.co/image/ab67616d00001e02a7d3732555323ff093291c07", "artist": ["flora cash"], "artistIds": ["6GpcBKNmZDIrRzYkPJu7Wd"], "artistPop": [64], "genres": ["indie pop", "scandipop", "swedish indie folk"]}, "42OXgCBByC4p3tm0w4MXIT": {"name": "My Way (feat. Tyler Hubbard)", "coverArt": "https://i.scdn.co/image/ab67616d00001e02deac5bffe5350a9a5701726d", "artist": ["Lathan Warlick", "Tyler Hubbard"], "artistIds": ["6Wg68vsyRjVt7TRJsWNWSP", "3BEV5FcxOtkQJ7lLRKMh3V"], "artistPop": [47, 56], "genres": ["christian hip hop", "christian trap"]}, "5U0vBHXtFGnFdo53E34m4X": {"name": "If You Change Your Mind", "coverArt": "https://i.scdn.co/image/ab67616d00001e022481b98c36b7abf03d4b930d", "artist": ["Hunter Hayes"], "artistIds": ["7H6dkUChT5EoOQtUVMg4cN"], "artistPop": [62], "genres": ["contemporary country", "country", "country road", "modern country rock", "pop", "post-teen pop"]}, "2EO3Lksm1VxN9s8vOM37ep": {"name": "Used To Be (feat. Wiz Khalifa)", "coverArt": "https://i.scdn.co/image/ab67616d00001e02ffeed129118c7fec7625d0f9", "artist": ["Steve Aoki", "Kiiara", "Wiz Khalifa"], "artistIds": ["77AiFEVeAVj2ORpC85QVJs", "4u5smJBskI6Adzv08PuiUP", "137W8MRPWKqSmrBGDBFSop"], "artistPop": [76, 66, 84], "genres": ["dance pop", "edm", "electro house", "pop", "pop dance", "tropical house", "alt z", "dance pop", "electropop", "indie poptimism", "pop", "post-teen pop", "dance pop", "hip hop", "pittsburgh rap", "pop rap", "rap", "southern hip hop", "trap"]}, "5XPo15e5ICs6NvSMn44pTF": {"name": "Malibu", "coverArt": "https://i.scdn.co/image/ab67616d00001e020762dcd6c15989ac855e28ed", "artist": ["Virginia To Vegas", "NOTD"], "artistIds": ["3v9wPA58IVrX2dg6AjSPgi", "5jAMCwdNHWr7JThxtMuEyy"], "artistPop": [58, 70], "genres": ["canadian pop", "electropop", "alt z", "dance pop", "edm", "electro house", "electropop", "pop", "pop dance", "pop edm", "post-teen pop", "tropical house"]}, "306z41nX8H9JeLvdvQClwI": {"name": "CEO", "coverArt": "https://i.scdn.co/image/ab67616d00001e02b1d7be359b7fb42d3a4fd108", "artist": ["Snoop Dogg"], "artistIds": ["7hJcb9fa4alzcOq3EaNPoG"], "artistPop": [83], "genres": ["g funk", "gangster rap", "hip hop", "pop rap", "rap", "west coast rap"]}, "3Icnj3FRBYCl2m2hF6cATP": {"name": "Asthma Pump (with Flo Milli)", "coverArt": "https://i.scdn.co/image/ab67616d00001e02cee6029daf65d56eda82da0a", "artist": ["Tay Money", "Flo Milli"], "artistIds": ["6R6EfP43F8ZuMcilsE4zs7", "08PvCOlef4xdOr20jFSTPd"], "artistPop": [56, 69], "genres": ["dfw rap", "trap queen", "dance pop", "pop", "pop rap", "r&b", "social media pop", "viral rap"]}, "5rYX6uGGhwRBRseSGosoR8": {"name": "Casa", "coverArt": "https://i.scdn.co/image/ab67616d00001e02290beb06fc31a5e3e8165ff9", "artist": ["22Gz"], "artistIds": ["4JhbRL6zaItAyzqx4gHTqz"], "artistPop": [62], "genres": ["brooklyn drill", "nyc rap"]}, "75ZPeC3sF8Nen4aLVAWLD6": {"name": "WHY WOULD I (feat. Lil Durk)", "coverArt": "https://i.scdn.co/image/ab67616d00001e0280bcd590e33e511bcaedfade", "artist": ["YXNG K.A", "Lil Durk"], "artistIds": ["3BBujITyfgwyXTQliFzUNH", "3hcs9uc56yIGFCSy9leWe7"], "artistPop": [43, 87], "genres": ["philly rap", "chicago drill", "chicago rap", "drill", "hip hop", "rap", "trap"]}, "2ywblqGc9Uvw5aZAzCqTU8": {"name": "Baby", "coverArt": "https://i.scdn.co/image/ab67616d00001e0255804d1f36fb35af4e5655cb", "artist": ["ROE", "DJ Battlecat"], "artistIds": ["07JjZMOwidxS5bcgvilg2y", "0oywmZ7vl6A3bQPTsN66Rm"], "artistPop": [43, 39], "genres": ["indie r&b", "pop r&b"]}, "5bwLs2TUxldWW6ZGOI9Zx6": {"name": "Crush", "coverArt": "https://i.scdn.co/image/ab67616d00001e0203f810a82a20982f66ccd45a", "artist": ["Ethel Cain"], "artistIds": ["0avMDS4HyoCEP6RqZJWpY2"], "artistPop": [42], "genres": ["indie pop", "modern dream pop"]}, "09oUu07p0Hp845lehhYsYG": {"name": "Cherry In Tacoma", "coverArt": "https://i.scdn.co/image/ab67616d00001e02f62b1a74a6cc305bd92e50bb", "artist": ["Benjamin Francis Leftwich"], "artistIds": ["7D5oTJSXSHf51auG0106CQ"], "artistPop": [56], "genres": ["indie anthem-folk", "indie folk", "stomp and holler", "york indie"]}, "0rDOZAwa5hpOIFvej2yBIU": {"name": "Evergreen", "coverArt": "https://i.scdn.co/image/ab67616d00001e02c8e292053a64281ec830dc10", "artist": ["Bendigo Fletcher"], "artistIds": ["6O8lpJl2nITlA3dJfT95pM"], "artistPop": [44], "genres": ["deep new americana", "roots americana"]}, "2AxlSslgR8v0Hqq079x7vv": {"name": "Broken Bells", "coverArt": "https://i.scdn.co/image/ab67616d00001e029163a72affa104f29fc576fb", "artist": ["Greta Van Fleet"], "artistIds": ["4NpFxQe2UvRCAjto3JqlSl"], "artistPop": [74], "genres": ["modern blues rock", "modern hard rock", "rock"]}, "2ymOJYGe3noIiQF83yAysV": {"name": "How Am I Still Alive? (with Lydia Night)", "coverArt": "https://i.scdn.co/image/ab67616d00001e02804e333e57dbbf51815a47d7", "artist": ["Lauran Hibberd", "The Regrettes", "Lydia Night"], "artistIds": ["33ReZaGVb63WaJE68WgWuU", "67WNUxmM7y4WzHPAVzBu3E", "0J5n8cS1rKCAZ7eJek1uYK"], "artistPop": [37, 53, 33], "genres": ["english indie rock", "isle of wight indie", "indie pop", "la indie"]}, "33cJ7PEcgnh5d9JPgJNmkn": {"name": "Sticky", "coverArt": "https://i.scdn.co/image/ab67616d00001e0247c88f0312cd729c93c13b13", "artist": ["The Maine"], "artistIds": ["4o0pNHbyj36LPvukNqEug0"], "artistPop": [61], "genres": ["modern alternative rock", "modern rock", "neon pop punk", "pop emo", "pop punk", "pop rock", "post-teen pop", "tempe indie"]}, "27cWalfVkjaY21WxHiR426": {"name": "MANY FACES", "coverArt": "https://i.scdn.co/image/ab67616d00001e02650c7fd1ff5beee6bca2f1be", "artist": ["dad sports"], "artistIds": ["62iEYJuqOpo6M5UAu4aw3U"], "artistPop": [43], "genres": ["indie pop"]}, "1I42QMyWviQKegiQRGim0S": {"name": "Over It", "coverArt": "https://i.scdn.co/image/ab67616d00001e026d9b4f6faea9bcd170b18ea3", "artist": ["Drax Project"], "artistIds": ["6S0IvKlvPMX1RtAYtVpUV8"], "artistPop": [60], "genres": ["australian pop", "nz pop"]}, "5nD2zmNcN7jZ1lrdj4ZVxX": {"name": "River", "coverArt": "https://i.scdn.co/image/ab67616d00001e02743d11f573024ffb5fdc8bfc", "artist": ["Tom Gregory"], "artistIds": ["6Rmg5JiRphFMlhkwGNl9Fu"], "artistPop": [67], "genres": ["tropical house", "uk pop"]}, "6Et5KimMg3IXwD6lJPGmQw": {"name": "Me Fije", "coverArt": "https://i.scdn.co/image/ab67616d00001e025f585b216b19318a6d3445e8", "artist": ["Alex Rose", "Rauw Alejandro"], "artistIds": ["2DspEsT7UXGKd2VaaedgG4", "1mcTU81TzQhprhouKaTkpq"], "artistPop": [76, 92], "genres": ["latin", "reggaeton", "reggaeton flow", "trap latino", "puerto rican pop", "trap latino"]}, "6HeH0KsT1kBXAv7UasipKE": {"name": "Toxic (ft. BEAM)", "coverArt": "https://i.scdn.co/image/ab67616d00001e023009e0806a6618426b0c5cc5", "artist": ["Maeta", "BEAM"], "artistIds": ["2EwyKG76iX4Pp5HhAD6SKO", "46MWeeHNVMYRIIofQBEX98"], "artistPop": [49, 62], "genres": ["alternative r&b", "chill r&b", "indie r&b", "trap soul"]}, "4Jm2mo5ZdKdFCgCLoaYSw9": {"name": "Opps", "coverArt": "https://i.scdn.co/image/ab67616d00001e022d2c02ef3b35d3d48df55cc9", "artist": ["TheHxliday"], "artistIds": ["2e3LzbZx1VP4wBNFCaxZVD"], "artistPop": [50], "genres": ["sad rap", "vapor trap"]}, "540uX9F4UaTYOeRCndlI5m": {"name": "ZaZa", "coverArt": "https://i.scdn.co/image/ab67616d00001e02ced8f0bee0b1bec249643c08", "artist": ["JayDaYoungan"], "artistIds": ["0E3pLs4jXz9tDQGY8m1A1d"], "artistPop": [64], "genres": ["melodic rap", "southern hip hop", "trap"]}, "5H3RzvBoEUe3F4pXx6Vkqh": {"name": "Federal", "coverArt": "https://i.scdn.co/image/ab67616d00001e0217c8ad4d840b63d0a9c4b46e", "artist": ["Bfb Da Packman"], "artistIds": ["3C1bStPNVIPmGIrORT5OlF"], "artistPop": [56], "genres": ["flint hip hop"]}, "4DyahQp1CSLnVqhDIw3vGS": {"name": "TACKLE", "coverArt": "https://i.scdn.co/image/ab67616d00001e02830231f4b80dede00576344e", "artist": ["Joey Trap"], "artistIds": ["0qpRQJnULShIWFKhcW5pce"], "artistPop": [56], "genres": ["aesthetic rap", "dark trap", "san diego rap", "underground hip hop", "vapor trap", "viral rap"]}, "56wNHSmwPpaMnedMETFdX4": {"name": "Wok", "coverArt": "https://i.scdn.co/image/ab67616d00001e02e09cb4759608c7d946453932", "artist": ["Lil Gotit"], "artistIds": ["4ke9HXbejpYVMhbOjSa4le"], "artistPop": [55], "genres": ["atl trap", "rap", "southern hip hop", "trap", "vapor trap"]}, "3tlEnbD3rIuFQwfldUwpJC": {"name": "Her Body", "coverArt": "https://i.scdn.co/image/ab67616d00001e02bc166a54d677e3d940b6ff5b", "artist": ["Nasty Cherry"], "artistIds": ["3a4OHGZwsqHc3eRChiDkS9"], "artistPop": [42], "genres": ["electropop", "escape room", "indie pop", "modern alternative pop"]}, "7r4eBIwyuH4vieoLKuRyPw": {"name": "videogame", "coverArt": "https://i.scdn.co/image/ab67616d00001e0241bee49a7c9be48a0b0e4ae3", "artist": ["Hudi"], "artistIds": ["6yeLse5F06fsz7hzqDIn5y"], "artistPop": [39], "genres": []}, "4j5EbI5yDZupqtKKgu6mRj": {"name": "Circles", "coverArt": "https://i.scdn.co/image/ab67616d00001e025c4815e9c757737eb1d58dad", "artist": ["Lourdiz"], "artistIds": ["54nb7VPvMgQEW6pC9Mz0an"], "artistPop": [44], "genres": []}, "55MZizyMxvrAK1IgYVrPmk": {"name": "Out of My Mind (feat. Camper)", "coverArt": "https://i.scdn.co/image/ab67616d00001e02e409c4a9a4f4f96f91d2f3e7", "artist": ["Kierra Sheard", "Camper"], "artistIds": ["4x3CdMQ3YjnPn4Evhyni5y", "6LRKiJQwBb8A9iukQsyglp"], "artistPop": [51, 28], "genres": ["gospel", "gospel r&b"]}, "2xgpFeU6rHgoQAXnvP69iJ": {"name": "Never Wanna Be", "coverArt": "https://i.scdn.co/image/ab67616d00001e02555b6d9c998fdcf0decd2b14", "artist": ["Levi Hummon"], "artistIds": ["64fJiKnU2RfnndB8xP3gLi"], "artistPop": [49], "genres": ["contemporary country", "country pop"]}, "2Q2TgzJaT051Anozo48K5L": {"name": "I Will Be A Lion (feat. Jake Reese)", "coverArt": "https://i.scdn.co/image/ab67616d00001e02c77fd471855d57c796e654ae", "artist": ["KSHMR", "Jake Reese"], "artistIds": ["2wX6xSig4Rig5kZU6ePlWe", "0eBOZ74PcpQb3SisNPgaRQ"], "artistPop": [71, 56], "genres": ["big room", "edm", "electro house", "indian edm", "pop dance", "slap house", "tropical house", "dutch pop"]}, "1x7FOpBb3p3OfmcQDBqPrJ": {"name": "Mine (feat. Rubi Rose)", "coverArt": "https://i.scdn.co/image/ab67616d00001e029e729c254b27e81a75e70ec5", "artist": ["Trap Manny", "Rubi Rose"], "artistIds": ["0SNzlwOGBLhCMZPN2ZKzna", "1DGAqC29aw0FpJCejAehVk"], "artistPop": [47, 59], "genres": ["new york drill", "pop r&b"]}, "1U1VI1YDJbxfWpRmZ2qLMp": {"name": "Boys To Men", "coverArt": "https://i.scdn.co/image/ab67616d00001e0280715855c0bd138afabdc529", "artist": ["Lil Poppa"], "artistIds": ["2hq1yEIcPd7KMLmU6h77Cg"], "artistPop": [56], "genres": ["florida rap"]}, "0ywDSTySG9CkwTdZPCWNqE": {"name": "Super Pain", "coverArt": "https://i.scdn.co/image/ab67616d00001e026f20009f4d87398468cc5aa8", "artist": ["Guwop Reign"], "artistIds": ["5OUwokFyNIJGH36kbUQg06"], "artistPop": [35], "genres": ["atl trap"]}, "6agc8lbcWKzfMmKVqQi46g": {"name": "GOD LEVEL FREESTYLE", "coverArt": "https://i.scdn.co/image/ab67616d00001e02694ae27c01e212f5d917ad9e", "artist": ["BBY KODIE"], "artistIds": ["7Mkl8rsG7ZMoh0SZPuVZUW"], "artistPop": [52], "genres": ["vapor trap"]}, "1VYaM9VSix6jth7nXiHvo2": {"name": "Chico Estrella", "coverArt": "https://i.scdn.co/image/ab67616d00001e02ed5d83921bacacb3571acb26", "artist": ["Duki"], "artistIds": ["1bAftSH8umNcGZ0uyV7LMg"], "artistPop": [85], "genres": ["argentine hip hop", "trap argentino", "trap latino", "trap triste"]}}