{"2SAqBLGA283SUiwJ3xOUVI": {"name": "Laugh Now Cry Later (feat. Lil Durk)", "coverArt": "https://i.scdn.co/image/ab67616d00001e0252c75ed37313b889447011ef", "artist": ["Drake", "Lil Durk"], "artistIds": ["3TVXtAsR1Inumwj472S9r4", "3hcs9uc56yIGFCSy9leWe7"], "artistPop": [100, 87], "genres": ["canadian hip hop", "canadian pop", "hip hop", "pop rap", "rap", "toronto rap", "chicago drill", "chicago rap", "drill", "hip hop", "rap", "trap"]}, "27ycaQnQAxaPiyeg3nr2aB": {"name": "Midnight Sky", "coverArt": "https://i.scdn.co/image/ab67616d00001e02d59c3c489691c8b41043cab2", "artist": ["Miley Cyrus"], "artistIds": ["5YGY8feqx7naU7z4HrwZM6"], "artistPop": [84], "genres": ["dance pop", "pop", "post-teen pop"]}, "3xvYvJAa0iUVKKsYcuDNlK": {"name": "Hard On Yourself", "coverArt": "https://i.scdn.co/image/ab67616d00001e02e0e9139ff2f8256ebab8fc5b", "artist": ["Charlie Puth", "blackbear"], "artistIds": ["6VuMaDnrHyPL1p4EHjYLi7", "2cFrymmkijnjDg9SS92EPM"], "artistPop": [80, 84], "genres": ["dance pop", "pop", "post-teen pop", "viral pop", "pop", "pop rap"]}, "02kDW379Yfd5PzW5A6vuGt": {"name": "Lemonade", "coverArt": "https://i.scdn.co/image/ab67616d00001e02d46a8fffbe6c8630784f04da", "artist": ["Internet Money", "Gunna", "Don Toliver", "NAV"], "artistIds": ["6MPCFvOQv5cIGfw3jODMF0", "2hlmm7s2ICUX0LVIhVFlZQ", "4Gso3d4CscCijv0lmajZWs", "7rkW85dBwwrJtlHRDkJDAC"], "artistPop": [79, 87, 83, 79], "genres": ["pop rap", "rap", "trap", "atl hip hop", "hip hop", "melodic rap", "rap", "trap", "rap", "trap", "canadian hip hop", "canadian trap", "hip hop", "melodic rap", "pop rap", "rap", "toronto rap", "trap"]}, "2cerDm5EbuTNJ68EIMtrF2": {"name": "Monsters You Made (feat. Chris Martin)", "coverArt": "https://i.scdn.co/image/ab67616d00001e02f6a834ad44c8f4a43051d43c", "artist": ["Burna Boy", "Chris Martin"], "artistIds": ["3wcj11K77LjEY1PkEazffa", "0LQoZQIV0mIs0y0XQb0Sw2"], "artistPop": [77, 60], "genres": ["afro dancehall", "dancehall", "nigerian hip hop", "nigerian pop"]}, "0pk1hxhJLBSZZ5RKBhcwOa": {"name": "Levitating (feat. Madonna and Missy Elliott) [The Blessed Madonna Remix]", "coverArt": "https://i.scdn.co/image/ab67616d00001e02d5d8db4a78c0c7de547d8ba2", "artist": ["Dua Lipa", "Madonna", "Missy Elliott", "The Blessed Madonna"], "artistIds": ["6M2wZ9GZgrQXHCFfjv46we", "6tbjWDEIzxoDsBA1FuhfPW", "2wIVse2owClT7go1WT98tk", "4TvhRzxIL1le2PWCeUqxQw"], "artistPop": [91, 78, 73, 67], "genres": ["dance pop", "pop", "uk pop", "dance pop", "pop", "dance pop", "hip hop", "hip pop", "pop", "pop rap", "r&b", "rap", "urban contemporary", "virginia hip hop"]}, "3X3TlieuOl8aWzw2HeigUo": {"name": "So Done (feat. Khalid)", "coverArt": "https://i.scdn.co/image/ab67616d00001e02ba60f6810163afc8d6af7311", "artist": ["Alicia Keys", "Khalid"], "artistIds": ["3DiDSECUqqY1AuBP8qtaIa", "6LuN9FCkKOj5PcnpouEgny"], "artistPop": [79, 88], "genres": ["hip pop", "neo soul", "pop", "r&b", "urban contemporary", "pop", "pop r&b"]}, "7dmD4eaEb5UCBYcEJkLke9": {"name": "Kacey Talk", "coverArt": "https://i.scdn.co/image/ab67616d00001e02f7f455349a384abd366851df", "artist": ["YoungBoy Never Broke Again"], "artistIds": ["7wlFDEWiM5OoIAt8RSli8b"], "artistPop": [83], "genres": ["baton rouge rap", "trap"]}, "4XWi6uj1ZYo5bA7aGxc0g8": {"name": "Bands Out Tha Roof", "coverArt": "https://i.scdn.co/image/ab67616d00001e027ad8939fda11d5b7d59d8378", "artist": ["Lil Mosey"], "artistIds": ["5zctI4wO9XSKS8XwcnqEHk"], "artistPop": [76], "genres": ["melodic rap", "rap", "rap conscient", "trap", "vapor trap"]}, "0Z0kNthq0sS4lvGz9SSlBF": {"name": "7 Summers", "coverArt": "https://i.scdn.co/image/ab67616d00001e02a09f5b26fa66619d3361c422", "artist": ["Morgan Wallen"], "artistIds": ["4oUHIQIBe0LHzYfvXNW4QM"], "artistPop": [83], "genres": ["contemporary country"]}, "3qR0txhV0ztr0hNUJGAOG6": {"name": "Snail", "coverArt": "https://i.scdn.co/image/ab67616d00001e026b51596a3e50d54a2153176b", "artist": ["BENEE"], "artistIds": ["0Cp8WN4V8Tu4QJQwCN5Md4"], "artistPop": [70], "genres": ["alt z", "nz pop", "pop"]}, "15gL4n95OG5KEQLCMXPQzp": {"name": "Dionne (feat. Justin Vernon)", "coverArt": "https://i.scdn.co/image/ab67616d00001e028935646998a8d28d13bc348d", "artist": ["The Japanese House", "Justin Vernon"], "artistIds": ["3IunaFjvNKj98JW89JYv9u", "13rHmjtJmlIJ2aDyJc7CLV"], "artistPop": [61, 48], "genres": ["electropop", "indie pop", "indie poptimism", "indietronica", "modern dream pop", "vapor soul", "eau claire indie"]}, "2FYxTPKpCizmrHnvBI1r0K": {"name": "Ultra Black", "coverArt": "https://i.scdn.co/image/ab67616d00001e0290c272193eb383546d845539", "artist": ["Nas", "Hit-Boy"], "artistIds": ["20qISvAhX20dpIbOOzGK3q", "6q3p11nP1p80Ey6LrOOSed"], "artistPop": [78, 63], "genres": ["conscious hip hop", "east coast hip hop", "gangster rap", "hardcore hip hop", "hip hop", "queens hip hop", "rap", "cali rap"]}, "0V5ZKCP8vrvTDsQ2HWt6TE": {"name": "tonight", "coverArt": "https://i.scdn.co/image/ab67616d00001e02c83a9b6ec4a4ea945ac61b55", "artist": ["Alaina Castillo"], "artistIds": ["0duLKMlcwhyZgqu8zSSjBp"], "artistPop": [55], "genres": ["alt z", "chill r&b", "pop", "social media pop"]}, "3i4CFXy3ezQZEt8V0GA7Uh": {"name": "Drop Dead", "coverArt": "https://i.scdn.co/image/ab67616d00001e02685c2a9149375ad730707ef0", "artist": ["Holly Humberstone"], "artistIds": ["0nnYdIpahs41QiZ9MWp5Wx"], "artistPop": [62], "genres": ["alt z", "indie cafe pop", "indie pop", "modern alternative pop", "uk pop"]}, "1NTXoDZirbEPUjn89y1nct": {"name": "If I Hated You", "coverArt": "https://i.scdn.co/image/ab67616d00001e02d6b9d7dbe79a25014884e390", "artist": ["FLETCHER"], "artistIds": ["5qa31A9HySw3T7MKWI9bGg"], "artistPop": [69], "genres": ["alt z", "dance pop", "electropop", "indie cafe pop", "indie poptimism", "pop", "post-teen pop", "social media pop"]}, "4lSMKPkbZOAYPw3zxJ2eAF": {"name": "you!", "coverArt": "https://i.scdn.co/image/ab67616d00001e023c37dd25c0e26b65c508fd74", "artist": ["LANY"], "artistIds": ["49tQo2QULno7gxHutgccqF"], "artistPop": [80], "genres": ["la pop", "pop"]}, "4RN6OApAESI3Sh0gf5iuAM": {"name": "Worship You", "coverArt": "https://i.scdn.co/image/ab67616d00001e02da0fbf5a54052f21c8499556", "artist": ["Kane Brown"], "artistIds": ["3oSJ7TBVCWMDMiYjXNiCKE"], "artistPop": [78], "genres": ["contemporary country", "country", "country road"]}, "4t6PoAHfGZ1cV90DiObtWx": {"name": "Automatic", "coverArt": "https://i.scdn.co/image/ab67616d00001e024eaacdf1ebb7ffb76ac19f6b", "artist": ["Jack Harlow"], "artistIds": ["2LIk90788K0zvyj2JJVwkJ"], "artistPop": [88], "genres": ["deep underground hip hop", "kentucky hip hop", "pop rap", "rap"]}, "68wXv4DokvcOVNvuJ7FbWp": {"name": "CUT EM IN (feat. Rick Ross)", "coverArt": "https://i.scdn.co/image/ab67616d00001e0297b0bf97840bf9ea631bfdb7", "artist": ["Anderson .Paak", "Rick Ross"], "artistIds": ["3jK9MiCrA42lLAdMGUZpwa", "1sBkRIssrMs1AbVkOJbc7a"], "artistPop": [82, 81], "genres": ["escape room", "dirty south rap", "gangster rap", "hip hop", "pop rap", "rap", "southern hip hop", "trap"]}, "75fDVecaFMegTxBhb4ceqL": {"name": "Ayye", "coverArt": "https://i.scdn.co/image/ab67616d00001e02f47866de5d64eb87a4d02cea", "artist": ["Mac Miller"], "artistIds": ["4LLpKhyESsyAXpc4laK94U"], "artistPop": [84], "genres": ["hip hop", "pittsburgh rap", "rap"]}, "7L5k4zZvFVnJObxrTNcnaF": {"name": "lil bit", "coverArt": "https://i.scdn.co/image/ab67616d00001e026aba188543fd015baed92a54", "artist": ["blackbear"], "artistIds": ["2cFrymmkijnjDg9SS92EPM"], "artistPop": [84], "genres": ["pop", "pop rap"]}, "2ph6j1xoZ5lIzWGV9lNg8M": {"name": "I'm Sorry", "coverArt": "https://i.scdn.co/image/ab67616d00001e02b04d2a554c073b9b6cccc8e7", "artist": ["Peach Tree Rascals"], "artistIds": ["0imE3buPhAowREqCrr4CYe"], "artistPop": [64], "genres": ["alternative r&b", "chill r&b", "indie r&b", "pop"]}, "7v96VvFLS0wSYT8kewNLRy": {"name": "24 (feat. Lil Baby)", "coverArt": "https://i.scdn.co/image/ab67616d00001e0267401abda9d765ac669f6ea2", "artist": ["Money Man", "Lil Baby"], "artistIds": ["3Rx4PJ7SP6unkOk5elPUK7", "5f7VJjfbwm532GiveGC0ZK"], "artistPop": [70, 91], "genres": ["memphis hip hop", "rap", "southern hip hop", "trap", "atl hip hop", "atl trap", "rap", "trap"]}, "0id7TrBjYYzQ5v5mHWTUxC": {"name": "Follow (with Jeremih)", "coverArt": "https://i.scdn.co/image/ab67616d00001e02465aa8d1a367f4b6475d0938", "artist": ["Kito", "ZHU", "Jeremih"], "artistIds": ["3FLUBwpAnaIlIKeaBfsxFe", "28j8lBWDdDSHSSt5oPlsX2", "3KV3p5EY4AvKxOlhGHORLg"], "artistPop": [64, 69, 78], "genres": ["electra", "pop dance", "edm", "electro house", "chicago rap", "dance pop", "hip hop", "pop", "pop rap", "r&b", "southern hip hop", "trap", "urban contemporary"]}, "6gr9bP5jpNjlRpbF4gLjqi": {"name": "Sweet Summer Sweat (feat. Dijon)", "coverArt": "https://i.scdn.co/image/ab67616d00001e029cf27ae3e97725645ef68656", "artist": ["Jim-E Stack", "Dijon"], "artistIds": ["4GmataFSHOSQWxuuUX57Bh", "0knGpCTbmG4ctl1wzYRZs4"], "artistPop": [51, 55], "genres": ["alternative r&b", "indie pop", "vapor house", "vapor soul", "alternative r&b", "bedroom soul", "chill r&b", "indie r&b"]}, "5xAOiPReWwiepAJWmLQDYZ": {"name": "Rainbow Bap", "coverArt": "https://i.scdn.co/image/ab67616d00001e0281b6bea35ff94ec4396a2b22", "artist": ["Jaden"], "artistIds": ["0xOeVMOz2fVg5BJY3N6akT"], "artistPop": [75], "genres": ["hip hop", "pop", "rap"]}, "0Hhn2oi65aQ8OD9MVuJJvV": {"name": "Hold Up Hold Up Hold Up", "coverArt": "https://i.scdn.co/image/ab67616d00001e02d2ac2d5b457bcad2eddef496", "artist": ["Young Dolph"], "artistIds": ["3HiuzBlSW7pGDXlSFMhO2g"], "artistPop": [72], "genres": ["gangster rap", "hip hop", "memphis hip hop", "rap", "southern hip hop", "tennessee hip hop", "trap"]}, "2ENxOXbxhfJ3lfItO0MFDv": {"name": "Take Care of You (feat. Syd)", "coverArt": "https://i.scdn.co/image/ab67616d00001e02f875d581ca4a79102b2f5df9", "artist": ["Charlotte Day Wilson", "Syd"], "artistIds": ["3GQboECxDT1xqPPWC30p7v", "3jk39CGeaaSO3FPKNx1RUx"], "artistPop": [61, 67], "genres": ["alternative r&b", "canadian contemporary r&b", "indie r&b", "indie soul", "neo soul", "alternative r&b", "chill r&b", "escape room", "indie r&b", "indie soul", "lgbtq+ hip hop", "r&b"]}, "4FFCuJWEx69r8Azm3RI3Cw": {"name": "Video Game", "coverArt": "https://i.scdn.co/image/ab67616d00001e0237dc10b7e4d1db458fe91224", "artist": ["Sufjan Stevens"], "artistIds": ["4MXUO7sVCaFgFjoTI5ox5c"], "artistPop": [70], "genres": ["baroque pop", "chamber pop", "freak folk", "indie folk", "singer-songwriter"]}, "2zMam0ako2pjGgN8jKtypU": {"name": "Lied", "coverArt": "https://i.scdn.co/image/ab67616d00001e02de1a268bcfbc0d63172a22f5", "artist": ["WizTheMc"], "artistIds": ["3ebS2RuCq8QeLyndUDmgB5"], "artistPop": [58], "genres": ["canadian contemporary r&b", "pop rap"]}, "2dMvqE5MHPH7Ksd5pQqFmL": {"name": "IPHONE", "coverArt": "https://i.scdn.co/image/ab67616d00001e0226541477181f5ea3a11d980e", "artist": ["Rico Nasty"], "artistIds": ["2OaHYHb2XcFPvqL3VsyPzU"], "artistPop": [69], "genres": ["dance pop", "dmv rap", "escape room", "pop", "pop rap", "trap queen"]}, "4V7xZ1AiCLwFbNMNc4Gj1f": {"name": "Eyes Blue Like The Atlantic, Pt. 2 (feat. Powfu, Alec Benjamin & Rxseboy)", "coverArt": "https://i.scdn.co/image/ab67616d00001e025cb130cadd6e8373e4b28d4c", "artist": ["Sista Prod", "Powfu", "Alec Benjamin", "Rxseboy", "Sarcastic Sounds"], "artistIds": ["7cSbcJTJBBSXDjRNR2qD61", "6bmlMHgSheBauioMgKv2tn", "5IH6FPUwQTxPSXurCrcIov", "1ScHz7wPPxVTEKsc9g3Z0c", "1bq8rqNnfrojn0OSAfeNXJ"], "artistPop": [60, 76, 78, 67, 68], "genres": ["sad rap", "alt z", "dream smp", "electropop", "pop", "sad lo-fi", "sad rap", "lo-fi beats", "lo-fi chill", "sad lo-fi"]}, "1Ey07UXA4UAcBnRY9YwVmU": {"name": "How It Goes", "coverArt": "https://i.scdn.co/image/ab67616d00001e0226b71594d4df99351dd91ccc", "artist": ["Starrah"], "artistIds": ["6DpWtzfwV8fcwP6fXckDVu"], "artistPop": [53], "genres": []}, "4D1pSubhIOa9IfsXt5JqNG": {"name": "Better", "coverArt": "https://i.scdn.co/image/ab67616d00001e021c1879df3c84f137c76fbdbd", "artist": ["Ricky Reed", "Leon Bridges", "Kiana Led\u00e9"], "artistIds": ["5Q7Fmn2aPAdijQIUzobRdZ", "3qnGvpP8Yth1AqSBMqON5x", "7jZMxhsB8djyIbYmoiJSTs"], "artistPop": [42, 74, 68], "genres": ["modern blues", "alternative r&b", "chill r&b", "dance pop", "pop", "pop r&b", "post-teen pop", "r&b", "urban contemporary"]}, "3DSbD1bdwuGgdTmEWFm1iX": {"name": "Thrill", "coverArt": "https://i.scdn.co/image/ab67616d00001e02556a1082f0f7e3b2aa97b104", "artist": ["Future Islands"], "artistIds": ["1WvvwcQx0tj6NdDhZZ2zZz"], "artistPop": [68], "genres": ["alternative dance", "baltimore indie", "chillwave", "indie rock", "indietronica", "modern rock", "new rave"]}, "2wwBp7bMHqlyCXxGLSE1BG": {"name": "My Power - From \"Project Power\"", "coverArt": "https://i.scdn.co/image/ab67616d00001e026509de681b66af7ef72f7788", "artist": ["CHIKA"], "artistIds": ["6UtYvUtXnmg5EtllDFlWp8"], "artistPop": [54], "genres": ["alabama rap", "alternative r&b", "indie r&b"]}, "3KeCKGnfOOA1fDXy1lBTFe": {"name": "Jump", "coverArt": "https://i.scdn.co/image/ab67616d00001e021148416ed29cad76212f4383", "artist": ["Melanie Faye"], "artistIds": ["4pcfFC9isxezJyTwbV1nIp"], "artistPop": [52], "genres": ["bedroom soul"]}, "5IMMISEvjmRxNxcTbUj7KN": {"name": "Everybody's Got Somebody", "coverArt": "https://i.scdn.co/image/ab67616d00001e026273d9006f270213b954c6c0", "artist": ["Sam Fischer"], "artistIds": ["6L1XC7NrmgWRlwAeLJvVtA"], "artistPop": [72], "genres": ["alt z", "australian pop", "dance pop", "indie cafe pop", "pop", "post-teen pop"]}, "16UfdNMAfLPkBqq1JgMdAl": {"name": "talking in my sleep", "coverArt": "https://i.scdn.co/image/ab67616d00001e028b38bd5641c7ec9a95711b31", "artist": ["Heather Sommer"], "artistIds": ["0EHYuPn9Xng2lZP2cfz4cV"], "artistPop": [51], "genres": ["alt z", "indie electropop", "nyc pop"]}, "63XV1peZpNd431dAJIOEiM": {"name": "No Time (feat. Wiz Khalifa and PRINCE$$ ROSIE)", "coverArt": "https://i.scdn.co/image/ab67616d00001e02a5502bb16df76521dd6f84ed", "artist": ["Cheat Codes", "DVBBS", "PRINCE$$ ROSIE", "Wiz Khalifa"], "artistIds": ["7DMveApC7UnC2NPfPvlHSU", "5X4LWwbUFNzPkEas04uU82", "5xmmPJI0GyVKVFRL82Ei2L", "137W8MRPWKqSmrBGDBFSop"], "artistPop": [76, 68, 45, 84], "genres": ["dance pop", "edm", "electro house", "electropop", "pop", "pop dance", "pop edm", "post-teen pop", "tropical house", "canadian electronic", "dance pop", "edm", "electro house", "pop dance", "pop edm", "slap house", "tropical house", "dance pop", "hip hop", "pittsburgh rap", "pop rap", "rap", "southern hip hop", "trap"]}, "65x81o2eIyfQT6hpQkCKhj": {"name": "100", "coverArt": "https://i.scdn.co/image/ab67616d00001e023df0ed46c6604829292c69e1", "artist": ["SuperM"], "artistIds": ["5BHFSMEjfLVx1JwRWjAOsE"], "artistPop": [61], "genres": ["k-pop"]}, "11LguGpEjOklkNQr70nrHQ": {"name": "She Couldn't", "coverArt": "https://i.scdn.co/image/ab67616d00001e02ee6b264bdec807475c95e592", "artist": ["Linkin Park"], "artistIds": ["6XyY86QOPPrYVGvF9ch6wz"], "artistPop": [84], "genres": ["alternative metal", "nu metal", "post-grunge", "rap metal"]}, "267LjaNAblzlJMZLKpfQwl": {"name": "Unbothered", "coverArt": "https://i.scdn.co/image/ab67616d00001e02ae43ea998486a20fa6eb581e", "artist": ["Tori Kelly"], "artistIds": ["1vSN1fsvrzpbttOYGsliDr"], "artistPop": [69], "genres": ["dance pop", "pop", "post-teen pop", "r&b", "viral pop"]}, "3GjRxi9U624mTvK8rJYkDh": {"name": "Apple (Remix)", "coverArt": "https://i.scdn.co/image/ab67616d00001e023537b9f7200fad1e357f121a", "artist": ["KIRBY", "Pink Sweat$"], "artistIds": ["5lcDGoJUr5WY5bCFAfYbCU", "1W7FNibLa0O0b572tB2w7t"], "artistPop": [51, 75], "genres": ["alternative r&b", "indie r&b", "indie triste", "bedroom soul", "pop"]}, "3GtnId3Cm1Xa6joCj08nzW": {"name": "Jeans", "coverArt": "https://i.scdn.co/image/ab67616d00001e029f30a7acfe68f2f806f10fa5", "artist": ["Justin Quiles"], "artistIds": ["14zUHaJZo1mnYtn6IBRaRP"], "artistPop": [85], "genres": ["latin", "reggaeton", "trap latino"]}, "7e7jwhhF97ivaOrqXa7dju": {"name": "Volver\u00e1s", "coverArt": "https://i.scdn.co/image/ab67616d00001e026ab563064032163f86f69ed3", "artist": ["Carmen DeLeon"], "artistIds": ["6vVKjeD0dvsg5EVMEUxI1l"], "artistPop": [40], "genres": []}, "1h49nxOoviRjy9Dyz53Gr7": {"name": "London", "coverArt": "https://i.scdn.co/image/ab67616d00001e0204a88e3cc5244982ce656df1", "artist": ["Kaash Paige"], "artistIds": ["0f2YkMXwFNJNSX7MymevKE"], "artistPop": [64], "genres": ["pop r&b", "r&b"]}, "5rj1aPNQJU4xRLd5dLsb0y": {"name": "Said A Lotta Things", "coverArt": "https://i.scdn.co/image/ab67616d00001e026d6c0d9e550b51542d5b4b0a", "artist": ["Smokepurpp"], "artistIds": ["21dooacK2WGBB5amYvKyfM"], "artistPop": [66], "genres": ["dark trap", "melodic rap", "meme rap", "miami hip hop", "rap", "southern hip hop", "trap", "underground hip hop", "vapor trap"]}, "6ZPU73akrp4hU6Ua2jSjtI": {"name": "Tip Toe", "coverArt": "https://i.scdn.co/image/ab67616d00001e02491a0797c81fde2431919330", "artist": ["Sheff G", "Sleepy Hallow"], "artistIds": ["1tG7s7S4sq2eFFW0QZyLbm", "6EPlBSH2RSiettczlz7ihV"], "artistPop": [76, 82], "genres": ["brooklyn drill", "new york drill", "nyc rap", "brooklyn drill", "nyc rap"]}, "5Nm9qfTcfAGLMZH95hbVAe": {"name": "Rooted (feat. Ester Dean)", "coverArt": "https://i.scdn.co/image/ab67616d00001e021af27e8ddeaee18f92921d07", "artist": ["Ciara", "Ester Dean"], "artistIds": ["2NdeV5rLm47xAvogXrYhJX", "0v2Y5jwtcv8LiWNTRls1KM"], "artistPop": [72, 55], "genres": ["dance pop", "hip pop", "pop", "post-teen pop", "r&b", "urban contemporary"]}, "1r7MrNL4fRwFjq5h9u5Zdf": {"name": "Water Run Dry", "coverArt": "https://i.scdn.co/image/ab67616d00001e02a9f297d51d0e423e2919feb4", "artist": ["Chelsea Collins", "24kGoldn"], "artistIds": ["7BtP9ddB2rW3Q5TDfsI5YG", "6fWVd57NKTalqvmjRd2t8Z"], "artistPop": [46, 81], "genres": ["modern alternative pop", "cali rap"]}, "1cS6quzGhImyJPMiNxfxkA": {"name": "Dying Breed", "coverArt": "https://i.scdn.co/image/ab67616d00001e028ba71359b7d55ac913be805d", "artist": ["The Killers"], "artistIds": ["0C0XlULifJtAgn6ZNCW2eu"], "artistPop": [79], "genres": ["dance rock", "modern rock", "permanent wave", "rock"]}, "2B3kOESoYsMNFr8LxijuIc": {"name": "Glitter", "coverArt": "https://i.scdn.co/image/ab67616d00001e02030c1ea83d03ee2a72108b9a", "artist": ["Patrick Droney"], "artistIds": ["78Rk1F0jGdipWWfrhyWwt3"], "artistPop": [60], "genres": ["indiecoustica", "nashville singer-songwriter", "neo mellow"]}, "6J7U49QGecWb3WqIqfSYc0": {"name": "Year of the Young", "coverArt": "https://i.scdn.co/image/ab67616d00001e029c4bb07a3d223cb6724a9510", "artist": ["Smith & Thell"], "artistIds": ["1ZrBGJWLL8NiAjgNifCy90"], "artistPop": [62], "genres": ["swedish pop"]}, "0Mn8Zougsau7RX2vMJJpwo": {"name": "good on you", "coverArt": "https://i.scdn.co/image/ab67616d00001e02c242a6f4393b087ef883daf4", "artist": ["Lindsay Ell"], "artistIds": ["4lpA7MWpQpY7hKkwfLxw2Q"], "artistPop": [50], "genres": ["alberta country", "canadian contemporary country", "canadian country", "contemporary country", "country pop"]}, "2z0GgJjQShQbEWwfXlfrzW": {"name": "Mean Something", "coverArt": "https://i.scdn.co/image/ab67616d00001e024a66bb933c1023201367895f", "artist": ["Caylee Hammack", "Ashley McBryde", "Tenille Townes"], "artistIds": ["1ok6sI97SuTRNc7Hjj7Uj9", "371jpyGdoChzUASOIG2ECV", "3TyeX0lk4B7k56ukfzEE0z"], "artistPop": [50, 56, 58], "genres": ["contemporary country", "country pop", "arkansas country", "contemporary country", "country", "country pop", "alberta country", "contemporary country", "country", "country pop"]}, "5iG3DidIjI5wUqNowgmXQb": {"name": "Legends Never Die - with Shania Twain", "coverArt": "https://i.scdn.co/image/ab67616d00001e02bf10c2848e7ee2ca6cdb2a9c", "artist": ["Orville Peck", "Shania Twain"], "artistIds": ["46auOkH1pk28rWrSoUNhLo", "5e4Dhzv426EvQe3aDb64jL"], "artistPop": [54, 72], "genres": ["alternative country", "queer country", "canadian country", "canadian pop", "country", "country dawn", "dance pop"]}, "5yh54SEOyyEeif8EGZg03m": {"name": "Powered Up", "coverArt": "https://i.scdn.co/image/ab67616d00001e027d772f6248c60fb480c89862", "artist": ["EARTHGANG"], "artistIds": ["5MbNzCW3qokGyoo9giHA3V"], "artistPop": [69], "genres": ["atl hip hop", "hip hop", "psychedelic hip hop", "rap", "underground hip hop"]}, "4g4lqloGLEJf6OUO2omcd0": {"name": "I Remember", "coverArt": "https://i.scdn.co/image/ab67616d00001e02eb7496b08fbdf483590a4f98", "artist": ["YBN Nahmir"], "artistIds": ["3gGUMEwIX6XodWsYEvKSal"], "artistPop": [68], "genres": ["alabama rap", "pop rap", "rap", "trap", "vapor trap", "viral rap"]}, "7GU4sdexteLwpjIZ36QPFL": {"name": "Circles", "coverArt": "https://i.scdn.co/image/ab67616d00001e02f470d4c2b834e8cb8b876588", "artist": ["Trey Songz"], "artistIds": ["2iojnBLj0qIMiKPvVhLnsH"], "artistPop": [74], "genres": ["dance pop", "hip pop", "pop", "pop r&b", "post-teen pop", "r&b", "southern hip hop", "trap", "urban contemporary"]}, "3yFwdxTgEIeFVDiYaJtbhN": {"name": "All Mine", "coverArt": "https://i.scdn.co/image/ab67616d00001e024c95a77743e96df5521d8932", "artist": ["THEY."], "artistIds": ["0pghUohLPptZWBasy2wmUx"], "artistPop": [60], "genres": ["alternative r&b", "pop", "pop r&b", "pop rap", "r&b", "trap soul", "underground hip hop"]}, "6WJWxEIY8c8wmW6TxCplw7": {"name": "Never", "coverArt": "https://i.scdn.co/image/ab67616d00001e02d529304eb094ff97045cbcbc", "artist": ["Awgust", "Sof\u00eda Reyes"], "artistIds": ["0cC1TGgq52GNhAhed6SHj6", "0haZhu4fFKt0Ag94kZDiz2"], "artistPop": [14, 73], "genres": ["dance pop", "latin", "latin pop", "mexican pop", "pop"]}, "4k9it7Buh3IXU7o3oLRjJL": {"name": "Lemonade (with Denzel Curry)", "coverArt": "https://i.scdn.co/image/ab67616d00001e023b6945c447cc6f96723a406b", "artist": ["YUNGBLUD", "Denzel Curry"], "artistIds": ["6Ad91Jof8Niiw0lGLLi3NW", "6fxyWrfmjcbj5d12gXeiNV"], "artistPop": [76, 73], "genres": ["british indie rock", "modern rock", "pop", "rock", "dark trap", "drill", "hip hop", "miami hip hop", "rap", "underground hip hop"]}, "2fyDBrbs8FKIQ97EJwS4GB": {"name": "Beginning Of The End - Wyld Stallyns Edit", "coverArt": "https://i.scdn.co/image/ab67616d00001e02c4ec47f86759be288d71c8bf", "artist": ["Weezer"], "artistIds": ["3jOstUTkEu2JkjvRdBA5Gu"], "artistPop": [75], "genres": ["alternative rock", "modern power pop", "modern rock", "permanent wave", "rock"]}, "20wnO4hGXbWvIPDEmED8gM": {"name": "Space", "coverArt": "https://i.scdn.co/image/ab67616d00001e02178ed3a665dbf47a233246b0", "artist": ["Biffy Clyro"], "artistIds": ["1km0R7wy712AzLkA1WjKET"], "artistPop": [63], "genres": ["modern alternative rock", "modern rock", "rock", "scottish rock"]}, "4Qm58hRuXM80wlYPUIgAlc": {"name": "Tell Me About It", "coverArt": "https://i.scdn.co/image/ab67616d00001e020a5af385154ac275ab70c23b", "artist": ["Ella Eyre"], "artistIds": ["66TrUkUZ3RM29dqeDQRgyA"], "artistPop": [68], "genres": ["dance pop", "pop", "post-teen pop", "tropical house", "uk pop"]}, "3wBL5cnuWEUGJwWknWOYZk": {"name": "sOak'20", "coverArt": "https://i.scdn.co/image/ab67616d00001e0281675b9d55d150109de9a538", "artist": ["Bryce Hase"], "artistIds": ["2iaBaH5XaE7zaefxrmF6iC"], "artistPop": [32], "genres": []}, "7EjJZZ62B42pTF7KgT0hg1": {"name": "Mission", "coverArt": "https://i.scdn.co/image/ab67616d00001e0278ca46b9125d774ad8dbc66e", "artist": ["Dave East", "Jozzy"], "artistIds": ["7e10JUMF7MJmmwYpnTSMI5", "3ttzNe6takaJaIxbJlkP7Z"], "artistPop": [64, 36], "genres": ["gangster rap", "harlem hip hop", "hip hop", "nyc rap", "pop rap", "rap", "southern hip hop", "trap", "underground hip hop"]}, "4LR9TpDTHM3epcFtabdRlS": {"name": "IRRESPONSIBLE", "coverArt": "https://i.scdn.co/image/ab67616d00001e0262b4704e37c11e8ee50caa1b", "artist": ["TOKYO\u2019S REVENGE"], "artistIds": ["5TbLOwv8BNnik3f03NZJlt"], "artistPop": [64], "genres": ["meme rap", "sad rap", "vapor trap", "viral rap"]}, "1l8fu2ftCHHo8O1b62Njwp": {"name": "Outta Here", "coverArt": "https://i.scdn.co/image/ab67616d00001e02782959842770f0d4ad0ef725", "artist": ["RL Grime", "Whethan"], "artistIds": ["5eIbEEQnDM8yuDVB0bimSP", "0vqJkZ0RpLZixt3lTmD8vP"], "artistPop": [64, 66], "genres": ["bass trap", "edm", "electro house", "electronic trap", "electropop", "pop dance", "vapor twitch", "edm", "electropop", "indie poptimism", "pop", "tropical house", "vapor soul", "vapor twitch"]}, "1hVogn7kHppd5WkaWvFHIK": {"name": "Sleeping On My Dreams", "coverArt": "https://i.scdn.co/image/ab67616d00001e02770aa8bb2b4d782c48ebded9", "artist": ["Jacob Collier"], "artistIds": ["0QWrMNukfcVOmgEU0FEDyD"], "artistPop": [59], "genres": ["indie soul", "uk alternative pop"]}, "3EvAsPrTHVOSprXYaGtEKR": {"name": "Gas", "coverArt": "https://i.scdn.co/image/ab67616d00001e02e4c12cb7d2394bae28e9d649", "artist": ["Gianni Lee", "Andrea Valle"], "artistIds": ["3MF3cDsi7MeAAcpMhFaU20", "0aRyQtFQR8Rcp7eceJyoSe"], "artistPop": [15, 29], "genres": ["experimental r&b"]}, "4jxzNBzkF0DPSAv2tCDAu7": {"name": "48 Hours in Paris", "coverArt": "https://i.scdn.co/image/ab67616d00001e02a522b83fec5674226e56cd37", "artist": ["Spencer Barnett"], "artistIds": ["036LxbpsZt0VzZAgxYOEM5"], "artistPop": [28], "genres": ["modern indie pop"]}, "1Xw9BTCAmZD1d4NuHy6m9C": {"name": "let's be friends", "coverArt": "https://i.scdn.co/image/ab67616d00001e02cd85c0a7fc81fce450ceadc0", "artist": ["44phantom"], "artistIds": ["1vwwjIPFeYoRfAUCqqO6cZ"], "artistPop": [50], "genres": ["emo rap", "sad rap"]}, "7rgjkzZBhBjObaYsvq8Ej0": {"name": "Lose", "coverArt": "https://i.scdn.co/image/ab67616d00001e02e6f80aa65e1f627d6689dd1a", "artist": ["NIKI"], "artistIds": ["2kxP07DLgs4xlWz8YHlvfh"], "artistPop": [73], "genres": ["chill r&b", "indonesian r&b", "pop"]}, "01RgdpK4BiCLscCwQJl8gy": {"name": "Ain't Sweet (feat. Matt Ox)", "coverArt": "https://i.scdn.co/image/ab67616d00001e0298a6edc58c9aead20022d24f", "artist": ["Buddy", "Matt Ox"], "artistIds": ["6PDLwWvgYNMfBRLqC1h5cJ", "2J6pigOrBmKQgqJUY5UM7r"], "artistPop": [63, 53], "genres": ["alternative r&b", "cali rap", "underground hip hop", "melodic rap", "plugg", "underground hip hop", "vapor trap"]}, "15rRLq13pwAJxlFXJL2Y9b": {"name": "Brick Van Exel", "coverArt": "https://i.scdn.co/image/ab67616d00001e0236f60193ba7de9568775b2e1", "artist": ["Boldy James"], "artistIds": ["4fpwOzxFRMVGfd197dKIdY"], "artistPop": [59], "genres": ["alternative hip hop", "boom bap", "escape room", "hip hop", "rap", "underground hip hop"]}, "1ydstJS3vinZmOtp7givV8": {"name": "Hairless Horsemen (feat. Boogie)", "coverArt": "https://i.scdn.co/image/ab67616d00001e02392940fa04e4952a24a29161", "artist": ["Guapdad 4000", "WESTSIDE BOOGIE"], "artistIds": ["0NcPKaSNIHAM2RfioH9vMT", "5usbqiU7sjvszjWecANDL6"], "artistPop": [62, 58], "genres": ["cali rap", "oakland hip hop", "scam rap", "trap soul", "underground hip hop", "vapor trap", "underground hip hop"]}, "5zJtKV0nZq7w3wlCVV39Nm": {"name": "Mac Roni", "coverArt": "https://i.scdn.co/image/ab67616d00001e020cde7e507424cdb7052b4142", "artist": ["Cousin Stizz"], "artistIds": ["0KpCz7V5XRkqKuM1JDf56O"], "artistPop": [56], "genres": ["boston hip hop", "rap", "trap", "underground hip hop", "vapor trap"]}, "3XJV73RAVIVfLKLV7eevuG": {"name": "Stop", "coverArt": "https://i.scdn.co/image/ab67616d00001e02883e4ca6d7bd6c19d6167ea6", "artist": ["Anthony Ramos"], "artistIds": ["660YptcR0hNHJ8iEr1qcse"], "artistPop": [71], "genres": ["hollywood", "show tunes"]}, "4JEGeqPF0RH7oi1lHdtbK6": {"name": "slow summer", "coverArt": "https://i.scdn.co/image/ab67616d00001e02c6ee79039d69e5ab0899facf", "artist": ["Zachary Knowles"], "artistIds": ["5BxcZnUcETSt90VlbsdugI"], "artistPop": [56], "genres": ["alt z", "bedroom soul", "chill pop", "chill r&b", "electropop", "indie cafe pop", "pop"]}, "4oq8g4YR4XzLUEj1WSdvey": {"name": "Right Time", "coverArt": "https://i.scdn.co/image/ab67616d00001e020258c742548b66f119dcf2ae", "artist": ["Dava"], "artistIds": ["2fyrK060Qol9hgj9vNITPu"], "artistPop": [33], "genres": []}, "5bB4eyM0bd4i5YIB3SyfBF": {"name": "Jolie", "coverArt": "https://i.scdn.co/image/ab67616d00001e024e2aa557af1e587cac437a2f", "artist": ["Rook Monroe"], "artistIds": ["0xwMjJn29gSNkQYNxc5IED"], "artistPop": [44], "genres": []}, "7vNC9o1onqyp0PvypOZ4Yj": {"name": "Laisse moi (feat. Hamza)", "coverArt": "https://i.scdn.co/image/ab67616d00001e026a1950afcffaa076fc4905a5", "artist": ["Lous and The Yakuza", "Hamza"], "artistIds": ["2HPiMwJktBXqakN0hnON2R", "5gs4Sm2WQUkcGeikMcVHbh"], "artistPop": [56, 68], "genres": ["belgian pop", "belgian hip hop", "french hip hop", "pop urbaine", "rap belge", "rap francais"]}, "4bMLzfbjYJ9v3wvlpI6wtE": {"name": "Cash App", "coverArt": "https://i.scdn.co/image/ab67616d00001e02939810010402e6ddf19764f4", "artist": ["Dee Watkins", "Jackboy"], "artistIds": ["5cNn5kF2qKIOtBQJ2z4FM3", "2S2mt1DiA4QKdKvtqwxrbB"], "artistPop": [55, 61], "genres": ["florida rap", "vapor trap", "florida rap", "southern hip hop", "trap"]}, "7l0Ne1V1FMkI3kvQPbkRLX": {"name": "CITY ROLLING (feat. YSN Flow)", "coverArt": "https://i.scdn.co/image/ab67616d00001e02bd8a2837afd2dfd1e7463dfe", "artist": ["Melvoni", "YSN Flow"], "artistIds": ["01Kz5ab1oYMaey58CaGTxA", "1je11NKORfLMSjgSNP0DPF"], "artistPop": [48, 53], "genres": ["nyc rap", "melodic rap", "vapor trap"]}, "63w00YkVyL6G7fmtU3tnWg": {"name": "Flag On The Play", "coverArt": "https://i.scdn.co/image/ab67616d00001e022fd6a929f840223f4789d2d3", "artist": ["Blacc Zacc"], "artistIds": ["2VdDGrsKkzCfR9AG6w5O92"], "artistPop": [40], "genres": ["deep southern trap", "south carolina hip hop"]}, "5zYmGeAGeqM4pA4jb64NHI": {"name": "Slide (with Gunna)", "coverArt": "https://i.scdn.co/image/ab67616d00001e02c0ff0200ddf3b91d722d5cf9", "artist": ["Coi Leray", "Gunna"], "artistIds": ["6AMd49uBDJfhf30Ak2QR5s", "2hlmm7s2ICUX0LVIhVFlZQ"], "artistPop": [68, 87], "genres": ["new jersey underground rap", "pop r&b", "r&b", "trap queen", "viral rap", "atl hip hop", "hip hop", "melodic rap", "rap", "trap"]}, "4yan0HaunSfFxs60suuWTf": {"name": "Vodka & Lemonade", "coverArt": "https://i.scdn.co/image/ab67616d00001e02d227077c70b25fd2470e0708", "artist": ["Ebenezer"], "artistIds": ["2vik8lyw8WiALKMJK7C3hn"], "artistPop": [49], "genres": ["trap soul", "uk hip hop"]}, "0ux8uL6RzWjPyPnYlSQ91n": {"name": "In My Book", "coverArt": "https://i.scdn.co/image/ab67616d00001e026970358a503c5cd16067eefb", "artist": ["Dounia"], "artistIds": ["4fJsnm9CeDAPrwO4MAEToj"], "artistPop": [47], "genres": ["alt z", "alternative r&b", "electropop", "escape room"]}, "6TbkMxKZudkP6Sty7rkLU9": {"name": "Perfectly Imperfect", "coverArt": "https://i.scdn.co/image/ab67616d00001e02ea736a8d1e5970b91be75327", "artist": ["Declan J Donovan"], "artistIds": ["6bh228LGC3eAzbplPWV02r"], "artistPop": [62], "genres": ["indie cafe pop", "uk pop"]}, "4LDuSfbXupGKg6RpkgTAij": {"name": "Happy Now", "coverArt": "https://i.scdn.co/image/ab67616d00001e02cc7a6481a66e1c2890cac0d6", "artist": ["Pentatonix"], "artistIds": ["26AHtbjWKiwYzsoGoUZq53"], "artistPop": [68], "genres": ["a cappella"]}, "1wKxWZPp2yssOKdhT1IZux": {"name": "I Got a Truck", "coverArt": "https://i.scdn.co/image/ab67616d00001e024994d8c05f18db855fe5ee92", "artist": ["Devin Dawson"], "artistIds": ["2ySHS7UojGu20XfUPaBlyu"], "artistPop": [61], "genres": ["contemporary country", "country pop", "modern country rock"]}, "60iDIlOnohKwxEKW8yGdXg": {"name": "Blood Sugar", "coverArt": "https://i.scdn.co/image/ab67616d00001e02673c39136e93b81d137c133d", "artist": ["Kid Bloom"], "artistIds": ["5CXdWANGwYYRPClH6hhC0P"], "artistPop": [53], "genres": ["indie garage rock", "indie pop", "modern rock"]}, "5iYGF5TnLLoZbjuJ87CNqD": {"name": "Model Village", "coverArt": "https://i.scdn.co/image/ab67616d00001e022cc1ecc55ff851379ac412c4", "artist": ["IDLES"], "artistIds": ["75mafsNqNE1WSEVxIKuY5C"], "artistPop": [59], "genres": ["bristol indie", "modern alternative rock", "modern rock"]}, "0CGPIpPvTRqfg9KUVyYssq": {"name": "How (feat. 42 Dugg)", "coverArt": "https://i.scdn.co/image/ab67616d00001e02f4ab8074de23f355f2aba9cb", "artist": ["Brokeasf", "42 Dugg"], "artistIds": ["5jHU4288qLBI7EHPc9gmdj", "45gHcnDnMC15sgx3VL7ROG"], "artistPop": [37, 76], "genres": ["florida rap", "detroit trap", "rap", "southern hip hop", "trap"]}, "0djrkr7uVT7hqbmgVYf7Qc": {"name": "Good Afternoon", "coverArt": "https://i.scdn.co/image/ab67616d00001e022f4bf7f42ce5acc47d34857a", "artist": ["Mak Sauce", "Stunna 4 Vegas"], "artistIds": ["78GdFYPETzCgutsc5O5COH", "44IvvHRk2XF243QLA2VOa8"], "artistPop": [40, 64], "genres": ["atl trap", "southern hip hop", "trap", "viral rap"]}, "2IoFdGBu5HL6VX4C49Twf4": {"name": "Another Bottle", "coverArt": "https://i.scdn.co/image/ab67616d00001e02706b3afb87a284b9efa302e5", "artist": ["Tom The Mail Man"], "artistIds": ["1ueFyDvrq8tCjAd6x8AVxD"], "artistPop": [56], "genres": ["aesthetic rap", "modern indie pop", "sad rap", "vapor trap"]}, "1oIkcY0A7TaRfYTbvOY9b2": {"name": "Today", "coverArt": "https://i.scdn.co/image/ab67616d00001e02799fd362441c1314c3696f34", "artist": ["A. G. Cook"], "artistIds": ["335TWGWGFan4vaacJzSiU8"], "artistPop": [63], "genres": ["art pop", "electropop", "escape room", "hyperpop"]}}