{"6R6ZoHTypt5lt68MWbzZXv": {"name": "Sour Candy (with BLACKPINK)", "coverArt": "https://i.scdn.co/image/ab67616d00001e02348a8b432f3e8e02f342056e", "artist": ["Lady Gaga", "BLACKPINK"], "artistIds": ["1HY2Jd0NmPuamShAr6KMms", "41MozSoPIsD1dJM0CLPjZF"], "artistPop": [86, 84], "genres": ["dance pop", "pop", "post-teen pop", "k-pop", "k-pop girl group"]}, "4CNcRgjGw1v9VQaTaytdnD": {"name": "Tell Me U Luv Me (with Trippie Redd)", "coverArt": "https://i.scdn.co/image/ab67616d00001e029c42eb2c8058144a00e4bbd4", "artist": ["Juice WRLD", "Trippie Redd"], "artistIds": ["4MCBfE4596Uoi2O4DtmEMz", "6Xgp2XMz1fhVYe7i6yNAax"], "artistPop": [92, 88], "genres": ["chicago rap", "melodic rap", "melodic rap", "rap", "trap"]}, "4w47S36wQGBhGg073q3nt7": {"name": "TKN (feat. Travis Scott)", "coverArt": "https://i.scdn.co/image/ab67616d00001e022a3d01289b78099e4508ba0e", "artist": ["ROSAL\u00cdA", "Travis Scott"], "artistIds": ["7ltDVBr6mKbRvohxheJ9h1", "0Y5tJX1MQlPlqiwlOH1tJY"], "artistPop": [79, 91], "genres": ["r&b en espanol", "rap", "slap house"]}, "78ldtCaBRJVp2i91B715L0": {"name": "Broken Glass", "coverArt": "https://i.scdn.co/image/ab67616d00001e0280368f0aa8f90c51674f9dd2", "artist": ["Kygo", "Kim Petras"], "artistIds": ["23fqKkggKUBHNkbKtXEls4", "3Xt3RrJMFv5SZkCfUE8C1J"], "artistPop": [83, 68], "genres": ["edm", "pop", "pop dance", "tropical house", "alt z", "art pop", "dance pop", "electropop", "escape room", "indie poptimism", "pop", "post-teen pop", "transpop"]}, "0gO3E51A3fqp0ypJ26QbVP": {"name": "T.D (Lil Yachty & Tierra Whack feat. A$AP Rocky & Tyler, The Creator)", "coverArt": "https://i.scdn.co/image/ab67616d00001e025ee839f6415e0d02fc4f2b49", "artist": ["Lil Yachty", "Tierra Whack", "A$AP Rocky", "Tyler, The Creator"], "artistIds": ["6icQOAFXDZKsumw3YXyusw", "4lPl9gqgox3JDiaJ1yklKh", "13ubrt8QOOCPljQ2FL1Kca", "4V8LLVI7PbaPR0K2TGSxFF"], "artistPop": [79, 62, 82, 86], "genres": ["atl hip hop", "hip hop", "melodic rap", "pop rap", "rap", "trap", "viral rap", "alternative r&b", "escape room", "indie soul", "east coast hip hop", "hip hop", "rap", "trap", "hip hop", "rap"]}, "1O2wgYfOdpcoWnZbdbrpMh": {"name": "Let Go", "coverArt": "https://i.scdn.co/image/ab67616d00001e028eba57d94abbc3a4601dc5a4", "artist": ["D Smoke", "SiR"], "artistIds": ["23rK0hajv5ix2yPM4IIgOo", "3QTDHixorJelOLxoxcjqGx"], "artistPop": [57, 65], "genres": ["alternative r&b", "hip hop", "indie soul", "la pop", "r&b", "rap"]}, "08o7YsYkQXGjamCe9eDrrK": {"name": "Match In The Rain", "coverArt": "https://i.scdn.co/image/ab67616d00001e02ee0232b590932e81529781e1", "artist": ["Alec Benjamin"], "artistIds": ["5IH6FPUwQTxPSXurCrcIov"], "artistPop": [78], "genres": ["alt z", "dream smp", "electropop", "pop"]}, "6wXgnhpmOPEJ7cUweSyy2B": {"name": "Dance with Me (feat. Thomas Rhett & Young Thug)", "coverArt": "https://i.scdn.co/image/ab67616d00001e02116f8f46fd52e7a8a38a8c35", "artist": ["Diplo", "Thomas Rhett", "Young Thug"], "artistIds": ["5fMUXHkw8R8eOP2RNVYEZX", "6x2LnllRG5uGarZMsD4iO8", "50co4Is1HCEo8bhOyUWKpn"], "artistPop": [82, 77, 88], "genres": ["bmore", "dance pop", "edm", "electro house", "house", "moombahton", "ninja", "pop", "pop dance", "tropical house", "contemporary country", "country", "country road", "atl hip hop", "atl trap", "gangster rap", "hip hop", "melodic rap", "pop rap", "rap", "trap"]}, "0xEW9gPv5wNuS84pXGG3lc": {"name": "Running On My Mind", "coverArt": "https://i.scdn.co/image/ab67616d00001e0284f29f40ae75e188ba2418f5", "artist": ["Ali Gatie"], "artistIds": ["4rTv3Ejc7hKMtmoBOK1B4T"], "artistPop": [75], "genres": ["canadian hip hop", "pop"]}, "6Ha8pqxdSJHdPY4tlzPhlT": {"name": "Hurry Home (with beabadoobee & Jay Som)", "coverArt": "https://i.scdn.co/image/ab67616d00001e02501ae7d803504a73f4725597", "artist": ["No Rome", "beabadoobee", "Jay Som"], "artistIds": ["6auWB5YAlcKaHyrbTH66nd", "35l9BRT7MXmM8bv2WDQiyB", "1wmiQ6ytATiGnJs6uFluKO"], "artistPop": [55, 73, 50], "genres": ["indie pop", "indietronica", "bedroom pop", "bubblegrunge", "indie pop", "art pop", "bay area indie", "chillwave", "indie pop", "indie rock", "oakland indie", "small room"]}, "4L6ihclQPu1hqP9r3WNJjQ": {"name": "Free Woman", "coverArt": "https://i.scdn.co/image/ab67616d00001e026040effba89b9b00a6f6743a", "artist": ["Lady Gaga"], "artistIds": ["1HY2Jd0NmPuamShAr6KMms"], "artistPop": [86], "genres": ["dance pop", "pop", "post-teen pop"]}, "7A9rdAz2M6AjRwOa34jxIP": {"name": "Ur So F**kInG cOoL", "coverArt": "https://i.scdn.co/image/ab67616d00001e02f06f2e9e2bccf290eac24172", "artist": ["Tones And I"], "artistIds": ["2NjfBq1NflQcKSeiDooVjY"], "artistPop": [77], "genres": ["australian pop", "pop"]}, "2hDe0Ls5mVqs1XJqv7sbcM": {"name": "F\u00fatbol & Rumba (feat. Enrique Iglesias)", "coverArt": "https://i.scdn.co/image/ab67616d00001e023cb695bfc1246bdf66161fce", "artist": ["Anuel AA", "Enrique Iglesias"], "artistIds": ["2R21vXR83lH98kGeO99Y66", "7qG3b048QCHVRO5Pv1T5lw"], "artistPop": [87, 78], "genres": ["latin", "reggaeton", "reggaeton flow", "trap boricua", "trap latino", "dance pop", "latin", "latin pop", "mexican pop", "pop"]}, "34xlXbZ4Ws3GGpUKeimDu5": {"name": "Both Sides (feat. Lil Baby)", "coverArt": "https://i.scdn.co/image/ab67616d00001e0281f59eeb6c022453bfca4284", "artist": ["Gucci Mane", "Lil Baby"], "artistIds": ["13y7CgLHjMVRMDqxdx0Xdo", "5f7VJjfbwm532GiveGC0ZK"], "artistPop": [79, 91], "genres": ["atl hip hop", "dirty south rap", "gangster rap", "hip hop", "pop rap", "rap", "southern hip hop", "trap", "atl hip hop", "atl trap", "rap", "trap"]}, "6tfEKQWSonINLZgXEQ9aRK": {"name": "ATL Freestyle", "coverArt": "https://i.scdn.co/image/ab67616d00001e020a57f39f2a0cb0caee2a9728", "artist": ["6LACK"], "artistIds": ["4IVAbR2w4JJNJDDRFP3E83"], "artistPop": [79], "genres": ["alternative r&b", "atl hip hop", "hip hop", "melodic rap", "pop rap", "r&b", "rap", "trap"]}, "4iWKQu7GcqRl1aVll2PD20": {"name": "Only A Fool (with Pink Sweat$)", "coverArt": "https://i.scdn.co/image/ab67616d00001e0262d06cb81e9523ebac0547c2", "artist": ["Galantis", "Ship Wrek", "Pink Sweat$"], "artistIds": ["4sTQVOfp9vEMCemLw50sbu", "1ic0FHNGIjXZAWH6O6Reif", "1W7FNibLa0O0b572tB2w7t"], "artistPop": [79, 56, 75], "genres": ["dance pop", "edm", "electro house", "pop", "pop dance", "tropical house", "bass house", "electro house", "bedroom soul", "pop"]}, "5hHa6LvdhHCLex2qgGUVnq": {"name": "A Letter To My Younger Self (feat. Logic)", "coverArt": "https://i.scdn.co/image/ab67616d00001e027027de9946eb0eecb78fd2d7", "artist": ["Quinn XCII", "Logic"], "artistIds": ["3ApUX1o6oSz321MMECyIYd", "4xRYI6VqpkE3UwrDrAZL8L"], "artistPop": [74, 81], "genres": ["electropop", "indie pop rap", "pop", "pop rap", "conscious hip hop", "dmv rap", "hip hop", "pop rap", "rap"]}, "3IxyYgcTYye9jrZ3HQMohV": {"name": "Bury Me Alive", "coverArt": "https://i.scdn.co/image/ab67616d00001e0256604241bc127172f1765ccf", "artist": ["Oliver Tree"], "artistIds": ["6TLwD7HPWuiOzvXEa3oCNe"], "artistPop": [77], "genres": ["alternative hip hop"]}, "6kyNaZJgV2ngQA6c0mvt5y": {"name": "Dog Eat", "coverArt": "https://i.scdn.co/image/ab67616d00001e02aae616ea4991f6cc5c2cfbdc", "artist": ["Jack Larsen"], "artistIds": ["1UGH6A3IionoSVLLmqtl4o"], "artistPop": [35], "genres": ["bedroom pop"]}, "5OkYfk72CNL8XLqa3gp9q7": {"name": "Something to Rap About (feat. Tyler, The Creator)", "coverArt": "https://i.scdn.co/image/ab67616d00001e0252c24049a16d59e98a638651", "artist": ["Freddie Gibbs", "The Alchemist", "Tyler, The Creator"], "artistIds": ["0Y4inQK6OespitzD6ijMwb", "0eVyjRhzZKke2KFYTcDkeu", "4V8LLVI7PbaPR0K2TGSxFF"], "artistPop": [70, 69, 86], "genres": ["alternative hip hop", "hip hop", "indiana hip hop", "rap", "southern hip hop", "underground hip hop", "alternative hip hop", "hardcore hip hop", "hip hop", "rap", "southern hip hop", "underground hip hop", "west coast rap", "hip hop", "rap"]}, "6O1mb8Q7GaEYXLguecJwwg": {"name": "Headlines - Recorded at Spotify Studios NYC", "coverArt": "https://i.scdn.co/image/ab67616d00001e02555255764c58e743a39a53b8", "artist": ["Jessie Reyez"], "artistIds": ["3KedxarmBCyFBevnqQHy3P"], "artistPop": [71], "genres": ["canadian contemporary r&b", "canadian pop", "dance pop", "pop", "post-teen pop", "r&b"]}, "4nRYjMFeJOJQbNC0QDLOkS": {"name": "Shoulda (feat. Babyface)", "coverArt": "https://i.scdn.co/image/ab67616d00001e021102679327c5621571867ca8", "artist": ["Lucky Daye", "Babyface"], "artistIds": ["5Vuvs6Py2JRU7WiFDVsI7J", "3aVoqlJOYx31lH1gibGDt3"], "artistPop": [67, 59], "genres": ["alternative r&b", "chill r&b", "indie r&b", "pop r&b", "r&b", "neo soul", "new jack swing", "quiet storm", "r&b", "urban contemporary"]}, "2sXQgBaLmGpiIx6SyUhkPQ": {"name": "Like This", "coverArt": "https://i.scdn.co/image/ab67616d00001e02c5c0b23338f53dba3434f4ac", "artist": ["G Herbo", "Lil Uzi Vert"], "artistIds": ["5QdEbQJ3ylBnc3gsIASAT5", "4O15NlyKLIASxsJ0PrXPfz"], "artistPop": [74, 88], "genres": ["chicago drill", "chicago rap", "drill", "rap", "southern hip hop", "trap", "melodic rap", "philly rap", "rap", "trap"]}, "1KyZ4rUiW2lkqGNLQYKpcC": {"name": "Roses Remix (feat. Future)", "coverArt": "https://i.scdn.co/image/ab67616d00001e021dec94e7819198e1d013f137", "artist": ["SAINt JHN", "Future"], "artistIds": ["0H39MdGGX6dbnnQPt6NQkZ", "1RyvyyTE3xzB2ZywiAwp0i"], "artistPop": [76, 89], "genres": ["melodic rap", "pop rap", "rap", "slap house", "trap", "atl hip hop", "pop rap", "rap", "southern hip hop", "trap"]}, "6kwFW9NEAmnQdLeU5Tvu6V": {"name": "Stan By Me", "coverArt": "https://i.scdn.co/image/ab67616d00001e0218d68e8c0d6e180e5e3c2deb", "artist": ["G-Eazy"], "artistIds": ["02kJSzxNuaWGqwubyUba0Z"], "artistPop": [81], "genres": ["hip hop", "indie pop rap", "oakland hip hop", "pop rap", "rap"]}, "4oicjE1qZcs6NpAAQ3QNhC": {"name": "Internet Religion", "coverArt": "https://i.scdn.co/image/ab67616d00001e02835a03eaeaa00c4e143a1e21", "artist": ["Baby Queen"], "artistIds": ["4VqlewwKZJoIcA88PYHUDd"], "artistPop": [47], "genres": ["indie pop", "modern alternative pop", "uk pop"]}, "0cih1F5wMrqk7boDneVxkB": {"name": "for the people in the back", "coverArt": "https://i.scdn.co/image/ab67616d00001e02b41235acf67b0baed1351373", "artist": ["ROLE MODEL"], "artistIds": ["1dy5WNgIKQU6ezkpZs4y8z"], "artistPop": [66], "genres": ["alt z", "bedroom pop", "indie cafe pop", "indie pop", "pop", "social media pop"]}, "7GDjBYc8Q3li08dXaZcMB9": {"name": "Disco Man", "coverArt": "https://i.scdn.co/image/ab67616d00001e025a7ba0383c35121dee4bd4cb", "artist": ["Remi Wolf"], "artistIds": ["0NB5HROxc8dDBXpkIi1v3d"], "artistPop": [67], "genres": ["alternative r&b", "indie pop", "indie r&b", "modern alternative pop"]}, "7rklSHokP7SFLERdaCbheh": {"name": "Blank Generation (Studio Version) - Recorded at Electric Lady Studios", "coverArt": "https://i.scdn.co/image/ab67616d00001e02c5cc206f3e8ea16b3ddad869", "artist": ["The Raconteurs"], "artistIds": ["4wo1267SJuUfHgasdlfNfc"], "artistPop": [60], "genres": ["alternative rock", "garage rock", "garage rock revival", "indie rock", "modern alternative rock", "modern blues rock", "modern rock", "rock", "supergroup"]}, "2E8xVnA1LW1oX4hg9euHym": {"name": "Someone", "coverArt": "https://i.scdn.co/image/ab67616d00001e0276932df5d6ba9ee73cd50f8a", "artist": ["Gabriel Garz\u00f3n-Montano"], "artistIds": ["1R4GxRuSVTPSb6oy56SPST"], "artistPop": [45], "genres": ["alternative r&b", "indie jazz", "indie soul"]}, "2rVAtdA3LWr18RAVGXZNkw": {"name": "hey girl", "coverArt": "https://i.scdn.co/image/ab67616d00001e02adf6d6cf5eb8aea81f6f42a7", "artist": ["boy pablo"], "artistIds": ["7wbkl3zgDZEoZer357mVIw"], "artistPop": [66], "genres": ["bedroom pop", "bergen indie", "indie pop", "norwegian indie"]}, "2JcMKZhCd5RwcwRbEG58wu": {"name": "a world of chaos (feat. Rxseboy, Jomie & Ivri)", "coverArt": "https://i.scdn.co/image/ab67616d00001e02553c99143b9d685c5a88c716", "artist": ["Powfu", "Rxseboy", "Jomie", "Ivri"], "artistIds": ["6bmlMHgSheBauioMgKv2tn", "1ScHz7wPPxVTEKsc9g3Z0c", "5F4cFdG9NvJMnHXJkmqw9g", "5EjK7aUvQ9LMNqc2zXiWLS"], "artistPop": [76, 67, 53, 57], "genres": ["sad rap", "sad lo-fi", "sad rap", "sad lo-fi", "sad rap"]}, "6RH4zDb9P3qETE3dBMaFO3": {"name": "Mad World", "coverArt": "https://i.scdn.co/image/ab67616d00001e020c184b74511e0c06af45b033", "artist": ["X Lovers"], "artistIds": ["1Hr5Adjkxh6ihfsoahOY38"], "artistPop": [48], "genres": ["la pop"]}, "4qMlF2uBW2PtGSEMHPcNnZ": {"name": "Riri", "coverArt": "https://i.scdn.co/image/ab67616d00001e027ba08104f1328b28721c30fe", "artist": ["Amin\u00e9"], "artistIds": ["3Gm5F95VdRxW3mqCn8RPBJ"], "artistPop": [72], "genres": ["hip hop", "pop rap", "portland hip hop", "rap", "underground hip hop"]}, "4l3HOiHTjpLnv5wOuUBJKm": {"name": "Paranoid", "coverArt": "https://i.scdn.co/image/ab67616d00001e02cb8744ab4e78ab2f9cc40614", "artist": ["GASHI"], "artistIds": ["0JOxt5QOwq0czoJxvSc5hS"], "artistPop": [66], "genres": ["pop rap", "trap soul"]}, "5kw26mUxULwbgynbnVdZdk": {"name": "Dominican Mami (feat. Fivio Foreign)", "coverArt": "https://i.scdn.co/image/ab67616d00001e02869225ece4cc37e989c38a12", "artist": ["DaniLeigh", "Fivio Foreign"], "artistIds": ["0XIKGBo9PnK1ApI5tZA60d", "14CHVeJGrR5xgUGQFV5BVM"], "artistPop": [64, 75], "genres": ["pop", "pop r&b", "pop rap", "r&b", "rap latina", "brooklyn drill", "new york drill", "rap", "trap"]}, "0rhgOpSJgUEDDJ6rQE4ElW": {"name": "Grandmotha Grave", "coverArt": "https://i.scdn.co/image/ab67616d00001e02c9c734efc83597ec2338d1c2", "artist": ["Kevin Gates"], "artistIds": ["1gPhS1zisyXr5dHTYZyiMe"], "artistPop": [76], "genres": ["baton rouge rap", "rap", "southern hip hop", "trap"]}, "6aIARN0We3Rf0O2n20J8hp": {"name": "RNB (feat. Megan Thee Stallion)", "coverArt": "https://i.scdn.co/image/ab67616d00001e02c573c145654806d694d088be", "artist": ["Young Dolph", "Megan Thee Stallion"], "artistIds": ["3HiuzBlSW7pGDXlSFMhO2g", "181bsRPaVXVlUKXrxwZfHK"], "artistPop": [72, 86], "genres": ["gangster rap", "hip hop", "memphis hip hop", "rap", "southern hip hop", "tennessee hip hop", "trap", "houston rap", "pop", "pop rap", "trap queen"]}, "5kXl4GMySYyvusGK29fL0d": {"name": "Changes", "coverArt": "https://i.scdn.co/image/ab67616d00001e029a569cc96eebe7606ef9959c", "artist": ["Kevin George"], "artistIds": ["0UFKnbRkop5zKvIHhbnMCI"], "artistPop": [43], "genres": ["trap soul"]}, "2m7AO4zLdkbd5SRmjNfnwz": {"name": "No Use", "coverArt": "https://i.scdn.co/image/ab67616d00001e02d569adf1e98e9c1adaa64f65", "artist": ["Christian Leave"], "artistIds": ["2G8UkPZnQ8i78L8TfqP1X6"], "artistPop": [63], "genres": ["indie cafe pop", "indie pop", "modern rock"]}, "5bW37bLG2ILFlcLYRK8AU6": {"name": "dio", "coverArt": "https://i.scdn.co/image/ab67616d00001e02499bdad1fe61bceb0f0d812b", "artist": ["boylife"], "artistIds": ["6P8DiegQ0Inxj1UF6a9lCb"], "artistPop": [44], "genres": ["modern indie pop"]}, "4nvLuqwTOZdEJI1fcHXv8h": {"name": "You're All I Want", "coverArt": "https://i.scdn.co/image/ab67616d00001e02abccfd8798bdd1fe097136b2", "artist": ["Cigarettes After Sex"], "artistIds": ["1QAJqy2dA3ihHBFIHRphZj"], "artistPop": [74], "genres": ["ambient pop", "dream pop", "el paso indie", "shoegaze"]}, "3862MQcbNmghGJDfk8cOJi": {"name": "U 2 Luv", "coverArt": "https://i.scdn.co/image/ab67616d00001e02df352438ea64e3fb4c0c200d", "artist": ["Ne-Yo", "Jeremih"], "artistIds": ["21E3waRsmPlU7jZsS13rcj", "3KV3p5EY4AvKxOlhGHORLg"], "artistPop": [79, 78], "genres": ["dance pop", "pop", "pop rap", "r&b", "urban contemporary", "chicago rap", "dance pop", "hip hop", "pop", "pop rap", "r&b", "southern hip hop", "trap", "urban contemporary"]}, "2LINywqqovb1DSYV4k4bNE": {"name": "30", "coverArt": "https://i.scdn.co/image/ab67616d00001e02757178c3b5fa2a7c29c358fc", "artist": ["Aitch"], "artistIds": ["2PJEagPIxaBugeMjIyKVXF"], "artistPop": [70], "genres": ["manchester hip hop"]}, "2UW0DydwrEOUSAbxbFQR61": {"name": "Ride Out (feat. Lil Yachty)", "coverArt": "https://i.scdn.co/image/ab67616d00001e0267b517fe4a2d6d5ff46d214d", "artist": ["Shoreline Mafia", "Lil Yachty"], "artistIds": ["4tYSBptyGeVyZsk8JC4JHZ", "6icQOAFXDZKsumw3YXyusw"], "artistPop": [70, 79], "genres": ["cali rap", "trap", "underground hip hop", "atl hip hop", "hip hop", "melodic rap", "pop rap", "rap", "trap", "viral rap"]}, "2ODZcMOERTiBKETuRYUaVo": {"name": "Touch Your Toes (feat. Mulatto)", "coverArt": "https://i.scdn.co/image/ab67616d00001e029a3f92577f3c252dc9ce6732", "artist": ["JayDaYoungan", "Latto"], "artistIds": ["0E3pLs4jXz9tDQGY8m1A1d", "3MdXrJWsbVzdn6fe5JYkSQ"], "artistPop": [64, 66], "genres": ["melodic rap", "southern hip hop", "trap", "pop", "pop r&b", "r&b", "trap queen"]}, "7azKwxRJQYTjshRkbLQVQS": {"name": "I'M NOT OVER YOU", "coverArt": "https://i.scdn.co/image/ab67616d00001e027717724f43d0e78889bc6ada", "artist": ["RMR"], "artistIds": ["0j1Pwmd6nuk0BXD1RqoHDw"], "artistPop": [49], "genres": []}, "3M3A038dDopQcvGrrngcDE": {"name": "No Glory in the West", "coverArt": "https://i.scdn.co/image/ab67616d00001e02f36be433ed754d99b424d580", "artist": ["Orville Peck"], "artistIds": ["46auOkH1pk28rWrSoUNhLo"], "artistPop": [54], "genres": ["alternative country", "queer country"]}, "4TfPtTbJtk5diKYuubTP9e": {"name": "I Can See The Change", "coverArt": "https://i.scdn.co/image/ab67616d00001e02416c2c087f7cca39fda85985", "artist": ["Celeste"], "artistIds": ["49HlOY4gkHqsYG9GCuhkcc"], "artistPop": [68], "genres": ["british soul", "neo soul"]}, "7rb09YimksJ3XH7mmT0Uwv": {"name": "2 birds", "coverArt": "https://i.scdn.co/image/ab67616d00001e020cf5644e4fa4598bbb81b25c", "artist": ["mike."], "artistIds": ["5G9kmDLg3OeUyj8KVBLzbu"], "artistPop": [69], "genres": ["indie pop rap", "pop rap", "rap", "rhode island rap"]}, "2ZSHH750nQpUVHjoe3iu2U": {"name": "Fuego Del Calor (feat. Ozuna & Tyga)", "coverArt": "https://i.scdn.co/image/ab67616d00001e02dcf7880fbe992abcd952df0b", "artist": ["Scott Storch", "Ozuna", "Tyga"], "artistIds": ["4hadtPX6kKntrnA87Zdy01", "1i8SpTcr7yvPOmcqrbnVXY", "5LHRHt1k9lMyONurDHEdrp"], "artistPop": [49, 88, 84], "genres": ["latin", "puerto rican pop", "reggaeton", "trap latino", "dance pop", "hip hop", "pop rap", "rap", "southern hip hop", "trap"]}, "59lh6XYTsfhoXXTNU8TUrz": {"name": "FANTASIA", "coverArt": "https://i.scdn.co/image/ab67616d00001e02d8390334fba7a71eb1704beb", "artist": ["Monsta X"], "artistIds": ["4TnGh5PKbSjpYqpIdlW5nz"], "artistPop": [69], "genres": ["k-pop", "k-pop boy group"]}, "6SDNbGIe9f09Rb3diob8Ii": {"name": "Drums Drums Drums", "coverArt": "https://i.scdn.co/image/ab67616d00001e023730de0a21a63de1e46eb1c2", "artist": ["Travis Barker", "Wiz Khalifa"], "artistIds": ["4exLIFE8sISLr28sqG1qNX", "137W8MRPWKqSmrBGDBFSop"], "artistPop": [79, 84], "genres": ["rap rock", "dance pop", "hip hop", "pittsburgh rap", "pop rap", "rap", "southern hip hop", "trap"]}, "1FeJHc0jJZbVWELG5Itf6k": {"name": "Be Mine", "coverArt": "https://i.scdn.co/image/ab67616d00001e026292ff715c43fbbb28b2fe7b", "artist": ["Ro James"], "artistIds": ["7r2oyrNc0YjSC7hZL87V0Y"], "artistPop": [50], "genres": ["alternative r&b", "pop r&b", "r&b"]}, "04Uu1ZEM2WtDV7yBZA2jYi": {"name": "Figment Of My Mind", "coverArt": "https://i.scdn.co/image/ab67616d00001e022985f554c6bf51a13ec01972", "artist": ["Bruno Major"], "artistIds": ["0hDjKSKjl1DC7ovYTDJHe8"], "artistPop": [66], "genres": ["chill r&b", "indie cafe pop", "pop"]}, "4upXlYzMHIwAd8fR2cp6sp": {"name": "Forgive Myself", "coverArt": "https://i.scdn.co/image/ab67616d00001e029852a0ab0226d62f7d4ebb9d", "artist": ["Griff"], "artistIds": ["5RJFJWYgtgWktosLrUDzff"], "artistPop": [68], "genres": ["alt z", "dance pop", "uk pop"]}, "2LIPW0iUWjLTuOCnWRn840": {"name": "Everything's Good", "coverArt": "https://i.scdn.co/image/ab67616d00001e02e36757103d82775a8ede1811", "artist": ["Phil Good"], "artistIds": ["3MDqk7o9WcL4FSvlyyGjRv"], "artistPop": [50], "genres": ["electropop", "indie electropop", "la pop"]}, "68jcvExgyOsHVKzFpIBElM": {"name": "One and Done", "coverArt": "https://i.scdn.co/image/ab67616d00001e02d06ce89cd2fd6fa0011d19c1", "artist": ["Bright Eyes"], "artistIds": ["5o206eFLx38glA2bb4zqIU"], "artistPop": [59], "genres": ["indie folk", "indie pop", "indie rock", "melancholia", "omaha indie", "stomp and holler"]}, "5lCtzEEl2FxySHX4zR9yEf": {"name": "kissing girls", "coverArt": "https://i.scdn.co/image/ab67616d00001e020a45cf4432979778a58c2d0e", "artist": ["Grady"], "artistIds": ["6FmiNnTXQJTmOMAx4kB38R"], "artistPop": [54], "genres": ["indie electropop"]}, "3HjtXqCMdMpmrUYoHIZU87": {"name": "I'm On It", "coverArt": "https://i.scdn.co/image/ab67616d00001e02ad29dd56382360e5a9347eae", "artist": ["Old Dominion"], "artistIds": ["6y8XlgIV8BLlIg1tT1R10i"], "artistPop": [71], "genres": ["contemporary country", "country", "country road"]}, "78fUyqhfdpL5aaD12QSGCi": {"name": "DOA [Feat. Joyner Lucas]", "coverArt": "https://i.scdn.co/image/ab67616d00001e0282c0d7ba9bf11f09d11c1b1e", "artist": ["I Prevail", "Joyner Lucas"], "artistIds": ["3Uobr6LgQpBbk6k4QGAb3V", "6C1ohJrd5VydigQtaGy5Wa"], "artistPop": [69, 76], "genres": ["modern rock", "nu-metalcore", "boston hip hop", "hip hop", "pop rap", "rap"]}, "4D8KWoUe3oTaQSQq928X7B": {"name": "B.O.M.B.S.", "coverArt": "https://i.scdn.co/image/ab67616d00001e02875545be1dee576cf8ac68d0", "artist": ["Yung Baby Tate"], "artistIds": ["3IJ21966TwNZI24MwZHMu4"], "artistPop": [63], "genres": ["escape room", "trap queen", "viral rap"]}, "6l8ai4INZVibQ212THNkDo": {"name": "Dance Alone", "coverArt": "https://i.scdn.co/image/ab67616d00001e02353043877eb15ae8141762dd", "artist": ["Tayla Parx"], "artistIds": ["1LzWWI9v4UKdbBgz8fqi15"], "artistPop": [47], "genres": ["alternative r&b"]}, "5WrKo3SG1caGKka0vK4C40": {"name": "Make Your Troubles Go Away", "coverArt": "https://i.scdn.co/image/ab67616d00001e02b78c3e20b919e0b587ecd1ff", "artist": ["Andra Day"], "artistIds": ["1c4rxrxy8eDLvMVL1DTiBe"], "artistPop": [60], "genres": ["neo soul", "r&b"]}, "6otusV31RvdZAqQtAcP5JR": {"name": "Redwood Tree", "coverArt": "https://i.scdn.co/image/ab67616d00001e02b7cd0996ba018bb459c965d5", "artist": ["Cam"], "artistIds": ["5WRElKaZsn1tGnrgmJVAeO"], "artistPop": [60], "genres": ["contemporary country", "country", "country pop"]}, "7ipSMcs0tT8SLLXLxYGxSv": {"name": "When Life Is Good Again", "coverArt": "https://i.scdn.co/image/ab67616d00001e024806f182d8dbb1d8912d0c4c", "artist": ["Dolly Parton"], "artistIds": ["32vWCbZh0xZ4o9gkz4PsEU"], "artistPop": [73], "genres": ["classic country pop", "country", "country dawn"]}, "1DrCBBXN9gEiMU8ME7Vhpt": {"name": "Jolene", "coverArt": "https://i.scdn.co/image/ab67616d00001e0214509fdab584d30bb2329338", "artist": ["Chiquis", "Becky G"], "artistIds": ["5QcHBpoxrY7vx3ulMKEvTS", "4obzFoKoKRHIphyHzJ35G3"], "artistPop": [46, 82], "genres": ["dance pop", "latin", "latin pop", "latin viral pop", "pop", "rap latina", "reggaeton", "trap latino"]}, "54Er6w4NBnSEsKgVnY91eB": {"name": "On 11", "coverArt": "https://i.scdn.co/image/ab67616d00001e026fc416f22078a840e1638bce", "artist": ["Destiny Rogers"], "artistIds": ["6gezkje7GoJlQbHBgLXHuu"], "artistPop": [60], "genres": ["pop"]}, "7E7GPiPflBrSPzMuyUgLoa": {"name": "Crash", "coverArt": "https://i.scdn.co/image/ab67616d00001e0295c55282f70a6ebee05da66a", "artist": ["ALX"], "artistIds": ["1RE4ryNw7e9GftMcUeYKrR"], "artistPop": [33], "genres": []}, "5lbdxt9C6rsELTimTkyMn8": {"name": "I Need U", "coverArt": "https://i.scdn.co/image/ab67616d00001e02e039080466ec16d2f50f2dfe", "artist": ["yaeow"], "artistIds": ["4Abe9XH0fplj8dbOddoYgH"], "artistPop": [64], "genres": ["lo-fi chill", "sad lo-fi", "sad rap"]}, "0HiceIUHBYxFpMyfCZ9b9I": {"name": "Fan of Me", "coverArt": "https://i.scdn.co/image/ab67616d00001e025943025c5f3b9378a3a9bd11", "artist": ["Willy Cardiac", "Eric Bellinger"], "artistIds": ["6TzDL6UBN0LtO3vfLGpsR3", "7ibAWtDtmEfaVhc1FJ3Vl9"], "artistPop": [11, 69], "genres": ["south african trap", "pop", "pop r&b", "pop rap", "r&b", "rap", "urban contemporary"]}, "4uWm5KlbyNYbLIe2GDPKsh": {"name": "Why You Lying", "coverArt": "https://i.scdn.co/image/ab67616d00001e02680aa6dde56dfcfb68090851", "artist": ["9lokknine"], "artistIds": ["0ceH34CATvfgphxnLRWFkm"], "artistPop": [60], "genres": ["florida rap"]}, "4SCrAKnnkMFUjIlnCnWgey": {"name": "YTB (Yellow Tape Blixky) [feat. Shawny Binladen & Big Yaya]", "coverArt": "https://i.scdn.co/image/ab67616d00001e02c73ccc1a19808ede34dd1c44", "artist": ["22Gz", "Big Yaya", "Shawny Binladen"], "artistIds": ["4JhbRL6zaItAyzqx4gHTqz", "6HBExBDXBJHOkeIMDf3rhK", "0JfrGVffhKwF36QHW9HXOL"], "artistPop": [62, 29, 45], "genres": ["brooklyn drill", "nyc rap", "nyc rap", "plugg", "vapor trap"]}, "3cUkfXn8pI2tplbDgiE9Hj": {"name": "Club House", "coverArt": "https://i.scdn.co/image/ab67616d00001e02522eb932231cbfafae19f107", "artist": ["Toosii"], "artistIds": ["6BH1xcDkwbbyrLMUKECsW1"], "artistPop": [67], "genres": ["north carolina hip hop", "pop r&b"]}, "7zh0PdIYt6HxXoPvfb30MU": {"name": "Recuerdo", "coverArt": "https://i.scdn.co/image/ab67616d00001e02bb5fb5d93f1a1252d043011e", "artist": ["Ricky Martin", "Carla Morrison"], "artistIds": ["7slfeZO9LsJbWgpkIoXBUJ", "0XK6kT7xcZAlcYrNjOgzJe"], "artistPop": [77, 71], "genres": ["dance pop", "latin", "latin pop", "mexican pop", "puerto rican pop", "mexican pop"]}, "7DyNkaa7Anl8P4E6ftIWr7": {"name": "Forever Mine", "coverArt": "https://i.scdn.co/image/ab67616d00001e02d3ca1037544034cb53b72780", "artist": ["Robin Thicke"], "artistIds": ["0ZrpamOxcZybMHGg1AYtHP"], "artistPop": [67], "genres": ["dance pop", "hip pop", "neo soul", "new jack swing", "r&b", "urban contemporary"]}, "19AfLeaPfn7KpJsi7iaoqN": {"name": "Promise", "coverArt": "https://i.scdn.co/image/ab67616d00001e027b841d7fab9ba8586d068770", "artist": ["Terrell Hines"], "artistIds": ["2jhjHaG1p2SMn6cDyhwhjQ"], "artistPop": [42], "genres": ["modern alternative pop"]}, "71UTcCow2CVqk8PkDsIrXq": {"name": "Strong Enough", "coverArt": "https://i.scdn.co/image/ab67616d00001e0246b73270bf42f23eb77ce728", "artist": ["Ray LaMontagne"], "artistIds": ["6DoH7ywD5BcQvjloe9OcIj"], "artistPop": [65], "genres": ["acoustic pop", "indie folk", "neo mellow", "new americana", "pop rock", "stomp and holler"]}, "64ouROglsBxfd84TpVlPQZ": {"name": "Oxygen", "coverArt": "https://i.scdn.co/image/ab67616d00001e0285d230a79a0f0081bff1f102", "artist": ["Winona Oak", "Robin Schulz"], "artistIds": ["3XC57xz74X3xUi1hv4mge1", "3t5xRXzsuZmMDkQzgOX35S"], "artistPop": [60, 80], "genres": ["alt z", "pop", "swedish pop", "dance pop", "deep euro house", "deep house", "edm", "german dance", "pop", "pop dance", "tropical house"]}, "3pD6F7hN6fli6pPBZAht1s": {"name": "Mi Amor", "coverArt": "https://i.scdn.co/image/ab67616d00001e024b88375fbefedc4aa4629487", "artist": ["Nova Miller"], "artistIds": ["69iZuswGpLplhnKBE0MxcA"], "artistPop": [42], "genres": ["melodipop"]}, "4IU9uyvBToh2mtFEyiAdGk": {"name": "Morning Dew", "coverArt": "https://i.scdn.co/image/ab67616d00001e02c68a54d415611e0ffc6e261d", "artist": ["Kelsey Lu"], "artistIds": ["0fEfMW5bypHZ0A8eLnhwj5"], "artistPop": [49], "genres": ["alternative r&b", "art pop", "escape room", "experimental r&b", "indie soul"]}, "1b1BR38hTuQyneiYL3a0xs": {"name": "Latchkey", "coverArt": "https://i.scdn.co/image/ab67616d00001e020baf67aa6555bfd9b791fb47", "artist": ["DWY"], "artistIds": ["6rKDNm4z67mZVwDwnE0WsX"], "artistPop": [25], "genres": ["uk contemporary r&b"]}, "06zGFsJg11na4OPtQTbyvG": {"name": "For Andr\u00e9", "coverArt": "https://i.scdn.co/image/ab67616d00001e026a78744088b1c6394cb75cdf", "artist": ["Tank and The Bangas"], "artistIds": ["5cAtakaadWHJLxmGKrKcX7"], "artistPop": [45], "genres": ["escape room", "new orleans funk"]}, "0h2geYI1sWxCR7uQKEOWS7": {"name": "Either Way", "coverArt": "https://i.scdn.co/image/ab67616d00001e021e845591b9413ecf224a8d9b", "artist": ["Anna Sofia"], "artistIds": ["3ONUI6Gh4s7kcv3h0EuG2K"], "artistPop": [39], "genres": ["ontario indie"]}, "1XQdsneCUVWS7GuuHCoR1P": {"name": "Fire And Flame", "coverArt": "https://i.scdn.co/image/ab67616d00001e02812be981df1252794a121e74", "artist": ["Kip Moore"], "artistIds": ["2hJPr4lk7Q8SSvCVBl9fWM"], "artistPop": [64], "genres": ["contemporary country", "country", "country road", "modern country rock"]}, "2q4ooWQ4KvVhN2oX44m2D4": {"name": "Wine, Beer, Whiskey - Radio Edit", "coverArt": "https://i.scdn.co/image/ab67616d00001e02c88817bf543067c4218213b7", "artist": ["Little Big Town"], "artistIds": ["3CygdxquGHurS7f9LjNLkv"], "artistPop": [69], "genres": ["contemporary country", "country", "country dawn", "country road"]}, "2IjZE6bsYra3l7TAOSEMzq": {"name": "Mourn The Living", "coverArt": "https://i.scdn.co/image/ab67616d00001e029e8d8d791145182d64064431", "artist": ["Sarah Barrios"], "artistIds": ["0HJsX1aTdgG1VDIRDiseSJ"], "artistPop": [49], "genres": ["alt z"]}, "4jsXuvTCEZ5D9fWoXKZnp5": {"name": "Stalemate", "coverArt": "https://i.scdn.co/image/ab67616d00001e02c397ae125eb6eeacd6429b39", "artist": ["Bonbon Anglais"], "artistIds": ["2rlsovfy04FTekcMwbrLLH"], "artistPop": [10], "genres": []}, "3KSQ1BjRT0T4dnu6Z7UL8c": {"name": "Chasing Amy", "coverArt": "https://i.scdn.co/image/ab67616d00001e02f3bab806b0e18292ff86beeb", "artist": ["TeaMarrr"], "artistIds": ["1cWyN6TA0n4j9JtqI0sOpt"], "artistPop": [46], "genres": ["alternative r&b", "boston hip hop", "escape room", "indie r&b"]}, "505Oe45gImDNSCNWMqdcXq": {"name": "Think About Me (feat. YK Osiris)", "coverArt": "https://i.scdn.co/image/ab67616d00001e0297a9fc2d08daac3cf4e26b22", "artist": ["Kayla Nicole", "YK Osiris"], "artistIds": ["0jL5A3JBu46MsYrr5JMPuT", "7meyrw7Or5DwteYxDJrkCM"], "artistPop": [63, 60], "genres": ["trap queen", "viral rap", "melodic rap", "pop r&b", "trap"]}, "090NIGjFDsJ4soxNfkNOup": {"name": "Thinkin Bout You", "coverArt": "https://i.scdn.co/image/ab67616d00001e021fb36b6b91d1939f2ec798dd", "artist": ["Dee Watkins"], "artistIds": ["5cNn5kF2qKIOtBQJ2z4FM3"], "artistPop": [55], "genres": ["florida rap", "vapor trap"]}, "5x9QbIIn7NzhzMhlmfR2T7": {"name": "It's Whatever", "coverArt": "https://i.scdn.co/image/ab67616d00001e02fa23398d8703b6964a698f08", "artist": ["Smokepurpp", "Ronny J"], "artistIds": ["21dooacK2WGBB5amYvKyfM", "3TKCdsX8yNNoiC1gesn6or"], "artistPop": [66, 55], "genres": ["dark trap", "melodic rap", "meme rap", "miami hip hop", "rap", "southern hip hop", "trap", "underground hip hop", "vapor trap", "melodic rap", "miami hip hop", "underground hip hop", "vapor trap"]}, "0DQ0uSMu01OFSxZ7Qcy7Zb": {"name": "Bankrolls & Groupie Hoes (feat. Stunna 4 Vegas)", "coverArt": "https://i.scdn.co/image/ab67616d00001e028bae59ef324e2c155aa7e8f7", "artist": ["Lil Poppa", "Stunna 4 Vegas"], "artistIds": ["2hq1yEIcPd7KMLmU6h77Cg", "44IvvHRk2XF243QLA2VOa8"], "artistPop": [56, 64], "genres": ["florida rap", "southern hip hop", "trap", "viral rap"]}, "5dPJGhv29vW6HveVntXoQI": {"name": "Loved", "coverArt": "https://i.scdn.co/image/ab67616d00001e02410acb86c571e6d651b63870", "artist": ["Marlon Craft"], "artistIds": ["7MigDh04CCntQbsBvugEmb"], "artistPop": [51], "genres": ["nyc rap", "underground hip hop"]}, "2Tube9PPIomOrMKjvGvMLE": {"name": "Southside Mez", "coverArt": "https://i.scdn.co/image/ab67616d00001e02557854bbb02e674ab3bb51ec", "artist": ["Mez"], "artistIds": ["30C5wgn4celhRP3Tytv7R6"], "artistPop": [55], "genres": ["north carolina hip hop"]}, "6TMEL7vpevM8hwGi8okKqp": {"name": "Tonight Is The Night I Die", "coverArt": "https://i.scdn.co/image/ab67616d00001e02187b7d39f8826be9839ee939", "artist": ["Palaye Royale"], "artistIds": ["0hAd6zwEgt9ILuMDY1prcI"], "artistPop": [64], "genres": ["modern alternative rock", "modern rock", "rock", "vegas indie"]}, "0QTBbr4C6yoaGKSFtZt05j": {"name": "Bartender", "coverArt": "https://i.scdn.co/image/ab67616d00001e029796c49f302bd7f4f2c02616", "artist": ["Cady Groves"], "artistIds": ["4uIDwHKFKJQiY8aLttzFUh"], "artistPop": [37], "genres": ["alternative pop rock", "neon pop punk", "pop emo"]}, "0scqkbbmbtKtoXNH3JL9Dj": {"name": "Track 8", "coverArt": "https://i.scdn.co/image/ab67616d00001e027dbd7ef237988413c49346a5", "artist": ["Kelvin Harrison Jr."], "artistIds": ["3Na7zsSOhsFVx9LXrvNNbK"], "artistPop": [35], "genres": []}, "5otnLydsYHjho5h27gQPV2": {"name": "MEDICINE (feat. Tia Scola)", "coverArt": "https://i.scdn.co/image/ab67616d00001e0262b90648c0d6b69cf2d130e9", "artist": ["Shawn Wasabi", "Tia Scola"], "artistIds": ["1DLKitfb8fshL0DtCecRpY", "4EpXPwldCQhwBRl2oUrY6k"], "artistPop": [58, 27], "genres": ["future bass", "social media pop"]}, "4XX9brmzggEvkJVRguJHHS": {"name": "Catch", "coverArt": "https://i.scdn.co/image/ab67616d00001e02d9b936ab7dba31201e74e858", "artist": ["CAL"], "artistIds": ["4VmI5ZXt5FnlYIA8xHCLGH"], "artistPop": [48], "genres": []}}