{"0QBzMgT7NIeoCYy3sJCof1": {"name": "Bam Bam (feat. Ed Sheeran)", "coverArt": "https://i.scdn.co/image/ab67616d00001e02364ef5f9057092741f667fea", "artist": ["Camila Cabello", "Ed Sheeran"], "artistIds": ["4nDoRrQiYLoBzwC5BhVJzF", "6eUKZXaKkcviH0Ku9w2n3V"], "artistPop": [84, 95], "genres": ["dance pop", "pop", "post-teen pop", "pop", "uk pop"]}, "0oMCHLbU1IcWfXMHeYSfn1": {"name": "Turbo", "coverArt": "https://i.scdn.co/image/ab67616d00001e025b86c4c95fd42cb3b0cce113", "artist": ["DaBaby", "YoungBoy Never Broke Again"], "artistIds": ["4r63FhuTkUYltbVAg5TQnk", "7wlFDEWiM5OoIAt8RSli8b"], "artistPop": [89, 88], "genres": ["north carolina hip hop", "rap", "trap", "baton rouge rap", "trap"]}, "7JIIY2oDPFkURYMCLJuzhe": {"name": "Elliot's Song - From \"Euphoria\" An HBO Original Series", "coverArt": "https://i.scdn.co/image/ab67616d00001e025fa0cac2c4228c335c01dbe5", "artist": ["Dominic Fike", "Zendaya"], "artistIds": ["6USv9qhCn6zfxlBQIYJ9qs", "6sCbFbEjbYepqswM1vWjjs"], "artistPop": [79, 79], "genres": ["alternative pop rock", "pop", "dance pop", "pop", "post-teen pop"]}, "374EllG6WyKdKvklfanNZT": {"name": "ay! (with Lil Wayne)", "coverArt": "https://i.scdn.co/image/ab67616d00001e022083c41d294192a45bd90420", "artist": ["Machine Gun Kelly", "Lil Wayne"], "artistIds": ["6TIYQ3jFPwQSRmorSezPxX", "55Aa2cqylxrFIXC767Z865"], "artistPop": [86, 90], "genres": ["ohio hip hop", "pop rap", "hip hop", "new orleans rap", "pop rap", "rap", "trap"]}, "00pg6ROBxCsQ8lL9fpmosR": {"name": "Attention", "coverArt": "https://i.scdn.co/image/ab67616d00001e02e9d9f8192b6b32e82b47a907", "artist": ["Omah Lay", "Justin Bieber"], "artistIds": ["5yOvAmpIR7hVxiS6Ls5DPO", "1uNFoZAHBGtllmzznpCI3s"], "artistPop": [68, 96], "genres": ["afropop", "canadian pop", "pop"]}, "0KG7XrgM20KEmJrKsyFDAm": {"name": "Let You Go", "coverArt": "https://i.scdn.co/image/ab67616d00001e029cc42f338132f158b06b131f", "artist": ["Diplo", "TSHA", "Kareen Lomax"], "artistIds": ["5fMUXHkw8R8eOP2RNVYEZX", "2kLa7JZu4Ijdz1Gle2khZh", "0Fb9qTWnjsB90xH3zWr4oa"], "artistPop": [83, 53, 60], "genres": ["dance pop", "edm", "electro house", "house", "moombahton", "ninja", "pop", "pop dance", "tropical house", "uk house"]}, "4MvwrOOQyjh40KWwmFElmn": {"name": "Angelica", "coverArt": "https://i.scdn.co/image/ab67616d00001e022322830501d95ed74a52beb6", "artist": ["Wet Leg"], "artistIds": ["2TwOrUcYnAlIiKmVQkkoSZ"], "artistPop": [60], "genres": []}, "4RaV9tFFV7R04lglRhgg5O": {"name": "Straight To It (feat. Fivio Foreign)", "coverArt": "https://i.scdn.co/image/ab67616d00001e02f190674d6e343416189f2596", "artist": ["King Von", "Fivio Foreign"], "artistIds": ["6QtgPSJPSzcnn7dPZ4VINp", "14CHVeJGrR5xgUGQFV5BVM"], "artistPop": [80, 79], "genres": ["chicago rap", "brooklyn drill", "new york drill", "rap", "trap"]}, "4KNk5VS4bR4nUVvnJwVmUE": {"name": "Baby", "coverArt": "https://i.scdn.co/image/ab67616d00001e02f6a5ecba237556ded12b904d", "artist": ["Charli XCX"], "artistIds": ["25uiPmTg16RbhZWAqwLBy5"], "artistPop": [81], "genres": ["art pop", "candy pop", "dance pop", "electropop", "metropopolis", "pop", "post-teen pop", "uk pop"]}, "7k0wVBW3cvV6Xmb87JikIf": {"name": "Last Call", "coverArt": "https://i.scdn.co/image/ab67616d00001e02a58ea8506e1b257cfad72aba", "artist": ["Khalid"], "artistIds": ["6LuN9FCkKOj5PcnpouEgny"], "artistPop": [89], "genres": ["pop", "pop r&b"]}, "5J8AKBaUq1WHrzrm9YWlP3": {"name": "Leave You Alone", "coverArt": "https://i.scdn.co/image/ab67616d00001e0204b1f6af392c108e48ee17f8", "artist": ["Kane Brown"], "artistIds": ["3oSJ7TBVCWMDMiYjXNiCKE"], "artistPop": [78], "genres": ["black americana", "contemporary country"]}, "5cv0dKJs3s5TpLni2E7pqp": {"name": "Hit Different (feat. B-Lovee)", "coverArt": "https://i.scdn.co/image/ab67616d00001e0271d06b2bf4325d3b62f38044", "artist": ["A Boogie Wit da Hoodie", "B-Lovee"], "artistIds": ["31W5EY0aAly4Qieq6OFu6I", "7hf5PZjVOqTQ2id3PF7I5Y"], "artistPop": [86, 63], "genres": ["melodic rap", "rap", "trap", "bronx drill", "new york drill"]}, "0vQZ4DMWUNyCqUJdqfEkfx": {"name": "Sometimes", "coverArt": "https://i.scdn.co/image/ab67616d00001e02ee322f0859f5efbe4b65323d", "artist": ["Blxst", "Zacari"], "artistIds": ["4qXC0i02bSFstECuXP2ZpL", "3qBKjEOanahMxlRojwCzhI"], "artistPop": [76, 70], "genres": ["pop rap", "gqom"]}, "6w2jx3gzQAtoKP22czcANv": {"name": "Fils de joie", "coverArt": "https://i.scdn.co/image/ab67616d00001e0235f031a4bc81cabbc853425f", "artist": ["Stromae"], "artistIds": ["5j4HeCoUlzhfWtjAfM1acR"], "artistPop": [78], "genres": ["belgian pop", "g-house"]}, "6LtHYDgYHRCHoKK3snfr2w": {"name": "I'm Tired - From \"Euphoria\" An HBO Original Series", "coverArt": "https://i.scdn.co/image/ab67616d00001e0227ba168faff88111fd606454", "artist": ["Labrinth", "Zendaya"], "artistIds": ["2feDdbD5araYcm6JhFHHw7", "6sCbFbEjbYepqswM1vWjjs"], "artistPop": [89, 79], "genres": ["indie poptimism", "pop", "dance pop", "pop", "post-teen pop"]}, "5Z8XoeUBjZngKO0NGWnAiS": {"name": "Lost Track", "coverArt": "https://i.scdn.co/image/ab67616d00001e02c51985b80a2b2b420adba6e6", "artist": ["HAIM"], "artistIds": ["4Ui2kfOqGujY81UcPrb5KE"], "artistPop": [70], "genres": ["art pop", "indie pop", "metropopolis", "pop rock"]}, "5W0EeQs0I6luvjUM0ZXAuN": {"name": "Drunk Dial", "coverArt": "https://i.scdn.co/image/ab67616d00001e025e103b0dfd4de797647f4a39", "artist": ["Sueco"], "artistIds": ["4iDroUFo89Y7YBsdDTBmTD"], "artistPop": [73], "genres": ["cali rap", "pop rap"]}, "39ZVkOVxjG8ypNdUSVNkxU": {"name": "Mr. Forgettable", "coverArt": "https://i.scdn.co/image/ab67616d00001e02bd017336fc1c0200e956edd2", "artist": ["David Kushner"], "artistIds": ["33NVpKoXjItPwUJTMZIOiY"], "artistPop": [67], "genres": ["alt z", "gen z singer-songwriter"]}, "1Y8COP6Oqef3UxIONvzx6I": {"name": "COMPLETE MESS", "coverArt": "https://i.scdn.co/image/ab67616d00001e02787153507a516095ba5a7b19", "artist": ["5 Seconds of Summer"], "artistIds": ["5Rl15oVamLq7FbSb0NNBNy"], "artistPop": [82], "genres": ["boy band", "dance pop", "electropop", "pop", "post-teen pop"]}, "0WxzTL8Ptu103bVeYcBzoS": {"name": "Hear Me Clearly (with Nigo)", "coverArt": "https://i.scdn.co/image/ab67616d00001e02d099c73dbd011533c14456f3", "artist": ["Pusha T", "Nigo"], "artistIds": ["0ONHkAv9pCAFxb0zJwDNTy", "2rAnv6brcXaglLZBB4XXEn"], "artistPop": [77, 66], "genres": ["gangster rap", "hip hop", "pop rap", "rap", "southern hip hop", "trap", "underground hip hop", "virginia hip hop"]}, "1iSuktdIdWrdfq0slQ4auO": {"name": "Better Now (feat. MARO)", "coverArt": "https://i.scdn.co/image/ab67616d00001e026686d3aa49bfc9a87faf6b6a", "artist": ["ODESZA", "MARO"], "artistIds": ["21mKp7DqtSNHhCAU2ugvUw", "3NP4jJcW3R6qO6rbtnH0wn"], "artistPop": [72, 53], "genres": ["chillwave", "ninja", "musica portuguesa contemporanea"]}, "1MBCG291Bcs3JZltgwltiG": {"name": "Never Ending", "coverArt": "https://i.scdn.co/image/ab67616d00001e027df0ae35df59d8bf1753f5b5", "artist": ["BENEE"], "artistIds": ["0Cp8WN4V8Tu4QJQwCN5Md4"], "artistPop": [72], "genres": ["alt z", "nz pop", "pop"]}, "3gaerxLTSaKc8miymFRkVA": {"name": "It's Random", "coverArt": "https://i.scdn.co/image/ab67616d00001e02883b3660abdb7ef9cbe5c807", "artist": ["Dora Jar"], "artistIds": ["4V30Q8ACPdJCcAmAYibfrH"], "artistPop": [49], "genres": ["indie pop"]}, "2fvAP52y708KxkAOnI5LYa": {"name": "DO IT AGAIN", "coverArt": "https://i.scdn.co/image/ab67616d00001e0261c5c70746d562aaaf80069a", "artist": ["Cochise"], "artistIds": ["46HzS7yz0c9udVwtbHk1sx"], "artistPop": [75], "genres": ["plugg", "pluggnb"]}, "0gIVNoo3H05GyR4ExxmQOa": {"name": "Trampoline (feat. Missy Elliott, BIA and Doechii)", "coverArt": "https://i.scdn.co/image/ab67616d00001e029cfb46c241db4f89bd648f85", "artist": ["David Guetta", "Afrojack", "Missy Elliott", "BIA", "DOECHII"], "artistIds": ["1Cs0zKBU1kc0i8ypK3B9ai", "4D75GcNG95ebPtNvoNVXhz", "2wIVse2owClT7go1WT98tk", "6veh5zbFpm31XsPdjBgPER", "4E2rKHVDssGJm2SCDOMMJB"], "artistPop": [90, 77, 75, 72, 56], "genres": ["big room", "dance pop", "edm", "pop", "pop dance", "pop rap", "big room", "dance pop", "dutch house", "edm", "electro house", "pop dance", "pop rap", "progressive house", "tropical house", "dance pop", "hip hop", "hip pop", "pop", "pop rap", "r&b", "rap", "urban contemporary", "virginia hip hop", "pop", "r&b", "rap latina", "trap queen", "escape room"]}, "1Mf7qE54NoBp5hrZV2iPrX": {"name": "POSE", "coverArt": "https://i.scdn.co/image/ab67616d00001e029dc6ac4b1d2e08cb9b8d8d16", "artist": ["MICHELLE"], "artistIds": ["4yYvor6Rq4fG82J1L47DYp"], "artistPop": [57], "genres": ["bedroom pop", "indie pop", "indie r&b"]}, "2Tv3bPKLESHfl8jgAlY2Pv": {"name": "Another Man's Jeans", "coverArt": "https://i.scdn.co/image/ab67616d00001e02eb1b8a187ddd1fd018e44a94", "artist": ["Ashe"], "artistIds": ["6P5NO5hzJbuOqSdyPB7SJM"], "artistPop": [73], "genres": ["alt z", "electropop", "pop"]}, "1TUNcLZZImGkNlviSpQp6H": {"name": "Head High", "coverArt": "https://i.scdn.co/image/ab67616d00001e02e0408de3fdf068f670911520", "artist": ["Joey Bada$$"], "artistIds": ["2P5sC9cVZDToPxyomzF1UH"], "artistPop": [77], "genres": ["conscious hip hop", "hip hop", "rap", "underground hip hop"]}, "1WmOlcya9zgYB714iujmVb": {"name": "Still Here (feat. Cordae)", "coverArt": "https://i.scdn.co/image/ab67616d00001e02bfb9240f59597cdb8769144b", "artist": ["Morray", "Cordae"], "artistIds": ["44vREmJC0OlVZjZaGLqVEd", "0huGjMyP507tBCARyzSkrv"], "artistPop": [69, 76], "genres": ["pop rap", "dmv rap", "hip hop", "rap", "trap"]}, "0rLfMI04PHRfoaGLcCh816": {"name": "Deserve It", "coverArt": "https://i.scdn.co/image/ab67616d00001e0278fdc1c5210c0b661b4cff5b", "artist": ["Shenseea"], "artistIds": ["1OFOShsIbhy1l5x73yuVyB"], "artistPop": [67], "genres": ["dancehall"]}, "5xEQly0HBNaMRUadgVndjq": {"name": "the dealer", "coverArt": "https://i.scdn.co/image/ab67616d00001e022615b70abbc2c8cc82480e96", "artist": ["Nil\u00fcfer Yanya"], "artistIds": ["09kXLeOXRyfNQMXRaDO4qA"], "artistPop": [55], "genres": ["art pop", "uk alternative pop"]}, "6xkghIDZwnZtTfpjEqccrr": {"name": "What Everybody Wants", "coverArt": "https://i.scdn.co/image/ab67616d00001e02e0f42d76d6ec2720bd10a087", "artist": ["Chelsea Cutler"], "artistIds": ["5JMLG56F1X5mFmWNmS0iAp"], "artistPop": [77], "genres": ["alt z", "electropop", "pop", "tropical house"]}, "4wWkQCynfdPWrjIIZZVBOD": {"name": "Look At The Mess I'm In", "coverArt": "https://i.scdn.co/image/ab67616d00001e025ed948687cd9690f485ee7d4", "artist": ["Danielle Bradbery"], "artistIds": ["5iqStkZi6QmG8sgQZQrfGN"], "artistPop": [63], "genres": ["contemporary country", "country", "country pop"]}, "46GsFW8AFIvi8TUDlYRlXR": {"name": "Te Espero", "coverArt": "https://i.scdn.co/image/ab67616d00001e02a504f04ab63558f02185592b", "artist": ["Prince Royce", "Maria Becerra"], "artistIds": ["3MHaV05u0io8fQbZ2XPtlC", "1DxLCyH42yaHKGK3cl5bvG"], "artistPop": [79, 87], "genres": ["bachata", "latin", "latin hip hop", "pop argentino"]}, "531KGXtBroSrOX9LVmiIgc": {"name": "Starlight", "coverArt": "https://i.scdn.co/image/ab67616d00001e0220ce6b27651688ee8969cb2e", "artist": ["Dave"], "artistIds": ["6Ip8FS7vWT1uKkJSweANQK"], "artistPop": [80], "genres": ["uk hip hop"]}, "2Kb5Sy93AE70esO90eJgdQ": {"name": "HMU for a Good Time", "coverArt": "https://i.scdn.co/image/ab67616d00001e021f99ba306b57cf03e13bd91d", "artist": ["Tinashe", "Channel Tres"], "artistIds": ["0NIIxcxNHmOoyBx03SfTCD", "4cUkGQyhLFqKHBtL58HYVp"], "artistPop": [75, 66], "genres": ["alternative r&b", "dance pop", "electropop", "hip pop", "metropopolis", "pop", "pop r&b", "pop rap", "post-teen pop", "r&b", "urban contemporary", "indie soul", "la pop"]}, "3aDMZXySHhSRCeG0bbUeOx": {"name": "Over", "coverArt": "https://i.scdn.co/image/ab67616d00001e02f12f2ee13affde3549fee0c7", "artist": ["Tom The Mail Man"], "artistIds": ["1ueFyDvrq8tCjAd6x8AVxD"], "artistPop": [61], "genres": ["aesthetic rap", "emo rap", "modern indie pop", "sad rap", "vapor trap"]}, "1jtdHYkk7RZNSeGWLxXwrS": {"name": "GET IT", "coverArt": "https://i.scdn.co/image/ab67616d00001e024e28d3333abd9babfb51210f", "artist": ["keshi"], "artistIds": ["3pc0bOVB5whxmD50W79wwO"], "artistPop": [78], "genres": ["chill r&b", "pop"]}, "134G2m5YsPiZXFOduHEfSJ": {"name": "Crying in the Rain", "coverArt": "https://i.scdn.co/image/ab67616d00001e02c95360d5fdda5c5ebde2d957", "artist": ["Ali Gatie"], "artistIds": ["4rTv3Ejc7hKMtmoBOK1B4T"], "artistPop": [76], "genres": ["canadian hip hop", "pop"]}, "4ILJxejqqWk4y8oWsxYDtE": {"name": "Poster Child", "coverArt": "https://i.scdn.co/image/ab67616d00001e02cb77524932d10721c94ddaf6", "artist": ["Red Hot Chili Peppers"], "artistIds": ["0L8ExT028jH3ddEcZwqJJ5"], "artistPop": [86], "genres": ["alternative rock", "funk metal", "funk rock", "permanent wave", "rock"]}, "4Bk9XgBiO13Ba3mRjXBq0Z": {"name": "Hanging On", "coverArt": "https://i.scdn.co/image/ab67616d00001e028a7b1e0e2e27ba1a26455a1b", "artist": ["Bob Moses"], "artistIds": ["6LHsnRBUYhFyt01PdKXAF5"], "artistPop": [65], "genres": ["canadian electronic", "canadian house"]}, "3h3szgXLd2FJ0WSWj8om9t": {"name": "L.O.V.E. (feat. EARTHGANG, Jon Batiste & Sherwyn)", "coverArt": "https://i.scdn.co/image/ab67616d00001e0210a333a60b9b2e09dc9665c4", "artist": ["Yung Bae", "Jon Batiste", "Sherwyn", "EARTHGANG"], "artistIds": ["30FDJPN3RtwJZ20g5YGCRX", "0eRbECAGCLLiTyVXPBRexU", "4cxJUMXdHetYoijH951DRV", "5MbNzCW3qokGyoo9giHA3V"], "artistPop": [62, 60, 31, 73], "genres": ["future funk", "new orleans jazz", "atl hip hop", "hip hop", "psychedelic hip hop", "rap", "underground hip hop"]}, "3z8OCUCuwJop3DB4tIMsRX": {"name": "Beat The Streets", "coverArt": "https://i.scdn.co/image/ab67616d00001e02ac9f4e812f46307148dc16c6", "artist": ["Tee Grizzley"], "artistIds": ["6AUl0ykLLpvTktob97x9hO"], "artistPop": [73], "genres": ["detroit hip hop", "detroit trap", "hip hop", "pop rap", "rap", "southern hip hop", "trap"]}, "408UEGA6FV2nvQjr1nt1VT": {"name": "Drive Away", "coverArt": "https://i.scdn.co/image/ab67616d00001e02abf51a74d3b2f9abc4515884", "artist": ["Krewella"], "artistIds": ["0Cd6nHYwecCNM1sVEXKlYr"], "artistPop": [64], "genres": ["dance pop", "edm", "electra", "electro house", "electropop", "pop dance"]}, "1cz1jiZlsUlKbHAkJZ2Pec": {"name": "Buffalo Stance", "coverArt": "https://i.scdn.co/image/ab67616d00001e02e9a9227941aaf8f51cfd1e43", "artist": ["Robyn", "Neneh Cherry", "Mapei"], "artistIds": ["6UE7nl9mha6s8z0wFQFIZ2", "3JxCEqL9zjKnDJgUhRuRJD", "6baWjwY7WiVPCZcW7pqqhz"], "artistPop": [66, 56, 51], "genres": ["art pop", "dance pop", "electropop", "europop", "pop", "scandipop", "swedish electropop", "swedish pop", "new wave pop", "urban contemporary", "swedish soul"]}, "51q8KeszKpVOWghI37pdWK": {"name": "What You're Thinking", "coverArt": "https://i.scdn.co/image/ab67616d00001e02c69d65c219544daa39fb35a4", "artist": ["Luna Li"], "artistIds": ["4ZAk3yVJdtf1CFnTiG08U3"], "artistPop": [52], "genres": ["canadian garage rock", "indie pop", "toronto indie"]}, "7ajdfpfW1h6cN7GMQ5Sver": {"name": "Black & White", "coverArt": "https://i.scdn.co/image/ab67616d00001e0241519477454573636e727167", "artist": ["Sad Night Dynamite"], "artistIds": ["6ydvoGN30eRfE78bjTANF7"], "artistPop": [53], "genres": []}, "2SaMMF3gwdwTjWuR44LETg": {"name": "sleeping on the floor", "coverArt": "https://i.scdn.co/image/ab67616d00001e02974d139f3c01f29a01a7f243", "artist": ["Powfu"], "artistIds": ["6bmlMHgSheBauioMgKv2tn"], "artistPop": [77], "genres": ["lo-fi chill", "sad rap"]}, "0BbvSCBpxz2yjPXINwFWOw": {"name": "At the End of the Day", "coverArt": "https://i.scdn.co/image/ab67616d00001e02bd1e97e3dfdcbee732bd4095", "artist": ["Wallows"], "artistIds": ["0NIPkIjTV8mB795yEIiPYL"], "artistPop": [76], "genres": ["indie pop", "modern rock", "pop"]}, "2lQsaY9KsbtE8oij9Db9eB": {"name": "Kira Kira", "coverArt": "https://i.scdn.co/image/ab67616d00001e02a245723f1665dd946174bc5d", "artist": ["Cecilia Gault"], "artistIds": ["1A1ZXMqcpElewwm16R0cmk"], "artistPop": [44], "genres": []}, "1ZaZ2oU9mJXsLcyJCB1APa": {"name": "Sl*t Him Out Again (feat. Kali)", "coverArt": "https://i.scdn.co/image/ab67616d00001e0239fec17f903b5e87e9c80800", "artist": ["Baby Tate", "Kali"], "artistIds": ["3IJ21966TwNZI24MwZHMu4", "1YRqgFNXqRyMDRr8ClS1NL"], "artistPop": [71, 57], "genres": ["escape room", "trap queen", "viral rap", "viral rap"]}, "7KFaMe479G4CSER4kU5jrf": {"name": "I Ain't Gon Lie", "coverArt": "https://i.scdn.co/image/ab67616d00001e0271e18b79d407fa8a9127033c", "artist": ["J.I the Prince of N.Y"], "artistIds": ["2eqoJbzUGDwys5ENUkbT3h"], "artistPop": [68], "genres": ["nyc rap", "pop r&b"]}, "77OMY86vNpNk304RSucxNr": {"name": "Lately", "coverArt": "https://i.scdn.co/image/ab67616d00001e02d4e70adf5bc4d9c1e1e0aee1", "artist": ["Hotboii"], "artistIds": ["220xv2aB3dsGxaJI1gGs7l"], "artistPop": [67], "genres": ["florida rap", "pop rap", "trap"]}, "3GkZwRXM2Dsd8c25qYSmGU": {"name": "Hi-De-Ho", "coverArt": "https://i.scdn.co/image/ab67616d00001e0291f2ba400d6df59deb161abe", "artist": ["Jack White", "Q-Tip"], "artistIds": ["4FZ3j1oH43e7cukCALsCwf", "3ZotbHeyVQKxQCPDJuQ4SU"], "artistPop": [63, 66], "genres": ["alternative rock", "blues rock", "garage rock", "garage rock revival", "indie rock", "modern blues rock", "modern rock", "punk blues", "rock", "alternative hip hop", "east coast hip hop", "hardcore hip hop", "hip hop", "neo soul", "queens hip hop"]}, "24KGKNglICq4YhNvaZfkA7": {"name": "Contigo No Fue", "coverArt": "https://i.scdn.co/image/ab67616d00001e02feb62b1d321c32d8617fc91e", "artist": ["Adriel Favela", "La Cotorrisa", "Strecci"], "artistIds": ["0PrhwIWbqYFYyY2ZrkIWgI", "72j1bOj19ZViXuyppnx5tJ", "7p1l2K7lVH2v4hrT3Y3tOv"], "artistPop": [71, 0, 0], "genres": ["corrido", "corridos alternativos", "corridos tumbados", "musica mexicana", "nueva musica mexicana", "sierreno"]}, "055h2AsFKK7aSw4hljdgFY": {"name": "Confidence", "coverArt": "https://i.scdn.co/image/ab67616d00001e02ea7f472352b5a0050de0f687", "artist": ["Blake Rose"], "artistIds": ["7wLyGTO9vUS7ndlq4BvBGe"], "artistPop": [66], "genres": ["alt z", "australian electropop", "electropop", "pop"]}, "77gpwRWeMlZeIUI9QDoDVZ": {"name": "Next Life", "coverArt": "https://i.scdn.co/image/ab67616d00001e02aa0daff07c59b5c50a055906", "artist": ["ROSIE"], "artistIds": ["2bp65KnFOIsIosBoqPzvNL"], "artistPop": [59], "genres": ["alt z"]}, "1Ip5p31SowqjJLo2ss1afJ": {"name": "better off without me", "coverArt": "https://i.scdn.co/image/ab67616d00001e0207466efedd446f15e0d0ce21", "artist": ["Matt Hansen"], "artistIds": ["6wlhqnATSJIc0NQ64VxOVJ"], "artistPop": [43], "genres": ["gen z singer-songwriter"]}, "3o0hiPJ7SzxusicnXlzkBt": {"name": "Horseshoes and Hand Grenades", "coverArt": "https://i.scdn.co/image/ab67616d00001e025c8680deece94eb612179eaf", "artist": ["Mitchell Tenpenny"], "artistIds": ["1p6CdzJRoicjRcSdWoB9Qc"], "artistPop": [69], "genres": ["contemporary country", "country", "heartland rock"]}, "6wD2WOZhGm3F0jUQxW5hyO": {"name": "Down To The Bar (feat. HARDY)", "coverArt": "https://i.scdn.co/image/ab67616d00001e026d906f3862b13984e9cfba16", "artist": ["Cole Swindell", "HARDY"], "artistIds": ["1mfDfLsMxYcOOZkzBxvSVW", "5QNm7E7RU2m64l6Gliu8Oy"], "artistPop": [69, 71], "genres": ["contemporary country", "country", "country road", "modern country rock", "contemporary country"]}, "6VcpaoEQRxc9wrAtYBqKwz": {"name": "Payback (feat. Icona Pop)", "coverArt": "https://i.scdn.co/image/ab67616d00001e02dd22d7c43aa6aa2593829d48", "artist": ["Cheat Codes", "Icona Pop"], "artistIds": ["7DMveApC7UnC2NPfPvlHSU", "1VBflYyxBhnDc9uVib98rw"], "artistPop": [78, 70], "genres": ["dance pop", "edm", "electro house", "electropop", "pop", "pop dance", "tropical house", "candy pop", "dance pop", "edm", "electropop", "metropopolis", "pop", "pop dance", "swedish electropop", "swedish synthpop"]}, "4XjTvY0x7RR7cy8inojCkO": {"name": "Forgive Me", "coverArt": "https://i.scdn.co/image/ab67616d00001e027d4ee9a7b3b6a4fb345b44e9", "artist": ["Sofi Tukker", "Mahmut Orhan"], "artistIds": ["586uxXMyD5ObPuzjtrzO1Q", "3t8WiyalpvnB9AObcMufiE"], "artistPop": [72, 59], "genres": ["electropop", "pop", "turkish deep house", "turkish edm"]}, "5XzBAMcPTnB3p1xzYyVhxc": {"name": "Power Power (feat. Shaun Ross)", "coverArt": "https://i.scdn.co/image/ab67616d00001e026eea4f947e9a85e008f598db", "artist": ["Duckwrth", "Shaun Ross"], "artistIds": ["6I3MElirhT5t6Kf7p0hGk9", "6GaWtlUT3oavD9SEzhZrA1"], "artistPop": [68, 53], "genres": ["alternative r&b", "indie r&b", "indie soul", "underground hip hop"]}, "130HryWoyeI6Y7JxkWoLkN": {"name": "Find That Girl", "coverArt": "https://i.scdn.co/image/ab67616d00001e029139347e348153cd0e70668e", "artist": ["G-Eazy", "Kossisko", "Swae Lee"], "artistIds": ["02kJSzxNuaWGqwubyUba0Z", "3TmVOBZL0RYrAAF3f2QSGq", "1zNqQNIdeOUZHb8zbZRFMX"], "artistPop": [81, 52, 82], "genres": ["indie pop rap", "oakland hip hop", "pop", "pop rap", "rap", "cali rap", "melodic rap", "trap"]}, "4OGhqENXneIdSfMPHRb1Og": {"name": "Skeleton Cartier", "coverArt": "https://i.scdn.co/image/ab67616d00001e0287141ccae512163ba200416b", "artist": ["Popcaan"], "artistIds": ["62DmErcU7dqZbJaDqwsqzR"], "artistPop": [70], "genres": ["dancehall", "reggae fusion"]}, "6ApEaAL5iuN3cOwSoAbY1d": {"name": "Vroom - from GRAN TURISMO 7", "coverArt": "https://i.scdn.co/image/ab67616d00001e02a863a7610ffa6c74ff58b407", "artist": ["The FaNaTiX", "Idris Elba", "Lil Tjay", "DaVido", "Koffee", "Moelogo"], "artistIds": ["3pZyDeGMNPAWHdFe2K4ud1", "0Dc2rdPzleezxhvQhQbXuS", "6jGMq4yGs7aQzuGsMgVgZR", "0Y3agQaa6g2r0YmHPOO9rh", "1gWjcmBsveEYMxOZ0VRi32", "6mctsJBrfcWvWH7S8h716D"], "artistPop": [44, 61, 85, 70, 65, 48], "genres": ["uk tech house", "brooklyn drill", "melodic rap", "nyc rap", "afropop", "ghanaian hip hop", "nigerian pop", "dancehall", "modern reggae", "afro dancehall", "nigerian pop"]}, "4Ip0oLPBQq9jbzEuR1foRV": {"name": "Warning Signs", "coverArt": "https://i.scdn.co/image/ab67616d00001e02462bb48f3d752ff0af12b414", "artist": ["Band of Horses"], "artistIds": ["0OdUWJ0sBjDrqHygGUXeCF"], "artistPop": [64], "genres": ["chamber pop", "indie folk", "indie rock", "modern rock", "stomp and holler"]}, "5vWAgdYgGN5WXzKvfNwx2E": {"name": "Mercy", "coverArt": "https://i.scdn.co/image/ab67616d00001e02487acef0ea1e95a6fcaa1704", "artist": ["Sir Chloe"], "artistIds": ["6rniTPs9zN26kYnkPdFl1U"], "artistPop": [67], "genres": ["indie pop"]}, "28Jp7gcgysBhWZJ9mnXEYd": {"name": "more", "coverArt": "https://i.scdn.co/image/ab67616d00001e022b910b5a6b6396d72a09e4a3", "artist": ["BETWEEN FRIENDS"], "artistIds": ["2HkSsS8O2U2gPhnCGVN5vn"], "artistPop": [64], "genres": ["indie pop", "la pop"]}, "1P4ImzPflHgHlNwYu3CCMB": {"name": "moves", "coverArt": "https://i.scdn.co/image/ab67616d00001e02b759869126e089e7d4aeb08b", "artist": ["Amelia Moore"], "artistIds": ["61shKG2hWuRTW2PEAPk7fo"], "artistPop": [48], "genres": []}, "0ODA6YVgdZpss4n7JKaqzc": {"name": "Dear Denny", "coverArt": "https://i.scdn.co/image/ab67616d00001e021d0d616e69db45bfe7ee9609", "artist": ["Leah Kate"], "artistIds": ["6oWOHAOyBUn6aJlKIPJK9r"], "artistPop": [63], "genres": ["alt z", "social media pop"]}, "0Hhc5lUBREFnaDmzrnRYj2": {"name": "Freak (with Vandelux)", "coverArt": "https://i.scdn.co/image/ab67616d00001e02658b7d091740dec1a493b417", "artist": ["Emmit Fenn", "Vandelux"], "artistIds": ["3VVLqeEqQQqTgT8YhfY9Z6", "2rdSCmWgrIWA8pmwhS1T2k"], "artistPop": [66, 53], "genres": ["electropop", "tropical house", "vapor soul"]}, "6P5LVi6q3YgQdM7Zi6b8yR": {"name": "Talkin (feat. Kelis & Tiana Major9)", "coverArt": "https://i.scdn.co/image/ab67616d00001e02dac2f92b61e9aa5bbb235e64", "artist": ["Kojey Radical", "Kelis", "Tiana Major9"], "artistIds": ["1HMhQzj2QXxR40zGDdaK6y", "0IF46mUS8NXjgHabxk2MCM", "1Naqgo0HMRoumRP0e2MXD9"], "artistPop": [59, 68, 56], "genres": ["indie soul", "uk alternative hip hop", "dance pop", "electropop", "hip pop", "neo soul", "r&b", "urban contemporary", "alternative r&b", "chill r&b", "high vibe", "indie r&b", "indie soul", "r&b", "uk contemporary r&b"]}, "1xiUzPAksS3sKRHYRtPtP2": {"name": "Life of Sin", "coverArt": "https://i.scdn.co/image/ab67616d00001e02afc46178358174774b49936e", "artist": ["Yungeen Ace"], "artistIds": ["7hj7ffJe6UkF1gsMpuweSI"], "artistPop": [65], "genres": ["florida rap", "melodic rap", "pop rap", "trap"]}, "6SOiglkSPpcLvk68nY8yil": {"name": "Coupe", "coverArt": "https://i.scdn.co/image/ab67616d00001e027b188488ba1f1c0dc814ece3", "artist": ["Bktherula"], "artistIds": ["6OjtkJDlAZzlzAydEn78cK"], "artistPop": [60], "genres": ["pluggnb", "vapor trap"]}, "0tTEmfjfug85g8lcmJ9fWf": {"name": "Hate Me (feat. Travis Barker)", "coverArt": "https://i.scdn.co/image/ab67616d00001e02a4e780bbb5bea3296bc24366", "artist": ["Caspr", "Travis Barker"], "artistIds": ["6yZgSbQMnAFpQRgv7EMRzZ", "4exLIFE8sISLr28sqG1qNX"], "artistPop": [50, 79], "genres": ["emo rap", "rap rock"]}, "4jS4EhXJT0Rj2SzjsgYIo5": {"name": "Palpitations", "coverArt": "https://i.scdn.co/image/ab67616d00001e02cf6f9c9d602fe113549e1305", "artist": ["Kid Sistr"], "artistIds": ["7ysZTe2PbCTqmC2tE1dpCk"], "artistPop": [34], "genres": []}, "2JerYQPEZWTiTEIFgfUEoV": {"name": "WTSGD (with Alessia Cara)", "coverArt": "https://i.scdn.co/image/ab67616d00001e0271f90288b6ef8d6f5884da79", "artist": ["CLAY", "Alessia Cara"], "artistIds": ["20aPu5vizjmoX2A7f7AOWL", "2wUjUUtkb5lvLKcGKsKqsR"], "artistPop": [43, 80], "genres": ["canadian contemporary r&b", "canadian pop", "dance pop", "electropop", "pop", "post-teen pop"]}, "3rySmg1BCN3yA4FcqVvSIX": {"name": "Golden Mirror", "coverArt": "https://i.scdn.co/image/ab67616d00001e02138a9bd3327205ad8ff9eb80", "artist": ["KAINA"], "artistIds": ["7c6eQSFEfIt9rV3gh4cgtj"], "artistPop": [41], "genres": ["bedroom soul"]}, "1dmYjJ35vKDV72rptktSTu": {"name": "Down Since '07", "coverArt": "https://i.scdn.co/image/ab67616d00001e023a0593d1cdc81741f5ac3982", "artist": ["Lou Roy"], "artistIds": ["4SXS92sCu5twnCUx4Dy44H"], "artistPop": [30], "genres": []}, "1Aqem6wOa0vjQ417fE820e": {"name": "collision course", "coverArt": "https://i.scdn.co/image/ab67616d00001e0211112ff9b86df0900be5cd44", "artist": ["re6ce"], "artistIds": ["4ULUpM5hJYKWhWdIViYrGK"], "artistPop": [18], "genres": []}, "3Vgihc6vWAzDroeW43oB6O": {"name": "Made Me (feat. NoCap)", "coverArt": "https://i.scdn.co/image/ab67616d00001e0259f8d72f6fba91c65f13c528", "artist": ["Hunxho", "NoCap"], "artistIds": ["508weSx4HBumrGggFmc7br", "4PNHuWkk4ee6R8WEhFVPf5"], "artistPop": [58, 66], "genres": ["alabama rap", "atl trap", "trap"]}, "54q8OmZWMQeHwiYgran4e9": {"name": "Cooler Than Me", "coverArt": "https://i.scdn.co/image/ab67616d00001e025c155ad602cef533de046e58", "artist": ["Lancey Foux"], "artistIds": ["2LakckgvXEtJlKOYP6BO11"], "artistPop": [57], "genres": ["uk alternative hip hop", "underground hip hop", "vapor trap"]}, "3mL1frnTR0o83A3viBbIX8": {"name": "HEATING ROCKS", "coverArt": "https://i.scdn.co/image/ab67616d00001e02b0b8e05fa6a9a6eb49b1997b", "artist": ["Cruel Santino"], "artistIds": ["15GgEOJiFyjQm4tZ4D7qih"], "artistPop": [51], "genres": ["alte", "nigerian pop"]}, "26H5U6YRMbzunMgCe89r0s": {"name": "Try Peace...", "coverArt": "https://i.scdn.co/image/ab67616d00001e02843e17e3b54344c038d3f05b", "artist": ["Tiana Major9"], "artistIds": ["1Naqgo0HMRoumRP0e2MXD9"], "artistPop": [56], "genres": ["alternative r&b", "chill r&b", "high vibe", "indie r&b", "indie soul", "r&b", "uk contemporary r&b"]}, "1kX804LMPGHX9JP6G4Dz55": {"name": "Otra Noche", "coverArt": "https://i.scdn.co/image/ab67616d00001e027246cd4e3d7a74450a4cecc9", "artist": ["Goyo"], "artistIds": ["2ECiXSK7umi1luAaQyrCUX"], "artistPop": [37], "genres": []}, "5NdzdpnOGytMy6kZCJjGAZ": {"name": "Struck Gold", "coverArt": "https://i.scdn.co/image/ab67616d00001e026d988352fc3bcaddf04126c0", "artist": ["Renao"], "artistIds": ["1rg7cCiRd1SEUz8zGwOnM2"], "artistPop": [47], "genres": []}, "6DIMM15oo3kxnCuVypaYGy": {"name": "Give Up Baby Go", "coverArt": "https://i.scdn.co/image/ab67616d00001e021106bbfbbc49692e49f3b580", "artist": ["Peach Pit"], "artistIds": ["6fC2AcsQtd9h4BWELbbire"], "artistPop": [69], "genres": ["indie pop", "modern alternative rock", "modern rock", "rock", "vancouver indie"]}, "2s4arq5gE02rBGtGrn2PKj": {"name": "Me Myself and Why", "coverArt": "https://i.scdn.co/image/ab67616d00001e02bbfc8cc16eefe1b50b793413", "artist": ["Alana Springsteen"], "artistIds": ["4TPT9nwjRvEV49q7f8p4fy"], "artistPop": [48], "genres": ["contemporary country", "country pop"]}, "3BZqRfYykl706UFrdR7byF": {"name": "Sleep On It", "coverArt": "https://i.scdn.co/image/ab67616d00001e026e486118f503aefa1d00273b", "artist": ["The Dip"], "artistIds": ["2qFOYqFxPaIwEnffVhJhEn"], "artistPop": [57], "genres": ["deep new americana", "funk", "retro soul", "soul"]}, "3kL40teEoVA3IBmYkKslSV": {"name": "Same Team", "coverArt": "https://i.scdn.co/image/ab67616d00001e02937d3e606869333d7ce3fee0", "artist": ["Alice Merton"], "artistIds": ["7f0OLhGgBMX9fUjm1dcPip"], "artistPop": [62], "genres": []}, "3Gbk5JvijQQxg5q8AkGdmw": {"name": "Heavy Heart - Edit", "coverArt": "https://i.scdn.co/image/ab67616d00001e02af188a70cfabcc2e2e9c0bca", "artist": ["Bartees Strange"], "artistIds": ["6Gl4Q3ePw6HKMfIOix5QpG"], "artistPop": [39], "genres": ["bubblegrunge"]}, "4a2Npv3ZNqZRumOMHQc0fu": {"name": "See The Difference", "coverArt": "https://i.scdn.co/image/ab67616d00001e021a73bc1d71d02d5492f6fba6", "artist": ["BlueBucksClan"], "artistIds": ["1l61CX1j6go8arTjPH9wy0"], "artistPop": [59], "genres": ["cali rap"]}, "4f0HrumuDOiNdzXRGKq5yB": {"name": "bittersweet", "coverArt": "https://i.scdn.co/image/ab67616d00001e022fac471c14ea630caf45704b", "artist": ["LORA"], "artistIds": ["3sJr6yhJiNvyTbgrNRDkr8"], "artistPop": [28], "genres": ["chill pop"]}, "5GbuQ3YWhrvJSDmFf0V9bL": {"name": "Marathon", "coverArt": "https://i.scdn.co/image/ab67616d00001e0219fdec30844ba1c009bda553", "artist": ["KAWALA"], "artistIds": ["58bHgbHOExsHSOGlf0uUkL"], "artistPop": [54], "genres": ["uk pop"]}, "0R5RnMzKGJLLwlS8FAnDp3": {"name": "Gr8 Timing!", "coverArt": "https://i.scdn.co/image/ab67616d00001e02a10f0f9d3498adc2c911bc5c", "artist": ["fanclubwallet"], "artistIds": ["1NJUWqbiNAk1BPOyQhb2qe"], "artistPop": [44], "genres": ["indie pop"]}, "4fSAzexU19fbxl8OzbyhXH": {"name": "Meu Amor", "coverArt": "https://i.scdn.co/image/ab67616d00001e0244356d409f7bcd17e3ab42ed", "artist": ["Alok", "Ix\u00e3"], "artistIds": ["0NGAZxHanS9e0iNHpR8f2W", "44fxF9nKWZaTM2IKcJbdaf"], "artistPop": [83, 0], "genres": ["electro house", "pop nacional", "slap house"]}, "4CX96IInUaO0d6COMz62Qp": {"name": "Nada de Nada", "coverArt": "https://i.scdn.co/image/ab67616d00001e0273b44ccc39b5249ebc70dbf7", "artist": ["Marc Anthony"], "artistIds": ["4wLXwxDeWQ8mtUIRPxGiD6"], "artistPop": [80], "genres": ["latin", "latin pop", "modern salsa", "salsa", "tropical"]}, "6UrPxtfowVLUL0tZOjvIpj": {"name": "I Love A Stranger", "coverArt": "https://i.scdn.co/image/ab67616d00001e024a10dfb5f55c411fc51cddb6", "artist": ["Ceramic Animal"], "artistIds": ["42PLkpL4mM4Szp7fiyj15X"], "artistPop": [44], "genres": ["indie garage rock", "neo-psychedelic"]}, "2BSyX4weGuITcvl5r2lLCC": {"name": "Crocs & Wock'", "coverArt": "https://i.scdn.co/image/ab67616d00001e02fe0930f4b68ed2715319f33e", "artist": ["BabyTron"], "artistIds": ["0sKsReKseslDlhxmbN6wLk"], "artistPop": [59], "genres": ["detroit hip hop", "scam rap", "vapor trap"]}}