{"5u1n1kITHCxxp8twBcZxWy": {"name": "Holy (feat. Chance The Rapper)", "coverArt": "https://i.scdn.co/image/ab67616d00001e02572c68f79b356c21202e248c", "artist": ["Justin Bieber", "Chance the Rapper"], "artistIds": ["1uNFoZAHBGtllmzznpCI3s", "1anyVhU62p31KFi8MEzkbf"], "artistPop": [95, 79], "genres": ["canadian pop", "pop", "post-teen pop", "chicago rap", "conscious hip hop", "hip hop", "pop rap", "rap"]}, "5hvwx5i67IwnCkjl9VHkNv": {"name": "Diamonds", "coverArt": "https://i.scdn.co/image/ab67616d00001e02f207514228c0a5db1ae3b116", "artist": ["Sam Smith"], "artistIds": ["2wY79sveU1sp5g7SokKOiI"], "artistPop": [85], "genres": ["dance pop", "pop", "post-teen pop", "uk pop"]}, "7e1VoRlNumuEkXlITMHKLE": {"name": "Me Gusta (with Cardi B & Myke Towers)", "coverArt": "https://i.scdn.co/image/ab67616d00001e02774b6059847afd5681899dde", "artist": ["Anitta", "Myke Towers", "Cardi B"], "artistIds": ["7FNnA9vBm6EKceENgCGRMb", "7iK8PXO48WeuP03g8YR51W", "4kYSro6naA4h99UJvo89HB"], "artistPop": [80, 90, 85], "genres": ["funk carioca", "funk pop", "pagode baiano", "pop nacional", "trap latino", "dance pop", "pop", "pop rap", "rap"]}, "5JYsU2yRoQ6utiLW7Owvjc": {"name": "Mood Swings (feat. Lil Tjay & Summer Walker) - Remix", "coverArt": "https://i.scdn.co/image/ab67616d00001e02df0cb99a685062f21ba8c80e", "artist": ["Pop Smoke", "Lil Tjay", "Summer Walker"], "artistIds": ["0eDvMgVFoNV3TpwtrVCoTj", "6jGMq4yGs7aQzuGsMgVgZR", "57LYzLEk2LcFghVwuWbcuS"], "artistPop": [89, 84, 77], "genres": ["brooklyn drill", "brooklyn drill", "melodic rap", "nyc rap", "pop", "r&b"]}, "50I4Px0ip8mYOT2TwUZT8k": {"name": "Welcome Back (feat. Alessia Cara)", "coverArt": "https://i.scdn.co/image/ab67616d00001e026e29c02b8dd3f355d55115bf", "artist": ["Ali Gatie", "Alessia Cara"], "artistIds": ["4rTv3Ejc7hKMtmoBOK1B4T", "2wUjUUtkb5lvLKcGKsKqsR"], "artistPop": [75, 77], "genres": ["canadian hip hop", "pop", "canadian contemporary r&b", "canadian pop", "dance pop", "electropop", "pop", "post-teen pop"]}, "5KD5QVEEH8dJCJ6CT0DaNG": {"name": "Me x 7 (feat. Tierra Whack)", "coverArt": "https://i.scdn.co/image/ab67616d00001e02d6fb232eb97b58b0beff9b05", "artist": ["Alicia Keys", "Tierra Whack"], "artistIds": ["3DiDSECUqqY1AuBP8qtaIa", "4lPl9gqgox3JDiaJ1yklKh"], "artistPop": [79, 62], "genres": ["hip pop", "neo soul", "pop", "r&b", "urban contemporary", "alternative r&b", "escape room", "indie soul"]}, "6EG0w98d2S1u1copDAHDqP": {"name": "Gates to the Sun (POLLEN Singles)", "coverArt": "https://i.scdn.co/image/ab67616d00001e027627091d876875af0784b4fb", "artist": ["SahBabii", "Joji"], "artistIds": ["7GuUYiGZOzQwq4L6gAfy1T", "3MZsBdqDrRTJihTHQrO6Dq"], "artistPop": [57, 81], "genres": ["melodic rap", "plugg", "rap", "trap", "underground hip hop", "vapor trap", "alternative r&b", "viral pop"]}, "7HbnX1fxCAoPa7nRVFSEFW": {"name": "Said Sum (feat. City Girls & DaBaby) - Remix", "coverArt": "https://i.scdn.co/image/ab67616d00001e028650b463e204d4061236453e", "artist": ["Moneybagg Yo", "City Girls", "DaBaby"], "artistIds": ["3tJoFztHeIJkJWMrx0td2f", "37hAfseJWi0G3Scife12Il", "4r63FhuTkUYltbVAg5TQnk"], "artistPop": [79, 72, 89], "genres": ["hip hop", "memphis hip hop", "rap", "southern hip hop", "tennessee hip hop", "trap", "dance pop", "pop", "pop rap", "r&b", "scam rap", "trap queen", "north carolina hip hop", "rap"]}, "77Xwqkw7VrV8E5FCq9JhO8": {"name": "Dolly (with Lil Uzi Vert)", "coverArt": "https://i.scdn.co/image/ab67616d00001e022026d0048432d395f6f715b5", "artist": ["Lil Tecca", "Lil Uzi Vert"], "artistIds": ["4Ga1P7PMIsmqEZqhYZQgDo", "4O15NlyKLIASxsJ0PrXPfz"], "artistPop": [83, 88], "genres": ["melodic rap", "rap", "trap", "melodic rap", "philly rap", "rap", "trap"]}, "32MRwAZRkG6cszFEiV3DKa": {"name": "Naked", "coverArt": "https://i.scdn.co/image/ab67616d00001e022ca6f6a1cf2cb7c43de08db5", "artist": ["Ava Max"], "artistIds": ["4npEfmQ6YuiwW1GpUmaq3F"], "artistPop": [82], "genres": ["dance pop", "pop"]}, "0yeDzSWRH7HDeWMcXvgUaA": {"name": "Agreeable", "coverArt": "https://i.scdn.co/image/ab67616d00001e0281d58359a621242b62c43e6c", "artist": ["Cautious Clay"], "artistIds": ["6iWuBN32BqCJAeXW6o3nil"], "artistPop": [63], "genres": ["alternative r&b", "indie r&b", "nyc pop", "pop"]}, "02iYJG3KLBJODa5JkQ4O6y": {"name": "hooligan", "coverArt": "https://i.scdn.co/image/ab67616d00001e02fda6fb075ee76ca40c7aaeda", "artist": ["Baby Keem"], "artistIds": ["5SXuuuRpukkTvsLuUknva1"], "artistPop": [81], "genres": ["hip hop", "rap", "trap"]}, "5VlTQnZO89Ioku8ssdbqJk": {"name": "Dead Man Walking", "coverArt": "https://i.scdn.co/image/ab67616d00001e02fa40d26659b33036efcfd43f", "artist": ["Brent Faiyaz"], "artistIds": ["3tlXnStJ1fFhdScmQeLpuG"], "artistPop": [78], "genres": ["dmv rap", "pop", "r&b", "rap"]}, "2ab4xGVMBb14NpPrj4xDq5": {"name": "Money Mouf", "coverArt": "https://i.scdn.co/image/ab67616d00001e026f2513f641d26aea0db99ac8", "artist": ["Tyga", "Saweetie", "YG"], "artistIds": ["5LHRHt1k9lMyONurDHEdrp", "6cK3NBO6uP7hh0oyuVELFl", "0A0FS04o6zMoto8OKPsDwY"], "artistPop": [84, 80, 78], "genres": ["dance pop", "hip hop", "pop rap", "rap", "southern hip hop", "trap", "cali rap", "dance pop", "pop", "pop rap", "trap queen", "cali rap", "gangster rap", "hip hop", "pop rap", "rap", "southern hip hop", "trap"]}, "5NUXE8W12lWcUXgJRCjeEw": {"name": "One Too Many", "coverArt": "https://i.scdn.co/image/ab67616d00001e02f2a428f109f825ec22c64656", "artist": ["Keith Urban", "P!nk"], "artistIds": ["0u2FHSq3ln94y5Q57xazwf", "1KCSPY1glIKqW2TotWuXOR"], "artistPop": [74, 83], "genres": ["australian country", "australian pop", "contemporary country", "country", "country road", "dance pop", "pop", "post-teen pop"]}, "0E6uWutxRjIDhleURR92do": {"name": "cowboy in LA", "coverArt": "https://i.scdn.co/image/ab67616d00001e029c6d74e14e3f5006b8489526", "artist": ["LANY"], "artistIds": ["49tQo2QULno7gxHutgccqF"], "artistPop": [80], "genres": ["la pop", "pop"]}, "4yJXtHBwT2BTcmAh3h3ZgU": {"name": "Bluebird", "coverArt": "https://i.scdn.co/image/ab67616d00001e02abaf29da9086ec602154c5ff", "artist": ["Gus Dapperton"], "artistIds": ["6sHCvZe1PHrOAuYlwTLNH4"], "artistPop": [67], "genres": ["bedroom pop", "indie pop", "indie poptimism"]}, "7l3OQbWE1gvd4204aEgAz8": {"name": "NOW", "coverArt": "https://i.scdn.co/image/ab67616d00001e0232e75aec158224e8e2f23f21", "artist": ["Olivia O'Brien"], "artistIds": ["1QRj3hoop9Mv5VvHQkwPEp"], "artistPop": [72], "genres": ["alt z", "dance pop", "electropop", "indie cafe pop", "indie poptimism", "pop", "post-teen pop"]}, "00ETaeHUQ6lops3oWU1Wrt": {"name": "Hot Stuff", "coverArt": "https://i.scdn.co/image/ab67616d00001e028fc0ee2f829a7138af579c97", "artist": ["Kygo", "Donna Summer"], "artistIds": ["23fqKkggKUBHNkbKtXEls4", "2eogQKWWoohI3BSnoG7E2U"], "artistPop": [83, 67], "genres": ["edm", "pop", "pop dance", "tropical house", "dance pop", "disco", "hi-nrg", "motown", "new wave pop"]}, "4CfdeiALUjCNxJ44SHAES9": {"name": "12 Problems", "coverArt": "https://i.scdn.co/image/ab67616d00001e02568111b56940271326bc0a80", "artist": ["Rapsody"], "artistIds": ["6NL31G53xThQXkFs7lDpL5"], "artistPop": [55], "genres": ["alternative hip hop", "escape room", "hip hop", "north carolina hip hop", "trap queen", "underground hip hop"]}, "1VlnzN2dphVOpYuWnfXfS8": {"name": "Like That (feat. Jeremih & Ty Dolla $ign)", "coverArt": "https://i.scdn.co/image/ab67616d00001e0206a5b5c130f63b59226026dd", "artist": ["Shy Glizzy", "Jeremih", "Ty Dolla $ign"], "artistIds": ["1DvtabXAjfrMihPP6JQdHs", "3KV3p5EY4AvKxOlhGHORLg", "7c0XG5cIJTrrAgEC3ULPiq"], "artistPop": [64, 78, 87], "genres": ["dmv rap", "drill", "rap", "southern hip hop", "trap", "vapor trap", "chicago rap", "dance pop", "hip hop", "pop", "pop rap", "r&b", "southern hip hop", "trap", "urban contemporary", "hip hop", "pop", "pop rap", "r&b", "trap", "trap soul"]}, "7aFBzG6MdozkQxyG4J3Qwm": {"name": "Own It", "coverArt": "https://i.scdn.co/image/ab67616d00001e02728a68786449db67d5bc9c35", "artist": ["Rico Nasty"], "artistIds": ["2OaHYHb2XcFPvqL3VsyPzU"], "artistPop": [69], "genres": ["dance pop", "dmv rap", "escape room", "pop", "pop rap", "trap queen"]}, "20wMPnqHdNdBWaKRaMM7fD": {"name": "feel away (feat. James Blake & Mount Kimbie)", "coverArt": "https://i.scdn.co/image/ab67616d00001e027e02a924c12138b316de86cb", "artist": ["slowthai", "James Blake", "Mount Kimbie"], "artistIds": ["3r1XkJ7vCs8kHBSzGvPLdP", "53KwLdlmrlCelAZMaLVZqU", "3NUtpWpGDoffm3RCGhSHtl"], "artistPop": [66, 70, 54], "genres": ["hip hop", "rap", "uk alternative hip hop", "uk hip hop", "underground hip hop", "alternative r&b", "indie soul", "uk alternative pop", "bass music", "chillwave", "electra", "electronica", "future garage", "indie soul", "microhouse", "wonky"]}, "6dH6NIftdswHruAjD80ZHB": {"name": "Waves", "coverArt": "https://i.scdn.co/image/ab67616d00001e0247ae8df8141ab645ca42cfd9", "artist": ["Fiji Blue"], "artistIds": ["1e7K8jD3wRuQfnwDAOeGqe"], "artistPop": [65], "genres": ["chill pop", "chill r&b", "electropop", "pop"]}, "0Ea93OZ0O50zKius7W3lU7": {"name": "Is It Just Me?", "coverArt": "https://i.scdn.co/image/ab67616d00001e027e5e58b93df1687b1bb62ecc", "artist": ["Sasha Alex Sloan"], "artistIds": ["4xnihxcoXWK3UqryOSnbw5"], "artistPop": [75], "genres": ["alt z", "electropop", "indie cafe pop", "pop", "post-teen pop"]}, "0rUTQPibpskoXRrKjbGZjo": {"name": "god save me, but don't drown me out", "coverArt": "https://i.scdn.co/image/ab67616d00001e023c879a2278448aaa9a822a74", "artist": ["YUNGBLUD"], "artistIds": ["6Ad91Jof8Niiw0lGLLi3NW"], "artistPop": [76], "genres": ["british indie rock", "modern rock", "pop", "rock"]}, "6y6ZS4ZATU2s1S0qHtbjIu": {"name": "ChopBloc Pt. 3 (feat. NLE Choppa) - Pt. 3", "coverArt": "https://i.scdn.co/image/ab67616d00001e0243b3dc2e30e61b87f3aaff63", "artist": ["BlocBoy JB", "NLE Choppa"], "artistIds": ["4TEJudQY2pXxVHPE3gD2EU", "0ErzCpIMyLcjPiwT4elrtZ"], "artistPop": [63, 77], "genres": ["memphis hip hop", "rap", "southern hip hop", "tennessee hip hop", "trap", "vapor trap", "memphis hip hop"]}, "3GI61nYQMfL6diHPFU0YLB": {"name": "Damn", "coverArt": "https://i.scdn.co/image/ab67616d00001e02188fdafff98e86729ba7b6f0", "artist": ["Baby Rose"], "artistIds": ["6Z4JcgqrqgysyHIPRtDIHo"], "artistPop": [45], "genres": ["alternative r&b", "chill r&b", "indie r&b"]}, "3xJMfoI7ApSNE2XYEsJ9z9": {"name": "Ready For You (feat. Celeste)", "coverArt": "https://i.scdn.co/image/ab67616d00001e02814594c9b9303f081d68e13d", "artist": ["Black Coffee", "Celeste"], "artistIds": ["6wMr4zKPrrR0UVz08WtUWc", "49HlOY4gkHqsYG9GCuhkcc"], "artistPop": [62, 68], "genres": ["deep house", "south african house", "south african pop dance", "british soul", "neo soul"]}, "5dn6QANKbf76pANGjMBida": {"name": "Blueberry Eyes (feat. SUGA of BTS)", "coverArt": "https://i.scdn.co/image/ab67616d00001e029660ae57836f713884d86cbb", "artist": ["MAX", "SUGA"], "artistIds": ["1bqxdqvUtPWZri43cKHac8", "0ebNdVaOfp6N0oZ1guIxM8"], "artistPop": [73, 66], "genres": ["dance pop", "electropop", "pop", "pop rap", "post-teen pop", "viral pop", "k-pop"]}, "54fT5TBqwmJKn6NmJR5VKe": {"name": "the author", "coverArt": "https://i.scdn.co/image/ab67616d00001e02e5b3f4dfc64f3a69be76ceb2", "artist": ["Luz"], "artistIds": ["3cdI6SvJ24KsOcvYyBwH9c"], "artistPop": [55], "genres": ["alt z", "indie anthem-folk", "indie cafe pop", "irish pop", "uk pop"]}, "34slXA5D75T5S0dwYYRd4J": {"name": "Without You", "coverArt": "https://i.scdn.co/image/ab67616d00001e021a5261e52e5cdabe93484ec9", "artist": ["Luke Combs", "Amanda Shires"], "artistIds": ["718COspgdWOnwOFpJHRZHS", "5yN0nwLpUCaZ2gr67bndCN"], "artistPop": [82, 57], "genres": ["contemporary country", "country", "alternative country", "folk", "new americana", "roots rock"]}, "4Bu4aJ7xLdIeRnD69pFBXU": {"name": "Long Violent History", "coverArt": "https://i.scdn.co/image/ab67616d00001e02e5a72bb0da7d1202b7787fd1", "artist": ["Tyler Childers"], "artistIds": ["13ZEDW6vyBF12HYcZRr4EV"], "artistPop": [74], "genres": ["kentucky indie", "kentucky roots", "outlaw country"]}, "56l5nazZw2rwYmu3dqbWjo": {"name": "No Stress", "coverArt": "https://i.scdn.co/image/ab67616d00001e02867135b10a8cfd7caf953a28", "artist": ["WizKid"], "artistIds": ["3tVQdUvClmAT7URs9V3rsp"], "artistPop": [80], "genres": ["afro dancehall", "afropop", "azonto", "nigerian hip hop", "nigerian pop"]}, "68sThwPwwfp0Fb6zZ1ssWz": {"name": "WhoWho", "coverArt": "https://i.scdn.co/image/ab67616d00001e029c7e14320688865583dc56a0", "artist": ["WizTheMc", "Hugo"], "artistIds": ["3ebS2RuCq8QeLyndUDmgB5", "7nDJpnTQgtM87yaive1aos"], "artistPop": [58, 43], "genres": ["canadian contemporary r&b", "pop rap"]}, "38PCpNNE5covoh1X06upVZ": {"name": "Mrs. Whoever", "coverArt": "https://i.scdn.co/image/ab67616d00001e02b9b960b71872fb3f7512a6e5", "artist": ["Saba"], "artistIds": ["7Hjbimq43OgxaBRpFXic4x"], "artistPop": [65], "genres": ["alternative r&b", "chicago rap", "hip hop", "rap", "underground hip hop"]}, "2BxzmBb2uqwnpyVuJqIIV9": {"name": "Victoria", "coverArt": "https://i.scdn.co/image/ab67616d00001e02f70c9e84951c4fd20021a590", "artist": ["Lunay", "Be\u00e9le"], "artistIds": ["47MpMsUfWtgyIIBEFOr4FE", "7a0XAaPaK2aDSqa8p3QnC7"], "artistPop": [77, 72], "genres": ["latin", "latin hip hop", "latin pop", "reggaeton", "reggaeton flow", "trap latino", "reggaeton colombiano"]}, "18Ks9kGu8LrcVoZP6M3CNK": {"name": "YUUUU", "coverArt": "https://i.scdn.co/image/ab67616d00001e02c7b279086062de6576438710", "artist": ["Busta Rhymes", "Anderson .Paak"], "artistIds": ["1YfEcTuGvBQ8xSD1f53UnK", "3jK9MiCrA42lLAdMGUZpwa"], "artistPop": [73, 82], "genres": ["east coast hip hop", "hardcore hip hop", "hip hop", "hip pop", "pop rap", "rap", "escape room"]}, "2qrDFOYCmIhWvh5zdhIzfr": {"name": "Gas Money", "coverArt": "https://i.scdn.co/image/ab67616d00001e02b824fd0e070ef9be15e88be7", "artist": ["Yung Gravy"], "artistIds": ["2YOYua8FpudSEiB9s88IgQ"], "artistPop": [71], "genres": ["meme rap", "minnesota hip hop", "pop rap", "social media pop"]}, "39t0iUvlUFXXBzwxXfnTWD": {"name": "Super Bad Mantra", "coverArt": "https://i.scdn.co/image/ab67616d00001e02f452a853f235064bbd8e7a7b", "artist": ["JAWNY", "Christian Blue"], "artistIds": ["25pd339V2rRJo84USlcSRP", "1X1R5azJYxs6wdFzEOBoI3"], "artistPop": [66, 38], "genres": ["bedroom pop"]}, "5VsZwt7AyePLXFrlHhMvoI": {"name": "Freefall (feat. Oliver Tree)", "coverArt": "https://i.scdn.co/image/ab67616d00001e0263a534e39846c5c84c427036", "artist": ["Whethan", "Oliver Tree"], "artistIds": ["0vqJkZ0RpLZixt3lTmD8vP", "6TLwD7HPWuiOzvXEa3oCNe"], "artistPop": [66, 77], "genres": ["edm", "electropop", "indie poptimism", "pop", "tropical house", "vapor soul", "vapor twitch", "alternative hip hop"]}, "7x2fnP5eaWfb3izrpm0U6u": {"name": "What Love Is", "coverArt": "https://i.scdn.co/image/ab67616d00001e023aab4d2f44f881d4874e629c", "artist": ["Tom Gregory"], "artistIds": ["6Rmg5JiRphFMlhkwGNl9Fu"], "artistPop": [67], "genres": ["tropical house", "uk pop"]}, "4jeBx7Xm7zwmRx28Ysfevw": {"name": "Falling", "coverArt": "https://i.scdn.co/image/ab67616d00001e025b001c66d05a67db5ab18c7a", "artist": ["Phil Good"], "artistIds": ["3MDqk7o9WcL4FSvlyyGjRv"], "artistPop": [50], "genres": ["electropop", "indie electropop", "la pop"]}, "4DkSghl14yN70T0RX5pe9x": {"name": "Passport - \u30b7\u30f3\u30b0\u30eb\u7248", "coverArt": "https://i.scdn.co/image/ab67616d00001e02925dcef71dc247e8ca5b1cac", "artist": ["Masego"], "artistIds": ["3ycxRkcZ67ALN3GQJ57Vig"], "artistPop": [72], "genres": ["alternative r&b"]}, "6MU9OsNgrJ8X5RWlpPKius": {"name": "Narco", "coverArt": "https://i.scdn.co/image/ab67616d00001e02b7df9eea96a5965e3e71f48a", "artist": ["Lil Loaded"], "artistIds": ["7scapvSjZLSm0fBgqGM0Mn"], "artistPop": [66], "genres": ["dfw rap"]}, "6KDQWm9BBxQZ7DMfO4ePgV": {"name": "Sinners Prayer", "coverArt": "https://i.scdn.co/image/ab67616d00001e02f85d56ae58eb36ad6577bb44", "artist": ["Toosii"], "artistIds": ["6BH1xcDkwbbyrLMUKECsW1"], "artistPop": [67], "genres": ["north carolina hip hop", "pop r&b"]}, "0BPTjMn5EjVJlvjaRzMiSJ": {"name": "cat out the bag", "coverArt": "https://i.scdn.co/image/ab67616d00001e020d9aa3c966a5f2a85884cdb7", "artist": ["contradash"], "artistIds": ["1pVa1yITCEfqfAvQaaHvAt"], "artistPop": [44], "genres": []}, "0YVnS7RJxLqcsK0b4tujnC": {"name": "Talk Shit", "coverArt": "https://i.scdn.co/image/ab67616d00001e020f0bad1a32bec5a320c4f6c7", "artist": ["Savannah Sgro"], "artistIds": ["5aj9AKqFL0JpL2sQ8Q2irp"], "artistPop": [37], "genres": ["alt z", "indie electropop", "social media pop"]}, "0NHBjddjKTkJQvEb5oTilt": {"name": "Back To My Bed", "coverArt": "https://i.scdn.co/image/ab67616d00001e02fd87915b401df4f3fb96e460", "artist": ["Elderbrook"], "artistIds": ["2vf4pRsEY6LpL5tKmqWb64"], "artistPop": [71], "genres": ["house", "pop dance", "tropical house"]}, "6xB0rPxU3ncmMPgGDaD24M": {"name": "Too Many Nights", "coverArt": "https://i.scdn.co/image/ab67616d00001e02558c2bf29539a392c38ab82d", "artist": ["220 KID", "JC Stewart"], "artistIds": ["4Euia7UzdRshy1DJOSMTcs", "2TAqN8fwfaKauvviN4pOsv"], "artistPop": [70, 59], "genres": ["indie anthem-folk", "indie cafe pop", "uk pop"]}, "7G9kVtJdtFKBzlFCDsFk1w": {"name": "Honest", "coverArt": "https://i.scdn.co/image/ab67616d00001e0280155ec3b3b2ec9a6aa0ec64", "artist": ["rei brown"], "artistIds": ["4N7IToHBlPXqlrXiv1Nij6"], "artistPop": [55], "genres": ["lo-fi beats", "sad lo-fi"]}, "4IxRx6byFf1RuXcbNny5qj": {"name": "miss andry", "coverArt": "https://i.scdn.co/image/ab67616d00001e02e769b54a0cc26ed1282d1cc5", "artist": ["flowerkid"], "artistIds": ["4VFDBAAO80bu4bTcVJ6M8i"], "artistPop": [39], "genres": ["transpop"]}, "6QbnAZkCSz8SDbrykDpIHj": {"name": "Somebody I'm Proud Of", "coverArt": "https://i.scdn.co/image/ab67616d00001e02f74915c36aad23545ec45d1c", "artist": ["Sarah Barrios"], "artistIds": ["0HJsX1aTdgG1VDIRDiseSJ"], "artistPop": [49], "genres": ["alt z"]}, "3WuQJeazLikUN3wnbq5nI9": {"name": "Homesick", "coverArt": "https://i.scdn.co/image/ab67616d00001e02c9d093a98b00f381b7c072a3", "artist": ["Joseph Black", "Luh Kel"], "artistIds": ["7sPFCTilT1dZsqcDXzOiQf", "24CgJHK6T7C5OmUbiLLMjJ"], "artistPop": [50, 65], "genres": ["viral rap", "pop r&b", "st louis rap"]}, "74NHwWpGzCtATEvnZ3vQRg": {"name": "Oakland Nights", "coverArt": "https://i.scdn.co/image/ab67616d00001e02b74a6aaf658c079bad539f54", "artist": ["Kamaiyah", "Capolow", "Keak Da Sneak"], "artistIds": ["3XVpDdKav6C6zwlDXPhMEO", "3RNcvKfUnyALZxATNSO8PS", "1sPpJhevOYz54gNgeh2LaV"], "artistPop": [56, 49, 48], "genres": ["cali rap", "oakland hip hop", "west coast trap", "cali rap", "oakland hip hop", "west coast trap", "cali rap", "hyphy", "oakland hip hop", "west coast rap", "west coast trap"]}, "5SFuxoSz0mS7TBoSTfvtQ3": {"name": "All White", "coverArt": "https://i.scdn.co/image/ab67616d00001e0207d9eefe8ebc85d0dc489399", "artist": ["Young Nudy"], "artistIds": ["5yPzzu25VzEk8qrGTLIrE1"], "artistPop": [72], "genres": ["hip hop", "rap", "southern hip hop", "trap", "underground hip hop", "vapor trap"]}, "6QM3YNDJWPdfHVfbZ2kHvq": {"name": "Perfecta", "coverArt": "https://i.scdn.co/image/ab67616d00001e02f7a936582b84fbdc6d413369", "artist": ["Luis Fonsi", "Farruko"], "artistIds": ["4V8Sr092TqfHkfAA5fXXqG", "329e4yvIujISKGKz1BZZbO"], "artistPop": [78, 89], "genres": ["latin", "latin pop", "puerto rican pop", "latin", "reggaeton", "trap latino"]}, "6UEW9NiyPzXxbhkjEiEHPe": {"name": "Amigo", "coverArt": "https://i.scdn.co/image/ab67616d00001e02f41e25985d35300115a02e86", "artist": ["Lous and The Yakuza"], "artistIds": ["2HPiMwJktBXqakN0hnON2R"], "artistPop": [56], "genres": ["belgian pop"]}, "7ED8YfAot9P3QKiH5owgA7": {"name": "Splinter (with salem ilese)", "coverArt": "https://i.scdn.co/image/ab67616d00001e02629f88368eb2234226cc5a45", "artist": ["MYRNE", "salem ilese"], "artistIds": ["41DKMtAnhVo7aDeluAHDJg", "3QJUFtGBGL05vo0kCJZsmT"], "artistPop": [48, 66], "genres": ["bass trap", "edm", "electro house", "future bass", "gaming edm", "pop edm", "singaporean electronic", "singaporean pop", "vapor twitch", "alt z", "modern indie pop", "social media pop"]}, "7y31z2opHEoqxEiHK0RTRn": {"name": "Beautiful Superstar", "coverArt": "https://i.scdn.co/image/ab67616d00001e02fd139e7de897ec70f93854b3", "artist": ["A. G. Cook"], "artistIds": ["335TWGWGFan4vaacJzSiU8"], "artistPop": [63], "genres": ["art pop", "electropop", "escape room", "hyperpop"]}, "4iaaEAAyCWrQdYT5tRnyDb": {"name": "Free", "coverArt": "https://i.scdn.co/image/ab67616d00001e024a08d9f639f2bb1054f357de", "artist": ["SAULT"], "artistIds": ["1uRxRKC7d9zwYGSRflTKDR"], "artistPop": [61], "genres": ["funk", "indie jazz", "indie soul", "pop soul"]}, "4tIg1iZDADN3pHPOAgynyc": {"name": "Keep Yourself Alive", "coverArt": "https://i.scdn.co/image/ab67616d00001e0213a463a5229000f03a581ec3", "artist": ["Yellow Days"], "artistIds": ["3dv4Q4q3LWOnbLJnC6GgTY"], "artistPop": [57], "genres": ["bedroom pop"]}, "6jjsvz1cxRDU1rlW9Kkv5Z": {"name": "Broken Dreams, Inc.", "coverArt": "https://i.scdn.co/image/ab67616d00001e0299f626165c6bf57c64b2280d", "artist": ["Rise Against"], "artistIds": ["6Wr3hh341P84m3EI8qdn9O"], "artistPop": [73], "genres": ["chicago hardcore", "chicago punk", "hardcore punk", "punk"]}, "5EPQuwZQUdAowm7rXMU4VO": {"name": "Take Care In Your Dreaming (feat. Denzel Curry, Tricky & Sampa The Great)", "coverArt": "https://i.scdn.co/image/ab67616d00001e02c7ad871d7b79fca3d73e4e87", "artist": ["The Avalanches", "Denzel Curry", "Tricky", "Sampa the Great"], "artistIds": ["3C8RpaI3Go0yFF9whvKoED", "6fxyWrfmjcbj5d12gXeiNV", "6hhA8TKRNryM8FNzqCqdDO", "7fw0E8WHdG3r9SuPBcGmWk"], "artistPop": [61, 73, 54, 53], "genres": ["alternative dance", "australian alternative rock", "australian dance", "collage pop", "electronica", "new rave", "psychedelic hip hop", "dark trap", "drill", "hip hop", "miami hip hop", "rap", "underground hip hop", "art pop", "big beat", "electronica", "nu jazz", "trip hop", "australian hip hop", "conscious hip hop", "escape room", "indie soul", "zambian hip hop"]}, "77Vy7OnL35k3FgMcwT8646": {"name": "Lost It", "coverArt": "https://i.scdn.co/image/ab67616d00001e02de7064c02c7468697f13657f", "artist": ["Cochise"], "artistIds": ["46HzS7yz0c9udVwtbHk1sx"], "artistPop": [72], "genres": ["plugg", "vapor trap", "viral rap"]}, "2Vy3cIUeNvOeCDigC2JKze": {"name": "STCU (with Juicy J)", "coverArt": "https://i.scdn.co/image/ab67616d00001e022d40c06682f21b37a0902822", "artist": ["THEY.", "Juicy J"], "artistIds": ["0pghUohLPptZWBasy2wmUx", "5gCRApTajqwbnHHPbr2Fpi"], "artistPop": [60, 75], "genres": ["alternative r&b", "pop", "pop r&b", "pop rap", "r&b", "trap soul", "underground hip hop", "crunk", "dirty south rap", "gangster rap", "hip hop", "memphis hip hop", "pop rap", "rap", "southern hip hop", "trap"]}, "4iVMoqS3oOXSiEAx0l2BWj": {"name": "Back in Time", "coverArt": "https://i.scdn.co/image/ab67616d00001e027cc00dbedb8139127267adee", "artist": ["Healy", "Public Library Commute"], "artistIds": ["2Yhge9MsE7qKcV0eWsuuHM", "2FEdyVgGMSclOsYJ4wAQUY"], "artistPop": [57, 47], "genres": ["alternative r&b", "indie r&b", "memphis hip hop", "bedroom soul", "chill r&b", "indie r&b"]}, "2VkPfL3qQ2adxShD3rNvoV": {"name": "good things take time", "coverArt": "https://i.scdn.co/image/ab67616d00001e0289cc022343590dc427691451", "artist": ["Christian French"], "artistIds": ["7naAJDAh7AZnf18YYfQruM"], "artistPop": [63], "genres": ["alt z", "electropop", "pop", "sad rap"]}, "2M7NfIlPjyGyepWVu3KVnY": {"name": "Crocodile Tears (feat. Jens Hult)", "coverArt": "https://i.scdn.co/image/ab67616d00001e022780150423ae9790aff1234f", "artist": ["BUNT.", "Jens Hult"], "artistIds": ["2CpLIMBoE2ZzyY3ZBCRZ7j", "0BL04H8MiD3g762tT3lQXu"], "artistPop": [57, 47], "genres": ["deep tropical house", "pop dance", "pop edm", "tropical house", "swedish pop"]}, "312zSwwbPU7C3sTmro4Wx9": {"name": "It's Ok If You Forget Me", "coverArt": "https://i.scdn.co/image/ab67616d00001e026d7ef0f772d6506524ade7fd", "artist": ["Astrid S"], "artistIds": ["3AVfmawzu83sp94QW7CEGm"], "artistPop": [71], "genres": ["alt z", "dance pop", "electropop", "indie cafe pop", "norwegian pop", "pop", "post-teen pop", "tropical house", "uk pop"]}, "6gQttz1rIuKQptXyoM2IB5": {"name": "Carry Your Heart", "coverArt": "https://i.scdn.co/image/ab67616d00001e02f8118890663d816b5d2b07ac", "artist": ["Evie Irie"], "artistIds": ["2ReivzVeWl6GawKNyVTLmK"], "artistPop": [46], "genres": ["alt z", "australian electropop"]}, "76SxmG14UWCYPcva2nZxKM": {"name": "The Word", "coverArt": "https://i.scdn.co/image/ab67616d00001e02e2abfbbb3d4489e26ac8a24b", "artist": ["Alec Wigdahl"], "artistIds": ["0Ml3qjFuEC9fZ7ix8BvfWt"], "artistPop": [36], "genres": []}, "6LiwjnA0D1IU74Tkvs0Cx4": {"name": "Sedona", "coverArt": "https://i.scdn.co/image/ab67616d00001e02cd8c011d5e5b515d9a081702", "artist": ["Sir Chloe"], "artistIds": ["6rniTPs9zN26kYnkPdFl1U"], "artistPop": [65], "genres": ["indie pop"]}, "6SA3uHu5KES0z0xhTc9kwW": {"name": "if you got a problem", "coverArt": "https://i.scdn.co/image/ab67616d00001e0261e8a215303ed853a753d3d5", "artist": ["Joy Oladokun"], "artistIds": ["7rrTqtOUOwva4sgTx9C9F9"], "artistPop": [58], "genres": ["indie cafe pop", "indie folk", "indiecoustica", "la pop"]}, "07xy4tfT1NDeZ0Dtqe2Qau": {"name": "Stranger", "coverArt": "https://i.scdn.co/image/ab67616d00001e02b025286f813072ee0d9c017c", "artist": ["Jacob Banks"], "artistIds": ["0AepkoQhYvkjEzzwIcGxdV"], "artistPop": [63], "genres": ["modern alternative rock", "uk contemporary r&b"]}, "5LXdAueF0raRI8ZF3ywdWM": {"name": "MAD", "coverArt": "https://i.scdn.co/image/ab67616d00001e02ddf3f069ab83b1e6b7156b05", "artist": ["2KBABY"], "artistIds": ["4mkjpWbFO45SyaHiM9GOVE"], "artistPop": [61], "genres": ["kentucky hip hop"]}, "2Zu9voUuTV2wrB322K2wrU": {"name": "Wait A Minute", "coverArt": "https://i.scdn.co/image/ab67616d00001e02b3cd44cedce5807c5ecda9bf", "artist": ["Smoove'L"], "artistIds": ["6FheakPfcCNN0NeROtOKeQ"], "artistPop": [50], "genres": ["brooklyn drill", "new york drill"]}, "4EtQN9yZJuiLQwaZhhAYPq": {"name": "HMU", "coverArt": "https://i.scdn.co/image/ab67616d00001e022e25e793b30c3cdd66b0ce90", "artist": ["Sevyn Streeter"], "artistIds": ["6If57j6e3TXXk0HiLcIZca"], "artistPop": [62], "genres": ["alternative r&b", "dance pop", "hip pop", "neo soul", "pop", "pop r&b", "pop rap", "post-teen pop", "r&b", "trap queen", "urban contemporary"]}, "63UiYJT1XcsU3mIY5DMVTa": {"name": "Sharkbait", "coverArt": "https://i.scdn.co/image/ab67616d00001e02cd7b4436484d62f0039282cc", "artist": ["Teddy Geiger", "teddy<3"], "artistIds": ["1YIpZOfyHXMUgUaxxxgbaC", "62FaS5AarFCrus8LxSVKKW"], "artistPop": [39, 39], "genres": ["acoustic pop", "neo mellow", "rochester ny indie", "transpop", "la pop", "transpop"]}, "3oONPSFO8jK9ZHnlPmNLzj": {"name": "You Are the Traffic", "coverArt": "https://i.scdn.co/image/ab67616d00001e0214b5d1dd6952ba6a19140e6c", "artist": ["COIN"], "artistIds": ["0ZxZlO7oWCSYMXhehpyMvE"], "artistPop": [67], "genres": ["indie pop", "indie poptimism", "modern alternative rock", "modern rock", "pop", "pop rock"]}, "4itdOvg6V8hjTOQUeaGHWt": {"name": "Whenever You Call", "coverArt": "https://i.scdn.co/image/ab67616d00001e028c65b4b46004d60ebab770cd", "artist": ["ARASHI"], "artistIds": ["1XYuC1vxinTjHCNd5clB8C"], "artistPop": [68], "genres": ["j-pop"]}, "5teUF4mrvsIEnKILsrNyNH": {"name": "War For Love", "coverArt": "https://i.scdn.co/image/ab67616d00001e0278386600c6b33af44c7671e4", "artist": ["Bright Lights", "Kaleena Zanders", "KANDY"], "artistIds": ["2AoeqcUs8DySgZRJ9yV4Ou", "0Sz2jslaxjcw2VM5zYh2jK", "4mPFPLedaotlYFB3GLn6r7"], "artistPop": [50, 52, 44], "genres": []}, "3ThrfRAmijYU098H9q9tAs": {"name": "Enchule", "coverArt": "https://i.scdn.co/image/ab67616d00001e021598d5c656420c6dc24d1460", "artist": ["Rauw Alejandro"], "artistIds": ["1mcTU81TzQhprhouKaTkpq"], "artistPop": [92], "genres": ["puerto rican pop", "trap latino"]}, "2ZAHVv5pwXZ1UM2ZRHdt8V": {"name": "Swimming (feat. Trippie Redd)", "coverArt": "https://i.scdn.co/image/ab67616d00001e02dc24eff7672bb6469625c55e", "artist": ["IV4", "Trippie Redd"], "artistIds": ["7z1y0PfVnWsyNGLUsY0EtG", "6Xgp2XMz1fhVYe7i6yNAax"], "artistPop": [25, 88], "genres": ["melodic rap", "rap", "trap"]}, "3MP8ItylVgtl5ZzDfb16jY": {"name": "Mismatch (The Remix) feat. Young Thug", "coverArt": "https://i.scdn.co/image/ab67616d00001e0253075c8f125495fdf0c4dfee", "artist": ["Bino Rideaux", "Young Thug"], "artistIds": ["3pcerTbRFAPvWWtAfySFWB", "50co4Is1HCEo8bhOyUWKpn"], "artistPop": [62, 88], "genres": ["cali rap", "west coast trap", "atl hip hop", "atl trap", "gangster rap", "hip hop", "melodic rap", "pop rap", "rap", "trap"]}, "5n2p3y35lnUa86Y2TA4fqQ": {"name": "GLIMPSE", "coverArt": "https://i.scdn.co/image/ab67616d00001e02b00598f8776df25fcb250e98", "artist": ["JAHMED", "Freddie Gibbs"], "artistIds": ["0VvNvCZj4gZJZVsnIm99GJ", "0Y4inQK6OespitzD6ijMwb"], "artistPop": [38, 70], "genres": ["indie hip hop", "alternative hip hop", "hip hop", "indiana hip hop", "rap", "southern hip hop", "underground hip hop"]}, "6mKO2ueASfZXkvQTp2y59f": {"name": "Left Lonely", "coverArt": "https://i.scdn.co/image/ab67616d00001e025ae36f12522b49788cb05c06", "artist": ["Hotboii"], "artistIds": ["220xv2aB3dsGxaJI1gGs7l"], "artistPop": [64], "genres": ["florida rap"]}, "2sV9hTyd8GPz3vbahcmWJt": {"name": "Sum Mo (feat. 42 Dugg)", "coverArt": "https://i.scdn.co/image/ab67616d00001e023ceaa8d3906abe15f8e060f8", "artist": ["Trapboy Freddy", "42 Dugg"], "artistIds": ["2ZF0d4lkHLE6MIbVmpN6nN", "45gHcnDnMC15sgx3VL7ROG"], "artistPop": [51, 76], "genres": ["deep southern trap", "dfw rap", "houston rap", "trap", "detroit trap", "rap", "southern hip hop", "trap"]}, "1Wp60TniAhnq0k61rrcxNX": {"name": "Grouptext", "coverArt": "https://i.scdn.co/image/ab67616d00001e0264993622270d29c06fcc2369", "artist": ["Lido", "Ebenezer"], "artistIds": ["1aSwrSGBNGMLn9ymttfRkk", "2vik8lyw8WiALKMJK7C3hn"], "artistPop": [54, 49], "genres": ["future bass", "norwegian pop", "vapor twitch", "trap soul", "uk hip hop"]}, "4qau8uvxVQhgs97FqDx59J": {"name": "High Tide, Low Tide", "coverArt": "https://i.scdn.co/image/ab67616d00001e02f4622b78871f20478de380c1", "artist": ["Parson James"], "artistIds": ["48sLioddyaXkuhyHXSkpsB"], "artistPop": [61], "genres": ["pop soul"]}, "7BwuuLN0Fcvd8OSMFw4cd9": {"name": "Soldiers", "coverArt": "https://i.scdn.co/image/ab67616d00001e02376ebccc44c670c5414ac3d0", "artist": ["Rachel Platten"], "artistIds": ["3QLIkT4rD2FMusaqmkepbq"], "artistPop": [65], "genres": ["dance pop", "pop", "pop rock", "post-teen pop", "viral pop"]}, "167HWbEImETmEG2oiNTwWj": {"name": "Passive Aggressive", "coverArt": "https://i.scdn.co/image/ab67616d00001e02059e45dfcec218850e9e5576", "artist": ["Charlotte Cardin"], "artistIds": ["1G0YV9WooUBjrwDq0Q7EFK"], "artistPop": [62], "genres": ["canadian pop", "indie quebecois"]}, "7u9qDUSnIWLw1LGXqZTOas": {"name": "GETTING GOOD", "coverArt": "https://i.scdn.co/image/ab67616d00001e02185619d06fd8ce08d8549fc4", "artist": ["Liza Owen"], "artistIds": ["7rMi39MYgKE1TdRCTK3xqm"], "artistPop": [30], "genres": ["indie electropop", "uk contemporary r&b"]}, "5Y2NLvvMsjAE34MXwZETSy": {"name": "Alone", "coverArt": "https://i.scdn.co/image/ab67616d00001e02a337df7b4bce2315fdde35d8", "artist": ["Rajiv Dhall"], "artistIds": ["5vZ5k7ySgoaLpLdZB98nfo"], "artistPop": [39], "genres": []}, "56BN5JPTAc3UGvRhQzpoqp": {"name": "Material Boy", "coverArt": "https://i.scdn.co/image/ab67616d00001e02fbc067a46d8c58f513774b7d", "artist": ["Sir Sly"], "artistIds": ["3DFoVPonoAAt4EZ1FEI8ue"], "artistPop": [56], "genres": ["electropop", "indie pop", "indie poptimism", "indietronica", "la indie", "modern alternative rock", "modern rock", "rock", "shimmer pop"]}, "56x43JGp2UPgC1fHcZC0Hu": {"name": "Time Will Tell", "coverArt": "https://i.scdn.co/image/ab67616d00001e024a3ac4f5cdd30aa9dac0f446", "artist": ["Marlon Craft"], "artistIds": ["7MigDh04CCntQbsBvugEmb"], "artistPop": [51], "genres": ["nyc rap", "underground hip hop"]}, "2xhF4g2Tw9RKB8YUho5ejQ": {"name": "BookBag 2.0", "coverArt": "https://i.scdn.co/image/ab67616d00001e0269f531b4bafba7cec4ae47a2", "artist": ["BigKayBeezy", "Polo G"], "artistIds": ["4wpwsRGyik5kVa8fG37Q50", "6AgTAQt8XS6jRWi4sX7w49"], "artistPop": [53, 88], "genres": ["chicago rap", "philly drill", "chicago rap"]}, "7HTQ0DQJlSyKLblJJa402p": {"name": "R.I.P.", "coverArt": "https://i.scdn.co/image/ab67616d00001e025679ba3cc6ba5af0bc503540", "artist": ["Lil Poppa"], "artistIds": ["2hq1yEIcPd7KMLmU6h77Cg"], "artistPop": [56], "genres": ["florida rap"]}, "6BtAsLUUpt3sziJIanEFLD": {"name": "FNY", "coverArt": "https://i.scdn.co/image/ab67616d00001e028ae5b9821a29bb1a01b975f7", "artist": ["Barkley"], "artistIds": ["6DtRbHObMC0sr8CtXOCbgi"], "artistPop": [5], "genres": []}, "7aqG67fSmBNbwbUl6pAFkv": {"name": "High & Dry", "coverArt": "https://i.scdn.co/image/ab67616d00001e0223d1128dbd11f83515eebe36", "artist": ["G. V. Prakash", "Julia Gartha"], "artistIds": ["5VVN3xZw1i2qihfITZlvCZ", "0msMwWNlbZhRSsGqAQdPAs"], "artistPop": [64, 38], "genres": ["filmi", "tamil pop"]}}