{"37Nqx7iavZpotJSDXZWbJ3": {"name": "Girls Want Girls (with Lil Baby)", "coverArt": "https://i.scdn.co/image/ab67616d00001e026627f8a4e961a92a2fe0d461", "artist": ["Drake", "Lil Baby"], "artistIds": ["3TVXtAsR1Inumwj472S9r4", "5f7VJjfbwm532GiveGC0ZK"], "artistPop": [100, 91], "genres": ["canadian hip hop", "canadian pop", "hip hop", "pop rap", "rap", "toronto rap", "atl hip hop", "atl trap", "rap", "trap"]}, "0RbW8kWozrVSIGb4V13o0o": {"name": "Hurricane", "coverArt": "https://i.scdn.co/image/ab67616d00001e026ba1cffc9b2c5469503430b3", "artist": ["Kanye West"], "artistIds": ["5K4W6rqBFWDnAN6FQUkS6x"], "artistPop": [97], "genres": ["chicago rap", "rap"]}, "488HG8lR11JswT2YgcWGRB": {"name": "Blue Notes 2 (feat. Lil Uzi Vert)", "coverArt": "https://i.scdn.co/image/ab67616d00001e02d70bac67e67004bf0fb5a7e2", "artist": ["Meek Mill", "Lil Uzi Vert"], "artistIds": ["20sxb77xiYeusSH8cVdatc", "4O15NlyKLIASxsJ0PrXPfz"], "artistPop": [80, 88], "genres": ["hip hop", "philly rap", "pop rap", "rap", "southern hip hop", "trap", "melodic rap", "philly rap", "rap", "trap"]}, "1ahCrpeTt94LL7y1aXw0Y8": {"name": "Linda", "coverArt": "https://i.scdn.co/image/ab67616d00001e026cf8b364f024ce974413986d", "artist": ["Tokischa", "ROSAL\u00cdA"], "artistIds": ["2p4aN0Uxkk3iT3HK0cJ2cJ", "7ltDVBr6mKbRvohxheJ9h1"], "artistPop": [66, 79], "genres": ["dominican pop", "rap latina", "trap dominicano", "r&b en espanol"]}, "6PZpNMstpIiRenGK5UyG5D": {"name": "Good Ones", "coverArt": "https://i.scdn.co/image/ab67616d00001e02945256a58125076169ac098f", "artist": ["Charli XCX"], "artistIds": ["25uiPmTg16RbhZWAqwLBy5"], "artistPop": [79], "genres": ["art pop", "candy pop", "dance pop", "electropop", "hyperpop", "metropopolis", "pop", "post-teen pop", "uk pop"]}, "4s7QLoImIwmPi9L6dq1nVW": {"name": "TSU", "coverArt": "https://i.scdn.co/image/ab67616d00001e026627f8a4e961a92a2fe0d461", "artist": ["Drake"], "artistIds": ["3TVXtAsR1Inumwj472S9r4"], "artistPop": [100], "genres": ["canadian hip hop", "canadian pop", "hip hop", "pop rap", "rap", "toronto rap"]}, "6tvDAC8atHIjyLgvOEK1fK": {"name": "Monday", "coverArt": "https://i.scdn.co/image/ab67616d00001e028b0da998550d749d2e0b61d9", "artist": ["Imagine Dragons"], "artistIds": ["53XhwfbYqKCa1cC15pYq2q"], "artistPop": [88], "genres": ["modern rock", "pop", "rock"]}, "1NAyq9TrQIpLHWStUX4xAQ": {"name": "ex i never had", "coverArt": "https://i.scdn.co/image/ab67616d00001e022d9e8e3e016cf68d53536c64", "artist": ["LANY"], "artistIds": ["49tQo2QULno7gxHutgccqF"], "artistPop": [80], "genres": ["la pop", "pop"]}, "1IlsLwNnkCL8QnkNexDZ4O": {"name": "Let's Lose Our Minds", "coverArt": "https://i.scdn.co/image/ab67616d00001e029cecf604a2c6d59ebff319dc", "artist": ["SoFaygo"], "artistIds": ["2SJhf6rTOU53g8yBdAjPby"], "artistPop": [72], "genres": ["glitchcore", "plugg", "vapor trap"]}, "50xlqNticOjNCnR192H1YJ": {"name": "No Time For Sleep (Freestyle)", "coverArt": "https://i.scdn.co/image/ab67616d00001e02c35c78f4d89d92d7d7d0b799", "artist": ["Bobby Shmurda"], "artistIds": ["34Y0ldeyUv7jBvukWOGASO"], "artistPop": [66], "genres": ["nyc rap", "trap"]}, "0k1WUmIRnG3xU6fvvDVfRG": {"name": "Way 2 Sexy (with Future & Young Thug)", "coverArt": "https://i.scdn.co/image/ab67616d00001e026627f8a4e961a92a2fe0d461", "artist": ["Drake", "Future", "Young Thug"], "artistIds": ["3TVXtAsR1Inumwj472S9r4", "1RyvyyTE3xzB2ZywiAwp0i", "50co4Is1HCEo8bhOyUWKpn"], "artistPop": [100, 89, 88], "genres": ["canadian hip hop", "canadian pop", "hip hop", "pop rap", "rap", "toronto rap", "atl hip hop", "pop rap", "rap", "southern hip hop", "trap", "atl hip hop", "atl trap", "gangster rap", "hip hop", "melodic rap", "pop rap", "rap", "trap"]}, "3eJH2nAjvNXdmPfBkALiPZ": {"name": "Acapulco", "coverArt": "https://i.scdn.co/image/ab67616d00001e028544aa5ba43894b7103ec757", "artist": ["Jason Derulo"], "artistIds": ["07YZf4WDAMNwqr4jfgOZ8y"], "artistPop": [83], "genres": ["dance pop", "pop", "pop rap", "post-teen pop"]}, "3lzYrD0WcgGFiAFKkB2shE": {"name": "Million To One - from the Amazon Original Movie \"Cinderella\"", "coverArt": "https://i.scdn.co/image/ab67616d00001e02ae1bba9bd09e70644c38260d", "artist": ["Camila Cabello"], "artistIds": ["4nDoRrQiYLoBzwC5BhVJzF"], "artistPop": [84], "genres": ["dance pop", "pop", "post-teen pop"]}, "3JCaq3KDSROg3TXhdiDa9n": {"name": "Ley Seca", "coverArt": "https://i.scdn.co/image/ab67616d00001e0221ee2e52263690b0b2c80c2a", "artist": ["Jhay Cortez", "Anuel AA"], "artistIds": ["0EFisYRi20PTADoJrifHrz", "2R21vXR83lH98kGeO99Y66"], "artistPop": [88, 87], "genres": ["latin", "reggaeton", "trap latino", "latin", "reggaeton", "reggaeton flow", "trap boricua", "trap latino"]}, "3FM5S4mL0yn1vRP4yYTZ6k": {"name": "HOLD ON", "coverArt": "https://i.scdn.co/image/ab67616d00001e026dd072a9977e70ea9bb69810", "artist": ["Lil Tecca"], "artistIds": ["4Ga1P7PMIsmqEZqhYZQgDo"], "artistPop": [83], "genres": ["melodic rap", "rap", "trap"]}, "2JhU9tkEJqUsjjr37cIpdG": {"name": "G\u00ebt Busy", "coverArt": "https://i.scdn.co/image/ab67616d00001e02fddd1e0501059867c08bd9e6", "artist": ["Yeat"], "artistIds": ["3qiHUAX7zY4Qnjx8TNUzVx"], "artistPop": [63], "genres": ["vapor trap"]}, "0t9X8kIUL4QqoWq6HM5o2G": {"name": "Shit Show", "coverArt": "https://i.scdn.co/image/ab67616d00001e02a2176509ece7f7813c0c469a", "artist": ["Peter McPoland"], "artistIds": ["23E65IfLBGQv0FBrMwCcG2"], "artistPop": [58], "genres": ["indie cafe pop"]}, "32DspJXRL1U3c9RwOhRJZE": {"name": "C'est La Vie", "coverArt": "https://i.scdn.co/image/ab67616d00001e0272724d65c5c0c5487d4987d8", "artist": ["Surfaces", "Thomas Rhett"], "artistIds": ["4ETSs924pXMzjIeD6E9b4u", "6x2LnllRG5uGarZMsD4iO8"], "artistPop": [75, 77], "genres": ["bedroom soul", "pop", "contemporary country", "country", "country road"]}, "3ddxe0WYUpNPtSnHgQOad5": {"name": "I Still Have Faith In You", "coverArt": "https://i.scdn.co/image/ab67616d00001e0223533fedac2927315c55d34b", "artist": ["ABBA"], "artistIds": ["0LcJLqbBmaGUft1e9Mm8HV"], "artistPop": [83], "genres": ["europop", "swedish pop"]}, "3zpGIFghtnVlwMXWyKW474": {"name": "Fire In The Sky", "coverArt": "https://i.scdn.co/image/ab67616d00001e025843d11205f6dd6a2ab5f967", "artist": ["Anderson .Paak"], "artistIds": ["3jK9MiCrA42lLAdMGUZpwa"], "artistPop": [82], "genres": ["escape room"]}, "2JVkNlfC5n7KvsaXAQdfIs": {"name": "Point and Kill", "coverArt": "https://i.scdn.co/image/ab67616d00001e027d40bfc436c33bfdec00d9f0", "artist": ["Little Simz", "Obongjayar"], "artistIds": ["6eXZu6O7nAUA5z6vLV8NKI", "6l7R1jntPahGxwJt7Tky8h"], "artistPop": [70, 52], "genres": ["escape room", "indie soul", "trap queen", "experimental r&b", "nigerian pop"]}, "0VtyqKSFeXrIVSbpxARxt4": {"name": "'96 Bulls", "coverArt": "https://i.scdn.co/image/ab67616d00001e02bf6c61f07ac88c8d3b5daeed", "artist": ["Kota the Friend"], "artistIds": ["2AfU5LYBVCiCtuCCfM7uVX"], "artistPop": [66], "genres": ["hip hop", "rap", "underground hip hop"]}, "6xmlFb4Ld15YysAmRQ545N": {"name": "The 90s", "coverArt": "https://i.scdn.co/image/ab67616d00001e02e318f136e300a2eeeaf81ae2", "artist": ["FINNEAS"], "artistIds": ["37M5pPGs6V1fchFJSgCguX"], "artistPop": [73], "genres": ["alt z", "electropop", "indie cafe pop", "indie pop", "la indie", "pop", "post-teen pop"]}, "4tS2pyUXiaTjHK7vCBomyF": {"name": "Don't Break the Heart", "coverArt": "https://i.scdn.co/image/ab67616d00001e0270f95bb5ff989cf80728586f", "artist": ["Tom Grennan"], "artistIds": ["5SHxzwjek1Pipl1Yk11UHv"], "artistPop": [76], "genres": ["modern rock", "uk pop"]}, "1kSfwOauMxFm9cgYiNfsiL": {"name": "Love (Sweet Love)", "coverArt": "https://i.scdn.co/image/ab67616d00001e027b252a889e5206c599f6e31a", "artist": ["Little Mix"], "artistIds": ["3e7awlrlDSwF3iM0WBjGMp"], "artistPop": [83], "genres": ["dance pop", "girl group", "pop", "post-teen pop", "talent show", "uk pop"]}, "4w6dsdn8DjKUeGWwxlRKrT": {"name": "M\u00c9TELE AL PERREO", "coverArt": "https://i.scdn.co/image/ab67616d00001e025d725a8c56ce4df7c1429e60", "artist": ["Daddy Yankee"], "artistIds": ["4VMYDCV2IEDYJArk749S6m"], "artistPop": [87], "genres": ["latin", "latin hip hop", "reggaeton", "trap latino"]}, "5mkjZ6EciJaZrRXUL5eDfH": {"name": "Down (feat. Travis Barker)", "coverArt": "https://i.scdn.co/image/ab67616d00001e02cc7e11b5e3d12347de65a9a3", "artist": ["MOD SUN", "Travis Barker"], "artistIds": ["3u2R8st1bb6zfBqNWceRXG", "4exLIFE8sISLr28sqG1qNX"], "artistPop": [64, 79], "genres": ["minnesota hip hop", "pop punk", "pop rap", "rap rock"]}, "78uoWKqFLD3jaGv5awBe4r": {"name": "Good Ole Boy", "coverArt": "https://i.scdn.co/image/ab67616d00001e02e63d0590ebc4833b31485111", "artist": ["Lauren Alaina"], "artistIds": ["1v3tdpIdBSW14rHUfiEVOv"], "artistPop": [69], "genres": ["contemporary country", "country", "country dawn", "country pop", "country road", "modern country rock"]}, "6OATJiDuvo18nZbEbBMEGN": {"name": "Ay Ay Ay (feat. 3 Glizzy)", "coverArt": "https://i.scdn.co/image/ab67616d00001e025499cdfe5e1b1b7cd19cba27", "artist": ["Shy Glizzy", "Glizzy Gang", "3 Glizzy"], "artistIds": ["1DvtabXAjfrMihPP6JQdHs", "28qIvMjLUuC2V4rTfjVVWP", "5dea8UVB7mJHI7cDiBRmwt"], "artistPop": [64, 47, 45], "genres": ["dmv rap", "drill", "rap", "southern hip hop", "trap", "vapor trap"]}, "1vkBk8GslqBkxaGGJsAvFT": {"name": "Whatever Come With It (feat. Future)", "coverArt": "https://i.scdn.co/image/ab67616d00001e02bd9c3c47eb52fbd0be2f686b", "artist": ["BIG30", "Future"], "artistIds": ["4nZmMrwH6LxHnCzQv4IFUE", "1RyvyyTE3xzB2ZywiAwp0i"], "artistPop": [67, 89], "genres": ["memphis hip hop", "southern hip hop", "trap", "atl hip hop", "pop rap", "rap", "southern hip hop", "trap"]}, "2wf2KMhjoHSZXKVHNBoTMg": {"name": "Sun Came Up", "coverArt": "https://i.scdn.co/image/ab67616d00001e0219cc8d9fa63ffb76c11a5e53", "artist": ["Sofi Tukker", "John Summit"], "artistIds": ["586uxXMyD5ObPuzjtrzO1Q", "7kNqXtgeIwFtelmRjWv205"], "artistPop": [71, 65], "genres": ["electropop", "brazilian edm", "deep groove house", "edm", "electro house", "house", "pop dance"]}, "197Jh1YGNedmMXKCU784ku": {"name": "Lockdown", "coverArt": "https://i.scdn.co/image/ab67616d00001e02f3b2d382887469f0350a9080", "artist": ["Priya Ragu"], "artistIds": ["6iZTyHbQWGzpiWoyI0zz9F"], "artistPop": [50], "genres": ["zurich indie"]}, "22G3GGfNEx4LMv5BYLkXad": {"name": "Coconut Oil", "coverArt": "https://i.scdn.co/image/ab67616d00001e02268f260beb7531299cb6e1d2", "artist": ["KIRBY"], "artistIds": ["5lcDGoJUr5WY5bCFAfYbCU"], "artistPop": [51], "genres": ["alternative r&b", "indie r&b", "indie triste"]}, "7B76OJ0ExVlSkDh1xelvRl": {"name": "Killing Me", "coverArt": "https://i.scdn.co/image/ab67616d00001e028f81b496814a0808fa4672e1", "artist": ["Sasha Keable", "Jorja Smith"], "artistIds": ["7MxGWmiAbqjNOGmj23wbWf", "1CoZyIx7UvdxT5c8UkMzHd"], "artistPop": [49, 75], "genres": ["uk contemporary r&b", "pop", "r&b", "uk contemporary r&b"]}, "5uS9wvMZRGItgtOEzKZoTK": {"name": "Only Us (with Dan + Shay) - From The \u201cDear Evan Hansen\u201d Original Motion Picture Soundtrack", "coverArt": "https://i.scdn.co/image/ab67616d00001e02c1b0465012a1c380e3b5d988", "artist": ["Carrie Underwood", "Dan + Shay"], "artistIds": ["4xFUf1FHVy696Q1JQZMTRj", "7z5WFjZAIYejWy0NI5lv4T"], "artistPop": [74, 78], "genres": ["contemporary country", "country", "country dawn", "country road", "oklahoma country", "post-teen pop", "contemporary country", "country", "pop"]}, "73smAdAEYK9xl8BbTjH1rg": {"name": "Razor's Edge (feat. X Ambassadors)", "coverArt": "https://i.scdn.co/image/ab67616d00001e02fcb7098ca4f3a2274f681796", "artist": ["Masked Wolf", "X Ambassadors"], "artistIds": ["1uU7g3DNSbsu0QjSEqZtEd", "3NPpFNZtSTHheNBaWC82rB"], "artistPop": [77, 74], "genres": ["australian hip hop", "indie poptimism", "modern alternative rock", "modern rock", "pop", "pop rock", "rock", "stomp pop"]}, "1LqGBnl9m1duX1XWopugaf": {"name": "Turn It Up (feat. Tommy Cash)", "coverArt": "https://i.scdn.co/image/ab67616d00001e02e005f11ff36b88f71ff57f34", "artist": ["Oliver Tree", "Little Big", "Tommy Cash"], "artistIds": ["6TLwD7HPWuiOzvXEa3oCNe", "0pnd3MP2rxAzljR9AqXUJB", "44XzG6GoJZNtkIGW19hsUK"], "artistPop": [77, 63, 60], "genres": ["alternative hip hop", "hard bass", "russian rave", "estonian hip hop"]}, "7v4pPS4A7NgY7bxFA3Etv3": {"name": "HOT DEMON B!TCHES NEAR U ! ! !", "coverArt": "https://i.scdn.co/image/ab67616d00001e02b00d1f76a78900f23a4fd216", "artist": ["CORPSE", "Night Lovell"], "artistIds": ["7yntSJ6uojO3z6GFUVwhAW", "2y246nnP9pQT0E6v3ZMMOO"], "artistPop": [75, 75], "genres": ["dream smp", "viral rap", "aesthetic rap", "canadian hip hop", "canadian trap", "dark trap", "ottawa rap", "underground hip hop"]}, "1xVLISbNzP6MlhuwU5wciP": {"name": "soda stream sky (feat. KNOWN.)", "coverArt": "https://i.scdn.co/image/ab67616d00001e02d0e82bbfdf3272daf11645be", "artist": ["Powfu", "KNOWN."], "artistIds": ["6bmlMHgSheBauioMgKv2tn", "1hq8aXIxLXBwfeXGD1sGot"], "artistPop": [76, 49], "genres": ["sad rap", "bc underground hip hop", "canadian underground hip hop"]}, "5rpxIbX4f1q9ZpiIxGPeSl": {"name": "Clementine", "coverArt": "https://i.scdn.co/image/ab67616d00001e024e4ece9ac38be3da35100030", "artist": ["Wet"], "artistIds": ["2i9uaNzfUtuApAjEf1omV8"], "artistPop": [57], "genres": ["alternative r&b", "brooklyn indie", "electropop", "indie electropop", "indie pop", "indie poptimism", "nyc pop", "pop", "vapor soul"]}, "46E2xeKBLrxS8hJ37Gq35G": {"name": "Billie (Loving Arms)", "coverArt": "https://i.scdn.co/image/ab67616d00001e02fc7addbcc90fde69955660a2", "artist": ["Fred again.."], "artistIds": ["4oLeXFyACqeem2VImYeBFe"], "artistPop": [67], "genres": []}, "5vcfy76yr163pFH7NkN6nX": {"name": "I Don't Want You", "coverArt": "https://i.scdn.co/image/ab67616d00001e02930ae7269d03cf84ce60da6c", "artist": ["Riton", "RAYE"], "artistIds": ["7i9j813KFoSBMldGqlh2Z1", "5KKpBU5eC2tJDzf0wmlRp2"], "artistPop": [77, 77], "genres": ["dance pop", "edm", "house", "pop dance", "tropical house", "uk dance", "dance pop", "edm", "house", "pop", "pop dance", "post-teen pop", "tropical house", "uk contemporary r&b", "uk dance", "uk pop"]}, "3LmJ1n9BnLS1dHXl1QRDkt": {"name": "Baby...", "coverArt": "https://i.scdn.co/image/ab67616d00001e0222d95952bd58b4f74bcf6eba", "artist": ["Mar\u00eda Isabel"], "artistIds": ["318bGJ7GOvMhYhkNOe5kZ5"], "artistPop": [48], "genres": ["alternative r&b", "chill r&b", "indie r&b"]}, "6dAwpRTPBCE8TROpbPcGcq": {"name": "lush", "coverArt": "https://i.scdn.co/image/ab67616d00001e023bbf731764a9544460771b9c", "artist": ["boylife"], "artistIds": ["6P8DiegQ0Inxj1UF6a9lCb"], "artistPop": [44], "genres": ["modern indie pop"]}, "3bC1vaJFYuf7y9tln5EMWB": {"name": "WIDE Open", "coverArt": "https://i.scdn.co/image/ab67616d00001e02abad2b6d4506cc7b5ca72ae4", "artist": ["tobi lou"], "artistIds": ["4T8NIfZmVY6TJFqVzN6X49"], "artistPop": [65], "genres": ["alternative r&b", "chicago rap", "pop", "pop rap"]}, "429gCLNL00YOea2EhOWVl3": {"name": "Twice", "coverArt": "https://i.scdn.co/image/ab67616d00001e02909b5c91029981608d269485", "artist": ["S1mba"], "artistIds": ["71jSVPQ6yskfyvWeiwvT5s"], "artistPop": [63], "genres": ["afroswing", "social media pop"]}, "4lOALPSmNALFWS3dRH2gRH": {"name": "Ella", "coverArt": "https://i.scdn.co/image/ab67616d00001e02abdd8d82b90d5c7f2cee6c3c", "artist": ["Two Feet"], "artistIds": ["5sWHDYs0csV6RS48xBl0tH"], "artistPop": [74], "genres": ["indie poptimism", "modern rock", "pop"]}, "3JRoUjaIQB7Ge6ceiGnmc2": {"name": "Lunatic", "coverArt": "https://i.scdn.co/image/ab67616d00001e02149f0b782342da0351da981d", "artist": ["UPSAHL"], "artistIds": ["1294QqYm1VuxxjRiL9M0h9"], "artistPop": [67], "genres": ["alt z", "electropop", "indie pop", "indie poptimism", "modern indie pop", "modern rock", "pop", "social media pop"]}, "0q0Jgj7gvnMLSoCvZjpdSm": {"name": "My Anxiety", "coverArt": "https://i.scdn.co/image/ab67616d00001e02727a9c0a08b37069ee6f9847", "artist": ["BabyJake"], "artistIds": ["07Asx51VtMw5kbNXKrpZlq"], "artistPop": [62], "genres": ["pop", "pop rap"]}, "4syyKlhOWbsZUsZ4DwmJxH": {"name": "Oh shit\u2026are we in love?", "coverArt": "https://i.scdn.co/image/ab67616d00001e025b26bb7e1d8e00ff564d1be6", "artist": ["Valley"], "artistIds": ["7blXVKBSxdFZsIqlhdViKc"], "artistPop": [62], "genres": ["alt z", "electropop", "indie cafe pop", "indie pop", "indie poptimism", "indietronica", "pop", "pop rock"]}, "6udQeEr42u5FZ3UFLdcyvK": {"name": "Empty House", "coverArt": "https://i.scdn.co/image/ab67616d00001e02fc2f2fbde6a3c4dae646d973", "artist": ["Abe Parker"], "artistIds": ["5V61WloeXM3XLslOqJ8RES"], "artistPop": [48], "genres": ["indie cafe pop"]}, "2B58L5Us32hKTpc8BCA03A": {"name": "ANSWERS", "coverArt": "https://i.scdn.co/image/ab67616d00001e02dcae92208fe364aa5c57f42f", "artist": ["Bipolar Sunshine"], "artistIds": ["0CjWKoS55T7DOt0HJuwF1H"], "artistPop": [65], "genres": ["gauze pop"]}, "56tNMHvbcFPvYiDxA7xROH": {"name": "You Could Be", "coverArt": "https://i.scdn.co/image/ab67616d00001e024358fbddba9f4c3978e37818", "artist": ["Anz", "George Riley"], "artistIds": ["1Ysz8yMgr4g1Ol3l1m3yOt", "76rh78p0cww0l4OqgKabLQ"], "artistPop": [38, 37], "genres": ["experimental club", "float house", "indie r&b"]}, "6C1LZVwMRRsUdGOe7t7PSD": {"name": "Toa La Vida", "coverArt": "https://i.scdn.co/image/ab67616d00001e0239430022ab1217703eead73f", "artist": ["Nicki Nicole", "Mora"], "artistIds": ["2UZIAOlrnyZmyzt1nuXr9y", "0Q8NcsJwoCbZOHHW63su5S"], "artistPop": [77, 81], "genres": ["argentine hip hop", "r&b argentino", "trap argentino", "trap latino", "reggaeton", "trap latino"]}, "0wtZkvnQhOdsDx99OMyFuI": {"name": "On God (feat. Gucci Mane & Cootie)", "coverArt": "https://i.scdn.co/image/ab67616d00001e02f6e0676b4c5c5522d3d47ad5", "artist": ["BiC Fizzle", "Gucci Mane", "Cootie"], "artistIds": ["55zZKMiLQNwu6unkKc8J4y", "13y7CgLHjMVRMDqxdx0Xdo", "7ECp9Ab69X334S1fo7jAp3"], "artistPop": [39, 79, 44], "genres": ["atl hip hop", "dirty south rap", "gangster rap", "hip hop", "pop rap", "rap", "southern hip hop", "trap"]}, "5yozbGmaHKYcNW1qE26qMl": {"name": "Mask Off (Feelings)", "coverArt": "https://i.scdn.co/image/ab67616d00001e02a6294b2dee08310a2801b9b6", "artist": ["Duckwrth"], "artistIds": ["6I3MElirhT5t6Kf7p0hGk9"], "artistPop": [66], "genres": ["alternative r&b", "escape room", "indie r&b", "indie soul", "underground hip hop"]}, "768wF93WAaExWS57CzNg45": {"name": "Unknown Male 01", "coverArt": "https://i.scdn.co/image/ab67616d00001e0238058a6aecec136c5282bcd0", "artist": ["Biffy Clyro"], "artistIds": ["1km0R7wy712AzLkA1WjKET"], "artistPop": [63], "genres": ["modern alternative rock", "modern rock", "rock", "scottish rock"]}, "39IO8ecvUkYbbgtP9Q8CxU": {"name": "Piece Of My Mind", "coverArt": "https://i.scdn.co/image/ab67616d00001e023bb4d6c8fac7686d15253658", "artist": ["BROODS"], "artistIds": ["5r5Va4lVQ1zjEfbJSrmCsS"], "artistPop": [59], "genres": ["art pop", "auckland indie", "australian pop", "electropop", "etherpop", "indie pop", "indie poptimism", "indietronica", "metropopolis", "nz pop", "pop", "pop rock", "shimmer pop", "tropical house", "vapor soul"]}, "0jYRWd2YDazzc7czcvzPtA": {"name": "No Sympathy", "coverArt": "https://i.scdn.co/image/ab67616d00001e02e087975279bf7cd41e863639", "artist": ["Jenevieve"], "artistIds": ["0dUYLC7DLjeS8gIh8cz2Pq"], "artistPop": [57], "genres": ["alternative r&b", "chill r&b", "indie r&b"]}, "4UG2Fm0E98LhE2dlNxiAXx": {"name": "this is what falling in love feels like", "coverArt": "https://i.scdn.co/image/ab67616d00001e027bc333ff94bcb174a817e346", "artist": ["JVKE"], "artistIds": ["164Uj4eKjl6zTBKfJLFKKK"], "artistPop": [65], "genres": ["modern indie pop"]}, "4nzBST9JdZIy9qfilr93Po": {"name": "aftermath", "coverArt": "https://i.scdn.co/image/ab67616d00001e020ce26aadfde6d3a4c9f7e0d0", "artist": ["vaultboy"], "artistIds": ["0K87f3owemzI8NUCoEIXOB"], "artistPop": [63], "genres": []}, "62UtzYtwjf2mS1b88DvV7X": {"name": "I Don\u2019t Smoke", "coverArt": "https://i.scdn.co/image/ab67616d00001e027e95b2a3b5236af0aad022c3", "artist": ["Lily Rose"], "artistIds": ["3lkwNhvm2fbh4q8CIe47n3"], "artistPop": [54], "genres": ["contemporary country"]}, "51PuIBYfGsXVFmnsv70Vr3": {"name": "Highway Like Me (feat. Marcus King)", "coverArt": "https://i.scdn.co/image/ab67616d00001e023a7f2932b066828f9432f101", "artist": ["Ashland Craft", "Marcus King"], "artistIds": ["5C5yczYHPeBi5PrwxfksLP", "0FeWKiZSwBRdGzqeCdlH1a"], "artistPop": [48, 53], "genres": ["contemporary country", "country pop", "modern blues rock"]}, "7xaJp99s5JRCwXFzsG1ESU": {"name": "Like the Water", "coverArt": "https://i.scdn.co/image/ab67616d00001e02d40dd28fd3a0e07b0e3b92dc", "artist": ["Patrick Droney"], "artistIds": ["78Rk1F0jGdipWWfrhyWwt3"], "artistPop": [60], "genres": ["indiecoustica", "nashville singer-songwriter", "neo mellow"]}, "2QHJtszqce5MONVPFhhygL": {"name": "Winners (feat. Yxng Bane, Chance The Rapper & Joey Purp)", "coverArt": "https://i.scdn.co/image/ab67616d00001e0218f5321c8d915e2cc6617744", "artist": ["Smoko Ono", "Yxng Bane", "Chance the Rapper", "Joey Purp"], "artistIds": ["5ISXAUt037t6aYhvewRtzd", "5AbLpsnTQVNB3OEadYiVrK", "1anyVhU62p31KFi8MEzkbf", "1ewyVtTZBqFYWIcepopRhp"], "artistPop": [48, 68, 79, 57], "genres": ["afroswing", "uk dancehall", "uk hip hop", "chicago rap", "conscious hip hop", "hip hop", "pop rap", "rap", "chicago rap", "indie hip hop", "underground hip hop"]}, "0B1wfBxRDSUEYnzcyQYmyi": {"name": "Yo No Te Olvido", "coverArt": "https://i.scdn.co/image/ab67616d00001e02cb4a085305b34eef1bf74a76", "artist": ["Cali Y El Dandee", "Luis Fonsi"], "artistIds": ["5DUlefCLzVRzNWaNURTFpK", "4V8Sr092TqfHkfAA5fXXqG"], "artistPop": [74, 78], "genres": ["champeta", "colombian pop", "electro latino", "latin", "latin pop", "reggaeton", "reggaeton colombiano", "trap latino", "latin", "latin pop", "puerto rican pop"]}, "5kn2FMZoBVClbA9CV7w3k5": {"name": "Chemical Bond", "coverArt": "https://i.scdn.co/image/ab67616d00001e026969b01d61c470d8083b0913", "artist": ["Rezz", "Deathpact"], "artistIds": ["4aKdmOXdUKX07HVd3sGgzw", "09C3CKFxKEw1n1Z7kvT3jb"], "artistPop": [64, 51], "genres": ["canadian electronic", "edm", "electra", "electro house", "dark clubbing", "electro house"]}, "5cWWaWtXPYSDqimQN9v1Ae": {"name": "sad song 33", "coverArt": "https://i.scdn.co/image/ab67616d00001e02f54be17ef7da1e7d6ecec763", "artist": ["caro\u2661"], "artistIds": ["3ypTgZWVLSkBaTjFNjSDE8"], "artistPop": [36], "genres": ["escape room", "hyperpop"]}, "3FLJNWLmA54aWQj6FAtFXg": {"name": "Narcissist", "coverArt": "https://i.scdn.co/image/ab67616d00001e0251ba5062e7c352802221f5f2", "artist": ["Baby Queen"], "artistIds": ["4VqlewwKZJoIcA88PYHUDd"], "artistPop": [47], "genres": ["indie pop", "modern alternative pop", "uk pop"]}, "1w7uw5Glc9byYGG9D7pa9U": {"name": "Father's Son", "coverArt": "https://i.scdn.co/image/ab67616d00001e025c7fd938964f7b6b314bcc84", "artist": ["marinelli"], "artistIds": ["0iqCNJHozJhcjPDoX1EJ6a"], "artistPop": [46], "genres": ["modern indie pop"]}, "4QgivLY8vHOD4IcKLx1ni7": {"name": "Extra Life", "coverArt": "https://i.scdn.co/image/ab67616d00001e02d3544e4f5bf3e9c755fc6c6c", "artist": ["Abhi The Nomad"], "artistIds": ["1gUi2utSbJLNPddYENJAp4"], "artistPop": [58], "genres": ["desi hip hop", "modern rock", "vapor soul"]}, "3bAsI36FppzwxGykzzcwUo": {"name": "DAYS LIKE THESE", "coverArt": "https://i.scdn.co/image/ab67616d00001e0264edb4d9b56f1bc2569684fb", "artist": ["Usain Bolt", "Nj"], "artistIds": ["2PIYZpNwZRt8BDALIFazZh", "3KNcuLUfY5AqiRXASRFWjC"], "artistPop": [41, 39], "genres": []}, "0pPt7BzRUrYLiSdFrjN7QA": {"name": "If It's Love", "coverArt": "https://i.scdn.co/image/ab67616d00001e028090f3a4356ee496149bda35", "artist": ["Sting"], "artistIds": ["0Ty63ceoRnnJKVEYP0VQpk"], "artistPop": [72], "genres": ["permanent wave", "soft rock", "sophisti-pop"]}, "6pW1zSKjttBlcZ8mcogTZk": {"name": "There For You", "coverArt": "https://i.scdn.co/image/ab67616d00001e0234b25fcbd9a866e54118c532", "artist": ["Tommee Profitt", "SVRCINA"], "artistIds": ["73jlPRxT7z5xk29sMqFDjU", "3wRt3iJpZDOg73CTUkfv5C"], "artistPop": [66, 55], "genres": ["anthem worship", "alt z", "modern alternative pop"]}, "3mS7QkIx75iVG9JjXzKfIz": {"name": "More", "coverArt": "https://i.scdn.co/image/ab67616d00001e02393e45d52ced018908e7bb3f", "artist": ["Sam Ryder"], "artistIds": ["1rvnJJghrxl1xakJZct08m"], "artistPop": [55], "genres": []}, "4U2GQlVHIerwX78jHpkOYN": {"name": "10 Steps", "coverArt": "https://i.scdn.co/image/ab67616d00001e0282fc99cf1d439d28700195a4", "artist": ["Christian Leave"], "artistIds": ["2G8UkPZnQ8i78L8TfqP1X6"], "artistPop": [63], "genres": ["indie cafe pop", "indie pop", "modern rock"]}, "5FKl1YJ1uIbJxmugKjJxxP": {"name": "10 Things", "coverArt": "https://i.scdn.co/image/ab67616d00001e028217e7fc2e9e15a62e3a37f2", "artist": ["Chloe Lilac"], "artistIds": ["2CUeVZl8E9ouggdBhyclFx"], "artistPop": [45], "genres": ["alt z", "indie electropop", "indie pop"]}, "6AGmPgPDllC5CWzKFR2xLt": {"name": "Waiting Game", "coverArt": "https://i.scdn.co/image/ab67616d00001e02448550c941e0986e2d75e288", "artist": ["G Flip", "renforshort"], "artistIds": ["4SdIXLzfabqU61iK7SnKAU", "3GYvf7puxwkr51EYoD9E7D"], "artistPop": [56, 57], "genres": ["australian alternative pop", "australian indie", "australian pop", "alt z", "canadian pop", "indie pop", "pop", "social media pop"]}, "3WM935x8fQpvSskUP1LHPB": {"name": "I Still Need You", "coverArt": "https://i.scdn.co/image/ab67616d00001e02a321e73c08f48e7e648affd2", "artist": ["ayokay"], "artistIds": ["4BzCdhJTyTS3gumq9xmymb"], "artistPop": [58], "genres": ["electropop", "indie electropop", "indie poptimism", "pop", "pop dance", "pop edm", "tropical house"]}, "469tf6NgOf4nscrty0G9Us": {"name": "Walking With Ur Smile", "coverArt": "https://i.scdn.co/image/ab67616d00001e0257751ae9890e997676b998f2", "artist": ["DJ Seinfeld"], "artistIds": ["37YzpfBeFju8QRZ3g0Ha1Q"], "artistPop": [52], "genres": ["electronica", "float house", "lo-fi house"]}, "126fZP5WUzjwZAdNX3fRlD": {"name": "Drive - Edit", "coverArt": "https://i.scdn.co/image/ab67616d00001e02e9a7aa6e84c24ac956bd5699", "artist": ["Divino Ni\u00f1o"], "artistIds": ["2O2KJngZ80ZTK71HamDNYi"], "artistPop": [40], "genres": ["indie garage rock", "indie shoegaze"]}, "0pRAo6BI04Ijej6XyFPQMk": {"name": "our neighbors.", "coverArt": "https://i.scdn.co/image/ab67616d00001e0250d51476bef1bdc9069ccca4", "artist": ["will hyde"], "artistIds": ["3vNisYibo8wFyD4wxIbSbn"], "artistPop": [40], "genres": []}, "1zKOagmkCtXuGmCivG8HZE": {"name": "Icee Pop", "coverArt": "https://i.scdn.co/image/ab67616d00001e022a393fd3499f622d56846fa8", "artist": ["Nic D"], "artistIds": ["1XlLhtgJjC4ROQZilBZAvw"], "artistPop": [59], "genres": []}, "7iQjVmkP6zGWz7U3ITaKKO": {"name": "Chrono Trigger", "coverArt": "https://i.scdn.co/image/ab67616d00001e027b7ba6eb5fd3ab59e9e07a7a", "artist": ["Tommy Richman"], "artistIds": ["1WaFQSHVGZQJTbf0BdxdNo"], "artistPop": [29], "genres": []}, "1v2aQ5953RmLWAIxwpsHD7": {"name": "PG Baby", "coverArt": "https://i.scdn.co/image/ab67616d00001e022028537bc868d6396ab7910a", "artist": ["Free Party"], "artistIds": ["2A1dxDBORVkkbHJDVDOhed"], "artistPop": [37], "genres": []}, "13cM3Tbw3vs0hEwTi3JwJx": {"name": "All In the Wrist", "coverArt": "https://i.scdn.co/image/ab67616d00001e025588d15c3be4169d4692e443", "artist": ["Derek Minor", "Parris Chariz", "Foggieraw"], "artistIds": ["3fn8lZLy7Q61AXCWWPYC4B", "2Vt6gyhUH7Vj2cybfQWOqM", "1dbTwUlL11ZYdC1YAR07AM"], "artistPop": [52, 46, 45], "genres": ["christian hip hop", "christian trap", "christian hip hop", "christian trap", "christian trap"]}, "0T5iIrXA4p5GsubkhuBIKV": {"name": "Until I Found You", "coverArt": "https://i.scdn.co/image/ab67616d00001e028792c3e96f8ab97a767c5d0c", "artist": ["Stephen Sanchez"], "artistIds": ["5XKFrudbV4IiuE5WuTPRmT"], "artistPop": [43], "genres": []}, "3svNLdiVqIykhoItrqrPa9": {"name": "Carry You Home", "coverArt": "https://i.scdn.co/image/ab67616d00001e02e02dc3cd64920807b0fb004b", "artist": ["BEXAR"], "artistIds": ["1GXBaX5YUjOrrXch1sGepn"], "artistPop": [43], "genres": ["country pop"]}, "1DUaW1loQrhR7WIIRtxehF": {"name": "All It Cost Me Was Everything", "coverArt": "https://i.scdn.co/image/ab67616d00001e02791f4dc12acca45add5c96a8", "artist": ["Cody Jinks"], "artistIds": ["2v7wIbCkIzxOfT3GnqCexD"], "artistPop": [68], "genres": ["modern southern rock", "outlaw country", "texas country"]}, "6LvRXtQfbvMF7m0hNQu5eF": {"name": "Snowplow", "coverArt": "https://i.scdn.co/image/ab67616d00001e0210ca7461bbcb6507e8174864", "artist": ["Runnner", "Skullcrusher"], "artistIds": ["7adlRX57hqe6Pc4YHrSGG0", "1GUaQ6GpaxFPKZ0SCSsnwD"], "artistPop": [42, 43], "genres": ["indie pop", "la indie", "small room", "belgian death metal", "bubblegrunge", "indie folk", "indie pop", "indie rock"]}, "2L42uB1e5wuanTTPEWVe64": {"name": "Days Of Future Past", "coverArt": "https://i.scdn.co/image/ab67616d00001e029dded020fbe39dc9c3d3122f", "artist": ["Iron Maiden"], "artistIds": ["6mdiAmATAx73kdxrNrnlao"], "artistPop": [77], "genres": ["hard rock", "metal", "nwobhm", "rock"]}, "1qHVWLvSusj5al6vcNEjrw": {"name": "BRING U HOME", "coverArt": "https://i.scdn.co/image/ab67616d00001e02985d6049c4837fcc61946e5a", "artist": ["Tony Velour"], "artistIds": ["3L3hYQlhb5k9XCCrRWavNi"], "artistPop": [39], "genres": ["hyperpop"]}, "6v3NSHCeFxhz6cE6yKiUio": {"name": "I See It Now", "coverArt": "https://i.scdn.co/image/ab67616d00001e02f14719c57998f2dfd5e6c34c", "artist": ["Bachelor", "Jay Som", "Palehound"], "artistIds": ["7B1OPA8Ttxfv3XBDCkw24E", "1wmiQ6ytATiGnJs6uFluKO", "4AgusFXPk24LCGMMplX34M"], "artistPop": [44, 50, 46], "genres": ["art pop", "bubblegrunge", "garage psych", "indie folk", "indie pop", "indie rock", "art pop", "bay area indie", "chillwave", "indie pop", "indie rock", "oakland indie", "small room", "boston indie", "boston rock", "bubblegrunge", "indie pop", "indie punk", "indie rock", "new england emo"]}, "7G6EmZRO2S9s9bHvt54EwZ": {"name": "Diggin Da Blunt", "coverArt": "https://i.scdn.co/image/ab67616d00001e02218c043431bb2406a30ce899", "artist": ["Maty Noyes"], "artistIds": ["5JSXWmQO8csVUy6hSRu8TA"], "artistPop": [58], "genres": ["alt z", "electropop", "indie electropop", "indie poptimism", "pop", "social media pop"]}, "4TcZAQaneRKMW6EXtJwJey": {"name": "3D", "coverArt": "https://i.scdn.co/image/ab67616d00001e02833946add97c1466d5b3adaa", "artist": ["morgen"], "artistIds": ["6jadsn0j1QjrlJTMiaUJYF"], "artistPop": [26], "genres": []}, "4aQUdTn1sp1aCAb2FcL6RK": {"name": "I'm an Idiot", "coverArt": "https://i.scdn.co/image/ab67616d00001e02f3984bdc36aa0567f6cf0767", "artist": ["Scoobert Doobert"], "artistIds": ["5zKkCi9E4L8p6aRiCSJVTn"], "artistPop": [29], "genres": []}, "11dudYRtXcIapaSWEC2d9b": {"name": "9 to 5", "coverArt": "https://i.scdn.co/image/ab67616d00001e0274dd65faa747c6bbcf7600be", "artist": ["Grady"], "artistIds": ["6FmiNnTXQJTmOMAx4kB38R"], "artistPop": [54], "genres": ["indie electropop"]}, "4tqa4KJcc7j20i9L0n4pr9": {"name": "Photograph", "coverArt": "https://i.scdn.co/image/ab67616d00001e029bed0780200a6e74479a4672", "artist": ["Samuel Petra"], "artistIds": ["4nU8lYVaehPFBOgeZcIZr3"], "artistPop": [28], "genres": []}, "4uXJobWSESExklnrQqKwU5": {"name": "Comfort In The Clutter", "coverArt": "https://i.scdn.co/image/ab67616d00001e02800681d2c981771c8009bb3d", "artist": ["Petey"], "artistIds": ["4TeKBLCqmYXzvcgYX4t4YA"], "artistPop": [48], "genres": []}, "150pcHJ0Q6v21bj3Tt7NWN": {"name": "FIX YOUR FACE", "coverArt": "https://i.scdn.co/image/ab67616d00001e0251b6d45e5ba468127d1f56e0", "artist": ["seeyousoon"], "artistIds": ["2QFne35yv8Kjaey8tbYiT1"], "artistPop": [37], "genres": ["indie hip hop"]}}