{"5enxwA8aAbwZbf5qCHORXi": {"name": "All Too Well (10 Minute Version) (Taylor's Version) (From The Vault)", "coverArt": "https://i.scdn.co/image/ab67616d00001e02f0e23391547fb8d9bc26e1ed", "artist": ["Taylor Swift"], "artistIds": ["06HL4z0CvFAxyc27GXpf02"], "artistPop": [97], "genres": ["pop"]}, "5ywsqu9AEJnEJhJ05Vf9Me": {"name": "Blast Off", "coverArt": "https://i.scdn.co/image/ab67616d00001e02935b9d1cff75640ed369c665", "artist": ["Bruno Mars", "Anderson .Paak", "Silk Sonic"], "artistIds": ["0du5cEVh5yTK9QJze8zA0C", "3jK9MiCrA42lLAdMGUZpwa", "6PvvGcCY2XtUcSRld1Wilr"], "artistPop": [91, 83, 79], "genres": ["dance pop", "pop", "escape room"]}, "7qM1BWAsZMTYh4BcYLb0uQ": {"name": "Already Dead", "coverArt": "https://i.scdn.co/image/ab67616d00001e023f688bd1ffdb9a72efb94592", "artist": ["Juice WRLD"], "artistIds": ["4MCBfE4596Uoi2O4DtmEMz"], "artistPop": [94], "genres": ["chicago rap", "melodic rap"]}, "6RfhBNU1FPWTG7VESlfgOl": {"name": "Bad Man (Smooth Criminal)", "coverArt": "https://i.scdn.co/image/ab67616d00001e02ed983355ba728e35a5108062", "artist": ["Polo G"], "artistIds": ["6AgTAQt8XS6jRWi4sX7w49"], "artistPop": [91], "genres": ["chicago rap"]}, "6dmXZ9B5HdFAyzHeTneYBK": {"name": "LA FAMA (with The Weeknd)", "coverArt": "https://i.scdn.co/image/ab67616d00001e02123631afea1a0c8ed83229c8", "artist": ["ROSAL\u00cdA", "The Weeknd"], "artistIds": ["7ltDVBr6mKbRvohxheJ9h1", "1Xyo4u8uXC1ZmMpatF05PJ"], "artistPop": [81, 96], "genres": ["r&b en espanol", "canadian contemporary r&b", "canadian pop", "pop"]}, "1RI4YQVFh7onQD07QuL8ND": {"name": "Be Alive (Original Song from the Motion Picture \"King Richard\")", "coverArt": "https://i.scdn.co/image/ab67616d00001e02955100d4cbae4cd69757e6bd", "artist": ["Beyonc\u00e9"], "artistIds": ["6vWDO969PvNqNYHIOW5v0m"], "artistPop": [87], "genres": ["dance pop", "pop", "r&b"]}, "5OJmt1xiOHZJGx8wTUAjEC": {"name": "let you", "coverArt": "https://i.scdn.co/image/ab67616d00001e0227e1e63898b8e235ddf750bd", "artist": ["iann dior"], "artistIds": ["6ASri4ePR7RlsvIQgWPJpS"], "artistPop": [84], "genres": ["melodic rap", "pop rap"]}, "2EBnvom1dTybtm75a3Xh1T": {"name": "feel like shit", "coverArt": "https://i.scdn.co/image/ab67616d00001e02886ff9882f35c82d652a9cf5", "artist": ["Tate McRae"], "artistIds": ["45dkTj5sMRSjrmBSBeiHym"], "artistPop": [82], "genres": ["alt z", "dance pop", "pop", "post-teen pop"]}, "4IQkfUsrwXol38VV3U7t7T": {"name": "Run (feat. Ed Sheeran) (Taylor\u2019s Version) (From The Vault)", "coverArt": "https://i.scdn.co/image/ab67616d00001e02f0e23391547fb8d9bc26e1ed", "artist": ["Taylor Swift", "Ed Sheeran"], "artistIds": ["06HL4z0CvFAxyc27GXpf02", "6eUKZXaKkcviH0Ku9w2n3V"], "artistPop": [97, 97], "genres": ["pop", "pop", "uk pop"]}, "4GyD3o5hWoyCuYpdlzZlRL": {"name": "Doin' This", "coverArt": "https://i.scdn.co/image/ab67616d00001e02a0bf492cbe3f59d0afcf4958", "artist": ["Luke Combs"], "artistIds": ["718COspgdWOnwOFpJHRZHS"], "artistPop": [83], "genres": ["contemporary country", "country"]}, "4zm8xZiV5FxJu62EHEvZaT": {"name": "777", "coverArt": "https://i.scdn.co/image/ab67616d00001e02935b9d1cff75640ed369c665", "artist": ["Bruno Mars", "Anderson .Paak", "Silk Sonic"], "artistIds": ["0du5cEVh5yTK9QJze8zA0C", "3jK9MiCrA42lLAdMGUZpwa", "6PvvGcCY2XtUcSRld1Wilr"], "artistPop": [91, 83, 79], "genres": ["dance pop", "pop", "escape room"]}, "1zwvbkUqTozLnmIECvBfgs": {"name": "ROOF", "coverArt": "https://i.scdn.co/image/ab67616d00001e026fcae6d6258c80c3f51479b4", "artist": ["DaBaby"], "artistIds": ["4r63FhuTkUYltbVAg5TQnk"], "artistPop": [90], "genres": ["north carolina hip hop", "rap"]}, "6MZoicv1j68tNiSJyKwNrB": {"name": "Lion Eyes", "coverArt": "https://i.scdn.co/image/ab67616d00001e029923d6b76f236d56157b918a", "artist": ["Lil Durk"], "artistIds": ["3hcs9uc56yIGFCSy9leWe7"], "artistPop": [89], "genres": ["chicago drill", "chicago rap", "drill", "hip hop", "rap", "trap"]}, "5r43qanLhUCdBj8HN3fa6B": {"name": "Sunshine", "coverArt": "https://i.scdn.co/image/ab67616d00001e023b248f42fb53c64faf1d748e", "artist": ["OneRepublic"], "artistIds": ["5Pwc4xIPtQLFEnJriah9YJ"], "artistPop": [85], "genres": ["dance pop", "neo mellow", "piano rock", "pop", "pop rock"]}, "4Sk74gcXTe9dnE1HU5Pn1y": {"name": "The Bottom", "coverArt": "https://i.scdn.co/image/ab67616d00001e02f9a857e6f7daf1878947fc1f", "artist": ["Gracie Abrams"], "artistIds": ["4tuJ0bMpJh08umKkEXKUI5"], "artistPop": [71], "genres": ["alt z", "indie pop", "pop"]}, "6y6bUurXB0FfhddEU5Qch0": {"name": "The Only Heartbreaker", "coverArt": "https://i.scdn.co/image/ab67616d00001e02bfec31be171f222101d71407", "artist": ["Mitski"], "artistIds": ["2uYWxilOVlUdk4oV9DvwqK"], "artistPop": [82], "genres": ["brooklyn indie", "indie pop"]}, "4SqPtAd2irUOyLoLcOFtkl": {"name": "I Deserve (w/ NOS.)", "coverArt": "https://i.scdn.co/image/ab67616d00001e022a1234778d51d0e3789d2cee", "artist": ["Smino", "NOS."], "artistIds": ["1ybINI1qPiFbwDXamRtwxD", "7iRauMPdOJBF3RiDHKrXTB"], "artistPop": [72, 0], "genres": ["alternative r&b", "hip hop", "rap", "underground hip hop"]}, "3EPPgykXQeKjeGIqQogy3V": {"name": "PLAY YOUR PART.", "coverArt": "https://i.scdn.co/image/ab67616d00001e028e6c852a16b5d8209e65d125", "artist": ["KDVSGOLIATH"], "artistIds": ["1fxSfIUHcYGuFkPY7kOCkQ"], "artistPop": [25], "genres": []}, "1r4MvTc1gwfHdt2TuMMYx0": {"name": "Cicada (feat. Arca)", "coverArt": "https://i.scdn.co/image/ab67616d00001e024b2854b149d550baf6bd0dab", "artist": ["Sega Bodega", "Arca"], "artistIds": ["1ZvF4Sgnre3Rk2CpiNy077", "4SQdUpG4f7UbkJG3cJ2Iyj"], "artistPop": [49, 63], "genres": ["art pop", "deconstructed club", "escape room", "hyperpop", "ai", "art pop", "dance pop", "deconstructed club", "electropop", "escape room", "experimental pop", "fluxwork", "pop"]}, "1u71gNzUwTjgfYmArCUD0m": {"name": "Friendly Fire", "coverArt": "https://i.scdn.co/image/ab67616d00001e022772f9f79d189a157b7cdf88", "artist": ["Holly Humberstone"], "artistIds": ["0nnYdIpahs41QiZ9MWp5Wx"], "artistPop": [64], "genres": ["alt z", "indie pop", "modern alternative pop", "uk pop"]}, "4bNa2MHnPB7zckROAHh8mR": {"name": "Bite Me", "coverArt": "https://i.scdn.co/image/ab67616d00001e02d5dc453e1a7cd0007e159763", "artist": ["Avril Lavigne"], "artistIds": ["0p4nmQO2msCgU4IF37Wi3j"], "artistPop": [79], "genres": ["canadian pop", "candy pop", "dance pop", "pop", "post-teen pop"]}, "4PLuCa10ULsd3t9bGV7MH5": {"name": "Cool Kids", "coverArt": "https://i.scdn.co/image/ab67616d00001e02ea490717da3564ecb0d9fdea", "artist": ["Justus Bennetts"], "artistIds": ["4PcesEvU9iICf7dwNt5B3l"], "artistPop": [68], "genres": ["alt z", "gen z singer-songwriter", "social media pop"]}, "6kzP50E3nRuuLjtU5Qp56m": {"name": "Blondes", "coverArt": "https://i.scdn.co/image/ab67616d00001e02ff512d3b2aa428694e50eab5", "artist": ["Blu DeTiger"], "artistIds": ["5NyCIBCeU080ynEj33S4hC"], "artistPop": [55], "genres": []}, "4JnX8tY9me7jHqDwgifhwU": {"name": "RIDING", "coverArt": "https://i.scdn.co/image/ab67616d00001e024bc2f112800b4f738cc3fe1a", "artist": ["Aries"], "artistIds": ["3hOdow4ZPmrby7Q1wfPLEy"], "artistPop": [67], "genres": ["emo rap", "pop rap", "sad rap"]}, "3IAfUEeaXRX9s9UdKOJrFI": {"name": "Envolver", "coverArt": "https://i.scdn.co/image/ab67616d00001e02f84b2df026d3fa4a27df630c", "artist": ["Anitta"], "artistIds": ["7FNnA9vBm6EKceENgCGRMb"], "artistPop": [82], "genres": ["funk carioca", "funk pop", "pagode baiano", "pop nacional"]}, "6rdKv5xmdOs3zsg6mpBK53": {"name": "Outlawz (feat. Jazmine Sullivan & 21 Savage)", "coverArt": "https://i.scdn.co/image/ab67616d00001e024c05975e37aa410b1c2dee1a", "artist": ["Rick Ross", "Jazmine Sullivan", "21 Savage"], "artistIds": ["1sBkRIssrMs1AbVkOJbc7a", "7gSjFKpVmDgC2MMsnN8CYq", "1URnnhqYAYcrqrcwql10ft"], "artistPop": [82, 68, 89], "genres": ["dirty south rap", "gangster rap", "hip hop", "pop rap", "rap", "southern hip hop", "trap", "alternative r&b", "dance pop", "hip pop", "neo soul", "pop", "pop r&b", "pop rap", "r&b", "urban contemporary", "atl hip hop", "rap", "trap"]}, "2QcWBgN96CO3eex8VSKJOh": {"name": "Get It Girl (from Insecure: Music From The HBO Original Series, Season 5)", "coverArt": "https://i.scdn.co/image/ab67616d00001e02b4e09cfa0438f36f9a6c1612", "artist": ["Saweetie", "Raedio"], "artistIds": ["6cK3NBO6uP7hh0oyuVELFl", "0txgDz2yNToARuN2vD7SWD"], "artistPop": [83, 46], "genres": ["cali rap", "dance pop", "pop", "pop rap", "r&b", "trap queen"]}, "4elrkCs79TuxOR7lPvVZr5": {"name": "Small Town Small", "coverArt": "https://i.scdn.co/image/ab67616d00001e02ae7c88624884683eeb5d44d9", "artist": ["Jason Aldean"], "artistIds": ["3FfvYsEGaIb52QPXhg4DcH"], "artistPop": [78], "genres": ["contemporary country", "country", "country road"]}, "7reG3QYhefsJNpcVJq4BZr": {"name": "No", "coverArt": "https://i.scdn.co/image/ab67616d00001e02468f85997bdc884ec37064a3", "artist": ["Little Mix"], "artistIds": ["3e7awlrlDSwF3iM0WBjGMp"], "artistPop": [84], "genres": ["dance pop", "girl group", "pop", "post-teen pop", "talent show", "uk pop"]}, "0J8dISXAmgPIOvOtYy64AT": {"name": "Faisal (Envelops Me)", "coverArt": "https://i.scdn.co/image/ab67616d00001e02fa33b30d27409890c9ac1f42", "artist": ["Fred again.."], "artistIds": ["4oLeXFyACqeem2VImYeBFe"], "artistPop": [69], "genres": []}, "6n8BEYxCJbdxiu3m3QU7v5": {"name": "Lost - Spotify Singles", "coverArt": "https://i.scdn.co/image/ab67616d00001e021a46a2344e66e92d494ca064", "artist": ["Araya"], "artistIds": ["58dPXkn0hgEY1TY1utbG4a"], "artistPop": [40], "genres": []}, "15OlC497ScJt9N2BS8lOev": {"name": "LLC (feat. Moneybagg Yo)", "coverArt": "https://i.scdn.co/image/ab67616d00001e020f5042e4c3fbf08924f33c95", "artist": ["Money Man", "Moneybagg Yo"], "artistIds": ["3Rx4PJ7SP6unkOk5elPUK7", "3tJoFztHeIJkJWMrx0td2f"], "artistPop": [73, 82], "genres": ["memphis hip hop", "rap", "southern hip hop", "trap", "hip hop", "memphis hip hop", "rap", "southern hip hop", "tennessee hip hop", "trap"]}, "3k2siE5234rEIV52ltcIYY": {"name": "Face It", "coverArt": "https://i.scdn.co/image/ab67616d00001e02b61f4ea28e2e61bca95de026", "artist": ["Kota the Friend"], "artistIds": ["2AfU5LYBVCiCtuCCfM7uVX"], "artistPop": [68], "genres": ["hip hop", "rap", "underground hip hop"]}, "44RsKGDmlPsKp7On9eTV1R": {"name": "Once Twice Melody", "coverArt": "https://i.scdn.co/image/ab67616d00001e02df2e3d1b916c9b633762561f", "artist": ["Beach House"], "artistIds": ["56ZTgzPBDge0OvCGgMO3OY"], "artistPop": [75], "genres": ["baltimore indie", "dream pop", "dreamo", "modern dream pop"]}, "5EmM1BSgdTZTvG86AZhtsw": {"name": "Song You'll Never Hear (feat. Maisie Peters)", "coverArt": "https://i.scdn.co/image/ab67616d00001e02e31a7072d058cf3044651259", "artist": ["Sarcastic Sounds", "Maisie Peters"], "artistIds": ["1bq8rqNnfrojn0OSAfeNXJ", "2RVvqRBon9NgaGXKfywDSs"], "artistPop": [72, 69], "genres": ["lo-fi beats", "lo-fi chill", "sad lo-fi", "alt z", "electropop", "indie pop", "pop", "uk pop"]}, "2FhzneTjsV0HR4lXNJTTyI": {"name": "hurt less", "coverArt": "https://i.scdn.co/image/ab67616d00001e02a54a8927a7247d6fe01101ae", "artist": ["L\u00d8L\u00d8"], "artistIds": ["5MjcGshMggPgIHinIUDaX0"], "artistPop": [53], "genres": ["alt z", "canadian pop"]}, "5sFIYKbII6QzRT57hCza5Z": {"name": "then i met her", "coverArt": "https://i.scdn.co/image/ab67616d00001e028a4281dc0abc2b840e65bcfe", "artist": ["EKKSTACY"], "artistIds": ["0ynzbXwyCzxicMKHBoOkSH"], "artistPop": [59], "genres": ["emo rap", "sad rap"]}, "0dN85vbuUdU7Hnu0hLZHsN": {"name": "Until It Stops - Spotify Singles", "coverArt": "https://i.scdn.co/image/ab67616d00001e026beeec91553d63a9b9397859", "artist": ["Pom Pom Squad"], "artistIds": ["1yhTALwId0bpL1U1XRT3Zs"], "artistPop": [45], "genres": ["bubblegrunge", "indie pop", "indie punk", "indie rock"]}, "03sDUI44L3nlJoSoGgMRQ8": {"name": "Soft Landing", "coverArt": "https://i.scdn.co/image/ab67616d00001e0246f1701a13896b0f5c3403b1", "artist": ["JP Saxe"], "artistIds": ["66W9LaWS0DPdL7Sz8iYGYe"], "artistPop": [74], "genres": ["alt z", "canadian contemporary r&b", "pop", "pop rock"]}, "4z2qQDApUjC6rT70uyK3op": {"name": "miss me (when you're gone)", "coverArt": "https://i.scdn.co/image/ab67616d00001e02573e99eedfd42aee1f733fb6", "artist": ["Will Linley"], "artistIds": ["3xnCBQeZDec3FFo8vUSt4N"], "artistPop": [0], "genres": []}, "0JpEMzTHbt2zBIXrntrXzG": {"name": "Young Right Now", "coverArt": "https://i.scdn.co/image/ab67616d00001e029e8c2cd1f3ea70825187c143", "artist": ["Robin Schulz", "Dennis Lloyd"], "artistIds": ["3t5xRXzsuZmMDkQzgOX35S", "3EOEK57CV77D4ovYVcmiyt"], "artistPop": [82, 71], "genres": ["dance pop", "deep euro house", "deep house", "edm", "german dance", "pop", "pop dance", "tropical house", "israeli pop"]}, "36Cs04fKrfupan7JZPBCYS": {"name": "Softly", "coverArt": "https://i.scdn.co/image/ab67616d00001e02d5d2bc9d7f478ca0940db234", "artist": ["Amber Mark"], "artistIds": ["0tbeZu9lv8YEKSQ9tZSslu"], "artistPop": [66], "genres": ["alternative r&b", "indie r&b", "indie soul", "neo soul", "nyc pop"]}, "1ZjE0bbhrk7OyQftjaWUxQ": {"name": "Doctor, My Eyes", "coverArt": "https://i.scdn.co/image/ab67616d00001e0212e3ff0b86a9809ef0f6671b", "artist": ["Khamari"], "artistIds": ["6kmDosYCYjFQtywDq0DLPZ"], "artistPop": [39], "genres": ["indie r&b"]}, "38xxi0A7cpJIGzbCT2fXlm": {"name": "Beach Coma - Spotify Singles", "coverArt": "https://i.scdn.co/image/ab67616d00001e027637f6ff0827d952279b16c0", "artist": ["TOLEDO"], "artistIds": ["2xK3hBpuuHSxmHr96TzgDO"], "artistPop": [48], "genres": ["brooklyn indie", "indie pop"]}, "2XbHQSvl64ZzEkzV91j1WC": {"name": "Year From Now", "coverArt": "https://i.scdn.co/image/ab67616d00001e02071b567a261d1b1af71f2118", "artist": ["Katelyn Tarver"], "artistIds": ["6i8Tae6takoQos2JZ4vdRn"], "artistPop": [57], "genres": ["alt z", "post-teen pop", "viral pop"]}, "2sfYIKz3J8eZkBdTh25KyK": {"name": "OH WELL", "coverArt": "https://i.scdn.co/image/ab67616d00001e020aed14a3eaa568d32b9af2a0", "artist": ["Christian French"], "artistIds": ["7naAJDAh7AZnf18YYfQruM"], "artistPop": [65], "genres": ["alt z", "electropop", "pop"]}, "1kTqTQL8fllItqEALQGEkd": {"name": "KILL MY X", "coverArt": "https://i.scdn.co/image/ab67616d00001e023d36b1815703974f3e1d460f", "artist": ["Chri$tian Gate$"], "artistIds": ["0OEYE03fBF2VoTBxGuaUxL"], "artistPop": [67], "genres": ["sad rap", "social media pop"]}, "6xLaQvMFknex88LVALSgYP": {"name": "Head$hot! (with Trippie Redd)", "coverArt": "https://i.scdn.co/image/ab67616d00001e022aeb131b6e329782a9810d91", "artist": ["KA$HDAMI", "Trippie Redd"], "artistIds": ["4YEl33ar2WlUSF94Yh9CCf", "6Xgp2XMz1fhVYe7i6yNAax"], "artistPop": [70, 89], "genres": ["aesthetic rap", "melodic rap", "rap", "trap"]}, "3ptYWAmRHicckgLLBeKaZh": {"name": "How Can I Miss (feat. OhGeesy)", "coverArt": "https://i.scdn.co/image/ab67616d00001e028417e81374a20cc5182d16c6", "artist": ["Smiley", "OHGEESY"], "artistIds": ["6jeg7JBX9J9097esK752iR", "3ppQEG71r7jVpI8RudzycF"], "artistPop": [65, 71], "genres": ["canadian hip hop", "toronto rap", "cali rap", "trap", "underground hip hop", "vapor trap"]}, "3qao0yeFpFwTpuQ7iJu1fe": {"name": "4AM", "coverArt": "https://i.scdn.co/image/ab67616d00001e021f773781196daab6f4af3ea7", "artist": ["HVN"], "artistIds": ["61GrWHOtJOXpqQjibezT8i"], "artistPop": [56], "genres": []}, "7yMZ5Xa4TDQo3dLlDRCwfm": {"name": "Care", "coverArt": "https://i.scdn.co/image/ab67616d00001e0245317ef465d2fb78142d6253", "artist": ["midwxst"], "artistIds": ["7CGSp2GbiOpLPSq61qjxf8"], "artistPop": [59], "genres": ["glitchcore", "hyperpop", "vapor trap"]}, "4J2z3w9cmAtRjppx1Z9Qbi": {"name": "strangers", "coverArt": "https://i.scdn.co/image/ab67616d00001e028f17690720d20be668db6b0b", "artist": ["ericdoa"], "artistIds": ["4hR6Bm9YYtktXzjmKhb1Cn"], "artistPop": [66], "genres": ["emo rap", "glitchcore"]}, "7H5X2cvqCTJ8C8loGvMRDN": {"name": "Cherry - Spotify Singles", "coverArt": "https://i.scdn.co/image/ab67616d00001e02f25663ddabe19c79ba45569b", "artist": ["Doss"], "artistIds": ["7bQLFALIEawxhkyFiiLVhM"], "artistPop": [48], "genres": ["art pop", "deconstructed club", "dream trance", "escape room", "hyperpop"]}, "4skbQNtyjy8A7mo8oqe2oD": {"name": "A Drug From God", "coverArt": "https://i.scdn.co/image/ab67616d00001e02d46ddb56a21f8f2a554b5482", "artist": ["Chris Lake", "NPC"], "artistIds": ["5Igpc9iLZ3YGtKeYfSrrOE", "3YEsNNbHlb88K9QCog4R0Y"], "artistPop": [65, 0], "genres": ["bass house", "edm", "electro house", "house", "melbourne bounce", "pop dance", "progressive house"]}, "6HAVjFro6OKMcY2xHOP0l7": {"name": "Here", "coverArt": "https://i.scdn.co/image/ab67616d00001e020f9addb7a3b5668e1a105397", "artist": ["Shallou"], "artistIds": ["7C3Cbtr2PkH2l4tOGhtCsk"], "artistPop": [67], "genres": ["electropop", "indie poptimism", "new french touch", "tropical house", "vapor soul"]}, "52ewMn6BRCU9hAPysg8TLm": {"name": "I Want U", "coverArt": "https://i.scdn.co/image/ab67616d00001e023b90076db06f2caf97c49151", "artist": ["No Rome"], "artistIds": ["6auWB5YAlcKaHyrbTH66nd"], "artistPop": [58], "genres": ["indie pop", "indietronica"]}, "1I8pMiv8c8mTP0fvt0pqQs": {"name": "World We Used to Know", "coverArt": "https://i.scdn.co/image/ab67616d00001e02e32aa2dcd9c27c90a1d4d4c9", "artist": ["Alan Walker", "Winona Oak"], "artistIds": ["7vk5e3vY1uw9plTHJAMwjN", "3XC57xz74X3xUi1hv4mge1"], "artistPop": [85, 62], "genres": ["electro house", "alt z", "electropop", "pop", "swedish pop"]}, "1ZcrHpBbILPNfhBtPhQVHh": {"name": "Se Menea", "coverArt": "https://i.scdn.co/image/ab67616d00001e02f892ead1da55c29fc3f537d1", "artist": ["Don Omar", "Nio Garcia"], "artistIds": ["33ScadVnbm2X8kkUqOkC6Z", "5hdhHgpxyniooUiQVaPxQ0"], "artistPop": [84, 83], "genres": ["latin", "latin hip hop", "puerto rican pop", "reggaeton", "trap latino", "latin", "reggaeton", "trap latino"]}, "0nuTnOboL7Zaaqm76CQHEk": {"name": "Mama Tetema (feat. Rayvanny)", "coverArt": "https://i.scdn.co/image/ab67616d00001e025c4bff3bc8ba125260302289", "artist": ["Maluma", "Rayvanny"], "artistIds": ["1r4hJ1h58CWwUQe3MxPuau", "7G9dCn1mqomAa0ucJoBm6J"], "artistPop": [90, 54], "genres": ["latin", "reggaeton", "reggaeton colombiano", "azontobeats", "bongo flava", "tanzanian pop"]}, "6E2xSghivZVmTTy3m0NNHS": {"name": "Bloodline", "coverArt": "https://i.scdn.co/image/ab67616d00001e02ed1041301462f1c327c27a6b", "artist": ["Gabriels"], "artistIds": ["5tHs3fthucNRGAFpdE9rmz"], "artistPop": [51], "genres": []}, "661gsg4lHFXpeOGA6SUHNu": {"name": "If I Don\u2019t Hear From You Tonight", "coverArt": "https://i.scdn.co/image/ab67616d00001e02171373e1179f3dba544e60b7", "artist": ["Courtney Barnett"], "artistIds": ["4OOlG5eBXSkSAAEeKjJb5Y"], "artistPop": [61], "genres": ["australian indie", "indie pop", "indie rock", "melbourne indie"]}, "2qQvRQWSdIzyFK0Uvxh3V1": {"name": "Hold On For Dear Life", "coverArt": "https://i.scdn.co/image/ab67616d00001e02b9e05da8e81543f25688a646", "artist": ["Adam Melchor", "Briston Maroney"], "artistIds": ["54tv11ndFfiqXiR03PwdlB", "7vtSUU3zpHeYJfX6BPNrJd"], "artistPop": [61, 66], "genres": ["indie folk", "indie pop", "new jersey indie", "indie pop", "modern rock", "nashville indie"]}, "0ihYI3ODdTcoRcGUIPHMX5": {"name": "Please Turn Green", "coverArt": "https://i.scdn.co/image/ab67616d00001e026efeb504bcc16391ff468d59", "artist": ["Teddy Swims"], "artistIds": ["33qOK5uJ8AR2xuQQAhHump"], "artistPop": [62], "genres": []}, "1HrjvXRB48xSWgypsP3AYw": {"name": "Heights", "coverArt": "https://i.scdn.co/image/ab67616d00001e02c510faf44bd5e608c610892d", "artist": ["WALK THE MOON"], "artistIds": ["6DIS6PRrLS3wbnZsf7vYic"], "artistPop": [73], "genres": ["dance pop", "dance rock", "indie poptimism", "modern rock", "pop rock", "rock"]}, "4vP1DbZq2mVdP5y3lI886c": {"name": "Time Machine", "coverArt": "https://i.scdn.co/image/ab67616d00001e02db28dc90d60cad55416eb353", "artist": ["AREA21"], "artistIds": ["76YIoWHp3Ri3q1ocOPtFzp"], "artistPop": [62], "genres": ["edm", "pop dance"]}, "6nGtbklEfeXapvjTbV8kzn": {"name": "Alive (with Roland Clark)", "coverArt": "https://i.scdn.co/image/ab67616d00001e02c5786ae3e710d1bddcb378ac", "artist": ["David Guetta", "Jack Back", "Fancy Inc", "Roland Clark"], "artistIds": ["1Cs0zKBU1kc0i8ypK3B9ai", "4bXUaTjc7TQTvLqqCAlfYt", "4Eoddnw0pOewmCHQYofuwh", "4OGlp2UdUQGPJVbvJ82Cz5"], "artistPop": [91, 55, 61, 57], "genres": ["big room", "dance pop", "edm", "pop", "pop dance", "pop rap", "edm", "electro house", "progressive electro house", "brazilian bass", "garage house"]}, "7CG1wypkvWy644LbTQUulJ": {"name": "NOTHINGTOLOSE", "coverArt": "https://i.scdn.co/image/ab67616d00001e023b1da800c2f1abf581b6abf6", "artist": ["Tom The Mail Man"], "artistIds": ["1ueFyDvrq8tCjAd6x8AVxD"], "artistPop": [59], "genres": ["aesthetic rap", "modern indie pop", "sad rap", "vapor trap"]}, "2Pb7TFOdU1Wz1wDW3fipdx": {"name": "Played Out", "coverArt": "https://i.scdn.co/image/ab67616d00001e024db2cbca24a8f5417c85ab8d", "artist": ["Bizzy Crook", "42 Dugg"], "artistIds": ["3IE9OtMFMZFj8CEgflFlPw", "45gHcnDnMC15sgx3VL7ROG"], "artistPop": [50, 77], "genres": ["detroit trap", "pop rap", "rap", "southern hip hop", "trap"]}, "6xfKovdHM1wbD3oi1J83mr": {"name": "On Call", "coverArt": "https://i.scdn.co/image/ab67616d00001e020c15ceb6e494e2485c2ddefa", "artist": ["Nija"], "artistIds": ["7f9KxQWD88MZrSY6jc0zoW"], "artistPop": [48], "genres": []}, "3oN4POrCHruPnGHlzn3WQC": {"name": "green felt", "coverArt": "https://i.scdn.co/image/ab67616d00001e0200a4e23014cbfefc9d132463", "artist": ["mehro"], "artistIds": ["1ZwhhTSUPr7EBZHd1GjOT7"], "artistPop": [62], "genres": ["gen z singer-songwriter"]}, "4N1zjRwfeYAfKVIjjYbDRX": {"name": "Look Out!", "coverArt": "https://i.scdn.co/image/ab67616d00001e02b93ef17ae16309b7548c7e2d", "artist": ["Peach Pit"], "artistIds": ["6fC2AcsQtd9h4BWELbbire"], "artistPop": [68], "genres": ["indie pop", "modern rock", "vancouver indie"]}, "3SvYs68Wn1Z4U845Cdi0jg": {"name": "Downsize", "coverArt": "https://i.scdn.co/image/ab67616d00001e02726c8a0f57ddca8abe267fb7", "artist": ["Mills"], "artistIds": ["7MceGzCJ3bPNyErb440Izo"], "artistPop": [48], "genres": []}, "16SKS0Na572RmGeajx7ker": {"name": "Breathe", "coverArt": "https://i.scdn.co/image/ab67616d00001e023f0a44fac47bb363a1d16fd4", "artist": ["Brynn Elliott"], "artistIds": ["43AN9FNovCCWxPX4talyzz"], "artistPop": [49], "genres": ["gen z singer-songwriter"]}, "3LLezpquftwn7QI1rYIovM": {"name": "Narcissist", "coverArt": "https://i.scdn.co/image/ab67616d00001e02a8a963bcd7792cba0bb2ad7b", "artist": ["Avery Anna"], "artistIds": ["5rjz63sgMaAUAyBMyCUK5D"], "artistPop": [46], "genres": ["alt z"]}, "1ZxxfkeHKl0YKcPjKzeS4c": {"name": "Never A Good Time", "coverArt": "https://i.scdn.co/image/ab67616d00001e02a55b52104b183a40ad87416d", "artist": ["NOTD", "The Band CAMINO"], "artistIds": ["5jAMCwdNHWr7JThxtMuEyy", "6d4jrmreCmsenscuieJERc"], "artistPop": [71, 69], "genres": ["alt z", "dance pop", "edm", "electro house", "electropop", "pop", "pop dance", "pop edm", "tropical house", "electropop", "hopebeat", "indie poptimism", "modern rock", "pop", "pop rock"]}, "2J0TRU2EDG29qlmxdGa4xa": {"name": "SCIENTIST", "coverArt": "https://i.scdn.co/image/ab67616d00001e024687e95bc88740e997be9e6b", "artist": ["TWICE"], "artistIds": ["7n2Ycct7Beij7Dj7meI4X0"], "artistPop": [85], "genres": ["k-pop", "k-pop girl group"]}, "0TyTbWW4xMI6M1Q5HXs3Fj": {"name": "Palm Trees", "coverArt": "https://i.scdn.co/image/ab67616d00001e02cb2e230c8022c8c7a4e06c2d", "artist": ["Garrett Nash"], "artistIds": ["3iri9nBFs9e4wN7PLIetAw"], "artistPop": [71], "genres": ["alt z", "electropop", "pop", "pop rap", "social media pop"]}, "7w76n5UvwlGrjZsgFm8ZYl": {"name": "Tommy", "coverArt": "https://i.scdn.co/image/ab67616d00001e02f678f102c7c6837452ba2282", "artist": ["Claud"], "artistIds": ["5MaQlvNGOaTj39apHsXVq1"], "artistPop": [59], "genres": ["bedroom pop", "indie pop"]}, "42CWju37KT3YXyav3nSw8Q": {"name": "You Up?", "coverArt": "https://i.scdn.co/image/ab67616d00001e02142878d4de56e56bdb75e5c5", "artist": ["Johan Lenox", "Ant Clemons"], "artistIds": ["1KuV6xtFnLPsneN3yBrjFj", "028lPW2NdWHdSPCkRkcyhd"], "artistPop": [46, 58], "genres": ["alternative r&b", "indie r&b", "pop r&b"]}, "3tkgiDWXuYcigb3AFNkBx3": {"name": "MAGIC", "coverArt": "https://i.scdn.co/image/ab67616d00001e02e4d35fe2ae823037f05f4ae4", "artist": ["seeyousoon"], "artistIds": ["2QFne35yv8Kjaey8tbYiT1"], "artistPop": [39], "genres": ["indie hip hop"]}, "7LjHfW0OCBjYx01XkDA8QR": {"name": "All or Nothin", "coverArt": "https://i.scdn.co/image/ab67616d00001e02e1fb7d3b59483878e0dc68f1", "artist": ["Chuck Sutton"], "artistIds": ["472LbYT0htG8bFXNXpEgRN"], "artistPop": [44], "genres": ["future bass"]}, "6fs1giNt7VJabuEvZ4ybqM": {"name": "PBFF", "coverArt": "https://i.scdn.co/image/ab67616d00001e025f3ba358d7f9be1104e4964e", "artist": ["Tora-i"], "artistIds": ["4oJsWKOJCNMfUbIpR2jk8Z"], "artistPop": [43], "genres": ["indie r&b"]}, "3uxvPA68MMOEdkxS4QdlPg": {"name": "Pieces", "coverArt": "https://i.scdn.co/image/ab67616d00001e02e4e87a7ff9010cd02ec1e7cf", "artist": ["Fana Hues"], "artistIds": ["4yJHrytMK7mqtKsXVGaBNg"], "artistPop": [62], "genres": ["alternative r&b", "chill r&b", "indie r&b"]}, "603NmSpDReeERhC8heOeVB": {"name": "Brad Pitt", "coverArt": "https://i.scdn.co/image/ab67616d00001e023c9c662d9f721ce237688462", "artist": ["M\u00d8"], "artistIds": ["0bdfiayQAKewqEvaU6rXCv"], "artistPop": [74], "genres": ["art pop", "dance pop", "danish pop", "electropop", "pop", "tropical house"]}, "2rzhTTrPFoKX1MjxzW2dI2": {"name": "Darkness To Light", "coverArt": "https://i.scdn.co/image/ab67616d00001e0244631ea1b06912c98a475ad2", "artist": ["Damon Albarn"], "artistIds": ["0O98jlCaPzvsoei6U5jfEL"], "artistPop": [55], "genres": ["downtempo", "solo wave"]}, "5Y8gTDNCIAXtyAoEIctFEH": {"name": "Crawl!", "coverArt": "https://i.scdn.co/image/ab67616d00001e02ad13f5f0390e1cf5798e2ac5", "artist": ["IDLES"], "artistIds": ["75mafsNqNE1WSEVxIKuY5C"], "artistPop": [63], "genres": ["bristol indie", "modern rock"]}, "0xT7c3v7nIw47S0rM3elbF": {"name": "Like a Hurricane", "coverArt": "https://i.scdn.co/image/ab67616d00001e02f395e93dab55e9df5c55183d", "artist": ["Cody Jinks"], "artistIds": ["2v7wIbCkIzxOfT3GnqCexD"], "artistPop": [70], "genres": ["modern southern rock", "outlaw country", "texas country"]}, "6t99gLLrxLnawVM992fAR6": {"name": "Recharge", "coverArt": "https://i.scdn.co/image/ab67616d00001e02522ac8c2cc91b183ab65af9d", "artist": ["James Fauntleroy"], "artistIds": ["5ooSG9S0glqP5ZrqqaHBvT"], "artistPop": [60], "genres": []}, "60jrv0KF1Uy5upBN8VTUZN": {"name": "Didn't Know Shit", "coverArt": "https://i.scdn.co/image/ab67616d00001e02e33f26c165eb279ce8fcf960", "artist": ["LOVA", "JC Stewart", "Kina"], "artistIds": ["1l2NYhptmHjo64MDOcej1x", "2TAqN8fwfaKauvviN4pOsv", "4qIVPF0s71ZYW3qzhu5GkF"], "artistPop": [60, 63, 74], "genres": ["swedish pop", "alt z", "australian pop", "indie anthem-folk", "uk pop", "sad lo-fi", "sad rap"]}, "10IfXtjKQmOiON7tNAHv0y": {"name": "Yours", "coverArt": "https://i.scdn.co/image/ab67616d00001e0209240cc3828e81c618b546a0", "artist": ["JIN"], "artistIds": ["5vV3bFXnN6D6N3Nj4xRvaV"], "artistPop": [66], "genres": []}, "55cwGtYrExG7slEAor5jeR": {"name": "rocket science", "coverArt": "https://i.scdn.co/image/ab67616d00001e02867e47321f5b1fd2339750f0", "artist": ["vaultboy"], "artistIds": ["0K87f3owemzI8NUCoEIXOB"], "artistPop": [65], "genres": []}, "5ozaEo4KGNnJgdzChs7FQi": {"name": "love is just a word", "coverArt": "https://i.scdn.co/image/ab67616d00001e02d12c9b2feb90e33d42d146dd", "artist": ["Jasmine Thompson", "Calum Scott"], "artistIds": ["2TL8gYTNgD6nXkyuUdDrMg", "6ydoSd3N2mwgwBHtF6K7eX"], "artistPop": [72, 82], "genres": ["neo mellow", "pop", "viral pop", "neo mellow", "pop", "pop rock"]}, "3FFUWxmFDO7g9rDsiDtraa": {"name": "Pressure", "coverArt": "https://i.scdn.co/image/ab67616d00001e0224da098dbaba420e7db38dab", "artist": ["Julian Lamadrid"], "artistIds": ["60rE8L4eGCSSaJCS1kqNKy"], "artistPop": [43], "genres": ["indie electropop", "uae indie"]}, "4TSdm4ySoU7RMVhTFWLp2m": {"name": "La Oportunidad - Spotify Singles", "coverArt": "https://i.scdn.co/image/ab67616d00001e026715f5139281409479fd12d8", "artist": ["Blessd"], "artistIds": ["1TA5sGRlKUJXBN4ZyJuDIX"], "artistPop": [74], "genres": ["reggaeton", "trap latino"]}, "7BBdodDRaP6waS34503kCd": {"name": "SUPERFINE", "coverArt": "https://i.scdn.co/image/ab67616d00001e026acb3a79456df5aff0ca7cbe", "artist": ["India Shawn"], "artistIds": ["7g0SC4F149FUX5rKFuSpqL"], "artistPop": [47], "genres": ["alternative r&b", "chill r&b", "indie r&b"]}, "2NrO2kuuSGV5ZJCaCj2x1A": {"name": "Wrist", "coverArt": "https://i.scdn.co/image/ab67616d00001e026db355b5d712b07a085562d0", "artist": ["Canon", "Poetics"], "artistIds": ["1dIjbaW9JTTQQ7ufrQnGsq", "6sdgbah9YMIS5jSYdyzpBP"], "artistPop": [49, 51], "genres": ["chicago rap", "christian hip hop", "christian trap"]}, "657MOaNcGQM2EIjfZwoHL7": {"name": "2little 2late", "coverArt": "https://i.scdn.co/image/ab67616d00001e02422efdeff74562a38d498d9b", "artist": ["PmBata"], "artistIds": ["3jeXY6LJU0ZiKhXoXa9rRw"], "artistPop": [61], "genres": ["dream smp", "indie hip hop", "sad rap"]}, "3OXcTQgc1TfHlyhkq4crih": {"name": "21", "coverArt": "https://i.scdn.co/image/ab67616d00001e02c577e3feb8455729e84bfbfa", "artist": ["Logic1000"], "artistIds": ["2EFsfh1zewsSWhDINv7j1I"], "artistPop": [50], "genres": ["float house", "ukg revival"]}, "6TktfhsvNYtSCC59zYFRU5": {"name": "Shut Me Down", "coverArt": "https://i.scdn.co/image/ab67616d00001e02e940f80426e5474349e4fdbe", "artist": ["Dave Gahan", "Soulsavers"], "artistIds": ["7hKXTmrq3ZppBx881yBbOr", "762Lq0yk2VhjIfkTVDzlhv"], "artistPop": [50, 47], "genres": ["alternative dance", "new romantic", "new wave", "synthpop"]}, "42qa1IoXDeSt0zzWTOuwyG": {"name": "Start The Healing", "coverArt": "https://i.scdn.co/image/ab67616d00001e02161679cdf0820df7ea1f2095", "artist": ["Korn"], "artistIds": ["3RNrq3jvMZxD9ZyoOZbQOD"], "artistPop": [77], "genres": ["alternative metal", "funk metal", "nu metal", "rap metal", "rock"]}}