{"3i6sCTU7ENlnHpHvrHUitW": {"name": "Sometimes", "coverArt": "https://i.scdn.co/image/ab67616d00001e027459992b444de38842b9bee7", "artist": ["Juice WRLD"], "artistIds": ["4MCBfE4596Uoi2O4DtmEMz"], "artistPop": [95], "genres": ["chicago rap", "melodic rap"]}, "5dry5tz8yLcLuOJ3l6ZEQd": {"name": "Used To Know Me", "coverArt": "https://i.scdn.co/image/ab67616d00001e02f629eb64fd8ef76a97b154f5", "artist": ["Charli XCX"], "artistIds": ["25uiPmTg16RbhZWAqwLBy5"], "artistPop": [82], "genres": ["art pop", "candy pop", "dance pop", "electropop", "metropopolis", "pop", "uk pop"]}, "70AYiGbc4mWZGEqiipBBDb": {"name": "CANDY", "coverArt": "https://i.scdn.co/image/ab67616d00001e020c179967a265de0fc76382fe", "artist": ["ROSAL\u00cdA"], "artistIds": ["7ltDVBr6mKbRvohxheJ9h1"], "artistPop": [85], "genres": ["r&b en espanol"]}, "1SlGaBvTqX0gb24ouXonOo": {"name": "Fair", "coverArt": "https://i.scdn.co/image/ab67616d00001e02aaaa28ef6e48269c176dc327", "artist": ["Normani"], "artistIds": ["2cWZOOzeOm4WmBJRnD5R7I"], "artistPop": [74], "genres": ["dance pop", "pop", "post-teen pop", "r&b", "urban contemporary"]}, "4hgobGfWedCMII3bdualzM": {"name": "The Lightning II", "coverArt": "https://i.scdn.co/image/ab67616d00001e028b1ad75b4d1b3171f3945d45", "artist": ["Arcade Fire"], "artistIds": ["3kjuyTCjPG1WMFCiyc5IuB"], "artistPop": [70], "genres": ["alternative dance", "alternative rock", "baroque pop", "canadian indie", "indie pop", "indie rock", "modern rock", "new rave", "permanent wave", "quebec indie", "rock", "stomp and holler"]}, "1Al4Z4K76RCKj31mExavs7": {"name": "maybe (feat. Bring Me The Horizon)", "coverArt": "https://i.scdn.co/image/ab67616d00001e0232eea7f53d370cf83454c132", "artist": ["Machine Gun Kelly", "Bring Me The Horizon"], "artistIds": ["6TIYQ3jFPwQSRmorSezPxX", "1Ffb6ejR6Fe5IamqA5oRUF"], "artistPop": [87, 82], "genres": ["ohio hip hop", "pop rap", "melodic metalcore", "metalcore", "rock", "uk metalcore"]}, "2FGOg7uYBfnspkPOISXTFY": {"name": "Ghost Story", "coverArt": "https://i.scdn.co/image/ab67616d00001e029215cbd52b9f5a4f681115fa", "artist": ["Carrie Underwood"], "artistIds": ["4xFUf1FHVy696Q1JQZMTRj"], "artistPop": [75], "genres": ["contemporary country", "country", "country dawn", "country road", "oklahoma country", "post-teen pop"]}, "1ZP4Qxb7USL3EezbxfpOVF": {"name": "Pool", "coverArt": "https://i.scdn.co/image/ab67616d00001e02752547ae24e3f830ee1b90a0", "artist": ["Still Woozy", "Remi Wolf"], "artistIds": ["4iMO20EPodreIaEl8qW66y", "0NB5HROxc8dDBXpkIi1v3d"], "artistPop": [74, 70], "genres": ["bedroom pop", "modern rock", "oakland indie", "modern alternative pop"]}, "4N9YvASsNimNYJmSAVHA9f": {"name": "Computer Murderers", "coverArt": "https://i.scdn.co/image/ab67616d00001e0269ed6f07008b1bb3bcf846dd", "artist": ["Lil Durk"], "artistIds": ["3hcs9uc56yIGFCSy9leWe7"], "artistPop": [90], "genres": ["chicago drill", "chicago rap", "drill", "hip hop", "rap", "trap"]}, "7LczcBaamU9pTkV4Cl9NyX": {"name": "Blick Blick (with Nicki Minaj)", "coverArt": "https://i.scdn.co/image/ab67616d00001e02d086523ec2a479db4096ad33", "artist": ["Coi Leray", "Nicki Minaj"], "artistIds": ["6AMd49uBDJfhf30Ak2QR5s", "0hCNtLu0JehylgoiP8L4Gh"], "artistPop": [69, 90], "genres": ["new jersey underground rap", "pop r&b", "pop rap", "r&b", "trap queen", "viral rap", "dance pop", "hip pop", "pop", "pop rap", "queens hip hop"]}, "1D2ZNECRd7KIlA4pyOUGsv": {"name": "What Would You Do?", "coverArt": "https://i.scdn.co/image/ab67616d00001e02a88c34a27c333a01c31c65db", "artist": ["Joel Corry", "David Guetta", "Bryson Tiller"], "artistIds": ["6DgP9otnZw5z6daOntINxp", "1Cs0zKBU1kc0i8ypK3B9ai", "2EMAnMvWE2eb56ToJVfCWs"], "artistPop": [81, 90, 82], "genres": ["dance pop", "edm", "pop", "pop dance", "tropical house", "uk dance", "big room", "dance pop", "edm", "pop", "pop dance", "pop rap", "kentucky hip hop", "pop", "pop rap", "r&b", "rap", "trap"]}, "2iLegn1UOmpNpQAxcQoGJW": {"name": "Tendencia Global", "coverArt": "https://i.scdn.co/image/ab67616d00001e02913358b3d9327371e88956f4", "artist": ["Blessd", "Myke Towers", "Ovy On The Drums"], "artistIds": ["1TA5sGRlKUJXBN4ZyJuDIX", "7iK8PXO48WeuP03g8YR51W", "3m5qlPf2OkihLz3dRYnkPA"], "artistPop": [80, 90, 68], "genres": ["reggaeton", "trap latino", "reggaeton", "trap latino", "colombian pop", "latin pop", "reggaeton", "reggaeton colombiano", "trap latino"]}, "6qHhHEBX3W1ahFasgShdih": {"name": "Magic City (feat. Quavo)", "coverArt": "https://i.scdn.co/image/ab67616d00001e02b2036554c8936a201cb19c88", "artist": ["Fivio Foreign", "Quavo"], "artistIds": ["14CHVeJGrR5xgUGQFV5BVM", "0VRj0yCOv2FXJNP47XQnx5"], "artistPop": [79, 82], "genres": ["brooklyn drill", "new york drill", "rap", "trap", "atl hip hop", "hip hop", "melodic rap", "pop rap", "rap", "southern hip hop", "trap"]}, "6UMqwvwPmgr2oql5Bse9E4": {"name": "So Unimportant", "coverArt": "https://i.scdn.co/image/ab67616d00001e02ea8344d8a3b2aab0706a8434", "artist": ["Ethan Gruska", "Bon Iver"], "artistIds": ["1zkHConahaP6T8EBpg8BeE", "4LEiUm1SRbFMgfqnQTwUbQ"], "artistPop": [53, 79], "genres": ["deep new americana", "indie folk", "indie pop", "la pop", "eau claire indie", "indie folk", "melancholia"]}, "6FpU7rjYGiCScT8H7cEOpv": {"name": "luv starved", "coverArt": "https://i.scdn.co/image/ab67616d00001e02dd8784e05243212dcb4dddd9", "artist": ["GAYLE"], "artistIds": ["2VSHKHBTiXWplO8lxcnUC9"], "artistPop": [84], "genres": ["modern alternative pop"]}, "6pyh4lkDS5FzWBz9y8Wu0S": {"name": "Lonely", "coverArt": "https://i.scdn.co/image/ab67616d00001e020a1b47f22307796fad72cff2", "artist": ["Zoe Wees"], "artistIds": ["03d2mJXSMtuPI0nIvLnhoS"], "artistPop": [72], "genres": ["german pop"]}, "7mYrw8DN9vDg1c5qqpDboC": {"name": "WTF", "coverArt": "https://i.scdn.co/image/ab67616d00001e0288fc4e2fb0b46a53c5f7e2c0", "artist": ["Sasha Alex Sloan"], "artistIds": ["4xnihxcoXWK3UqryOSnbw5"], "artistPop": [75], "genres": ["alt z", "electropop", "pop"]}, "2qEyhtx20tSCSubM3JXhxu": {"name": "CYBAH (feat. Lucky Daye)", "coverArt": "https://i.scdn.co/image/ab67616d00001e026d4ca33845b5199e54c3997a", "artist": ["Syd", "Lucky Daye"], "artistIds": ["3jk39CGeaaSO3FPKNx1RUx", "5Vuvs6Py2JRU7WiFDVsI7J"], "artistPop": [70, 73], "genres": ["alternative r&b", "chill r&b", "escape room", "indie r&b", "indie soul", "lgbtq+ hip hop", "r&b", "alternative r&b", "chill r&b", "indie r&b", "pop", "pop r&b", "r&b"]}, "02WDt2eCNOU2mt0DF5w678": {"name": "Heavy (with Lil Uzi Vert)", "coverArt": "https://i.scdn.co/image/ab67616d00001e0232ffdb79280aefa24ba9d1a6", "artist": ["Nigo", "Lil Uzi Vert"], "artistIds": ["2rAnv6brcXaglLZBB4XXEn", "4O15NlyKLIASxsJ0PrXPfz"], "artistPop": [66, 90], "genres": ["melodic rap", "philly rap", "rap", "trap"]}, "6Jrdb6CFOJEGaHjaa6c4WR": {"name": "IDGAF (with blackbear)", "coverArt": "https://i.scdn.co/image/ab67616d00001e0272c86ba8a90df3d442c7a6b1", "artist": ["BoyWithUke", "blackbear"], "artistIds": ["1Cd373x8qzC7SNUg5IToqp", "2cFrymmkijnjDg9SS92EPM"], "artistPop": [81, 85], "genres": ["electropop", "pop", "pop rap"]}, "7CTdh15dTO5HqoeqRPHFha": {"name": "Good Luck", "coverArt": "https://i.scdn.co/image/ab67616d00001e02fc356e178821d66402930afb", "artist": ["Mabel", "Jax Jones", "Galantis"], "artistIds": ["1MIVXf74SZHmTIp4V4paH4", "4Q6nIcaBED8qUel8bBx6Cr", "4sTQVOfp9vEMCemLw50sbu"], "artistPop": [76, 79, 80], "genres": ["dance pop", "edm", "pop", "pop dance", "post-teen pop", "tropical house", "uk pop", "dance pop", "edm", "electro house", "house", "pop", "pop dance", "pop rap", "tropical house", "uk dance", "dance pop", "edm", "electro house", "pop", "pop dance", "tropical house"]}, "2RSqIGxbnTQQjZIS5Iyakn": {"name": "Eyes Don\u2019t Lie", "coverArt": "https://i.scdn.co/image/ab67616d00001e023be06b50ed0e76c06ecea673", "artist": ["Tones And I"], "artistIds": ["2NjfBq1NflQcKSeiDooVjY"], "artistPop": [77], "genres": ["australian pop", "pop"]}, "6vs83ufnw4IVbotV0qv6C8": {"name": "For My Friends", "coverArt": "https://i.scdn.co/image/ab67616d00001e02d9393e4635478a5dc43fd912", "artist": ["King Princess"], "artistIds": ["6beUvFUlKliUYJdLOXNj9C"], "artistPop": [67], "genres": ["alt z", "art pop", "dance pop", "electropop", "indie pop", "indie poptimism", "nyc pop", "pop"]}, "6FDeouZz4liRfuXB7CjeEg": {"name": "No Effort", "coverArt": "https://i.scdn.co/image/ab67616d00001e02128cb2e2133860ba6afa3dcd", "artist": ["Princess Nokia"], "artistIds": ["6lay1nwbE6hTx1jivysUAL"], "artistPop": [68], "genres": ["escape room", "lgbtq+ hip hop", "trap queen"]}, "3NWzA0reKxIRyXPZtBHTDB": {"name": "Early Hours", "coverArt": "https://i.scdn.co/image/ab67616d00001e0280e060e9c13d966d13607a01", "artist": ["ArrDee"], "artistIds": ["7m0BsF0t3K9WQFgKoPejfk"], "artistPop": [76], "genres": ["uk hip hop"]}, "51tegOXmUxqJKWMh8l3Oxi": {"name": "DIRTY WHITE VANS//", "coverArt": "https://i.scdn.co/image/ab67616d00001e023a357d3368058eeb5908bedf", "artist": ["KennyHoopla"], "artistIds": ["5ObBtv5VunwwhQaXXnUrsM"], "artistPop": [60], "genres": ["modern rock", "pop punk"]}, "0eLXFaZoGjVbzNmMd4LpmA": {"name": "A Little Bit of Love", "coverArt": "https://i.scdn.co/image/ab67616d00001e027faba1eb93f19291b98bc100", "artist": ["Weezer"], "artistIds": ["3jOstUTkEu2JkjvRdBA5Gu"], "artistPop": [76], "genres": ["alternative rock", "modern power pop", "modern rock", "permanent wave", "rock"]}, "6qD87YEMuF9pY4g3MtSeiG": {"name": "Out Yonder", "coverArt": "https://i.scdn.co/image/ab67616d00001e029941b6d84dae330113e88cf0", "artist": ["Elle King"], "artistIds": ["3bhu7P5PfngueRHiB9hjcx"], "artistPop": [68], "genres": ["modern blues rock"]}, "32JZt8EmiioCGTU6UIXJ4E": {"name": "Anything But Me", "coverArt": "https://i.scdn.co/image/ab67616d00001e02c8e973f081c5ee7f76af1574", "artist": ["MUNA"], "artistIds": ["6xdRb2GypJ7DqnWAI2mHGn"], "artistPop": [65], "genres": ["art pop", "dance pop", "electropop", "indie pop", "indie poptimism", "la pop", "metropopolis", "pop", "vapor soul"]}, "5rFtI5SpdK3VT7vmd0GAhs": {"name": "Home Maker (Edit)", "coverArt": "https://i.scdn.co/image/ab67616d00001e02e5d40b8d7b9cd4a443b45f36", "artist": ["Sudan Archives"], "artistIds": ["2MPHBxznH1fj59jbOWY38u"], "artistPop": [50], "genres": ["afrofuturism", "alternative r&b", "escape room", "experimental r&b", "indie soul", "la pop"]}, "5MA0iU2dyAFwWUzfyrk2di": {"name": "Persuasive", "coverArt": "https://i.scdn.co/image/ab67616d00001e02df465aa4eb0fb64236719567", "artist": ["Doechii"], "artistIds": ["4E2rKHVDssGJm2SCDOMMJB"], "artistPop": [61], "genres": ["escape room"]}, "3A78E3T3cAKMpHoHjCQ9K3": {"name": "Play For Keeps", "coverArt": "https://i.scdn.co/image/ab67616d00001e0265f9254a6d320ccfda6c9be4", "artist": ["Key Glock"], "artistIds": ["0RESbWvOMyua0yuyVrztJ5"], "artistPop": [79], "genres": ["hip hop", "memphis hip hop", "rap", "southern hip hop", "tennessee hip hop", "trap"]}, "2dXQJ3cCBmaeX2QZVVh3cI": {"name": "ESCAPE YOUR LOVE (feat. Trippie Redd)", "coverArt": "https://i.scdn.co/image/ab67616d00001e0252c21b080c4849e08a61883c", "artist": ["SSGKobe", "Trippie Redd"], "artistIds": ["1NHCwCMqV9oNQJXl16IltL", "6Xgp2XMz1fhVYe7i6yNAax"], "artistPop": [65, 88], "genres": ["pluggnb", "vapor trap", "melodic rap", "rap", "trap"]}, "57Hk0AE5OhgXrPWZOhipHt": {"name": "Ayo Girl (Fayahh Beat) [feat. Rema]", "coverArt": "https://i.scdn.co/image/ab67616d00001e023d39fc813899b38b4efb80eb", "artist": ["Robinson", "Jason Derulo", "Rema"], "artistIds": ["352VD5fhV8xzAFcmO7lMwg", "07YZf4WDAMNwqr4jfgOZ8y", "46pWGuE3dSwY3bMMXGBvVS"], "artistPop": [52, 85, 71], "genres": ["dance pop", "pop", "pop rap", "post-teen pop", "nigerian pop"]}, "3WUSeDStXyrybmiHEH0aO3": {"name": "Personally", "coverArt": "https://i.scdn.co/image/ab67616d00001e023df45eeeac833a582a4d07dc", "artist": ["Becky Hill"], "artistIds": ["4EPJlUEBy49EX1wuFOvtjK"], "artistPop": [80], "genres": ["dance pop", "edm", "pop", "pop dance", "pop house", "tropical house", "uk dance", "uk pop"]}, "6CWNl44T4rUI6KsbKJNA10": {"name": "R.I.P. to the Club", "coverArt": "https://i.scdn.co/image/ab67616d00001e0228ab056a337aef32f7657c43", "artist": ["Julia Wolf"], "artistIds": ["5yvGiZLSWJTPBlZpVbPnEZ"], "artistPop": [50], "genres": ["alt z", "electropop"]}, "6VIYEyjNW71NnIGEduf8D8": {"name": "Remind Me", "coverArt": "https://i.scdn.co/image/ab67616d00001e021f66f06d8bb9dbd873c57155", "artist": ["Tom Grennan"], "artistIds": ["5SHxzwjek1Pipl1Yk11UHv"], "artistPop": [74], "genres": ["modern rock", "uk pop"]}, "2DVBF5MoZYTzxmfZl8ex2H": {"name": "Come On Up To The House (feat. X Ambassadors) - Spotify Singles", "coverArt": "https://i.scdn.co/image/ab67616d00001e02ca006a064b242ac1c4893caa", "artist": ["Tom Morello", "X Ambassadors"], "artistIds": ["74NBPbyyftqJ4SpDZ4c1Ed", "3NPpFNZtSTHheNBaWC82rB"], "artistPop": [61, 76], "genres": ["modern alternative rock", "modern rock", "rock", "modern alternative rock", "modern rock", "pop", "pop rap", "pop rock", "rock", "stomp pop"]}, "27hktiddJj63mK6gZAQp4q": {"name": "Compliance", "coverArt": "https://i.scdn.co/image/ab67616d00001e02ad647407bfdfc6e99637cda3", "artist": ["Muse"], "artistIds": ["12Chz98pHFMPJEknJQMWvI"], "artistPop": [79], "genres": ["modern rock", "permanent wave", "rock"]}, "5jwPoLlVOLcawSpvDpwlty": {"name": "Fall Into Me (feat. Dylan Matthew)", "coverArt": "https://i.scdn.co/image/ab67616d00001e0208c6f5a7b303468ba07429e5", "artist": ["NGHTMRE", "SLANDER", "Dylan Matthew"], "artistIds": ["76M2Ekj8bG8W7X2nbx2CpF", "20DZAfCuP1TKZl5KcY7z3Q", "6d0ZjIp5L7Ygy2l02HskRX"], "artistPop": [67, 73, 70], "genres": ["bass trap", "brostep", "edm", "electro house", "electronic trap", "pop dance", "vapor twitch", "dubstep", "edm", "pop dance", "social media pop"]}, "6kmXHLDDK7RQXTjHooTCzH": {"name": "Iced Tea", "coverArt": "https://i.scdn.co/image/ab67616d00001e02c5fc4f2f65d0dc1b2432a777", "artist": ["Joyce Wrice", "KAYTRANADA"], "artistIds": ["24Cf1irKt7kcewb9OOkPum", "6qgnBH6iDM91ipVXv28OMu"], "artistPop": [58, 73], "genres": ["alternative r&b", "chill r&b", "indie r&b", "indie soul", "r&b", "escape room", "indie soul", "lgbtq+ hip hop"]}, "06TDTjD7efqsLwhXKv0bci": {"name": "Shine", "coverArt": "https://i.scdn.co/image/ab67616d00001e0282ed4a4740fe79eac04e77c1", "artist": ["Elaine"], "artistIds": ["5ZkuGe2wkDbeL8JmmhvMOx"], "artistPop": [44], "genres": ["afro r&b", "south african r&b"]}, "1tHUrfOKfRgzuGaa6lXcK7": {"name": "Whatever Simon Says", "coverArt": "https://i.scdn.co/image/ab67616d00001e0218f89a1398f28ccb240e0f28", "artist": ["Mahalia"], "artistIds": ["16rCzZOMQX7P8Kmn5YKexI"], "artistPop": [68], "genres": ["alternative r&b", "chill r&b", "dance pop", "indie anthem-folk", "pop", "r&b", "uk contemporary r&b"]}, "33ADzejAdZCu13hAcnzkIC": {"name": "Texas Girl", "coverArt": "https://i.scdn.co/image/ab67616d00001e02edbf63fe6a7ff358ec2e4d6e", "artist": ["Jake Scott"], "artistIds": ["0DxPHf2flBAcV2SnZPg3SV"], "artistPop": [68], "genres": ["alt z", "indiecoustica", "neo mellow", "pop", "pop rock", "post-teen pop"]}, "42N11FPHLa0xsTYMaCd5iZ": {"name": "Big Family", "coverArt": "https://i.scdn.co/image/ab67616d00001e029e9c07090d3fd740ccb32ad4", "artist": ["Hailey Whitters"], "artistIds": ["4e9TBaTlI3LVQz3tkTYC0I"], "artistPop": [56], "genres": ["contemporary country", "country pop"]}, "1J7zkJKLpHYwSgpcz8jBwq": {"name": "EL PEOR", "coverArt": "https://i.scdn.co/image/ab67616d00001e02db7b2c8e7f5e950aedce3070", "artist": ["Cami"], "artistIds": ["3VCrybIJKH7UurbDcZbMmn"], "artistPop": [66], "genres": ["latin pop", "pop chileno"]}, "6xFDa84aiINK5ZeCn16KAm": {"name": "step back", "coverArt": "https://i.scdn.co/image/ab67616d00001e020c9d9d22b83da08ec2d96e7f", "artist": ["midwxst"], "artistIds": ["7CGSp2GbiOpLPSq61qjxf8"], "artistPop": [64], "genres": ["glitchcore", "hyperpop", "proto-hyperpop", "vapor trap"]}, "6Q8cOsrmZHZkz1WZtTegoU": {"name": "Bill", "coverArt": "https://i.scdn.co/image/ab67616d00001e025d7990e46e8ebd805222fca9", "artist": ["Smiley"], "artistIds": ["6jeg7JBX9J9097esK752iR"], "artistPop": [62], "genres": ["canadian hip hop", "toronto rap"]}, "4XB9mPk0wcrWHRJSypO79z": {"name": "Skrting On The Surface", "coverArt": "https://i.scdn.co/image/ab67616d00001e02a31db725b00380bf67119a15", "artist": ["The Smile"], "artistIds": ["6styCzc1Ej4NxISL0LiigM"], "artistPop": [52], "genres": []}, "7tf3Z4kKMEds3nrIAz6y03": {"name": "STILL BREATHING", "coverArt": "https://i.scdn.co/image/ab67616d00001e02016397c0b4b84738787a9b0c", "artist": ["HEALTH", "EKKSTACY"], "artistIds": ["6FfjnGXMhxSsJTuGLWBDth", "0ynzbXwyCzxicMKHBoOkSH"], "artistPop": [60, 60], "genres": ["grave wave", "metropopolis", "noise pop", "noise rock", "emo rap", "sad lo-fi", "sad rap"]}, "1jbbnDJ54AGBRswmNm5PAw": {"name": "u dont kno me", "coverArt": "https://i.scdn.co/image/ab67616d00001e02f0d4c70d0c8efe054b713f7b", "artist": ["Yot Club"], "artistIds": ["6FugQjLquBF4JzATRN70bR"], "artistPop": [73], "genres": ["bedroom pop", "indie pop"]}, "53lwPgJYa1cK61auYuVuMP": {"name": "All My Fault", "coverArt": "https://i.scdn.co/image/ab67616d00001e0287c440bfeb96690d655ffaa8", "artist": ["Devon Again"], "artistIds": ["3xz28DkZR6bmPpVh6Rq13t"], "artistPop": [42], "genres": []}, "7LbREuDqWJlMqgkBYSz3Co": {"name": "Let Her Remember", "coverArt": "https://i.scdn.co/image/ab67616d00001e026b413a958bcd4c5149236a11", "artist": ["Peter McPoland"], "artistIds": ["23E65IfLBGQv0FBrMwCcG2"], "artistPop": [61], "genres": ["indie pop"]}, "0xlsgO2emLkMCn43RmAL4w": {"name": "Playin' Me Back", "coverArt": "https://i.scdn.co/image/ab67616d00001e020933f28720212c67ccaccefe", "artist": ["b\u00fclow"], "artistIds": ["5vBrKGOjN10BMwB0cJADj4"], "artistPop": [65], "genres": ["alt z", "electropop", "indie poptimism", "indietronica", "pop", "post-teen pop", "social media pop"]}, "7v27vTy3PP70lBHgfvPnKQ": {"name": "MF (feat. 24kGoldn)", "coverArt": "https://i.scdn.co/image/ab67616d00001e02f21cc5ee38d7f365ac528aca", "artist": ["Bailey Bryan", "24kGoldn"], "artistIds": ["2YcTXkrGXpftY9AR0BKEz0", "6fWVd57NKTalqvmjRd2t8Z"], "artistPop": [50, 81], "genres": ["alt z", "country pop", "cali rap", "pop rap"]}, "0IRTa7DehMM1eyrwx98DJ7": {"name": "Confujawn (feat. Nija)", "coverArt": "https://i.scdn.co/image/ab67616d00001e023c7de9351878e57cfd00cfdf", "artist": ["Capella Grey", "Nija"], "artistIds": ["59HbaJ5E8ud7FNLGqUN1KH", "7f9KxQWD88MZrSY6jc0zoW"], "artistPop": [66, 53], "genres": ["pop rap", "indie r&b", "r&b"]}, "5e3gWKvlWtGLy5wh7tg1KY": {"name": "Shackles to Diamonds", "coverArt": "https://i.scdn.co/image/ab67616d00001e023c06c72d2d1cffb9ebca9c86", "artist": ["NoCap"], "artistIds": ["4PNHuWkk4ee6R8WEhFVPf5"], "artistPop": [66], "genres": ["alabama rap", "atl trap", "trap"]}, "5FA3ouHtlqYbvQjHJ7OuKX": {"name": "Bop Stick", "coverArt": "https://i.scdn.co/image/ab67616d00001e02e948d4bf98bb7ae0e6bc399f", "artist": ["Sada Baby"], "artistIds": ["2JSwnwAT1BupAQkhqcRCUw"], "artistPop": [64], "genres": ["detroit trap", "scam rap", "trap"]}, "2C5C6grASn2TzfsrGu54tZ": {"name": "Gibson Girl", "coverArt": "https://i.scdn.co/image/ab67616d00001e0275ac1eab3bf368ec2a708eea", "artist": ["Ethel Cain"], "artistIds": ["0avMDS4HyoCEP6RqZJWpY2"], "artistPop": [51], "genres": ["indie pop", "modern dream pop"]}, "3tQXwwGZOYrz6xbl7e7yZg": {"name": "Everything", "coverArt": "https://i.scdn.co/image/ab67616d00001e02aab9d2c2006ef076660597a0", "artist": ["Hovvdy"], "artistIds": ["59RNNqeEfkq3X5pfOQxZ3C"], "artistPop": [50], "genres": ["austindie", "bubblegrunge", "dreamo", "indie folk", "indie pop", "indie rock", "lo-fi indie", "small room"]}, "0M0hUyO8pVLCfm7O44fV6w": {"name": "Too Late (To Call)", "coverArt": "https://i.scdn.co/image/ab67616d00001e02ab71aac387ee707a8dbabc25", "artist": ["Ruby Red"], "artistIds": ["2f0NSj1t2L6JowHINXCFb6"], "artistPop": [33], "genres": []}, "2pkokaYtH8GH8Ucm1hsIFa": {"name": "Talking to Myself", "coverArt": "https://i.scdn.co/image/ab67616d00001e020e67dbe91310eb48c771e35d", "artist": ["Elohim"], "artistIds": ["6wKxOKEA3K6R2UZ3COLXEY"], "artistPop": [60], "genres": ["alt z", "edm", "electropop", "indie electropop", "indie poptimism", "indietronica", "la pop", "pop", "vapor soul", "vapor twitch"]}, "2GZolwLhttPdstcBXqKXyW": {"name": "My Brother", "coverArt": "https://i.scdn.co/image/ab67616d00001e0275cdaa44fc3b54adf07be5f4", "artist": ["Sam Tompkins"], "artistIds": ["04uu8U3I1h26Fp2NBkPTRZ"], "artistPop": [74], "genres": []}, "0SnCZci0wyVj0RZXknNaWq": {"name": "Lemon Tree", "coverArt": "https://i.scdn.co/image/ab67616d00001e029f9fc9a902efb92818af8fdd", "artist": ["Mt. Joy"], "artistIds": ["69tiO1fG8VWduDl3ji2qhI"], "artistPop": [67], "genres": ["indie folk", "modern rock", "stomp and holler"]}, "5KZl4Qwiu3y0K0AIIEVMGn": {"name": "Dance Around It (feat. Brandi Carlile & Sheryl Crow)", "coverArt": "https://i.scdn.co/image/ab67616d00001e02f14e60c5537ac6e4efd02c14", "artist": ["Lucius", "Brandi Carlile", "Sheryl Crow"], "artistIds": ["1WrqUPWlHN5FXCRcQgrkas", "2sG4zTOLvjKG1PSoOyf5Ej", "4TKTii6gnOnUXQHyuo9JaD"], "artistPop": [61, 69, 69], "genres": ["indie folk", "indie pop", "stomp and holler", "acoustic pop", "folk", "lilith", "modern folk rock", "neo mellow", "new americana", "lilith", "mellow gold", "neo mellow", "new wave pop", "permanent wave", "pop rock", "rock"]}, "2p56oIwLWTo2qh3c3SAZMk": {"name": "Bet On Me", "coverArt": "https://i.scdn.co/image/ab67616d00001e0202156874a6b4a3bce242fe69", "artist": ["Walk Off the Earth", "D Smoke"], "artistIds": ["6jEiUoyyJNPHzSR0Nib6HX", "23rK0hajv5ix2yPM4IIgOo"], "artistPop": [62, 61], "genres": ["canadian rock", "pop rock", "conscious hip hop"]}, "3AcH92WhF4cBsbUvoDgu30": {"name": "On God!", "coverArt": "https://i.scdn.co/image/ab67616d00001e02f4e072e81fae84db1631c09a", "artist": ["Tiana Major9"], "artistIds": ["1Naqgo0HMRoumRP0e2MXD9"], "artistPop": [58], "genres": ["alternative r&b", "chill r&b", "high vibe", "indie r&b", "indie soul", "pop r&b", "r&b", "uk contemporary r&b"]}, "0ED7MSs8EDSxkdhYMtpoQA": {"name": "Mor\u00eb Tonight (with Nigo)", "coverArt": "https://i.scdn.co/image/ab67616d00001e02bd42cc0718dde8ae09601bb9", "artist": ["Teriyaki Boyz", "Nigo"], "artistIds": ["7HBai5xymOxIWoMWvWshe1", "2rAnv6brcXaglLZBB4XXEn"], "artistPop": [61, 66], "genres": ["japanese old school hip hop"]}, "3lOVMfy4wexOrOKEXW2mhV": {"name": "OVER EVERYTHING", "coverArt": "https://i.scdn.co/image/ab67616d00001e021755d41ce1f18462242fecb1", "artist": ["Dreamer Boy"], "artistIds": ["1UJKiAI4Evnhh1ExDse25D"], "artistPop": [55], "genres": ["alternative r&b", "chill r&b", "indie pop", "indie r&b", "nashville indie"]}, "0h6X7BCq7IYKHNoXln3LX3": {"name": "Smile in the Face of the Devil", "coverArt": "https://i.scdn.co/image/ab67616d00001e022eeb0cbd5f9d5917e14e538c", "artist": ["Matt Maltese"], "artistIds": ["12j6dJrPXanCBwY599pZxf"], "artistPop": [68], "genres": ["dream smp", "indie anthem-folk", "indie pop"]}, "4d2ZJ9W7dkQuITwUCTuD5n": {"name": "never knew a heart could break itself", "coverArt": "https://i.scdn.co/image/ab67616d00001e024f442e988f47d3d796202129", "artist": ["Zach Hood"], "artistIds": ["5aHlyw2WWqZW0HLICBuv7U"], "artistPop": [67], "genres": ["alt z", "gen z singer-songwriter", "pop"]}, "4yfSSCOrcAcgzcGAtc9LCW": {"name": "Missing You", "coverArt": "https://i.scdn.co/image/ab67616d00001e0202717bbcb18230e580e17e61", "artist": ["Lauren Weintraub"], "artistIds": ["0eYsDVXAe2mc4F8QrBLHAq"], "artistPop": [49], "genres": ["alt z", "gen z singer-songwriter"]}, "4gi2kndWShH9kDbb9kBfs6": {"name": "Fighter", "coverArt": "https://i.scdn.co/image/ab67616d00001e02c09b392d321f8377180c7d08", "artist": ["The Score"], "artistIds": ["2q3GG88dVwuQPF4FmySr9I"], "artistPop": [76], "genres": ["modern alternative rock", "modern rock", "rock"]}, "63irPUP3xB74fHdw1Aw9zR": {"name": "MANIAC", "coverArt": "https://i.scdn.co/image/ab67616d00001e023613e1e0d35867a0814005a9", "artist": ["Stray Kids"], "artistIds": ["2dIgFjalVxs4ThymZ67YCE"], "artistPop": [84], "genres": ["k-pop", "k-pop boy group"]}, "276FYBBORL5s6Ob4XJ6eN8": {"name": "Imaginary Friends", "coverArt": "https://i.scdn.co/image/ab67616d00001e0288b01d7e02678147803e62cd", "artist": ["VOIL\u00c0", "Hey Violet"], "artistIds": ["6NnBBumbcMYsaPTHFhPtXD", "4JNfz6aO9ZFz0gp5GY88am"], "artistPop": [58, 62], "genres": ["la pop", "alt z", "electropop", "indie poptimism", "pixie", "pop", "post-teen pop", "social media pop"]}, "21c3VdDYCVluQnEOyOLjfe": {"name": "I Hope You Never Fall in Love Again", "coverArt": "https://i.scdn.co/image/ab67616d00001e029488923aaa9c58d42cf81f02", "artist": ["KiD RAiN"], "artistIds": ["3JQMhGLU0F6IeOzlDZiUNW"], "artistPop": [50], "genres": []}, "0ICoAzphnJ3i5I9KHcBLdo": {"name": "keisha", "coverArt": "https://i.scdn.co/image/ab67616d00001e0280c1cb275967c3899539752c", "artist": ["Yaya Bey"], "artistIds": ["6tpaMMCs8X6o8j9H5OmWmT"], "artistPop": [35], "genres": ["experimental r&b"]}, "23XcjGXBJgeb6aLDb0ctKI": {"name": "Marvin - A COLORS SHOW", "coverArt": "https://i.scdn.co/image/ab67616d00001e028b6423da0fcb6feb333e6eba", "artist": ["Malik Moses"], "artistIds": ["5I2ctAF4nrkZcdvZSETLOB"], "artistPop": [35], "genres": []}, "08og296rmaUkk6oBZEV122": {"name": "Going Through It (feat. Moneybagg Yo, NoCap)", "coverArt": "https://i.scdn.co/image/ab67616d00001e02c3fa41936384f25e3b87b2fb", "artist": ["Sam James", "Moneybagg Yo", "NoCap"], "artistIds": ["22PU1TSXSiqGGk4mSVMxYj", "3tJoFztHeIJkJWMrx0td2f", "4PNHuWkk4ee6R8WEhFVPf5"], "artistPop": [38, 83, 66], "genres": ["hip hop", "memphis hip hop", "rap", "southern hip hop", "tennessee hip hop", "trap", "alabama rap", "atl trap", "trap"]}, "7MGPr84RIWHL9Zz9xLHe93": {"name": "LL Cool J", "coverArt": "https://i.scdn.co/image/ab67616d00001e029ffe73daea062c94d00fa71b", "artist": ["Leikeli47"], "artistIds": ["0DtXHIvJ8NWBg5pGvsgWnR"], "artistPop": [56], "genres": ["escape room", "hip pop", "trap queen"]}, "7eS0NrB1cnM3c054ZLhWYB": {"name": "excuse me?", "coverArt": "https://i.scdn.co/image/ab67616d00001e0256721002944414e3fb547289", "artist": ["yvngxchris"], "artistIds": ["2qB0DlFsQOpNh0bdMCJLwr"], "artistPop": [64], "genres": ["aesthetic rap", "plugg"]}, "3ZTsdSVrRJCTOnuXHpHK0w": {"name": "People (with The Knocks)", "coverArt": "https://i.scdn.co/image/ab67616d00001e0242176a5e7a211d70d463018b", "artist": ["Kungs", "The Knocks"], "artistIds": ["7keGfmQR4X5w0two1xKZ7d", "2x7EATekOPhFGRx3syMGEC"], "artistPop": [74, 70], "genres": ["edm", "pop dance", "tropical house", "alternative dance", "edm", "indie poptimism", "indietronica", "nu disco", "tropical house"]}, "06EkBgJuvf0zIPCeYwx3vP": {"name": "In My Head (ft. Josh Dun)", "coverArt": "https://i.scdn.co/image/ab67616d00001e029ea661ec9adc919a51b41b63", "artist": ["Lights", "Josh Dun"], "artistIds": ["5pdyjBIaY5o1yOyexGIUc6", "1DTwvOULHkUfXGwfJybYga"], "artistPop": [63, 34], "genres": ["canadian folk", "canadian pop", "electropop", "indie poptimism"]}, "0b8HcbULuUTZI07s1q7o4K": {"name": "Bad Haircut (feat. JVKE)", "coverArt": "https://i.scdn.co/image/ab67616d00001e02a66507134efee1cad4018ebf", "artist": ["Stephanie Poetri", "JVKE"], "artistIds": ["0HS00NN7MAfF59aJnfcxSO", "164Uj4eKjl6zTBKfJLFKKK"], "artistPop": [61, 73], "genres": ["indonesian pop", "modern indie pop"]}, "1oI95ixqkwg9wlFPGbkU8u": {"name": "COMING", "coverArt": "https://i.scdn.co/image/ab67616d00001e023803500fcee0a4630f3ca496", "artist": ["T'neeya"], "artistIds": ["39r1XfRA5kvyYjPYKzqBGL"], "artistPop": [27], "genres": []}, "4a3Uc0VzhyittIPDoVVzNv": {"name": "IF THERE\u2019S NO SEAT IN THE SKY (WILL YOU FORGIVE ME???)", "coverArt": "https://i.scdn.co/image/ab67616d00001e024fd2f548b63638b20728c258", "artist": ["Saya Gray"], "artistIds": ["4EnymklUyqZwvmHQGlRssl"], "artistPop": [34], "genres": []}, "29sSLYkzMUXyQ4n8oiSiyO": {"name": "Plus Minus (with Erick the Architect)", "coverArt": "https://i.scdn.co/image/ab67616d00001e028fa83b93ce12ef62fc442a3e", "artist": ["Col3trane", "Erick the Architect"], "artistIds": ["4hTL3jOgvZwOqegEZTOrCc", "2mQLwfvZtvtTbipKn3xHmK"], "artistPop": [59, 63], "genres": ["alternative r&b", "chill r&b", "indie r&b", "indie soul", "r&b", "trap soul", "uk contemporary r&b", "underground hip hop"]}, "6BZhnWBf7nFsw7gC5Pam1c": {"name": "Be Ok", "coverArt": "https://i.scdn.co/image/ab67616d00001e02b26387ffc1dcd5af5de64e7a", "artist": ["Creative Culture Co.", "Liz Vice", "Jasmine Mullen"], "artistIds": ["7EhN5XvPZsonZTmF3KGZLi", "5KYcfVCcUgV4d1KP3Wozyx", "4OxSdUYHCbfXU6J84jskDj"], "artistPop": [33, 44, 20], "genres": ["portland hip hop"]}, "5UldJxuMst4yL1ONpNUylD": {"name": "Dirty Work", "coverArt": "https://i.scdn.co/image/ab67616d00001e021ccaa85a2351816bb1950ca3", "artist": ["GRIP"], "artistIds": ["4Ew8VmfE06siL2THiMBwPP"], "artistPop": [50], "genres": ["atl hip hop"]}, "7DlHlqi8pLhLTZNjbNDBSF": {"name": "The Wire (feat. Jdot Breezy)", "coverArt": "https://i.scdn.co/image/ab67616d00001e0280f63a23c968ff5a887d55b5", "artist": ["Lil Poppa", "Jdot Breezy"], "artistIds": ["2hq1yEIcPd7KMLmU6h77Cg", "0VSM8D7ibtXjJgukfVR0eZ"], "artistPop": [58, 53], "genres": ["florida rap", "florida rap"]}, "21aZ4e4lJiFmqRzNiPXqhP": {"name": "De A De Veras", "coverArt": "https://i.scdn.co/image/ab67616d00001e023b83178679eb1bbeaa00e75c", "artist": ["Natanael Cano", "Codiciado"], "artistIds": ["0elWFr7TW8piilVRYJUe4P", "0IoWUuXfqpkfpxBRzthHU4"], "artistPop": [79, 46], "genres": ["corrido", "corridos tumbados", "musica mexicana", "nueva musica mexicana", "sierreno"]}, "2MCwBbYNrpT0RTDIrOPHoE": {"name": "If You Were Me", "coverArt": "https://i.scdn.co/image/ab67616d00001e02f87a4ea70eaa2cd5a8222641", "artist": ["Deanna Petcoff"], "artistIds": ["40wJiyTgK3egckAlDOp1ea"], "artistPop": [29], "genres": ["toronto indie"]}, "7pC2Lj7slyihjXZABlvZKV": {"name": "Beabadoobee", "coverArt": "https://i.scdn.co/image/ab67616d00001e02c5aeac9d44244b487cdf931b", "artist": ["The Let Go"], "artistIds": ["1AnTOrEmKXxMwrBMEQnq3S"], "artistPop": [29], "genres": []}, "3MmSF1hLnAHBrpF4A0fY9d": {"name": "Sorry to Your Next Ex", "coverArt": "https://i.scdn.co/image/ab67616d00001e0212eac5786d08e64e681bab82", "artist": ["Haiden"], "artistIds": ["79xvSUqngetd6CbJ1bgb4p"], "artistPop": [43], "genres": []}, "5vQkILvBG78oK7M4kiFKxN": {"name": "Life's Just Begun", "coverArt": "https://i.scdn.co/image/ab67616d00001e0229e27dde2e72b483d6909690", "artist": ["Kate York"], "artistIds": ["5wONG6j4El6k5iOXQdA0Ha"], "artistPop": [28], "genres": ["acoustic pop", "oth indie"]}, "2aD2w8P50xO0DoFbTmaXVE": {"name": "Did That", "coverArt": "https://i.scdn.co/image/ab67616d00001e025a57865328b074ac5661297c", "artist": ["Karlae", "Young Stoner Life"], "artistIds": ["6RY7kT6PGGzAA3TG3s4Qmp", "1xr2G8Hlx4QWmT9HaUbmoO"], "artistPop": [43, 72], "genres": ["trap queen", "hip hop", "rap", "trap"]}, "2Zx8I6qwlGJAqgAVV4KLsi": {"name": "2 High 2 Speak", "coverArt": "https://i.scdn.co/image/ab67616d00001e020644e61a5d5862a34c715bd0", "artist": ["North Ave Jax"], "artistIds": ["7t3WSgiRVbVsTIbsgcHVrY"], "artistPop": [33], "genres": []}, "0A5WWYXLTLpQ1IFBdgazI7": {"name": "When You Love Someone", "coverArt": "https://i.scdn.co/image/ab67616d00001e02a38cc5f69bff3ce3083b42b0", "artist": ["Alessia De Gasperis"], "artistIds": ["27d6mRgPBvGasBzQ9KFMGO"], "artistPop": [20], "genres": []}, "2nrdOrcmcHdVh8gz7WJ9Kh": {"name": "For All My Life", "coverArt": "https://i.scdn.co/image/ab67616d00001e02e625a9afab60e87e55db50d7", "artist": ["TAYA"], "artistIds": ["3D04fb59z3ANxVaeHBfxtW"], "artistPop": [69], "genres": []}, "2n3OqGfYByaCcXuxQgdn7G": {"name": "Cumbia Loca", "coverArt": "https://i.scdn.co/image/ab67616d00001e029d7f6a683071f1f479364e7f", "artist": ["Sarah Silva"], "artistIds": ["3k9GPiGAtIAOfnfzzy3XQp"], "artistPop": [27], "genres": []}}