{"5R4Yrc2j4jw1itr4hKcN26": {"name": "Feline (with Polo G & Trippie Redd)", "coverArt": "https://i.scdn.co/image/ab67616d00001e02c820e86be3bcbc65e5b88ef0", "artist": ["Juice WRLD", "Polo G", "Trippie Redd"], "artistIds": ["4MCBfE4596Uoi2O4DtmEMz", "6AgTAQt8XS6jRWi4sX7w49", "6Xgp2XMz1fhVYe7i6yNAax"], "artistPop": [94, 91, 87], "genres": ["chicago rap", "melodic rap", "chicago rap", "melodic rap", "rap", "trap"]}, "35uYYHfPcA5zcl8IeVXxOb": {"name": "Be Free", "coverArt": "https://i.scdn.co/image/ab67616d00001e02d8950378758a465df757d048", "artist": ["A Boogie Wit da Hoodie"], "artistIds": ["31W5EY0aAly4Qieq6OFu6I"], "artistPop": [85], "genres": ["melodic rap", "rap", "trap"]}, "6q2siYjkPyHLD9GqXRJWQR": {"name": "Heat Lightning", "coverArt": "https://i.scdn.co/image/ab67616d00001e0251c6e367e81a638a1bddb863", "artist": ["Mitski"], "artistIds": ["2uYWxilOVlUdk4oV9DvwqK"], "artistPop": [82], "genres": ["brooklyn indie", "indie pop"]}, "5HphhcOuLFWBj9IghbrKJB": {"name": "Midnight River (feat. 6LACK)", "coverArt": "https://i.scdn.co/image/ab67616d00001e02972c66baa8a5213759417634", "artist": ["Pink Sweat$", "6LACK"], "artistIds": ["1W7FNibLa0O0b572tB2w7t", "4IVAbR2w4JJNJDDRFP3E83"], "artistPop": [76, 81], "genres": ["bedroom soul", "chill r&b", "pop", "alternative r&b", "atl hip hop", "hip hop", "melodic rap", "r&b", "rap", "trap"]}, "4dj1qglNo2j45K8z2sDFEY": {"name": "No Choice", "coverArt": "https://i.scdn.co/image/ab67616d00001e021dec26263f4f5bef64f310c2", "artist": ["Tame Impala"], "artistIds": ["5INjqkS1o8h1imAzPqGZBb"], "artistPop": [81], "genres": ["australian psych", "neo-psychedelic"]}, "2nMTBUdxkdCZWo7n3upy1e": {"name": "MENTHOL*", "coverArt": "https://i.scdn.co/image/ab67616d00001e026c556f229b055ef6888b9868", "artist": ["Jean Dawson", "Mac DeMarco"], "artistIds": ["7vNNmjV14SKQzlQAEg0BXP", "3Sz7ZnJQBIHsXLUSo0OQtM"], "artistPop": [52, 79], "genres": ["modern indie pop", "edmonton indie", "lo-fi indie"]}, "7DF8lvLdV3htIbuTWpc7lR": {"name": "Girl Of My Dreams (with SUGA of BTS)", "coverArt": "https://i.scdn.co/image/ab67616d00001e02c820e86be3bcbc65e5b88ef0", "artist": ["Juice WRLD", "SUGA", "BTS"], "artistIds": ["4MCBfE4596Uoi2O4DtmEMz", "0ebNdVaOfp6N0oZ1guIxM8", "3Nrfpe0tUJi4K4DXYWgMUX"], "artistPop": [94, 72, 96], "genres": ["chicago rap", "melodic rap", "k-pop", "k-pop", "k-pop boy group"]}, "3No3zHVwKadKDR00kZdmAB": {"name": "FRIKI", "coverArt": "https://i.scdn.co/image/ab67616d00001e023e66cdb8d5b2c5f8a23e7e4f", "artist": ["Feid", "KAROL G"], "artistIds": ["2LRoIwlKmHjgvigdNGBHNo", "790FomKkXshlbRYZFtlgla"], "artistPop": [82, 88], "genres": ["colombian pop", "latin", "pop reggaeton", "reggaeton", "reggaeton colombiano", "trap latino", "latin", "reggaeton", "reggaeton colombiano", "trap latino"]}, "0va4UcIcxAOf4yVpxGQWSa": {"name": "Eyes Open (feat. Lil Baby & Young Thug)", "coverArt": "https://i.scdn.co/image/ab67616d00001e022254abe4b260d47b2512fba7", "artist": ["PnB Rock", "Young Thug", "Lil Baby"], "artistIds": ["21WS9wngs9AqFckK7yYJPM", "50co4Is1HCEo8bhOyUWKpn", "5f7VJjfbwm532GiveGC0ZK"], "artistPop": [75, 90, 91], "genres": ["melodic rap", "pop rap", "r&b", "rap", "trap", "vapor trap", "atl hip hop", "atl trap", "gangster rap", "hip hop", "melodic rap", "pop rap", "rap", "trap", "atl hip hop", "atl trap", "rap", "trap"]}, "2wJ1eOCIBwoQiN7xQtrTAY": {"name": "GROWING UP IS _____", "coverArt": "https://i.scdn.co/image/ab67616d00001e0223796fe755a38accf0e3b61d", "artist": ["Ruel"], "artistIds": ["5xkAtLTf309LAGZTbvULBn"], "artistPop": [71], "genres": ["alt z", "australian alternative pop", "dance pop", "electropop", "pop", "social media pop"]}, "0SbcVQyMO5M68AzhX8gYaS": {"name": "SIDEWAYS (with Travis Barker)", "coverArt": "https://i.scdn.co/image/ab67616d00001e02a3af1ff0ed981bf3d9353af8", "artist": ["Jack Kays", "Travis Barker"], "artistIds": ["24qqDoA4BBXVnPOdHBjT54", "4exLIFE8sISLr28sqG1qNX"], "artistPop": [62, 78], "genres": ["cincinnati rap", "emo rap", "pop rap", "sad rap", "rap rock"]}, "0QwKxajohg1rAMMmv1AWe1": {"name": "Burn", "coverArt": "https://i.scdn.co/image/ab67616d00001e02c820e86be3bcbc65e5b88ef0", "artist": ["Juice WRLD"], "artistIds": ["4MCBfE4596Uoi2O4DtmEMz"], "artistPop": [94], "genres": ["chicago rap", "melodic rap"]}, "3bP9pv7uHgCN4mzmelCIjO": {"name": "Candy Drip", "coverArt": "https://i.scdn.co/image/ab67616d00001e02ea84be5b03961cd5c6ba2572", "artist": ["Lucky Daye"], "artistIds": ["5Vuvs6Py2JRU7WiFDVsI7J"], "artistPop": [70], "genres": ["alternative r&b", "chill r&b", "indie r&b", "pop", "pop r&b", "r&b"]}, "0Rq2JIejWvQ6ibgWBSTcpu": {"name": "Old Memories (Originals)", "coverArt": "https://i.scdn.co/image/ab67616d00001e02cb52bc31e0316a852aeabb58", "artist": ["Alicia Keys"], "artistIds": ["3DiDSECUqqY1AuBP8qtaIa"], "artistPop": [81], "genres": ["hip pop", "neo soul", "pop", "r&b", "urban contemporary"]}, "0ZiZoJuytgBABtjeR9nzhE": {"name": "Second Nature", "coverArt": "https://i.scdn.co/image/ab67616d00001e02008a3acc7683ca1f79a8876b", "artist": ["Bon Iver"], "artistIds": ["4LEiUm1SRbFMgfqnQTwUbQ"], "artistPop": [79], "genres": ["eau claire indie", "indie folk", "melancholia"]}, "5BTOOI9Cesm2UungR9HiWj": {"name": "Bottle of Advil", "coverArt": "https://i.scdn.co/image/ab67616d00001e0227a8626ded869129b7743f10", "artist": ["Julia Wolf"], "artistIds": ["5yvGiZLSWJTPBlZpVbPnEZ"], "artistPop": [51], "genres": ["alt z", "indie electropop"]}, "2Xy1UIVfOlukyye6Fd0wrI": {"name": "Follow Me", "coverArt": "https://i.scdn.co/image/ab67616d00001e02768c262077eb6de3cce11775", "artist": ["Sam Feldt", "Rita Ora"], "artistIds": ["20gsENnposVs2I4rQ5kvrf", "5CCwRZC6euC8Odo6y9X8jr"], "artistPop": [76, 78], "genres": ["dance pop", "edm", "electro house", "pop", "pop dance", "pop edm", "tropical house", "australian pop", "dance pop", "edm", "pop", "pop rap", "post-teen pop", "tropical house", "uk pop"]}, "6ZOcbKub95XSDESsKKuH41": {"name": "Desesperados", "coverArt": "https://i.scdn.co/image/ab67616d00001e023752b28d1b65cc1ce6da67a7", "artist": ["Rauw Alejandro", "Chencho Corleone"], "artistIds": ["1mcTU81TzQhprhouKaTkpq", "37230BxxYs9ksS7OkZw3IU"], "artistPop": [93, 76], "genres": ["puerto rican pop", "trap latino", "reggaeton flow"]}, "6APhSotnV8vcCFG87XiYfo": {"name": "Richer Than I Ever Been", "coverArt": "https://i.scdn.co/image/ab67616d00001e027deba20444cd11563fbc37dd", "artist": ["Rick Ross"], "artistIds": ["1sBkRIssrMs1AbVkOJbc7a"], "artistPop": [81], "genres": ["dirty south rap", "gangster rap", "hip hop", "pop rap", "rap", "southern hip hop", "trap"]}, "56NJwtpBTG8RHlITXg7v7s": {"name": "We Set The Trends", "coverArt": "https://i.scdn.co/image/ab67616d00001e020cf40e243145ebb0b457bbac", "artist": ["Jim Jones", "Migos"], "artistIds": ["6AMa1VFQ7qCi61tCRtVWXe", "6oMuImdp5ZcFhWP0ESe6mG"], "artistPop": [58, 82], "genres": ["gangster rap", "hardcore hip hop", "harlem hip hop", "hip hop", "pop rap", "rap", "trap", "atl hip hop", "rap", "trap"]}, "3t3nRJMR8dvWySXrgGUpyD": {"name": "Body Of Water", "coverArt": "https://i.scdn.co/image/ab67616d00001e02428cf32929fca54a8777e52d", "artist": ["Tierra Whack"], "artistIds": ["4lPl9gqgox3JDiaJ1yklKh"], "artistPop": [64], "genres": ["alternative r&b", "escape room", "indie soul"]}, "0Hm61sSVBycsO5Se5mbKdu": {"name": "B-Side", "coverArt": "https://i.scdn.co/image/ab67616d00001e02e9ca9e0887c183ff8ef6df2d", "artist": ["Khruangbin", "Leon Bridges"], "artistIds": ["2mVVjNmdjXZZDvhgQWiakk", "3qnGvpP8Yth1AqSBMqON5x"], "artistPop": [72, 75], "genres": ["neo-psychedelic", "modern blues"]}, "1c03f9YZmO792D7hRjZMYi": {"name": "Hands On You", "coverArt": "https://i.scdn.co/image/ab67616d00001e02f77378fb42188165958703c8", "artist": ["Austin George"], "artistIds": ["5SVHLhz1Vv5m4xmkT4Pk6D"], "artistPop": [52], "genres": ["sad rap"]}, "122br9dGnrQQgo5j19qeif": {"name": "Faith", "coverArt": "https://i.scdn.co/image/ab67616d00001e023e36f41145dfc8a38a488020", "artist": ["Russ", "Jadakiss"], "artistIds": ["1z7b1Pr1rSlvWRzsW3HOrS", "5pnbUBPifNnlusY8kTBivi"], "artistPop": [81, 70], "genres": ["hawaiian hip hop", "rap", "battle rap", "east coast hip hop", "gangster rap", "hardcore hip hop", "hip hop", "hip pop", "pop rap", "rap", "trap"]}, "1YmyHCxLKjLBBNQU51yQOh": {"name": "No Drama", "coverArt": "https://i.scdn.co/image/ab67616d00001e028924a8abef2c7b738bb858be", "artist": ["Bankrol Hayden"], "artistIds": ["0Yr4BBpK2dkCp2UsrJ9LZN"], "artistPop": [70], "genres": ["melodic rap", "social media pop"]}, "40UUA98SbhyPmhJJm3KgYs": {"name": "Not The Same God As Mine", "coverArt": "https://i.scdn.co/image/ab67616d00001e023f450bf404523bc6a9f7f875", "artist": ["Lil Mosey"], "artistIds": ["5zctI4wO9XSKS8XwcnqEHk"], "artistPop": [77], "genres": ["melodic rap", "rap", "rap conscient", "trap", "vapor trap"]}, "0vGVNj5Fmn4TU4foavNZG1": {"name": "It Was A\u2026 (Masked Christmas) (feat. Ariana Grande & Megan Thee Stallion)", "coverArt": "https://i.scdn.co/image/ab67616d00001e02a3ddc603dcab9bb83161a763", "artist": ["Jimmy Fallon", "Ariana Grande", "Megan Thee Stallion"], "artistIds": ["7mAcgRMD6EfCKHO6cIkDOP", "66CXWjxzNUsdJxJ2JdwvnR", "181bsRPaVXVlUKXrxwZfHK"], "artistPop": [50, 94, 86], "genres": ["comedy", "dance pop", "pop", "houston rap", "pop", "trap queen"]}, "3ZBeHiRJUj1vdiU8zzGPgb": {"name": "WYD Now?", "coverArt": "https://i.scdn.co/image/ab67616d00001e022b6d5422dcc76dd13a172c29", "artist": ["Sadie Jean"], "artistIds": ["0sMAHzxguan2KpnKFZPW2d"], "artistPop": [46], "genres": []}, "6N6iesIVj3DOuPb4RHmkto": {"name": "DANDELION", "coverArt": "https://i.scdn.co/image/ab67616d00001e02aa99636a40c19b9a4159af44", "artist": ["ill peach"], "artistIds": ["79E3M2o4FRthRViQXaCWDt"], "artistPop": [30], "genres": []}, "3HKBz579v0gkyUkANPsNFT": {"name": "I Really (feat. 42 Dugg & Moneybagg Yo)", "coverArt": "https://i.scdn.co/image/ab67616d00001e02ee6ecaaa7d2d7b2a233b03d1", "artist": ["Hotboii", "42 Dugg", "Moneybagg Yo"], "artistIds": ["220xv2aB3dsGxaJI1gGs7l", "45gHcnDnMC15sgx3VL7ROG", "3tJoFztHeIJkJWMrx0td2f"], "artistPop": [66, 76, 82], "genres": ["florida rap", "pop rap", "detroit trap", "pop rap", "rap", "southern hip hop", "trap", "hip hop", "memphis hip hop", "rap", "southern hip hop", "tennessee hip hop", "trap"]}, "4XfImWpKCckmDc4tRqEyIR": {"name": "Blacc Tarantino", "coverArt": "https://i.scdn.co/image/ab67616d00001e025a0b3e2334ebdc87e2d88641", "artist": ["Wiz Khalifa", "Cardo", "Sledgren"], "artistIds": ["137W8MRPWKqSmrBGDBFSop", "592XleMjor8huE5Jfgks7p", "4BU9oJUTOxoPchpcPSlUvR"], "artistPop": [86, 49, 46], "genres": ["dance pop", "hip hop", "pittsburgh rap", "pop rap", "rap", "southern hip hop", "trap", "west coast trap"]}, "3kCLRQ1HwXVj0sZA0G7MnG": {"name": "FINDERS KEEPERS (feat. Scorey & Internet Money)", "coverArt": "https://i.scdn.co/image/ab67616d00001e02ee62e4808ee30ef431ee39d7", "artist": ["Dro Kenji", "Scorey", "Internet Money"], "artistIds": ["46fHMu9KxdQwcGV9xI1L9R", "0X3nsc84A9qlFilmlWNwQb", "6MPCFvOQv5cIGfw3jODMF0"], "artistPop": [62, 63, 78], "genres": ["sad rap", "vapor trap", "upstate ny rap", "rap", "trap"]}, "1NNJMmLuZuUvqhaB9PC4tz": {"name": "Bluffing", "coverArt": "https://i.scdn.co/image/ab67616d00001e02b8bbae2ea9f8e724fd1e2782", "artist": ["midwxst"], "artistIds": ["7CGSp2GbiOpLPSq61qjxf8"], "artistPop": [59], "genres": ["glitchcore", "hyperpop", "vapor trap"]}, "4hqPAxttJibCdJwg4FGRSC": {"name": "CRACK MY SKULL", "coverArt": "https://i.scdn.co/image/ab67616d00001e02698c13eff2b18a51e25f43a7", "artist": ["jxdn"], "artistIds": ["6Y64EaNqpqcZYTgs4c76gF"], "artistPop": [72], "genres": ["pop rap"]}, "77cj905zkxzZ0BOUaMd9SM": {"name": "Perfect", "coverArt": "https://i.scdn.co/image/ab67616d00001e020e5cd45311ab9c8bc137571c", "artist": ["KYLE"], "artistIds": ["4qBgvVog0wzW75IQ48mU7v"], "artistPop": [71], "genres": ["pop", "pop rap", "rap", "social media pop"]}, "0ZwLWAwAte17DldUatgEdj": {"name": "American Horror Story", "coverArt": "https://i.scdn.co/image/ab67616d00001e0234cb91ebe7653eb9aa3febff", "artist": ["EARTHGANG"], "artistIds": ["5MbNzCW3qokGyoo9giHA3V"], "artistPop": [70], "genres": ["atl hip hop", "hip hop", "psychedelic hip hop", "rap", "underground hip hop"]}, "2j9RX4rcMRNhRxu2DhSUr3": {"name": "One in a Million", "coverArt": "https://i.scdn.co/image/ab67616d00001e02c7b7e20b9a09f6e1c8ecbdf9", "artist": ["Isaia Huron"], "artistIds": ["1hJx89kEIcAmlZzUWat9w6"], "artistPop": [44], "genres": ["alternative r&b", "chill pop", "indie r&b"]}, "5VLhD6BQRgXAtKCqlS1hMJ": {"name": "Count On Me", "coverArt": "https://i.scdn.co/image/ab67616d00001e022b6bee7a8d185dc981175d90", "artist": ["Joy Oladokun"], "artistIds": ["7rrTqtOUOwva4sgTx9C9F9"], "artistPop": [61], "genres": ["black americana", "indie folk", "indiecoustica", "la pop", "neo mellow"]}, "0aU4TRPwmyeIp9Au0mfdJi": {"name": "Stop Coming Over", "coverArt": "https://i.scdn.co/image/ab67616d00001e0291b48659d0f84d5b30db6add", "artist": ["Chris Lane"], "artistIds": ["68abRTdO4meYReMWHvBYb0"], "artistPop": [65], "genres": ["contemporary country", "country", "country road", "modern country rock"]}, "4o4MwnE4OK3JNG4lCYFnwm": {"name": "Love Myself", "coverArt": "https://i.scdn.co/image/ab67616d00001e02d5a34b4b1e8ce0303019021d", "artist": ["Andy Grammer"], "artistIds": ["2oX42qP5ineK3hrhBECLmj"], "artistPop": [74], "genres": ["dance pop", "modern rock", "neo mellow", "pop", "pop rap", "pop rock", "post-teen pop"]}, "6QHKcbL8vrX0Ra3kKpNTVs": {"name": "I Wanna Run Away", "coverArt": "https://i.scdn.co/image/ab67616d00001e023f1e5dd689feb519428250a3", "artist": ["R3HAB", "Mr Eazi", "Wafia"], "artistIds": ["6cEuCEZu7PAE9ZSzLLc2oQ", "4TAoP0f9OuWZUesao43xUW", "0FL2d6iFFNAV3yBUbXjZ1U"], "artistPop": [79, 69, 62], "genres": ["dance pop", "dutch house", "edm", "electro house", "pop", "pop dance", "progressive electro house", "slap house", "tropical house", "afro dancehall", "afropop", "ghanaian hip hop", "nigerian pop", "swedish dancehall", "australian pop"]}, "5BE9B2FiFWBbBdoIQ1m1UP": {"name": "Cada Quien", "coverArt": "https://i.scdn.co/image/ab67616d00001e02039fc3e215d811f3b839e1b4", "artist": ["Grupo Firme", "Maluma"], "artistIds": ["1dKdetem2xEmjgvyymzytS", "1r4hJ1h58CWwUQe3MxPuau"], "artistPop": [86, 89], "genres": ["norteno", "nuevo regional mexicano", "regional mexican", "sierreno", "latin", "reggaeton", "reggaeton colombiano"]}, "3HLb8PRE1JcZTJoveY3Mez": {"name": "Stay Down (feat. Yung Bleu)", "coverArt": "https://i.scdn.co/image/ab67616d00001e023a7e18cdfca96a6b699684b9", "artist": ["Ne-Yo", "Yung Bleu"], "artistIds": ["21E3waRsmPlU7jZsS13rcj", "3KNIG74xSTc3dj0TRy7pGX"], "artistPop": [80, 71], "genres": ["dance pop", "pop", "r&b", "urban contemporary", "alabama rap", "pop r&b", "pop rap", "r&b", "trap"]}, "4QZftmaKVCq83BdkmnEIna": {"name": "Crash for a Couple", "coverArt": "https://i.scdn.co/image/ab67616d00001e029316a6ec955fe6746423bb18", "artist": ["Marc E. Bassy"], "artistIds": ["3tQx1LPXbsYjE9VwN1Peaa"], "artistPop": [70], "genres": ["pop", "pop rap", "r&b"]}, "3iINQZKpmSMY2mkjLtlzYO": {"name": "Broken In All The Right Places", "coverArt": "https://i.scdn.co/image/ab67616d00001e027e6cc22ff8fa976c261209c2", "artist": ["Lost Kings", "MOD SUN"], "artistIds": ["3hyEbRtp617pNCuuQjyOmc", "3u2R8st1bb6zfBqNWceRXG"], "artistPop": [64, 65], "genres": ["alt z", "dance pop", "edm", "electro house", "indie poptimism", "pop", "pop dance", "pop edm", "tropical house", "minnesota hip hop", "pop punk", "pop rap"]}, "30An28ovHzHONcqysPKIIs": {"name": "Ain't My Fault (feat. 42 Dugg)", "coverArt": "https://i.scdn.co/image/ab67616d00001e02799f48cbb45301a2dd6b8f28", "artist": ["Doe Boy", "Rowdy Rebel", "42 Dugg"], "artistIds": ["6aLoJJxz7MV2iZ423S8tJC", "6LXRvV2OAtXF7685fzh3mj", "45gHcnDnMC15sgx3VL7ROG"], "artistPop": [57, 63, 76], "genres": ["atl hip hop", "atl trap", "ohio hip hop", "rap", "southern hip hop", "trap", "underground hip hop", "vapor trap", "nyc rap", "detroit trap", "pop rap", "rap", "southern hip hop", "trap"]}, "3xSEiVqKlhhoblSxbfCtUR": {"name": "Tabula Rasa (feat. Armand Hammer)", "coverArt": "https://i.scdn.co/image/ab67616d00001e020fc9703e69a54a68f509cb67", "artist": ["Earl Sweatshirt", "Armand Hammer"], "artistIds": ["3A5tHz1SfngyOZM2gItYKu", "3SCI7sXHUZIeDKMWC5NT9C"], "artistPop": [73, 48], "genres": ["alternative hip hop", "experimental hip hop", "hip hop", "rap", "underground hip hop", "alternative hip hop", "boom bap", "escape room", "experimental hip hop"]}, "34hQD28WymyIZBJDZNh5zF": {"name": "Hopscotch", "coverArt": "https://i.scdn.co/image/ab67616d00001e02c983f7c5ca8f309ee75eb90a", "artist": ["Preme", "Swae Lee"], "artistIds": ["0bdJZl7TDeiymDYzMJnVh2", "1zNqQNIdeOUZHb8zbZRFMX"], "artistPop": [63, 81], "genres": ["canadian hip hop", "canadian trap", "toronto rap", "trap", "trap soul", "melodic rap", "trap"]}, "7I2hbb8rsTvJR5PtaywRkv": {"name": "Breakfast", "coverArt": "https://i.scdn.co/image/ab67616d00001e029351580aee00b9ce459e56ac", "artist": ["Fana Hues"], "artistIds": ["4yJHrytMK7mqtKsXVGaBNg"], "artistPop": [61], "genres": ["alternative r&b", "chill r&b", "indie r&b"]}, "5ZhBx7W9rigl2vuRdT27rq": {"name": "New Romance", "coverArt": "https://i.scdn.co/image/ab67616d00001e027e3501625625a24d4e2255fc", "artist": ["Beach House"], "artistIds": ["56ZTgzPBDge0OvCGgMO3OY"], "artistPop": [75], "genres": ["art pop", "baltimore indie", "dream pop", "dreamo", "modern dream pop"]}, "3n5khQAAiFapxjGUCHnzOz": {"name": "The Door", "coverArt": "https://i.scdn.co/image/ab67616d00001e02e85356826a876382ff2729b4", "artist": ["Chloe George"], "artistIds": ["5VZn4mB8pS40aE0kujdX2Y"], "artistPop": [56], "genres": []}, "0jj6QrlJcrBFkOq1vnmJOM": {"name": "Happier Without Me", "coverArt": "https://i.scdn.co/image/ab67616d00001e02477205685ed3339db003e9cd", "artist": ["Cian Ducrot"], "artistIds": ["49jTY62Cpw3RYo4dLuG43W"], "artistPop": [49], "genres": ["alt z", "irish pop"]}, "0dUIqBRL0Tlw5d4ly8Ahv0": {"name": "Pretty", "coverArt": "https://i.scdn.co/image/ab67616d00001e022b6bee7a8d185dc981175d90", "artist": ["Astrid S", "Dagny"], "artistIds": ["3AVfmawzu83sp94QW7CEGm", "6Paz0vXJJ9bCPf0fEm3qzg"], "artistPop": [73, 61], "genres": ["alt z", "dance pop", "electropop", "norwegian pop", "pop", "post-teen pop", "tropical house", "electropop", "indie poptimism", "norwegian indie", "norwegian pop", "tropical house"]}, "47EMbOhi8EB7FjLm2OQDln": {"name": "london (with Cam)", "coverArt": "https://i.scdn.co/image/ab67616d00001e02ed78cd7b2263c0a03189fd53", "artist": ["Wrabel", "Cam"], "artistIds": ["7r2uG6BlFXKcwmh9ItqlII", "5WRElKaZsn1tGnrgmJVAeO"], "artistPop": [65, 60], "genres": ["alt z", "australian pop", "electropop", "indie poptimism", "indiecoustica", "neo mellow", "pop", "pop rock", "contemporary country", "country", "country pop"]}, "61SsbXaDhlbbL72PgZB4Nc": {"name": "Last October", "coverArt": "https://i.scdn.co/image/ab67616d00001e0279d93820adfc6a57cd6c6bd4", "artist": ["Kidd G"], "artistIds": ["5edcHuf8pWH3I00WTorajM"], "artistPop": [63], "genres": ["social media pop"]}, "2XR0Ou0pDaQ2bmVMsG90qe": {"name": "Man Down", "coverArt": "https://i.scdn.co/image/ab67616d00001e0272d2aec0b9df641ebdb20e5c", "artist": ["Stunna Gambino"], "artistIds": ["15ZjD8Gus20Miqw3fdOaXX"], "artistPop": [65], "genres": ["nyc rap"]}, "2ApVmlRsk7mfAXsM57AJ5Y": {"name": "Pop Out", "coverArt": "https://i.scdn.co/image/ab67616d00001e02df29ec22a2986ab5dae2d5a1", "artist": ["Tm88", "Pi\u2019erre Bourne"], "artistIds": ["5RMUeKq0dZxg9RHE1f0B9P", "3x3jSlhyv5CiCZDZlaTq0M"], "artistPop": [55, 72], "genres": ["atl trap", "vapor trap", "hip hop", "melodic rap", "rap", "trap", "vapor trap"]}, "4BsT04mOym0M60CbG6uMf3": {"name": "Sucka Free (feat. Killer Mike)", "coverArt": "https://i.scdn.co/image/ab67616d00001e02b5af9d793ed43104416d2e22", "artist": ["Big Boi", "Sleepy Brown", "Killer Mike"], "artistIds": ["2ht3wxeT69CzyKFChNnNAB", "7Dnu2NmddNymEI2LMZVH5v", "2N4EYkIlG1kv25g6Wv8LGI"], "artistPop": [63, 58, 56], "genres": ["alternative hip hop", "atl hip hop", "dirty south rap", "hip hop", "southern hip hop", "atl hip hop", "neo soul", "alternative hip hop", "atl hip hop", "conscious hip hop", "dirty south rap", "escape room", "old school atlanta hip hop", "political hip hop", "southern hip hop"]}, "6VBLbFCArFuTTEXFlQFZZs": {"name": "Alien", "coverArt": "https://i.scdn.co/image/ab67616d00001e020952e1d17c71e6a383ac9068", "artist": ["Galantis", "Lucas & Steve", "ILIRA"], "artistIds": ["4sTQVOfp9vEMCemLw50sbu", "5wwneIFdawNgQ7GvKK29Z3", "6mzs66iVW15C5iLt0JLt41"], "artistPop": [78, 70, 66], "genres": ["dance pop", "edm", "electro house", "pop", "pop dance", "tropical house", "dance pop", "edm", "electro house", "pop dance", "pop edm", "tropical house", "albanian pop"]}, "2rCPeuzBY9NEX9VNshkjmH": {"name": "You Problem", "coverArt": "https://i.scdn.co/image/ab67616d00001e023ebc648c767f73382d6c76c7", "artist": ["Monsta X"], "artistIds": ["4TnGh5PKbSjpYqpIdlW5nz"], "artistPop": [72], "genres": ["k-pop", "k-pop boy group"]}, "2COHO8K4VuIKSFy7Lhjetx": {"name": "THE COPS", "coverArt": "https://i.scdn.co/image/ab67616d00001e025dc93141af8e254c326ad8e1", "artist": ["ElyOtto"], "artistIds": ["4b19vuzlDcNdU4quI7L6sW"], "artistPop": [64], "genres": ["weirdcore"]}, "4H7uK9wWfh8AaDS0pVWh0f": {"name": "GAMEBOY", "coverArt": "https://i.scdn.co/image/ab67616d00001e025a3974c681d3bb73255e836e", "artist": ["Isabel LaRosa"], "artistIds": ["5arKwJZEvT5uKq4o0JfqR4"], "artistPop": [26], "genres": []}, "3lBU0ZIFVzvAC9TUcYtEAV": {"name": "Snow", "coverArt": "https://i.scdn.co/image/ab67616d00001e02f4a8a036b4738e82d6c90074", "artist": ["Caspr"], "artistIds": ["6yZgSbQMnAFpQRgv7EMRzZ"], "artistPop": [49], "genres": ["emo rap"]}, "2w7SwOJdM3hchtwuirdZmb": {"name": "Postman", "coverArt": "https://i.scdn.co/image/ab67616d00001e024a8755340576412dfa10c486", "artist": ["2KBABY"], "artistIds": ["4mkjpWbFO45SyaHiM9GOVE"], "artistPop": [63], "genres": ["kentucky hip hop", "pop rap"]}, "16Jrm2G1k8kfmcNeN4By6B": {"name": "IOD (feat. Lil Skies)", "coverArt": "https://i.scdn.co/image/ab67616d00001e027caae32280a6b3005b0496ac", "artist": ["Token", "Lil Skies", "YKD Jah"], "artistIds": ["4cUfFbVZGSsJWdbfmkdxYq", "7d3WFRME3vBY2cgoP38RDo", "58w9ezOadyZ9nqw4o2Rha0"], "artistPop": [60, 76, 38], "genres": ["boston hip hop", "pop rap", "melodic rap", "rap", "trap"]}, "3LvHgs5l9OBitnOVWjpwDm": {"name": "Hues.", "coverArt": "https://i.scdn.co/image/ab67616d00001e02db1be90a5b555b00daf38c64", "artist": ["Mamadou."], "artistIds": ["2qlAceDoD1gfvRyVa7p5bK"], "artistPop": [24], "genres": []}, "7uewMG4oKBNpCeso1KiI1i": {"name": "Darkness Of The Night", "coverArt": "https://i.scdn.co/image/ab67616d00001e022556f57046ab2e33584bc116", "artist": ["Baird"], "artistIds": ["7GdGZWPHxDEu0ppvLoB4GO"], "artistPop": [47], "genres": ["baltimore indie", "collage pop", "indie r&b"]}, "4I18XNYcYRes4abAXaxE6p": {"name": "fine", "coverArt": "https://i.scdn.co/image/ab67616d00001e02d2997eeabd16d7a142e1f340", "artist": ["Sipper"], "artistIds": ["2BjcWnk7C01aHhp59HqUED"], "artistPop": [51], "genres": ["indie pop"]}, "0GlO3iD7ParRcxXPRz6o04": {"name": "Back To You", "coverArt": "https://i.scdn.co/image/ab67616d00001e0254cd1b4c32466d49bcdc4a7a", "artist": ["Jake Cornell"], "artistIds": ["6zf13X0QDPkbKT2bQAcKyV"], "artistPop": [41], "genres": ["gen z singer-songwriter"]}, "5CPEXVOzqhFlZN77l94S86": {"name": "when u need me.", "coverArt": "https://i.scdn.co/image/ab67616d00001e029a4d605ed67524b689fbdb48", "artist": ["will hyde"], "artistIds": ["3vNisYibo8wFyD4wxIbSbn"], "artistPop": [43], "genres": []}, "5UZA39t4lX42ApegVubl7f": {"name": "Won\u2019t Let You Go", "coverArt": "https://i.scdn.co/image/ab67616d00001e0280498b63e98960e2dbac41ea", "artist": ["Martin Garrix", "Matisse & Sadko", "John Martin"], "artistIds": ["60d24wfXkVzDSfLS6hyCjZ", "2QMCcKIPHnjQaPPgoEst88", "2auikkNYqigWStoHWK1Grq"], "artistPop": [80, 60, 71], "genres": ["dance pop", "dutch edm", "edm", "pop", "pop dance", "progressive house", "tropical house", "edm", "electro house", "pop dance", "pop edm", "progressive electro house", "progressive house", "russian edm", "pop edm"]}, "7FQb9eUgaoXjnWm6PeP6r0": {"name": "Beg Mi Ah Link", "coverArt": "https://i.scdn.co/image/ab67616d00001e0258a0bbdd4dbd69772c02ceb8", "artist": ["Stefflon Don", "BEAM"], "artistIds": ["2ExGrw6XpbtUAJHTLtUXUD", "46MWeeHNVMYRIIofQBEX98"], "artistPop": [70, 62], "genres": ["dancehall", "pop", "pop rap", "uk dancehall", "uk hip hop", "trap soul"]}, "2OsclrHyXnqYmKm6ji1vij": {"name": "NEGRO MATE", "coverArt": "https://i.scdn.co/image/ab67616d00001e0297bba74675287bdc427a81bf", "artist": ["Micro TDH"], "artistIds": ["1aWJsBQa67l72j1VT3D6Ow"], "artistPop": [72], "genres": ["latin", "reggaeton", "trap latino", "trap venezolano", "venezuelan hip hop"]}, "0xcEqifa3OUHuM49wOdTRP": {"name": "FAIR GAME", "coverArt": "https://i.scdn.co/image/ab67616d00001e02c5d2ea6e2e6847258423f4e8", "artist": ["Alice Glass"], "artistIds": ["4ukk0IyB7vL97QirpOcNr3"], "artistPop": [50], "genres": ["art pop", "escape room", "hyperpop"]}, "1E6R7yKCIQqRnYZUPsbB8f": {"name": "Come Again (feat. WESTSIDE BOOGIE)", "coverArt": "https://i.scdn.co/image/ab67616d00001e025cec89fe8d54c1e8d945d576", "artist": ["Nnena", "WESTSIDE BOOGIE"], "artistIds": ["0PpiNNCSKFjchmyHuCe0Pj", "5usbqiU7sjvszjWecANDL6"], "artistPop": [39, 59], "genres": ["pop rap", "underground hip hop"]}, "3aFEe6isuXJvt6TyO7Xbbk": {"name": "Dead Homies", "coverArt": "https://i.scdn.co/image/ab67616d00001e02fd636d78554b3c40f394eaf4", "artist": ["Fenix Flexin"], "artistIds": ["63GIj2yhFvX1Bzphb9JgVb"], "artistPop": [69], "genres": ["cali rap", "underground hip hop", "vapor trap"]}, "4kI0jttAHHNohO8dRo4BNW": {"name": "Naked", "coverArt": "https://i.scdn.co/image/ab67616d00001e027c6163621ba51f9a10682cbe", "artist": ["2FeetBino"], "artistIds": ["5sw4vau0N1fwalr2ACVN9M"], "artistPop": [49], "genres": ["atl hip hop"]}, "6sso9dQ4IkAWwQog19tdAw": {"name": "Wonder Egg", "coverArt": "https://i.scdn.co/image/ab67616d00001e0286c37f9e6b218b4490fe62da", "artist": ["Lil Boom"], "artistIds": ["1mmlWsyPJvvxMdabcGJjRn"], "artistPop": [49], "genres": ["meme rap", "vapor trap"]}, "3dnfii3hDFXmRABvIlufol": {"name": "poison", "coverArt": "https://i.scdn.co/image/ab67616d00001e02ad76a8f49c80b0c55847e91f", "artist": ["sadeyes"], "artistIds": ["5fj4oi7qHDoklvnnYmSBl0"], "artistPop": [60], "genres": ["emo rap", "sad lo-fi", "sad rap"]}, "1s7Mm2bEKLmcjAS4AzGf8E": {"name": "Party With You", "coverArt": "https://i.scdn.co/image/ab67616d00001e02655a82583d18fd6e89591357", "artist": ["Cobra Starship"], "artistIds": ["2aYJ5LAta2ScCdfLhKgZOY"], "artistPop": [61], "genres": ["dance pop", "electropop", "neon pop punk", "pop punk", "post-teen pop"]}, "6hHrPwQYGp9kPL7xLZviBS": {"name": "Universe (Let's Play Ball)", "coverArt": "https://i.scdn.co/image/ab67616d00001e0258169e974a94b9a18c9d2a03", "artist": ["NCT U"], "artistIds": ["3paGCCtX1Xr4Gx53mSeZuQ"], "artistPop": [69], "genres": ["k-pop", "k-pop boy group"]}, "4Z9bVmo4epjn0YHfK6enBA": {"name": "Feel It 2", "coverArt": "https://i.scdn.co/image/ab67616d00001e029f614cba4607b83823375803", "artist": ["twocolors", "Georgie Keller"], "artistIds": ["7ACEUD7UsmmXrnj4OLt8f9", "1PWLRaLj3BjJ5L8iUkRJqa"], "artistPop": [67, 43], "genres": ["dance pop", "edm", "pop dance", "pop edm", "tropical house"]}, "1fdcacZgERIC8LBCFdtj6A": {"name": "All Around Me", "coverArt": "https://i.scdn.co/image/ab67616d00001e02f509c80e9994ad7cb4d62830", "artist": ["Bahari", "Cody Lovaas"], "artistIds": ["0fs8oBR1rx7JIXZi75h7Uu", "7fWrZ2q4fGZAnuCPfgSU52"], "artistPop": [57, 43], "genres": ["alt z", "indie electropop", "la pop", "la pop"]}, "73mtYCPmBzZ7pIJfB8OzTq": {"name": "Heart In A Cold Room", "coverArt": "https://i.scdn.co/image/ab67616d00001e026d655f6bfc13ef7d6b5aab2e", "artist": ["good problem"], "artistIds": ["3aRk4W0Y1YbyEXJT6UL2cK"], "artistPop": [30], "genres": []}, "5VN19XwyKuWp3lfQFFB4ov": {"name": "Peachy", "coverArt": "https://i.scdn.co/image/ab67616d00001e02d4e446fc194e8d4208f1198f", "artist": ["Bad Suns"], "artistIds": ["0YhUSm86okLWldQVwJkLlP"], "artistPop": [63], "genres": ["indie pop", "indie poptimism", "la indie", "modern alternative rock", "modern rock", "pop rock", "rock"]}, "1fexrB0t3hILKatnv5ZzZm": {"name": "Overdrive", "coverArt": "https://i.scdn.co/image/ab67616d00001e024cda6c9b0336fc77ac8f7505", "artist": ["Siiickbrain"], "artistIds": ["1oPEr1Ci8sWOYj8SSh2VPE"], "artistPop": [52], "genres": []}, "1u4pvznoU57shxIRC1SCzE": {"name": "Lemme See", "coverArt": "https://i.scdn.co/image/ab67616d00001e023a1fc921d5b71fa310ed9806", "artist": ["Coco & Breezy", "Ye Ali"], "artistIds": ["0Adbm5kzcPUxFybf9fhjgG", "0Maq4Nk8ZM6keGZjTCXGIH"], "artistPop": [39, 44], "genres": ["soulful house", "alternative r&b", "indiana hip hop", "indie r&b", "pop r&b", "trap soul"]}, "2NXdqxegbWy3wWs2toH6GP": {"name": "Bad Bad Place", "coverArt": "https://i.scdn.co/image/ab67616d00001e02c11fe70aa2cd1e141aa940e6", "artist": ["HYRA"], "artistIds": ["2FuelQeDO3E7kIrTfkySKS"], "artistPop": [30], "genres": ["latinx alternative"]}, "1PcRrMqmrFejKGqqqEZm3s": {"name": "Brewster", "coverArt": "https://i.scdn.co/image/ab67616d00001e02f574ca7f8984a6550eaf4958", "artist": ["Cruza"], "artistIds": ["7zxS4o4zmwxJNe5UvC2Fx5"], "artistPop": [39], "genres": ["indie r&b"]}, "5MEFpPKKGhMNlFuMyjCTyc": {"name": "Don't Look", "coverArt": "https://i.scdn.co/image/ab67616d00001e024175fe0396d12b1cfe90e913", "artist": ["Benny Sings", "Kenny Beats", "Cory Henry"], "artistIds": ["4gHcu2JoaXJ0mV4aNPCd7N", "1rHOtdmGNr5vcYNw5v7QGC", "21SOnTj5ECwVXeBUTRcP3s"], "artistPop": [66, 68, 51], "genres": ["dutch pop", "indie soul", "trap", "underground hip hop", "indie soul", "jazz organ", "modern funk", "neo r&b", "retro soul"]}, "53UsR0RJ4hiOJkseK82wes": {"name": "Anymore", "coverArt": "https://i.scdn.co/image/ab67616d00001e02c825be56d0f4d8abf2f13ecd", "artist": ["The WRLDFMS Tony Williams", "Chandler Moore"], "artistIds": ["6TTVdg5UOUHsyiYPHgxLaq", "6y7frW1RUq3XBBXbYowVpk"], "artistPop": [42, 67], "genres": ["psychedelic hip hop"]}, "7vSdW9hmGF0YPbqYcaOnYS": {"name": "Paint This Town", "coverArt": "https://i.scdn.co/image/ab67616d00001e02316a2baaa4bf359bb5fbec84", "artist": ["Old Crow Medicine Show"], "artistIds": ["4DBi4EYXgiqbkxvWUXUzMi"], "artistPop": [57], "genres": ["bluegrass", "folk", "indie folk", "modern old-time", "new americana", "old-time", "progressive bluegrass", "roots rock", "stomp and holler"]}, "2yAvju7TufDlNEJYB42dP5": {"name": "Spaces", "coverArt": "https://i.scdn.co/image/ab67616d00001e029aa1350f5fdc2a3be3e2f0bc", "artist": ["Otis Kane"], "artistIds": ["2rp9zfs7yPrwCGVl4CjWAl"], "artistPop": [46], "genres": ["alternative r&b", "chill r&b", "indie r&b"]}, "2D6z8bPPSe6JxoLsP0JKoL": {"name": "Only Fans", "coverArt": "https://i.scdn.co/image/ab67616d00001e025405707caace43f0e2475c97", "artist": ["IV4"], "artistIds": ["7z1y0PfVnWsyNGLUsY0EtG"], "artistPop": [41], "genres": []}, "2Bx7iFM88NmuTKnvaiMH3i": {"name": "INBETWEEN", "coverArt": "https://i.scdn.co/image/ab67616d00001e02a71cb6f500126312d4fb3b01", "artist": ["LIL DUSTY G"], "artistIds": ["3kBOtwy37e9fzJ3LFSnpbQ"], "artistPop": [58], "genres": ["aesthetic rap", "dark trap", "emo rap", "sad lo-fi", "sad rap"]}, "3xf30JR3dwUTCneru7jSOT": {"name": "DIVA", "coverArt": "https://i.scdn.co/image/ab67616d00001e02ff6a5dacdbb1c4bab1cb5f21", "artist": ["MILES"], "artistIds": ["5QqCSh9Ri3B7Tw6HNQkPQH"], "artistPop": [46], "genres": []}, "5o8UqnjiKWDo7OzwFz1k1g": {"name": "tell me what you want", "coverArt": "https://i.scdn.co/image/ab67616d00001e0217597849b7ed89d241d442f6", "artist": ["dacelynn"], "artistIds": ["4HcCn0kCOvr5D6BItsWVFh"], "artistPop": [46], "genres": ["modern indie pop"]}, "3Ax7eKZ1Mgov2hn5LzCB9U": {"name": "saw ur mom at the grocery store", "coverArt": "https://i.scdn.co/image/ab67616d00001e02915cbd1a04587963b416e4b7", "artist": ["Abby Cates"], "artistIds": ["2LwlPBOoq9EqTOmKi4lJ2n"], "artistPop": [44], "genres": ["gen z singer-songwriter"]}, "1kKHlRNEXpIkYARjFXGmnm": {"name": "Blue Hippo", "coverArt": "https://i.scdn.co/image/ab67616d00001e028ece90bcf83765bb40dccfdb", "artist": ["Maya Hawke"], "artistIds": ["4e9vQfyvvDlcQAkjSdFE4x"], "artistPop": [36], "genres": []}, "4WrWLZznbRu0gv0v2N9IE1": {"name": "Prayin' For You", "coverArt": "https://i.scdn.co/image/ab67616d00001e02b3f25f2fcde678a1c7ec2038", "artist": ["Tucker Beathard"], "artistIds": ["1FQXio7XougvCvKLIu0CCk"], "artistPop": [45], "genres": ["contemporary country", "country pop"]}}