{"0D75ciM842cdUMKSMfAR9y": {"name": "Baila Conmigo (with Rauw Alejandro)", "coverArt": "https://i.scdn.co/image/ab67616d00001e02bb607a63a7dceb48b4d189e3", "artist": ["Selena Gomez", "Rauw Alejandro"], "artistIds": ["0C8ZW7ezQVs4URX5aX7Kqx", "1mcTU81TzQhprhouKaTkpq"], "artistPop": [84, 92], "genres": ["dance pop", "pop", "post-teen pop", "puerto rican pop", "trap latino"]}, "1GkHyypTFkUf0QQKwYoXH4": {"name": "You (with Marshmello & Vance Joy)", "coverArt": "https://i.scdn.co/image/ab67616d00001e0238e349efcd6a1c63e403b97f", "artist": ["benny blanco", "Marshmello", "Vance Joy"], "artistIds": ["5CiGnKThu5ctn9pBxv7DGa", "64KEffDW9EtZ1y2vBYgq8T", "10exVja0key0uqUkk6LJRT"], "artistPop": [75, 86, 77], "genres": ["electropop", "pop", "pop rap", "brostep", "edm", "pop", "pop dance", "progressive electro house", "folk-pop", "modern rock", "pop", "pop rock"]}, "15bnyEOUVRkwWlxR4F7xzF": {"name": "Finesse Out The Gang Way (feat. Lil Baby)", "coverArt": "https://i.scdn.co/image/ab67616d00001e02084e89d056e9d1466d0686b0", "artist": ["Lil Durk", "Lil Baby"], "artistIds": ["3hcs9uc56yIGFCSy9leWe7", "5f7VJjfbwm532GiveGC0ZK"], "artistPop": [87, 91], "genres": ["chicago drill", "chicago rap", "drill", "hip hop", "rap", "trap", "atl hip hop", "atl trap", "rap", "trap"]}, "41BzKiCrKpUQHS3TP0jmdr": {"name": "Agua de Jamaica", "coverArt": "https://i.scdn.co/image/ab67616d00001e026e33abfcc5af779bbcc03ef8", "artist": ["Maluma"], "artistIds": ["1r4hJ1h58CWwUQe3MxPuau"], "artistPop": [88], "genres": ["latin", "reggaeton", "reggaeton colombiano"]}, "6u3CPnFMKANYgfdiifFOiJ": {"name": "Gravity (feat. Tyler, The Creator)", "coverArt": "https://i.scdn.co/image/ab67616d00001e0212bb288c1f093c654fb3563f", "artist": ["Brent Faiyaz", "DJ Dahi", "Tyler, The Creator"], "artistIds": ["3tlXnStJ1fFhdScmQeLpuG", "5BozIJTTNCufaZpjhy2der", "4V8LLVI7PbaPR0K2TGSxFF"], "artistPop": [78, 61, 86], "genres": ["dmv rap", "pop", "r&b", "rap", "hip hop", "rap"]}, "7mYIHFA9OdlzLwWq4CRKlj": {"name": "Holy Water", "coverArt": "https://i.scdn.co/image/ab67616d00001e0296993ca65ed953660a09af18", "artist": ["Lil Mosey"], "artistIds": ["5zctI4wO9XSKS8XwcnqEHk"], "artistPop": [76], "genres": ["melodic rap", "rap", "rap conscient", "trap", "vapor trap"]}, "4OoYfejHABzYe2mG8p5s8b": {"name": "Higher (feat. iann dior)", "coverArt": "https://i.scdn.co/image/ab67616d00001e024628636f03999328ba098839", "artist": ["Clean Bandit", "iann dior"], "artistIds": ["6MDME20pz9RveH9rEXvrOM", "6ASri4ePR7RlsvIQgWPJpS"], "artistPop": [78, 82], "genres": ["dance pop", "edm", "pop", "pop dance", "post-teen pop", "tropical house", "uk dance", "uk funky", "melodic rap", "pop rap"]}, "1lk1AQ4NL2F5INzLcCWa1u": {"name": "Tonight Tonight", "coverArt": "https://i.scdn.co/image/ab67616d00001e02a724f0a2c23fdc0ef98201b8", "artist": ["Celeste"], "artistIds": ["49HlOY4gkHqsYG9GCuhkcc"], "artistPop": [68], "genres": ["british soul", "neo soul"]}, "6m5g6mY0EqyPW6Snc6n749": {"name": "Hope", "coverArt": "https://i.scdn.co/image/ab67616d00001e0223e8a42b7ade061c0bf9335d", "artist": ["Arlo Parks"], "artistIds": ["4kIwETcbpuFgRukE8o7Opx"], "artistPop": [64], "genres": ["indie soul", "uk contemporary r&b"]}, "3awnZSyvKdi7rBLttHk36K": {"name": "IDWK", "coverArt": "https://i.scdn.co/image/ab67616d00001e02f12fd4a3ed8e87bbb0e4f218", "artist": ["347aidan", "Kenny Beats"], "artistIds": ["0bBz5bRBkExaej2HxtVfCw", "1rHOtdmGNr5vcYNw5v7QGC"], "artistPop": [69, 66], "genres": ["sad lo-fi", "sad rap", "trap", "underground hip hop"]}, "2ixabSVbccs9np9r5CpbWW": {"name": "Don't Judge Me", "coverArt": "https://i.scdn.co/image/ab67616d00001e02be53db0d1e09575772c04d07", "artist": ["FKA twigs", "Headie One", "Fred again.."], "artistIds": ["6nB0iY1cjSY1KyhYyuIIKH", "6UCQYrcJ6wab6gnQ89OJFh", "4oLeXFyACqeem2VImYeBFe"], "artistPop": [64, 71, 67], "genres": ["afrofuturism", "alternative r&b", "art pop", "dance pop", "escape room", "experimental r&b", "pop", "trip hop", "uk hip hop"]}, "07VOlyshShGMYBPgjTIZoz": {"name": "\"BOP\"", "coverArt": "https://i.scdn.co/image/ab67616d00001e022177825724a6818ae3af9f7e", "artist": ["CJ"], "artistIds": ["7arQA31aZVS8yS6zUveWzb"], "artistPop": [72], "genres": ["nyc rap"]}, "3bENTA0CQYBg5CF8epSXGp": {"name": "GFU (feat. Yung Kayo)", "coverArt": "https://i.scdn.co/image/ab67616d00001e02a7e00fa37b101d754df4063b", "artist": ["Young Stoner Life", "Yak Gotti", "Sheck Wes", "Yung Kayo"], "artistIds": ["1xr2G8Hlx4QWmT9HaUbmoO", "0dvFTsuG02c4cRbcSQ8zE6", "2RDOrhPqAM4jzTRCEb19qX", "7J0hrNYCO5DgAx0XaRJqkh"], "artistPop": [73, 54, 65, 49], "genres": ["rap", "trap", "atl trap", "rap", "trap", "underground hip hop", "vapor trap", "vapor trap"]}, "3cNKhoBUhyuXhQTdQjOiT8": {"name": "Loco", "coverArt": "https://i.scdn.co/image/ab67616d00001e029ccf2b3a1cf29ebdf04e3a54", "artist": ["Anitta"], "artistIds": ["7FNnA9vBm6EKceENgCGRMb"], "artistPop": [80], "genres": ["funk carioca", "funk pop", "pagode baiano", "pop nacional"]}, "2kBKorwFFeinUr5KwGeBmk": {"name": "All You Ever Wanted", "coverArt": "https://i.scdn.co/image/ab67616d00001e02d6a8e786192c539d37321a73", "artist": ["Rag'n'Bone Man"], "artistIds": ["4f9iBmdUOhQWeP7dcAn1pf"], "artistPop": [72], "genres": ["neo soul"]}, "1jJPsemOvkw0cvtzNrkBpo": {"name": "Last Day In", "coverArt": "https://i.scdn.co/image/ab67616d00001e027ba72685679d7abd665908d7", "artist": ["Kodak Black"], "artistIds": ["46SHBwWsqBkxI7EeeBEQG7"], "artistPop": [81], "genres": ["florida rap", "hip hop", "melodic rap", "miami hip hop", "rap", "southern hip hop", "trap"]}, "4Inbxx2NC85JXTjcyyDlTa": {"name": "TIRED", "coverArt": "https://i.scdn.co/image/ab67616d00001e02472c51ea269408a8d23e9126", "artist": ["Jack Kays"], "artistIds": ["24qqDoA4BBXVnPOdHBjT54"], "artistPop": [56], "genres": ["cincinnati rap", "emo rap", "sad rap"]}, "3FBiYeUHxCbgsQmRz10abu": {"name": "Tarantino", "coverArt": "https://i.scdn.co/image/ab67616d00001e024fa427425102679ecfe1c328", "artist": ["Araya"], "artistIds": ["58dPXkn0hgEY1TY1utbG4a"], "artistPop": [33], "genres": []}, "0XkQ23l4GT8sFHgeNRGAO4": {"name": "LET'S GET MARRIED", "coverArt": "https://i.scdn.co/image/ab67616d00001e02a6869484bb64e51e827157d0", "artist": ["PARTYNEXTDOOR"], "artistIds": ["2HPaUgqeutzr3jx5a9WyDV"], "artistPop": [78], "genres": ["pop", "pop rap", "r&b", "rap", "toronto rap", "trap", "urban contemporary"]}, "4YMc3A256xFBS0xcT77Qce": {"name": "help herself", "coverArt": "https://i.scdn.co/image/ab67616d00001e02cf614ee721dfd6597b5a8ea7", "artist": ["bbno$", "Diamond Pistols"], "artistIds": ["41X1TR6hrK8Q2ZCpp2EqCz", "1OzGBMZ8rp73R6DWx0IUr5"], "artistPop": [77, 59], "genres": ["canadian hip hop", "dark trap", "pop rap", "vapor trap"]}, "218q4fCmVERKhXEZDr6g4P": {"name": "Cry Over Boys", "coverArt": "https://i.scdn.co/image/ab67616d00001e022f17bb4f550d41ad7e312a76", "artist": ["Alexander 23"], "artistIds": ["6sFHvCyqklnJpXC9Nh1aag"], "artistPop": [68], "genres": ["alt z", "indie cafe pop", "pop", "post-teen pop", "social media pop"]}, "3b9xmyHRcolDEoaECLJ3OF": {"name": "Immune", "coverArt": "https://i.scdn.co/image/ab67616d00001e02fd354604c705cc05994001a0", "artist": ["Jensen McRae"], "artistIds": ["11dABkjSoOjcP9p3TFSNRj"], "artistPop": [46], "genres": ["indie pop"]}, "2mBOIAPOxftVaLkxNaOO0c": {"name": "DJ", "coverArt": "https://i.scdn.co/image/ab67616d00001e02dd5c25f98412a0744e4b10ee", "artist": ["Sam Dew"], "artistIds": ["1SIw8nXWjvAKeb6Dhh85cz"], "artistPop": [39], "genres": []}, "4s162Vm2HagLT42lPScNVb": {"name": "STAR (feat. Erica Banks)", "coverArt": "https://i.scdn.co/image/ab67616d00001e0225e705041c8929949cd9a186", "artist": ["Yella Beezy", "Erica Banks"], "artistIds": ["7kwCkEJ384PWm0UQW3hxjS", "2SXhbucehn00OBVKhzxDyM"], "artistPop": [59, 61], "genres": ["dfw rap", "hip hop", "houston rap", "rap", "southern hip hop", "trap", "trap queen"]}, "7s2LDcpMI32Dy7jqJXanIm": {"name": "proud", "coverArt": "https://i.scdn.co/image/ab67616d00001e029902c39d8c456c93e371f27a", "artist": ["SSGKobe"], "artistIds": ["1NHCwCMqV9oNQJXl16IltL"], "artistPop": [65], "genres": ["vapor trap"]}, "3k7Ih6fxF30qtvsgWPopvn": {"name": "Vintage", "coverArt": "https://i.scdn.co/image/ab67616d00001e022da863fa8f5f22f2b4a1228e", "artist": ["Blu DeTiger"], "artistIds": ["5NyCIBCeU080ynEj33S4hC"], "artistPop": [54], "genres": []}, "4NctFqJyGAqurHFEUQvWgR": {"name": "Stronger (feat. Kesha)", "coverArt": "https://i.scdn.co/image/ab67616d00001e024e46d4acb7d4758325db1657", "artist": ["Sam Feldt", "Kesha"], "artistIds": ["20gsENnposVs2I4rQ5kvrf", "6LqNN22kT3074XbTVUrhzX"], "artistPop": [76, 78], "genres": ["dance pop", "edm", "electro house", "pop", "pop dance", "pop edm", "tropical house", "dance pop", "electropop", "pop", "post-teen pop"]}, "6VitRC30kO0TKoDcEeQHCU": {"name": "Wingman", "coverArt": "https://i.scdn.co/image/ab67616d00001e0271799be74fb53b47f883ee41", "artist": ["Boys World"], "artistIds": ["0YgZTREOQz8oOGVABXEoXi"], "artistPop": [48], "genres": []}, "1urRGHiUreDGfEGi6KuudL": {"name": "lonely & pathetic", "coverArt": "https://i.scdn.co/image/ab67616d00001e0285453aa6a12ddf8025584c8c", "artist": ["L\u00d8L\u00d8"], "artistIds": ["5MjcGshMggPgIHinIUDaX0"], "artistPop": [49], "genres": ["alt z", "canadian pop"]}, "6QpPVC3iLIlWuYsm5kwIke": {"name": "Only a Matter of Time", "coverArt": "https://i.scdn.co/image/ab67616d00001e022d85c3dce2a30b1aea7a653e", "artist": ["Joshua Bassett"], "artistIds": ["4VdV2qRAYBLINR6uU72V1J"], "artistPop": [67], "genres": ["alt z", "pop", "post-teen pop", "social media pop"]}, "5T5msDlMlsi7GNEgIugKio": {"name": "Parking Spot", "coverArt": "https://i.scdn.co/image/ab67616d00001e02e4cd29ec028e1230b01e7fa9", "artist": ["PRETTYMUCH"], "artistIds": ["5Y8eJDj37KhaEeqbVO7Ag1"], "artistPop": [65], "genres": ["alt z", "boy band", "dance pop", "pop", "post-teen pop", "social media pop"]}, "0FerZPepEX2Q1UaVeMOlMx": {"name": "Broken", "coverArt": "https://i.scdn.co/image/ab67616d00001e021d08d55ce8198ced3a091526", "artist": ["Jonah Kagen"], "artistIds": ["5KsRA81UaMVKvLNiwDySfp"], "artistPop": [59], "genres": []}, "1ac5TkGKdYuR43vgKJ652F": {"name": "She's Mine", "coverArt": "https://i.scdn.co/image/ab67616d00001e02fc7d6e24069169331ef64380", "artist": ["Lauren Weintraub"], "artistIds": ["0eYsDVXAe2mc4F8QrBLHAq"], "artistPop": [48], "genres": ["alt z"]}, "6hvs3DIe8eG6IdhehKz31I": {"name": "Stressed", "coverArt": "https://i.scdn.co/image/ab67616d00001e024f9c20f571cfad19b0c23d6c", "artist": ["Lonely God"], "artistIds": ["6pF6MN603wSrisJcf7HS5v"], "artistPop": [60], "genres": ["modern indie pop"]}, "5LYoqXtJkSKue0JBflNesF": {"name": "Dolphin", "coverArt": "https://i.scdn.co/image/ab67616d00001e02d4f5dc592779f2079be81829", "artist": ["Payday"], "artistIds": ["6I7IZDntAGBmzkCANUmtV0"], "artistPop": [48], "genres": []}, "0BUpKIWwGMWecPTwkIobL5": {"name": "It's Time To Rock", "coverArt": "https://i.scdn.co/image/ab67616d00001e02914acd9eaa942b8df0c97bbf", "artist": ["Tes X", "Mario Judah"], "artistIds": ["1Ud8vW7qmJ1eQpLUFJfne7", "5HFSWl4JPwju06kHxukvTe"], "artistPop": [30, 56], "genres": ["meme rap"]}, "7s42bmqI0kQpoO80H3Vnqu": {"name": "Grapes Of Wrath", "coverArt": "https://i.scdn.co/image/ab67616d00001e0247a7b58f664585430ced451e", "artist": ["Weezer"], "artistIds": ["3jOstUTkEu2JkjvRdBA5Gu"], "artistPop": [75], "genres": ["alternative rock", "modern power pop", "modern rock", "permanent wave", "rock"]}, "4wD6EgZCok8Qb5Fs8jszYc": {"name": "Seize the Power", "coverArt": "https://i.scdn.co/image/ab67616d00001e0282abb27300d6bf59e9bd25cc", "artist": ["YONAKA"], "artistIds": ["3Wcyta3gkOdQ4TfY0WyZpu"], "artistPop": [56], "genres": ["brighton indie", "modern alternative rock", "modern rock", "rock"]}, "4v0EzQ3hw2eTPUv5RTkfzA": {"name": "Sex With Me", "coverArt": "https://i.scdn.co/image/ab67616d00001e02aeb0f2c2ef91a2f6731f055e", "artist": ["TRAMP STAMPS"], "artistIds": ["27dC1hPiY4d4MVVFyBSC9W"], "artistPop": [45], "genres": ["alt z"]}, "51V7IK66jWw2AB3UZ18zxh": {"name": "All I Need", "coverArt": "https://i.scdn.co/image/ab67616d00001e02a31e8a727558c6344d827b91", "artist": ["Verzache"], "artistIds": ["59KX7XUUgAOOo5IyDjca0T"], "artistPop": [66], "genres": ["lo-fi beats", "sad lo-fi"]}, "6Mwh6jAHzlFGvNVY4q5MnQ": {"name": "Rounds", "coverArt": "https://i.scdn.co/image/ab67616d00001e0218476f7dd46cbcc3ae109224", "artist": ["2KBABY"], "artistIds": ["4mkjpWbFO45SyaHiM9GOVE"], "artistPop": [61], "genres": ["kentucky hip hop"]}, "2G90KzHn8ynh7Ai48hPJoR": {"name": "FIX URSELF!", "coverArt": "https://i.scdn.co/image/ab67616d00001e02a935d3f8ce61473edf40670d", "artist": ["JPEGMAFIA"], "artistIds": ["6yJ6QQ3Y5l0s0tn7b0arrO"], "artistPop": [63], "genres": ["alternative hip hop", "escape room", "experimental hip hop", "hip hop", "industrial hip hop", "rap", "underground hip hop"]}, "4z7S375x4GoQCA1yjtK547": {"name": "Big League", "coverArt": "https://i.scdn.co/image/ab67616d00001e02c9d09669c518b1b4d0b86127", "artist": ["O.T. Genasis"], "artistIds": ["1Zatb2YN4erBOoSivOXc0o"], "artistPop": [58], "genres": ["gangster rap", "pop rap", "rap", "southern hip hop", "trap"]}, "5EyWKWvCaM8n66bmv0sWo7": {"name": "If You Know You Know (feat. Moneybagg Yo)", "coverArt": "https://i.scdn.co/image/ab67616d00001e0214445e6dfa77ccf140fe41cd", "artist": ["Babyface Ray", "Moneybagg Yo"], "artistIds": ["3zZ88AwlTwfCJkowsFCvLA", "3tJoFztHeIJkJWMrx0td2f"], "artistPop": [62, 79], "genres": ["detroit trap", "hip hop", "memphis hip hop", "rap", "southern hip hop", "tennessee hip hop", "trap"]}, "7kjYPapOatvPuqPuMn4TgM": {"name": "california world", "coverArt": "https://i.scdn.co/image/ab67616d00001e02ca733061d51ddadda9fca9c3", "artist": ["Lil Peep", "Nedarb", "Craig Xen"], "artistIds": ["2kCcBybjl3SAtIcwdWpUe3", "1VKWlHqcqwmU9CGKkJR09R", "5bCwYvvFvWOEXtO9W7p0Iv"], "artistPop": [84, 64, 60], "genres": ["emo rap", "lgbtq+ hip hop", "emo rap", "dark trap", "emo rap", "underground hip hop", "vapor trap"]}, "58Mh6zmqSo9IvysPAXnG0h": {"name": "change ur mind", "coverArt": "https://i.scdn.co/image/ab67616d00001e02a93eada8523663449c5935d6", "artist": ["Sarcastic Sounds", "Claire Rosinkranz", "Clinton Kane"], "artistIds": ["1bq8rqNnfrojn0OSAfeNXJ", "3V0ZQW0dNuVaFtbVYgSI24", "7okSU80WTrn4LXlyXYbX3P"], "artistPop": [68, 67, 76], "genres": ["lo-fi beats", "lo-fi chill", "sad lo-fi", "alt z", "indie pop", "modern indie pop", "pop", "alt z", "indie cafe pop", "pop", "post-teen pop"]}, "63lUB0rs6KK58vj8mEAfdj": {"name": "Momma Always Told Me (feat. Stanaj & Yung Bae)", "coverArt": "https://i.scdn.co/image/ab67616d00001e02bd2cde4eabdb8ced376a79bd", "artist": ["Mike Posner", "Stanaj", "Yung Bae"], "artistIds": ["2KsP6tYLJlTBvSUxnwlVWa", "3zrUX1hQrUB9aXcOiyQLmN", "30FDJPN3RtwJZ20g5YGCRX"], "artistPop": [73, 49, 61], "genres": ["dance pop", "pop", "pop rap", "future funk"]}, "1z7ORtf775Ixx2HbMBWoeL": {"name": "Homicide", "coverArt": "https://i.scdn.co/image/ab67616d00001e0209b2bc25510832772b5b3a17", "artist": ["Slimelife Shawty"], "artistIds": ["09XX4vGibhdivyKlxP8MRf"], "artistPop": [51], "genres": ["atl trap"]}, "1q8rLyDciaRexy0AzNF0Eg": {"name": "Bounty", "coverArt": "https://i.scdn.co/image/ab67616d00001e025d601708c845dc429ed78cad", "artist": ["Rexx Life Raj", "!llmind"], "artistIds": ["5rDXcEIODl8TgGTgrntnjX", "0bw7sLDsNQTScMpmsNFukJ"], "artistPop": [59, 45], "genres": ["alternative r&b", "cali rap", "trap soul", "underground hip hop"]}, "62Q5oiL2N1Tt0BG9V02WQ4": {"name": "Know The Rules", "coverArt": "https://i.scdn.co/image/ab67616d00001e02d7c599190cb5625d325a937d", "artist": ["Tokyo Jetz", "T.I."], "artistIds": ["3KT0gxRAAb4WbAfOGMq4Lf", "4OBJLual30L7gRl5UkeRcT"], "artistPop": [41, 76], "genres": ["pop r&b", "trap queen", "atl hip hop", "dance pop", "dirty south rap", "gangster rap", "hip hop", "pop rap", "rap", "southern hip hop", "trap"]}, "6zWJc78D3bIkRM8e7sopl9": {"name": "i'm drunk and i miss you still (feat. 1nonly & lilbubblegum)", "coverArt": "https://i.scdn.co/image/ab67616d00001e02325c0153d1716579a385fadd", "artist": ["Savage Ga$p", "1nonly", "lilbubblegum"], "artistIds": ["0x7qiZJaal6j8qS7yCydFk", "3ZHU5AKrUmIPnCFfr82QER", "5FF8xJSW4qUVU8bk79KYLT"], "artistPop": [66, 73, 66], "genres": ["aesthetic rap", "emo rap", "meme rap", "viral rap", "aesthetic rap", "sad rap", "aesthetic rap", "meme rap", "sad lo-fi", "sad rap"]}, "15sj1LkQFvBCWhJWlVN8KL": {"name": "Look at the Sky", "coverArt": "https://i.scdn.co/image/ab67616d00001e023a22e0abbe472c762f1ba6e7", "artist": ["Porter Robinson"], "artistIds": ["3dz0NnIZhtKKeXZxLOxCam"], "artistPop": [65], "genres": ["complextro", "edm", "progressive electro house"]}, "65tQ1ZL4Q5uKsghVoj1O8o": {"name": "Sorry", "coverArt": "https://i.scdn.co/image/ab67616d00001e020e97b7df631033cb28551d37", "artist": ["Alan Walker", "IS\u00c1K"], "artistIds": ["7vk5e3vY1uw9plTHJAMwjN", "2LGU3PxihjIK5SUeCVcdFl"], "artistPop": [83, 56], "genres": ["electro house", "norwegian indie", "norwegian pop", "sami"]}, "4GwRKCpdZwn2dM9AXG2mJj": {"name": "World League", "coverArt": "https://i.scdn.co/image/ab67616d00001e02dafd807caaad6eb003c8f57b", "artist": ["Ama Jones"], "artistIds": ["5hzFTGZcy6Rqme2qNC2vUm"], "artistPop": [24], "genres": []}, "5BFe78RJ9sUnv2Zwklb6SH": {"name": "Fellowship", "coverArt": "https://i.scdn.co/image/ab67616d00001e02f47489ba6f7beba2c8953feb", "artist": ["serpentwithfeet"], "artistIds": ["1O9iHQjrVuiAYOJFCBeFSl"], "artistPop": [45], "genres": ["alternative r&b", "art pop", "escape room", "experimental r&b"]}, "1tXKuzYRdQsKa32ZUPiq0A": {"name": "Itsy Bitsy", "coverArt": "https://i.scdn.co/image/ab67616d00001e0247632a7acc06ec6a78deffd6", "artist": ["Lyn Lapid"], "artistIds": ["4pfy05cNNTacuOQ6SiSu4v"], "artistPop": [55], "genres": []}, "7MuU7UbVaKyu4HkHBoHwrD": {"name": "Canary Islands", "coverArt": "https://i.scdn.co/image/ab67616d00001e0271d2538887ccc1ba16a635d5", "artist": ["Goth Babe"], "artistIds": ["7o96HO2zrujyATtVsqGhh3"], "artistPop": [63], "genres": ["modern rock"]}, "1vYFKwcdo4koF1xyK4Oy5m": {"name": "You Don't Own Me", "coverArt": "https://i.scdn.co/image/ab67616d00001e02bfbb0329546821e9bc9a124f", "artist": ["Pale Waves"], "artistIds": ["0wOej91SVqB1zcYkW6xUtA"], "artistPop": [57], "genres": ["electropop", "indie pop", "manchester indie", "metropopolis", "modern alternative rock", "modern rock"]}, "1oyYDQSd9QL06uwYw5F6vx": {"name": "C'est La Vie", "coverArt": "https://i.scdn.co/image/ab67616d00001e02f26061fad5a247b03ed2502e", "artist": ["The Killers"], "artistIds": ["0C0XlULifJtAgn6ZNCW2eu"], "artistPop": [79], "genres": ["dance rock", "modern rock", "permanent wave", "rock"]}, "52SHgfSMoaVZ3dyeQg9cNq": {"name": "Somebody", "coverArt": "https://i.scdn.co/image/ab67616d00001e023a13d6128a05d8a14201c4b8", "artist": ["Yuno"], "artistIds": ["36BjLtXEXIifbRrfc1Rtqa"], "artistPop": [49], "genres": ["gamecore", "jacksonville indie"]}, "3i1aStQRrIiJDRmQQi1uBZ": {"name": "Sunny", "coverArt": "https://i.scdn.co/image/ab67616d00001e02f075a53d91dcbe97c5dd8143", "artist": ["Artemas"], "artistIds": ["0PCCGZ0wGLizHt2KZ7hhA2"], "artistPop": [36], "genres": []}, "3n8H7u7KdpXklXGVi4RpdY": {"name": "Hypocrite", "coverArt": "https://i.scdn.co/image/ab67616d00001e021eaa01e3b1e71db5642e4742", "artist": ["Trapboy Freddy"], "artistIds": ["2ZF0d4lkHLE6MIbVmpN6nN"], "artistPop": [51], "genres": ["deep southern trap", "dfw rap", "houston rap", "trap"]}, "73p7U8bfPOjv1rx3n9HYMX": {"name": "This That Shit", "coverArt": "https://i.scdn.co/image/ab67616d00001e02daed671a30f3e134d832308c", "artist": ["Haiti Babii", "Jackboy"], "artistIds": ["6NQgMwGc3jvdwGZKUbhhHi", "2S2mt1DiA4QKdKvtqwxrbB"], "artistPop": [50, 61], "genres": ["cali rap", "florida rap", "southern hip hop", "trap"]}, "27H6kt12z1GFyWvv2D4nFp": {"name": "What U Want", "coverArt": "https://i.scdn.co/image/ab67616d00001e0258e8bc1a6d21aa7d7f82d35c", "artist": ["Caleborate"], "artistIds": ["7bpDJUH5hnffIYHID6h3Et"], "artistPop": [49], "genres": ["bay area indie", "cali rap", "indie hip hop", "underground hip hop"]}, "0Zp2Yr4QrCuJ37tNqTEkVJ": {"name": "Feelin' Me", "coverArt": "https://i.scdn.co/image/ab67616d00001e02359529c15526faf45e8786f7", "artist": ["Marzz"], "artistIds": ["21ZpqFOa1Viho0YiuEB8lG"], "artistPop": [41], "genres": ["alternative r&b", "indie r&b", "kentucky hip hop"]}, "1qaK2WV09lYnzL3agJ79JW": {"name": "American Mood", "coverArt": "https://i.scdn.co/image/ab67616d00001e02d6cd0a8f4717e1b76f20434a", "artist": ["JoJo"], "artistIds": ["5xuNBZoM7z1Vv8IQ6uM0p6"], "artistPop": [64], "genres": ["dance pop", "hip pop", "pop", "pop r&b", "pop rap", "post-teen pop", "r&b", "urban contemporary"]}, "3cabEB5HG1oocs574S4icH": {"name": "We All Have (feat. Matt Berninger)", "coverArt": "https://i.scdn.co/image/ab67616d00001e023b9649e2488d4205a9fb8a3e", "artist": ["Julia Stone", "Matt Berninger"], "artistIds": ["4gZRt9wlRx1IsxT9glJdrc", "27jRNjIvlUcGN7FBRDnqhp"], "artistPop": [52, 51], "genres": ["australian singer-songwriter", "indie rock"]}, "2KmjwOAUJUs7UG1Z1zzoOy": {"name": "Stuck Here Without You", "coverArt": "https://i.scdn.co/image/ab67616d00001e027cef30470be4adeeac4786af", "artist": ["yaeow"], "artistIds": ["4Abe9XH0fplj8dbOddoYgH"], "artistPop": [64], "genres": ["lo-fi chill", "sad lo-fi", "sad rap"]}, "0QNC3y9arOsMX5STsC1EJ9": {"name": "Two for 2 - For Dilla", "coverArt": "https://i.scdn.co/image/ab67616d00001e02e29fab5766887dfc51422d34", "artist": ["Madlib"], "artistIds": ["5LhTec3c7dcqBvpLRWbMcf"], "artistPop": [68], "genres": ["alternative hip hop", "funk", "hip hop", "psychedelic hip hop"]}, "2pIZ6QqkFK6Ayg8pZGjomA": {"name": "FYO", "coverArt": "https://i.scdn.co/image/ab67616d00001e0297d79439ec0f425615c71231", "artist": ["MICHELLE"], "artistIds": ["4yYvor6Rq4fG82J1L47DYp"], "artistPop": [50], "genres": ["alternative r&b", "bedroom pop", "indie pop", "indie r&b"]}, "6WFlAvH3qbMstumWizZuHL": {"name": "Lucky", "coverArt": "https://i.scdn.co/image/ab67616d00001e026ae1c5dec4df032a443e94ae", "artist": ["Nasty Cherry"], "artistIds": ["3a4OHGZwsqHc3eRChiDkS9"], "artistPop": [42], "genres": ["electropop", "escape room", "indie pop", "modern alternative pop"]}, "2mumZRgEobS03J546KQcMl": {"name": "Girlfriend", "coverArt": "https://i.scdn.co/image/ab67616d00001e02d64edd9864f1dbd8811f539e", "artist": ["Rebecca Black"], "artistIds": ["3Vl9fyKMIdLMswk8ai3mm9"], "artistPop": [47], "genres": ["dance pop", "electropop", "escape room", "hyperpop", "pop", "post-teen pop"]}, "6bSnj3ZwujdA4j5E7J9rBp": {"name": "Tu Verdad (with Cazzu)", "coverArt": "https://i.scdn.co/image/ab67616d00001e02c0627cf9a4f9f7b7eee3e5d2", "artist": ["Dylan Fuentes", "Cazzu"], "artistIds": ["4Wcscw7z9AAE6y7qWdIAin", "6w3SkAHYPsQ1bxV7VDlG5y"], "artistPop": [57, 76], "genres": ["reggaeton colombiano", "argentine hip hop", "latin", "latin pop", "rap latina", "reggaeton", "trap argentino", "trap latino"]}, "1OvNUhyg5xBl8xgMXjzoDY": {"name": "Hood Dreams", "coverArt": "https://i.scdn.co/image/ab67616d00001e0225d33129ebd05c2d03964540", "artist": ["LBS Kee'vin", "FCG Heem"], "artistIds": ["7CnxjDbOLSjMEAcyehjztA", "6GSZ8C4Dyu5VsGz16jAgPC"], "artistPop": [42, 44], "genres": ["florida rap", "florida rap"]}, "20BQ2V97v7fu8gMCWHFeyk": {"name": "Add It Up", "coverArt": "https://i.scdn.co/image/ab67616d00001e024fcae458f39e306847da5171", "artist": ["Bankroll Freddie"], "artistIds": ["20vLls6BmcHB0zEwpB91O2"], "artistPop": [47], "genres": ["arkansas hip hop", "atl trap", "trap"]}, "4ck7HBHEunaCCUKcyGH9Tr": {"name": "City of The Rose", "coverArt": "https://i.scdn.co/image/ab67616d00001e02f4483d784e46d9efac408737", "artist": ["Katori Walker", "Real Consistency", "Gangsta I"], "artistIds": ["2ODTjg0iTHX1QxBeRNI6nT", "0b2xgKFAD9PlT3RG8Icbh2", "3zEKNxAyUhRVZB7U8CQabT"], "artistPop": [42, 7, 6], "genres": ["cali rap"]}, "4qOnwxS8U9eQavhXtAcxeN": {"name": "ANTI QUEEN", "coverArt": "https://i.scdn.co/image/ab67616d00001e02d6574a7baf2661fbea3fbab0", "artist": ["Bri Steves"], "artistIds": ["26PGLwvDbs1jVA6tAv1lLj"], "artistPop": [31], "genres": ["trap queen"]}, "72PM6IPh11h6akXKzMJs3q": {"name": "Tigress & Tweed (Music from the Motion Picture \"The United States vs. Billie Holiday\")", "coverArt": "https://i.scdn.co/image/ab67616d00001e028bc15b3b5a1c8929bf071239", "artist": ["Andra Day"], "artistIds": ["1c4rxrxy8eDLvMVL1DTiBe"], "artistPop": [60], "genres": ["neo soul", "r&b"]}, "26Xi9lUIxZ8bnbDqwZmduw": {"name": "Do With Me What You Want", "coverArt": "https://i.scdn.co/image/ab67616d00001e020db252933c64944b43da39a3", "artist": ["NASRI"], "artistIds": ["7uQh7z7DSuo5DSDLenv1hz"], "artistPop": [30], "genres": []}, "2KgeYkljkGLetuA97xfU2Z": {"name": "Baby Who", "coverArt": "https://i.scdn.co/image/ab67616d00001e021969c8408eca4cac84d7a36d", "artist": ["Michael Brun", "Shay Lia"], "artistIds": ["1HcAkAeL4xf02wzAnl7mIV", "3sJQwG0SsGRyv5C5kh4o9a"], "artistPop": [52, 54], "genres": ["progressive electro house", "alternative r&b", "canadian contemporary r&b", "canadian pop", "chill r&b", "indie r&b", "indie soul", "montreal indie"]}, "4cGPfZv4bRv7lWWQwT8g0k": {"name": "Colours", "coverArt": "https://i.scdn.co/image/ab67616d00001e02cce73040b9cf11bc4f215721", "artist": ["Hayla"], "artistIds": ["4yX6mpMyBGf9UfvBB8JJrc"], "artistPop": [49], "genres": []}, "6KQYQ5ycUHmDYFjL2jLXYC": {"name": "Run It Up", "coverArt": "https://i.scdn.co/image/ab67616d00001e022835755c7207bb2d6d0f4172", "artist": ["Seeb", "K CAMP", "Tim North", "Marty James"], "artistIds": ["5iNrZmtVMtYev5M9yoWpEq", "5bgfj5zUoWpyeVatGDjn6H", "0aF4uopelh675gJDvtpCnU", "7gULlMYPd5zbqr7wpvAtsQ"], "artistPop": [71, 67, 46, 42], "genres": ["dance pop", "edm", "electro house", "norwegian pop", "pop", "pop dance", "pop edm", "tropical house", "atl hip hop", "hip hop", "melodic rap", "pop r&b", "pop rap", "r&b", "rap", "southern hip hop", "trap", "canadian hip hop", "toronto rap"]}, "4vJUifLFukQpzDzRcJmikW": {"name": "Never Never Never", "coverArt": "https://i.scdn.co/image/ab67616d00001e021bc7d59e4706b251bc226d4f", "artist": ["Baio"], "artistIds": ["50lhyY7UVI9NyVHl79rVgk"], "artistPop": [41], "genres": ["nyc pop"]}, "1phLuNWayQAU80c0NTm2kY": {"name": "live forever", "coverArt": "https://i.scdn.co/image/ab67616d00001e027fb83878eda446f2c94fe8c7", "artist": ["almost monday"], "artistIds": ["42FzVuyJH8YbkhzWSR2n8E"], "artistPop": [49], "genres": []}, "5oKBOiiJceLlAEQ4VaVe8p": {"name": "Everything We Need", "coverArt": "https://i.scdn.co/image/ab67616d00001e025eba70458afc694f1e525eaf", "artist": ["A Day To Remember"], "artistIds": ["4NiJW4q9ichVqL1aUsgGAN"], "artistPop": [71], "genres": ["metalcore", "pop punk", "screamo"]}, "5ldMqoaURN7brqkm3ap4dY": {"name": "O.N.E.", "coverArt": "https://i.scdn.co/image/ab67616d00001e02e6c131fdbce4a693e87dcd0a", "artist": ["King Gizzard & The Lizard Wizard"], "artistIds": ["6XYvaoDGE0VmRt83Jss9Sn"], "artistPop": [64], "genres": ["australian indie", "australian psych", "double drumming", "neo-psychedelic"]}, "4n9dFClKxGRO2E1D2e5wMk": {"name": "under", "coverArt": "https://i.scdn.co/image/ab67616d00001e0264bd1f35e29fc8df5487fb6c", "artist": ["Jeris Johnson"], "artistIds": ["2hmePXeTr2b7cdRAtRjvPq"], "artistPop": [60], "genres": []}, "38y3hWd0bquMpizCEMiAzk": {"name": "Little Booties Matter", "coverArt": "https://i.scdn.co/image/ab67616d00001e02131ccd6c29a0f6c1d8383df0", "artist": ["Wes Period"], "artistIds": ["0Pb8ZfFfE2O0pvsFdwVUYl"], "artistPop": [53], "genres": []}, "2cqs59FJGGKJCOoW0LaZtR": {"name": "Lose My Mind", "coverArt": "https://i.scdn.co/image/ab67616d00001e0200d53f2ef2eabbc7a42ec3f8", "artist": ["Tru Carr", "Rich The Kid"], "artistIds": ["70LeECrcNFIOvGZqe8byzQ", "1pPmIToKXyGdsCF6LmqLmI"], "artistPop": [51, 73], "genres": ["atl hip hop", "hip hop", "melodic rap", "plugg", "pop rap", "rap", "southern hip hop", "trap"]}, "65lZP119Ox316suaB4Rdx5": {"name": "Stackin It (with Gunna)", "coverArt": "https://i.scdn.co/image/ab67616d00001e02111d15729fa67400326ded6a", "artist": ["Nechie", "Gunna"], "artistIds": ["0DO5d7KMv6Gn1mIbDhlyUf", "2hlmm7s2ICUX0LVIhVFlZQ"], "artistPop": [39, 87], "genres": ["atl hip hop", "hip hop", "melodic rap", "rap", "trap"]}, "2kRNkUmsnHyje09JeQoq3A": {"name": "Into The Unknown", "coverArt": "https://i.scdn.co/image/ab67616d00001e028431e66a64361b6c3d330ae4", "artist": ["Don Diablo"], "artistIds": ["1l2ekx5skC4gJH8djERwh1"], "artistPop": [72], "genres": ["dance pop", "edm", "electro house", "future house", "pop dance", "progressive electro house", "tropical house"]}, "0y9OgXegJVDC0IbR4bd4da": {"name": "Waiting for Rain", "coverArt": "https://i.scdn.co/image/ab67616d00001e028dff2b9477069d1023a93c9b", "artist": ["SEU Worship", "Alexander Pappas", "Kenzie Walker"], "artistIds": ["7M7UXUwtz3Wb25PVS8dwHs", "5bjQjhv3Zzxo1VoxGcyaHC", "4VJFpqwAvZKRah8klcHmFy"], "artistPop": [47, 32, 27], "genres": ["anthem worship", "ccm", "world worship"]}, "0RshiY6XKLbdsnFNEQoHFH": {"name": "Heart On Fire", "coverArt": "https://i.scdn.co/image/ab67616d00001e0261a0bb9d1f73804938916618", "artist": ["Eric Church"], "artistIds": ["2IvkS5MXK0vPGnwyJsrEyV"], "artistPop": [74], "genres": ["contemporary country", "country", "country road"]}, "3pbigw15hLWzmaHruO6Ac5": {"name": "Morning Prayer", "coverArt": "https://i.scdn.co/image/ab67616d00001e02ee0df31ceb13db12c40e26fc", "artist": ["Langhorne Slim"], "artistIds": ["099toTcKJoywTosZr2hHjy"], "artistPop": [56], "genres": ["anti-folk", "deep new americana", "indie folk", "modern folk rock", "new americana", "stomp and holler"]}, "12MKdcz5qn4wmZQr2xKzcK": {"name": "Message in a Bottle", "coverArt": "https://i.scdn.co/image/ab67616d00001e02afd95de473cff9d1befcc47a", "artist": ["Lakeview"], "artistIds": ["4m7IOKt2QRPsoHJSWBmeZD"], "artistPop": [34], "genres": ["country pop"]}, "3Y6sndEI4zd3P1TUo9Qwn9": {"name": "Heavy", "coverArt": "https://i.scdn.co/image/ab67616d00001e02131f185254a4bab828168a95", "artist": ["Rosie Darling"], "artistIds": ["6kDXH8d9LugUAsHIozzDAI"], "artistPop": [52], "genres": ["alt z"]}, "2iICfCEbN5yJ7oJnCYFzGu": {"name": "lost - edit", "coverArt": "https://i.scdn.co/image/ab67616d00001e02f3f7deda6ed554ded322465a", "artist": ["Daniel Briskin"], "artistIds": ["51FA8LjCafyBHGHJo3AC6y"], "artistPop": [16], "genres": []}, "1Rpl7JQICcdSJaGRQbHhNc": {"name": "Ten Feet Tall", "coverArt": "https://i.scdn.co/image/ab67616d00001e02d54e05efe97688d04f9eb35c", "artist": ["Charlie Hickey"], "artistIds": ["4Ky0ZDJDfY7UBbTVYPyVKc"], "artistPop": [36], "genres": ["indie pop"]}, "3y8sLiJakPGsw5okW4RytO": {"name": "Meet Me", "coverArt": "https://i.scdn.co/image/ab67616d00001e023107e934d77e2d508b8928f3", "artist": ["5am"], "artistIds": ["57pQCp7vEWMwfi9JOoNXTZ"], "artistPop": [30], "genres": []}}