{"6xZ4Q2k2ompmDppyeESIY8": {"name": "Level of Concern", "coverArt": "https://i.scdn.co/image/ab67616d00001e02ab2f8973949159695f65df7b", "artist": ["Twenty One Pilots"], "artistIds": ["3YQKmKGau1PzlVlkL1iodx"], "artistPop": [83], "genres": ["modern rock", "rock"]}, "4QnC1bIaMSfDQvF4XDhV5M": {"name": "Boyfriend", "coverArt": "https://i.scdn.co/image/ab67616d00001e025183fe2502a176f8017da25f", "artist": ["Selena Gomez"], "artistIds": ["0C8ZW7ezQVs4URX5aX7Kqx"], "artistPop": [84], "genres": ["dance pop", "pop", "post-teen pop"]}, "1fPnUpoXCpD2NDI4vPVeLw": {"name": "Stupid Again", "coverArt": "https://i.scdn.co/image/ab67616d00001e0253af8d1a7654351c6a03b5fe", "artist": ["Tory Lanez"], "artistIds": ["2jku7tDXc6XoB6MO2hFuqg"], "artistPop": [81], "genres": ["canadian hip hop", "canadian trap", "hip hop", "melodic rap", "pop rap", "r&b", "rap", "toronto rap", "trap"]}, "0vVkuvsZVOC83mgZAtemK5": {"name": "Let Me Down", "coverArt": "https://i.scdn.co/image/ab67616d00001e025216e2c6f9366d6eb6e55cfe", "artist": ["Oliver Tree"], "artistIds": ["6TLwD7HPWuiOzvXEa3oCNe"], "artistPop": [77], "genres": ["alternative hip hop"]}, "7sMu0DXeCVYwTivw9kBl99": {"name": "DND", "coverArt": "https://i.scdn.co/image/ab67616d00001e020421d2caa7e294b54133dac7", "artist": ["Polo G"], "artistIds": ["6AgTAQt8XS6jRWi4sX7w49"], "artistPop": [88], "genres": ["chicago rap"]}, "7myHieI8mFicl4gaFlo6DS": {"name": "Ride with Me", "coverArt": "https://i.scdn.co/image/ab67616d00001e0267281d92040adc168a4da3f4", "artist": ["Pink Sweat$"], "artistIds": ["1W7FNibLa0O0b572tB2w7t"], "artistPop": [75], "genres": ["bedroom soul", "pop"]}, "5TmUCweI7JXVWxn1zHJzyN": {"name": "no vuelvas a mirar atr\u00e1s", "coverArt": "https://i.scdn.co/image/ab67616d00001e02cc3db527b52a0785c437945f", "artist": ["Alaina Castillo"], "artistIds": ["0duLKMlcwhyZgqu8zSSjBp"], "artistPop": [55], "genres": ["alt z", "chill r&b", "pop", "social media pop"]}, "4ZTTUAjJCd4NMZmIU7RB4c": {"name": "Midnight (feat. Liam Payne)", "coverArt": "https://i.scdn.co/image/ab67616d00001e02107d930ebe7cba0ff31c605c", "artist": ["Alesso", "Liam Payne"], "artistIds": ["4AVFqumd2ogHFlRbKIjp1t", "5pUo3fmmHT8bhCyHE52hA6"], "artistPop": [77, 71], "genres": ["dance pop", "edm", "electro house", "pop", "pop dance", "progressive electro house", "tropical house", "dance pop", "pop", "post-teen pop"]}, "4ylOLt7XCUxq4UTsh08uF4": {"name": "Dangerous City (feat. Buju Banton)", "coverArt": "https://i.scdn.co/image/ab67616d00001e02dec4dec714c42ac05c31e9e2", "artist": ["dvsn", "Ty Dolla $ign", "Buju Banton"], "artistIds": ["7e1ICztHM2Sc4JNLxeMXYl", "7c0XG5cIJTrrAgEC3ULPiq", "4wLAjfeqAsV66AocWNcowA"], "artistPop": [67, 87, 59], "genres": ["alternative r&b", "canadian contemporary r&b", "pop", "pop r&b", "pop rap", "r&b", "trap soul", "urban contemporary", "hip hop", "pop", "pop rap", "r&b", "trap", "trap soul", "dancehall", "lovers rock", "modern reggae", "old school dancehall", "reggae", "reggae fusion", "roots reggae"]}, "7hICI90u3sVvsX7IaojRxQ": {"name": "Power Freaks", "coverArt": "https://i.scdn.co/image/ab67616d00001e02f4d1e47ca2ece8fec853f107", "artist": ["Jean Dawson"], "artistIds": ["7vNNmjV14SKQzlQAEg0BXP"], "artistPop": [50], "genres": ["modern indie pop"]}, "58jecLK0epwMLr9cy5vFUy": {"name": "Hold You Tonight (with Chris Lane)", "coverArt": "https://i.scdn.co/image/ab67616d00001e02815ec05a32fddc44106dacc5", "artist": ["Gryffin", "Chris Lane"], "artistIds": ["2ZRQcIgzPCVaT9XKhXZIzh", "68abRTdO4meYReMWHvBYb0"], "artistPop": [74, 66], "genres": ["dance pop", "edm", "electro house", "pop", "pop dance", "tropical house", "contemporary country", "country", "country road"]}, "4ehkZtzPTbjsRULRfQSWYu": {"name": "Inside Friend (feat. John Mayer)", "coverArt": "https://i.scdn.co/image/ab67616d00001e02dc4f9aa0582a986dd0a211ee", "artist": ["Leon Bridges", "John Mayer"], "artistIds": ["3qnGvpP8Yth1AqSBMqON5x", "0hEurMDQu99nJRq8pTxO14"], "artistPop": [74, 81], "genres": ["modern blues", "neo mellow", "pop rock", "singer-songwriter"]}, "3sVVB8TlYvfB3eR1dKKefv": {"name": "forever", "coverArt": "https://i.scdn.co/image/ab67616d00001e02a3527c3769760b375d812772", "artist": ["Charli XCX"], "artistIds": ["25uiPmTg16RbhZWAqwLBy5"], "artistPop": [79], "genres": ["art pop", "candy pop", "dance pop", "electropop", "hyperpop", "metropopolis", "pop", "post-teen pop", "uk pop"]}, "14wf185UxfNbSy8dwt4r4q": {"name": "MAMACITA", "coverArt": "https://i.scdn.co/image/ab67616d00001e029d15726502d4c533bbc3f308", "artist": ["Black Eyed Peas", "Ozuna", "J. Rey Soul"], "artistIds": ["1yxSLGMDHlW21z4YXirZDS", "1i8SpTcr7yvPOmcqrbnVXY", "1OB278sOZVSFx5vXqYha83"], "artistPop": [82, 88, 61], "genres": ["dance pop", "pop", "pop rap", "latin", "puerto rican pop", "reggaeton", "trap latino"]}, "2XW3vH6ZqMHvlzUSfhWW2X": {"name": "BALI", "coverArt": "https://i.scdn.co/image/ab67616d00001e0289c120e41ac7ccdea35ddcd9", "artist": ["Rich Brian", "Guapdad 4000"], "artistIds": ["2IDLDx25HU1nQMKde4n61a", "0NcPKaSNIHAM2RfioH9vMT"], "artistPop": [77, 62], "genres": ["indonesian hip hop", "cali rap", "oakland hip hop", "scam rap", "trap soul", "underground hip hop", "vapor trap"]}, "4m32ZYmSYgGziMwx3cJxS7": {"name": "Kyoto", "coverArt": "https://i.scdn.co/image/ab67616d00001e028f25745a224282fefb3aa7b7", "artist": ["Phoebe Bridgers"], "artistIds": ["1r1uxoy19fzMxunt3ONAkG"], "artistPop": [75], "genres": ["indie pop", "indie rock", "la indie", "pop"]}, "22AJMMJMaQ3qtTwlegrKcm": {"name": "Six Feet Apart", "coverArt": "https://i.scdn.co/image/ab67616d00001e02fca2d52f83ffc66f4cbe6d59", "artist": ["Alec Benjamin"], "artistIds": ["5IH6FPUwQTxPSXurCrcIov"], "artistPop": [78], "genres": ["alt z", "dream smp", "electropop", "pop"]}, "47EWMOElkkbMp5m9SBkx7d": {"name": "IDK You Yet", "coverArt": "https://i.scdn.co/image/ab67616d00001e02392c7541b28fa2020fb24f1e", "artist": ["Alexander 23"], "artistIds": ["6sFHvCyqklnJpXC9Nh1aag"], "artistPop": [68], "genres": ["alt z", "indie cafe pop", "pop", "post-teen pop", "social media pop"]}, "4KDCCnAjZZKFeth7wmKcma": {"name": "lessons", "coverArt": "https://i.scdn.co/image/ab67616d00001e02e7acc8ff536c89dec734abb8", "artist": ["mxmtoon"], "artistIds": ["0HthCchcL0kVLHTr113Vk1"], "artistPop": [70], "genres": ["alt z", "bedroom pop", "electropop", "indie pop", "pop", "social media pop"]}, "1tF7RL54zjHSy0N2qEQLDY": {"name": "I miss you, I\u2019m sorry", "coverArt": "https://i.scdn.co/image/ab67616d00001e02a5ea254e4c2f87956a6c64bb", "artist": ["Gracie Abrams"], "artistIds": ["4tuJ0bMpJh08umKkEXKUI5"], "artistPop": [66], "genres": ["alt z", "indie cafe pop", "indie pop", "pop"]}, "2jCpDfVWEkYmQGqwB4Xd4N": {"name": "nothing2prove", "coverArt": "https://i.scdn.co/image/ab67616d00001e02254a9e88ef1f92201cb6c70e", "artist": ["lilspirit"], "artistIds": ["3VWII9MTZSfIdOXr1DafzL"], "artistPop": [45], "genres": ["chill r&b"]}, "77GQqncfAnIXU7pmMkmaQr": {"name": "DEALER", "coverArt": "https://i.scdn.co/image/ab67616d00001e02b5602231779304b9cd3f5afe", "artist": ["RMR"], "artistIds": ["0j1Pwmd6nuk0BXD1RqoHDw"], "artistPop": [49], "genres": []}, "6u7nfDFpwoDhtnXv9eRI5C": {"name": "SexBeat", "coverArt": "https://i.scdn.co/image/ab67616d00001e02b2eaec0742ec5fbe3a4c43b5", "artist": ["Usher", "Lil Jon", "Ludacris"], "artistIds": ["23zg3TcAtWQy7J6upgbUnj", "7sfl4Xt5KmfyDs2T3SVSMK", "3ipn9JLAPI5GUEo4y4jcoi"], "artistPop": [81, 73, 78], "genres": ["atl hip hop", "dance pop", "pop", "r&b", "south carolina hip hop", "urban contemporary", "atl hip hop", "crunk", "dance pop", "dirty south rap", "pop rap", "southern hip hop", "atl hip hop", "dirty south rap", "hip hop", "pop rap", "rap", "southern hip hop", "trap"]}, "32lECHmQimK363xwXhRUJq": {"name": "Headlocc (feat. Young Thug)", "coverArt": "https://i.scdn.co/image/ab67616d00001e02ca880a7315b261e7ca77f9ae", "artist": ["Yella Beezy", "Young Thug"], "artistIds": ["7kwCkEJ384PWm0UQW3hxjS", "50co4Is1HCEo8bhOyUWKpn"], "artistPop": [59, 88], "genres": ["dfw rap", "hip hop", "houston rap", "rap", "southern hip hop", "trap", "atl hip hop", "atl trap", "gangster rap", "hip hop", "melodic rap", "pop rap", "rap", "trap"]}, "3DSrHu7k8eINnN7lz9WcxF": {"name": "When You're Alone", "coverArt": "https://i.scdn.co/image/ab67616d00001e02686762d8bef7d92eb9c77bd6", "artist": ["Kevin George"], "artistIds": ["0UFKnbRkop5zKvIHhbnMCI"], "artistPop": [43], "genres": ["trap soul"]}, "5cWgtvYHGDEwyEbSbIdNnE": {"name": "Woo!", "coverArt": "https://i.scdn.co/image/ab67616d00001e02ca93f3665f816b541f530e05", "artist": ["Remi Wolf"], "artistIds": ["0NB5HROxc8dDBXpkIi1v3d"], "artistPop": [67], "genres": ["alternative r&b", "indie pop", "indie r&b", "modern alternative pop"]}, "6rsuqpfWuNMpaektrYV906": {"name": "Imagine U", "coverArt": "https://i.scdn.co/image/ab67616d00001e02fabdc3643c3da196705f15aa", "artist": ["Omar Apollo"], "artistIds": ["5FxD8fkQZ6KcsSYupDVoSO"], "artistPop": [66], "genres": ["alternative r&b", "bedroom pop", "bedroom soul", "chill r&b", "indie pop", "indie r&b", "pop", "r&b"]}, "6XDIGKP7TQ1GLedtCtfshM": {"name": "Pretty Lady", "coverArt": "https://i.scdn.co/image/ab67616d00001e02d2b8a729b9e2f630f10585c0", "artist": ["Tash Sultana"], "artistIds": ["6zVFRTB0Y1whWyH7ZNmywf"], "artistPop": [66], "genres": ["australian reggae fusion"]}, "1A4knkdsQJPLTnMcjNIwZd": {"name": "Remember Me (feat. BIA)", "coverArt": "https://i.scdn.co/image/ab67616d00001e02182cb953c3f94ee1824e3e26", "artist": ["Dove Cameron", "BIA"], "artistIds": ["2W8yFh0Ga6Yf3jiayVxwkE", "6veh5zbFpm31XsPdjBgPER"], "artistPop": [68, 71], "genres": ["pop", "post-teen pop", "social media pop", "escape room", "r&b", "rap latina", "trap queen"]}, "6TZUGi7lAOGfUyGKaIGJ4N": {"name": "Don't Care", "coverArt": "https://i.scdn.co/image/ab67616d00001e02680bd04c4336b5e864e3264b", "artist": ["Tatiana Hazel"], "artistIds": ["5NvrRBcK6hRuboOL0CtZXU"], "artistPop": [35], "genres": ["latinx alternative"]}, "2DmRXiyn03tOqKgEJXlaiJ": {"name": "Oh my god", "coverArt": "https://i.scdn.co/image/ab67616d00001e02664020dc5b2af2d454ffa2d4", "artist": ["(G)I-DLE"], "artistIds": ["2AfmfGFbe0A0WsTYm0SDTx"], "artistPop": [71], "genres": ["k-pop", "k-pop girl group"]}, "6I4USKVL5MCOkguwW1QycB": {"name": "Fear Of Being Alone", "coverArt": "https://i.scdn.co/image/ab67616d00001e027703ac695599eb661f070930", "artist": ["Lennon Stella"], "artistIds": ["1cZQSpDsxgKIX2yW5OR9Ot"], "artistPop": [70], "genres": ["alt z", "canadian pop", "dance pop", "electropop", "indie cafe pop", "pop", "post-teen pop", "social media pop"]}, "1kAkUHFb7ryeVkVSRD6Nkj": {"name": "Wish I Was Better", "coverArt": "https://i.scdn.co/image/ab67616d00001e02516148dcc2bd9a2285d3c234", "artist": ["Kina", "yaeow"], "artistIds": ["4qIVPF0s71ZYW3qzhu5GkF", "4Abe9XH0fplj8dbOddoYgH"], "artistPop": [72, 64], "genres": ["sad rap", "lo-fi chill", "sad lo-fi", "sad rap"]}, "7iISbWhQCZTgcAQpzsSLcE": {"name": "Like Home", "coverArt": "https://i.scdn.co/image/ab67616d00001e02944b9ab61f4316d76329b7f8", "artist": ["Madmarcc", "Lil Baby"], "artistIds": ["3o6rIhI1Ahunc62U1tx6tg", "5f7VJjfbwm532GiveGC0ZK"], "artistPop": [36, 91], "genres": ["atl trap", "atl hip hop", "atl trap", "rap", "trap"]}, "5gzm0zFeHjYfteQu7x2uus": {"name": "Brooklyn Bridge To Chorus", "coverArt": "https://i.scdn.co/image/ab67616d00001e022614e5ecec73cdccb323bf97", "artist": ["The Strokes"], "artistIds": ["0epOFNiUfyON9EYx7Tpr6V"], "artistPop": [77], "genres": ["alternative rock", "garage rock", "modern rock", "permanent wave", "rock"]}, "4eLhCEYdlCTfSUXqUWsYoT": {"name": "Reaching (feat. Alex Isley) [from Insecure: Music From The HBO Original Series, Season 4]", "coverArt": "https://i.scdn.co/image/ab67616d00001e02b1516e2cefc672b21ed9659e", "artist": ["Alex Isley", "Cautious Clay", "Raedio"], "artistIds": ["7E2ioKxoxI2J94tUkIx6As", "6iWuBN32BqCJAeXW6o3nil", "0txgDz2yNToARuN2vD7SWD"], "artistPop": [59, 63, 41], "genres": ["alternative r&b", "chill r&b", "indie r&b", "indie soul", "neo soul", "pop r&b", "r&b", "alternative r&b", "indie r&b", "nyc pop", "pop"]}, "0FwiVIw9eUOiD9mAjyuEai": {"name": "boy", "coverArt": "https://i.scdn.co/image/ab67616d00001e02da26e8c34bea26e4a07da83d", "artist": ["Isaac Dunbar"], "artistIds": ["2sBVpvpeQxK01FqIt5t816"], "artistPop": [58], "genres": ["alt z", "indie pop", "modern indie pop", "social media pop"]}, "5dA8rxxcysUr0wMFXeKS4Y": {"name": "My Friend", "coverArt": "https://i.scdn.co/image/ab67616d00001e02e02df161080ecd5684a801ff", "artist": ["Hayley Williams"], "artistIds": ["6Rx1JKzBrSzoKQtmbVmBnM"], "artistPop": [68], "genres": ["art pop", "indie pop"]}, "4YHuPWY3yxGo5eftu1Ixm8": {"name": "Too Late", "coverArt": "https://i.scdn.co/image/ab67616d00001e02d6d5e4cdc3c74a937def89a7", "artist": ["Washed Out"], "artistIds": ["5juOkIIy18sFw9L30syt1Z"], "artistPop": [59], "genres": ["alternative dance", "chillwave", "dream pop", "electronica", "indie rock", "indie soul", "indietronica", "neo-synthpop", "new rave", "shimmer pop"]}, "5gXLhbWoo01qNyGois2Doc": {"name": "Scared to Go Home", "coverArt": "https://i.scdn.co/image/ab67616d00001e0230125807e9f194e68d70d6d6", "artist": ["Mindchatter"], "artistIds": ["1He0ZKninbT4FMEV9hUZKn"], "artistPop": [49], "genres": ["hyperpop", "indie soul", "vapor soul"]}, "34i3j7m0YtGOWPrpiTMzOS": {"name": "Need You", "coverArt": "https://i.scdn.co/image/ab67616d00001e02801e8125e029c51a893d1a6d", "artist": ["Emanuel"], "artistIds": ["4Dj6yFk1Y4v6J4jZyhtrZ7"], "artistPop": [49], "genres": ["alternative r&b", "canadian contemporary r&b", "indie r&b"]}, "4UDKas9Wtrhb8bXYWjzV5B": {"name": "Just Chill", "coverArt": "https://i.scdn.co/image/ab67616d00001e02e950a28a68a2d1ec8e5beb64", "artist": ["Kid Ink"], "artistIds": ["6KZDXtSj0SzGOV705nNeh3"], "artistPop": [72], "genres": ["dance pop", "hip hop", "pop rap", "rap", "southern hip hop", "trap"]}, "2c5NNtO4efNdwaAE8r41bu": {"name": "In My White Tee", "coverArt": "https://i.scdn.co/image/ab67616d00001e02032045e9823dd28c891dd708", "artist": ["IDK"], "artistIds": ["6aiFCgyKNwF9Rv5TOxnE8E"], "artistPop": [65], "genres": ["dmv rap", "hip hop", "rap", "trap", "underground hip hop"]}, "5228a1Wi1SQVVLLwK8vbEV": {"name": "She Think", "coverArt": "https://i.scdn.co/image/ab67616d00001e02474d703d9bf8cd1cdea38513", "artist": ["Buddy", "Kent Jamz"], "artistIds": ["6PDLwWvgYNMfBRLqC1h5cJ", "4JgGhWEWcKIyT84mknHP2w"], "artistPop": [63, 42], "genres": ["alternative r&b", "cali rap", "underground hip hop", "indie hip hop"]}, "1Y3wJ8OUBLM1L25QOfzb8V": {"name": "Endlessly", "coverArt": "https://i.scdn.co/image/ab67616d00001e024076565581c5ea178ab13c6b", "artist": ["Alina Baraz"], "artistIds": ["6hfwwpXqZPRC9CsKI7qtv1"], "artistPop": [68], "genres": ["alternative r&b", "etherpop", "pop", "post-teen pop", "r&b"]}, "4sR6DaImxZ6XNgRXgTTOQ3": {"name": "Ideas", "coverArt": "https://i.scdn.co/image/ab67616d00001e0273c414e2763b22eecd912c35", "artist": ["Au/Ra"], "artistIds": ["1eMmoIprPDWeFdB1FxU6ZV"], "artistPop": [69], "genres": ["alt z", "deep pop edm", "electropop", "indie poptimism", "pop", "social media pop"]}, "2haIfONRw1Bhi2zSp67MYU": {"name": "Aries (feat. Peter Hook and Georgia)", "coverArt": "https://i.scdn.co/image/ab67616d00001e02be23be62c8c4c8d4e0a72f62", "artist": ["Gorillaz", "Peter Hook", "Georgia"], "artistIds": ["3AA28KZvwAUcZuOKwyblJQ", "7yE0pgnhHPnPk4GZVuEpZM", "06knYh538h5SI7OAEF8ek3"], "artistPop": [81, 46, 55], "genres": ["alternative hip hop", "madchester", "electropop", "uk alternative pop"]}, "40KxHanilxLVRq4DY5pnm7": {"name": "Anyone But Me", "coverArt": "https://i.scdn.co/image/ab67616d00001e02772174eeba517c02d9f04aac", "artist": ["Joy Crookes"], "artistIds": ["5XMyhVhi5ZN2pi0Qwi1zXS"], "artistPop": [60], "genres": ["alternative r&b", "indie r&b", "indie soul", "uk contemporary r&b"]}, "3bWubl9oMzs5Z1n5KZXSSz": {"name": "can I call you back?", "coverArt": "https://i.scdn.co/image/ab67616d00001e0211e74da76894db87e41054fb", "artist": ["SHY Martin"], "artistIds": ["7eCmccnRwPmRnWPw61x6jM"], "artistPop": [66], "genres": ["alt z", "electropop", "indie cafe pop", "pop", "swedish electropop"]}, "6mf82AFoXnHzIo7sOxfFcH": {"name": "My Vibe", "coverArt": "https://i.scdn.co/image/ab67616d00001e022db18b8cda73a24b2bbf2a21", "artist": ["Mt. Joy"], "artistIds": ["69tiO1fG8VWduDl3ji2qhI"], "artistPop": [64], "genres": ["indie folk", "modern rock", "pop rock", "stomp and holler"]}, "2oXhwhVM6v3fevCVHQ3FR1": {"name": "Knowing You", "coverArt": "https://i.scdn.co/image/ab67616d00001e025ccbe52573733ac2522e5cab", "artist": ["Kenny Chesney"], "artistIds": ["3grHWM9bx2E9vwJCdlRv9O"], "artistPop": [75], "genres": ["contemporary country", "country", "country road"]}, "6aXA7DT5rC8RbfYe2jAQa0": {"name": "Back Porch", "coverArt": "https://i.scdn.co/image/ab67616d00001e026763d1325252252fc5e1211a", "artist": ["Willie Jones"], "artistIds": ["5OCZWZ399lBKgxBxE8cjRM"], "artistPop": [51], "genres": ["contemporary country"]}, "7mDhuHVN6SD3qs7ybyBsbP": {"name": "Bandana", "coverArt": "https://i.scdn.co/image/ab67616d00001e025326e4216a43417bc422f0d3", "artist": ["Almondmilkhunni"], "artistIds": ["778bhPsYwr6sAELsBBX8MC"], "artistPop": [37], "genres": []}, "16wLw9iFIrk607LWq2qVpr": {"name": "Proud Of Me", "coverArt": "https://i.scdn.co/image/ab67616d00001e0236a9c140bbf843e43cf9c25e", "artist": ["J.I the Prince of N.Y"], "artistIds": ["2eqoJbzUGDwys5ENUkbT3h"], "artistPop": [66], "genres": ["nyc rap", "pop r&b"]}, "6Ww2sVKm8i3ONuCmZomqft": {"name": "Popstar", "coverArt": "https://i.scdn.co/image/ab67616d00001e02cdf29254d20c000d87d61d04", "artist": ["Rico Nasty"], "artistIds": ["2OaHYHb2XcFPvqL3VsyPzU"], "artistPop": [69], "genres": ["dance pop", "dmv rap", "escape room", "pop", "pop rap", "trap queen"]}, "0uLbszBGtvgRRogFXvZm5G": {"name": "Cheat Code Mode", "coverArt": "https://i.scdn.co/image/ab67616d00001e02e358aea4639bf3a69a116d0e", "artist": ["Nieman J", "Eric Bellinger", "Joe Moses", "Young Thug"], "artistIds": ["1sXjt6XF2hUgabKoaksNu3", "7ibAWtDtmEfaVhc1FJ3Vl9", "54QA4zjZDOyaLN8bVthBjP", "50co4Is1HCEo8bhOyUWKpn"], "artistPop": [48, 69, 54, 88], "genres": ["pop r&b", "trap soul", "pop", "pop r&b", "pop rap", "r&b", "rap", "urban contemporary", "cali rap", "trap", "west coast trap", "atl hip hop", "atl trap", "gangster rap", "hip hop", "melodic rap", "pop rap", "rap", "trap"]}, "0TR69tw5aybYHbSC1w4xy5": {"name": "Love To The World", "coverArt": "https://i.scdn.co/image/ab67616d00001e0272491b65d3e46a0a62364979", "artist": ["Diplo", "Wax Motif"], "artistIds": ["5fMUXHkw8R8eOP2RNVYEZX", "7zm3aSdmGiOkTt0aZFSO8R"], "artistPop": [82, 56], "genres": ["bmore", "dance pop", "edm", "electro house", "house", "moombahton", "ninja", "pop", "pop dance", "tropical house", "bass house", "edm", "electro house", "electronic trap"]}, "0xsZyK1iL6WO8WEzVdjySp": {"name": "No Lie", "coverArt": "https://i.scdn.co/image/ab67616d00001e021d86479dbf11f56d67aa1ed5", "artist": ["Michael Calfan", "Martin Solveig"], "artistIds": ["4CuipEvwcoQggmCV8jpKF9", "1bj5GrcLom5gZFF5t949Xl"], "artistPop": [61, 68], "genres": ["dance pop", "deep groove house", "deep house", "deep tropical house", "edm", "electro house", "house", "pop dance", "pop edm", "progressive electro house", "progressive house", "tropical house", "dance pop", "disco house", "edm", "electro house", "filter house", "house", "pop dance", "tropical house", "vocal house"]}, "0rdE01utHXxJuJ9Zbsmf82": {"name": "Happy", "coverArt": "https://i.scdn.co/image/ab67616d00001e02bf050823f29a338574a441d7", "artist": ["Stay Over"], "artistIds": ["2WYklsnVBJ99Jhou8xbu6m"], "artistPop": [35], "genres": []}, "7bbphNnvNMrOym1PvjHaSu": {"name": "My Time", "coverArt": "https://i.scdn.co/image/ab67616d00001e028123a8b3f314bd19ba75bac9", "artist": ["Julian Lamadrid"], "artistIds": ["60rE8L4eGCSSaJCS1kqNKy"], "artistPop": [39], "genres": ["indie electropop", "uae indie"]}, "2u925ft5mxwxYLhMQ7Sr72": {"name": "NOT TOO DEEP (feat. 6LACK)", "coverArt": "https://i.scdn.co/image/ab67616d00001e0299ac2235575a95ed6d385dc3", "artist": ["India Shawn", "6LACK"], "artistIds": ["7g0SC4F149FUX5rKFuSpqL", "4IVAbR2w4JJNJDDRFP3E83"], "artistPop": [45, 79], "genres": ["alternative r&b", "chill r&b", "indie r&b", "alternative r&b", "atl hip hop", "hip hop", "melodic rap", "pop rap", "r&b", "rap", "trap"]}, "7dfMsA10pSilPCUz3v6KRG": {"name": "Do It", "coverArt": "https://i.scdn.co/image/ab67616d00001e028d89e977e8fbe539ee9f5e9a", "artist": ["Toni Braxton"], "artistIds": ["3X458ddYA2YcVWuVIGGOYe"], "artistPop": [65], "genres": ["dance pop", "hip pop", "neo soul", "new jack swing", "quiet storm", "r&b", "urban contemporary"]}, "4oxTzn8u6xDrM3xUKItiM9": {"name": "OLD SOUL (feat. G Herbo)", "coverArt": "https://i.scdn.co/image/ab67616d00001e02363826b3f65c4cbfebed9d7e", "artist": ["2KBABY", "G Herbo"], "artistIds": ["4mkjpWbFO45SyaHiM9GOVE", "5QdEbQJ3ylBnc3gsIASAT5"], "artistPop": [61, 74], "genres": ["kentucky hip hop", "chicago drill", "chicago rap", "drill", "rap", "southern hip hop", "trap"]}, "27xR937PJNfTE6hwhaP7Ia": {"name": "Pricetag", "coverArt": "https://i.scdn.co/image/ab67616d00001e02034b7ad7f707c0f4fc930119", "artist": ["Mozzy", "Polo G", "Lil Poppa"], "artistIds": ["4AA474G2hRfrHyGrfyDseO", "6AgTAQt8XS6jRWi4sX7w49", "2hq1yEIcPd7KMLmU6h77Cg"], "artistPop": [68, 88, 56], "genres": ["cali rap", "sacramento hip hop", "trap", "chicago rap", "florida rap"]}, "55SJ9hkLqhUU0JpuYHALAM": {"name": "Saucy", "coverArt": "https://i.scdn.co/image/ab67616d00001e0234fa8e765832f7568ce47e2b", "artist": ["Fredo Bang"], "artistIds": ["4yTmEo2clwWq2jwelvqgVv"], "artistPop": [63], "genres": ["baton rouge rap", "southern hip hop", "trap"]}, "1CGtLBQ1Y7WRRi1xit1xXL": {"name": "Slip feat. Beam", "coverArt": "https://i.scdn.co/image/ab67616d00001e02e4c91558d796af8ca01dd106", "artist": ["Ambr\u00e9", "BEAM"], "artistIds": ["6gj3sMEZYP6IESIptoXnrP", "46MWeeHNVMYRIIofQBEX98"], "artistPop": [48, 62], "genres": ["alternative r&b", "chill r&b", "indie r&b", "pop r&b", "trap soul", "trap soul"]}, "6HsTyyMAHbWQdBU33OvTDz": {"name": "Hunter", "coverArt": "https://i.scdn.co/image/ab67616d00001e02c0c84957b3a4a4a3c108b21e", "artist": ["Becca Mancari"], "artistIds": ["5n9jfCRA7AFY1JfYc5ZYK5"], "artistPop": [41], "genres": ["indie folk", "nashville indie", "nashville singer-songwriter"]}, "6V17AfZmzo9PzwLoMfdZpo": {"name": "The Garbage Men", "coverArt": "https://i.scdn.co/image/ab67616d00001e02129d51d2821cb1e856ddcf12", "artist": ["Hamilton Leithauser"], "artistIds": ["3ZXXJ9nO1Dn9B0AJ25eAQY"], "artistPop": [47], "genres": ["indie rock", "stomp and holler"]}, "2PHeCBCWESSAqfxpORbxKA": {"name": "Held Down", "coverArt": "https://i.scdn.co/image/ab67616d00001e02dbfb8551577d3e04b23f469a", "artist": ["Laura Marling"], "artistIds": ["7B2edU3Q7btJoNsoHCNohM"], "artistPop": [59], "genres": ["art pop", "british folk", "british singer-songwriter", "chamber pop", "indie folk", "indie pop", "new americana", "singer-songwriter", "stomp and holler"]}, "09U5PIe4ODq2e2Iqgtlod8": {"name": "Thank You", "coverArt": "https://i.scdn.co/image/ab67616d00001e02181e74146cff17fb828f75fa", "artist": ["Gregory Porter"], "artistIds": ["06nevPmNVfWUXyZkccahL8"], "artistPop": [62], "genres": ["adult standards", "contemporary vocal jazz", "jazz pop", "neo soul", "soul", "vocal jazz"]}, "1yDLMQbHvqItJyipzrgslb": {"name": "I Don't Need To Know", "coverArt": "https://i.scdn.co/image/ab67616d00001e027191312904b909cf841fdfff", "artist": ["Maddie & Tae"], "artistIds": ["34bhyY8jfKez7uKakMfy4y"], "artistPop": [65], "genres": ["contemporary country", "country", "country pop"]}, "1FH8SlCpQaE6EvjxJ4QpZb": {"name": "The Most Beautiful Things", "coverArt": "https://i.scdn.co/image/ab67616d00001e02821f4b19662c9a07f5494322", "artist": ["Tenille Townes"], "artistIds": ["3TyeX0lk4B7k56ukfzEE0z"], "artistPop": [58], "genres": ["alberta country", "contemporary country", "country", "country pop"]}, "5Kmj7unjc3WhSOkuUDRj8h": {"name": "The Kindest Thing", "coverArt": "https://i.scdn.co/image/ab67616d00001e02dbcc47ae1e07c3bc2c97b23c", "artist": ["Stalking Gia"], "artistIds": ["3VTJqPiHqHHIrx1FL7avMY"], "artistPop": [46], "genres": []}, "2SGB88D58d9Mge9b0bsUNz": {"name": "W.W.C.B.D.", "coverArt": "https://i.scdn.co/image/ab67616d00001e02912e6b884ed9a30fadb35232", "artist": ["phem", "Alison Wonderland"], "artistIds": ["0MGJHTThvyAyqKuEAgPqDr", "11gWrKZMBsGQWmobv3oNfW"], "artistPop": [54, 59], "genres": ["alt z", "aussietronica", "edm", "electra", "electro house", "electronic trap", "escape room", "indietronica", "vapor twitch"]}, "6PMGUNOfFzcFY79onTE54G": {"name": "Nowhere To Hide", "coverArt": "https://i.scdn.co/image/ab67616d00001e021f09fc8ffd5f3ede6e3ac20c", "artist": ["Mr. Popular"], "artistIds": ["1Enk9yh0hOg40eG0343rl5"], "artistPop": [29], "genres": []}, "14wFBzheHFsZskxKXOOtT8": {"name": "Le Creo", "coverArt": "https://i.scdn.co/image/ab67616d00001e027ca0f55ecaa690fdf5ee7bfc", "artist": ["Sky Rompiendo", "Feid", "Jowell & Randy"], "artistIds": ["51XrH5fQP2oIQynuKxSWcW", "2LRoIwlKmHjgvigdNGBHNo", "4IMAo2UQchVFyPH24PAjUs"], "artistPop": [64, 79, 73], "genres": ["reggaeton flow", "trap latino", "colombian pop", "latin", "pop reggaeton", "reggaeton", "reggaeton colombiano", "trap latino", "latin", "latin hip hop", "reggaeton", "reggaeton flow", "trap latino"]}, "2e3y4wtkxjvtSCUss6Mn1E": {"name": "Go", "coverArt": "https://i.scdn.co/image/ab67616d00001e0272a6365c60ab5f747258bc6a", "artist": ["E-40"], "artistIds": ["3crnzLy8R4lVwaigKEOz7V"], "artistPop": [69], "genres": ["cali rap", "gangster rap", "hip hop", "hyphy", "oakland hip hop", "pop rap", "rap", "southern hip hop", "trap", "west coast rap"]}, "0fH67n0kMHc2Zm6bHdagwG": {"name": "Lonely Vibes", "coverArt": "https://i.scdn.co/image/ab67616d00001e02ab4c4164c0d11182d530d41d", "artist": ["Shy Glizzy"], "artistIds": ["1DvtabXAjfrMihPP6JQdHs"], "artistPop": [64], "genres": ["dmv rap", "drill", "rap", "southern hip hop", "trap", "vapor trap"]}, "1DmKGJRnmQUEIF4BMrBORF": {"name": "Canadian Bacon", "coverArt": "https://i.scdn.co/image/ab67616d00001e02da16b4582d33318ffcc70ee7", "artist": ["Rexx Life Raj"], "artistIds": ["5rDXcEIODl8TgGTgrntnjX"], "artistPop": [59], "genres": ["alternative r&b", "cali rap", "trap soul", "underground hip hop"]}, "585JltIzCOVg0LtzyrHBgH": {"name": "WHERE'D YOU GO?", "coverArt": "https://i.scdn.co/image/ab67616d00001e0248c9c2e64fb2baae105bd277", "artist": ["Quadeca"], "artistIds": ["3zz52ViyCBcplK0ftEVPSS"], "artistPop": [60], "genres": ["pop rap", "social media pop"]}, "5ES89cHb5mBsLLXkcDCxtD": {"name": "crying in da club", "coverArt": "https://i.scdn.co/image/ab67616d00001e025851b38eb850b29076d7e0d0", "artist": ["Lil Boom"], "artistIds": ["1mmlWsyPJvvxMdabcGJjRn"], "artistPop": [47], "genres": ["meme rap", "vapor trap"]}, "12k5xtS7WsOl7QXPiUAx3P": {"name": "Suffocate", "coverArt": "https://i.scdn.co/image/ab67616d00001e021026583153c6e4c6bb0244c4", "artist": ["Jany Green"], "artistIds": ["1Qg99NvQcJaAMmmDl6nPRv"], "artistPop": [44], "genres": ["modern indie pop"]}, "10wQ1DKIMOfJy6vFUc3ClF": {"name": "Running Away", "coverArt": "https://i.scdn.co/image/ab67616d00001e027dfe392201e1315f427898eb", "artist": ["Genevieve Stokes"], "artistIds": ["2uaMjmR0IE0K3oKTQrNZVQ"], "artistPop": [45], "genres": ["indie pop", "modern alternative pop"]}, "5S5S5oiwdGS4ppgXmF2w0V": {"name": "Universe", "coverArt": "https://i.scdn.co/image/ab67616d00001e0234e9b0cfc19fdc0a9749a684", "artist": ["Ambar Lucid"], "artistIds": ["4nzV0hThyodYzrwksnS86G"], "artistPop": [54], "genres": ["bedroom pop"]}, "2fijOJvGqb5MifLBzs7stZ": {"name": "Shotta Shit", "coverArt": "https://i.scdn.co/image/ab67616d00001e02b1fefdb21c408d0db3a391ba", "artist": ["Lil Loaded"], "artistIds": ["7scapvSjZLSm0fBgqGM0Mn"], "artistPop": [66], "genres": ["dfw rap"]}, "6wVQPCYbVTMx59KRuZU42U": {"name": "Prescription", "coverArt": "https://i.scdn.co/image/ab67616d00001e02c3315b8897ff78b911e718f3", "artist": ["YSN Flow"], "artistIds": ["1je11NKORfLMSjgSNP0DPF"], "artistPop": [53], "genres": ["melodic rap", "vapor trap"]}, "0FN1AZ3TUiw2k9D7Rs7SNb": {"name": "Talk Sh!t (feat. Tai Boujie)", "coverArt": "https://i.scdn.co/image/ab67616d00001e022d442680f9c398a8aba2f326", "artist": ["Dee Watkins", "Tai Boujie"], "artistIds": ["5cNn5kF2qKIOtBQJ2z4FM3", "7leUKB8tpj4DMBr5Qbxgdp"], "artistPop": [55, 16], "genres": ["florida rap", "vapor trap"]}, "50xDdP2dl97lzUhXIXUleB": {"name": "Birds In The Bando", "coverArt": "https://i.scdn.co/image/ab67616d00001e02d121142a21f83b70d96b7a65", "artist": ["Symba"], "artistIds": ["06S3fr7xEES7e3QPXhu3ay"], "artistPop": [45], "genres": []}, "5y1dztchSsCghfHQ1bNlAm": {"name": "Weird Times", "coverArt": "https://i.scdn.co/image/ab67616d00001e02d595ae099ee6cc8dd041ff1b", "artist": ["Oscar Welsh"], "artistIds": ["5h7aN3xfMdLwyuopfgvtST"], "artistPop": [47], "genres": ["uk pop"]}, "4I58ty0bcrOGlE8E9Pj7zg": {"name": "leave", "coverArt": "https://i.scdn.co/image/ab67616d00001e02bf949993e38c47586d580d4e", "artist": ["gnash"], "artistIds": ["3iri9nBFs9e4wN7PLIetAw"], "artistPop": [68], "genres": ["alt z", "electropop", "indie cafe pop", "pop", "pop rap", "social media pop"]}, "2sotkur5cmzdZMoNVKJCR8": {"name": "Simp Anthem (feat. marvy ayy)", "coverArt": "https://i.scdn.co/image/ab67616d00001e0214578d54e0bfa3b826dec407", "artist": ["Savage Ga$p", "marvy ayy"], "artistIds": ["0x7qiZJaal6j8qS7yCydFk", "1aOV4c9LKKlITFFmrIyffb"], "artistPop": [66, 34], "genres": ["aesthetic rap", "emo rap", "meme rap", "viral rap"]}, "4O4VqQ5dt0uMVoXo60R2WN": {"name": "Hunnid (feat. Joyce Wrice)", "coverArt": "https://i.scdn.co/image/ab67616d00001e02e58011dab44626c1ad5a604a", "artist": ["Asher Roth", "Joyce Wrice"], "artistIds": ["1wgY8huggK60P5nvYrwcYT", "24Cf1irKt7kcewb9OOkPum"], "artistPop": [53, 53], "genres": ["alternative hip hop", "indie pop rap", "pop rap", "rap", "alternative r&b", "chill r&b", "indie r&b", "indie soul", "r&b"]}, "0Qm0mH4Z3WJLAewpSZUWGP": {"name": "Bricks In The Attic", "coverArt": "https://i.scdn.co/image/ab67616d00001e02c2e3782cc9e31d386c805197", "artist": ["Lil Gotit"], "artistIds": ["4ke9HXbejpYVMhbOjSa4le"], "artistPop": [55], "genres": ["atl trap", "rap", "southern hip hop", "trap", "vapor trap"]}, "10cPYHOPt1VpgFGy7NO2JI": {"name": "Dear Stranger", "coverArt": "https://i.scdn.co/image/ab67616d00001e02684a9253478c7cef8a089634", "artist": ["STRFKR"], "artistIds": ["2Tz1DTzVJ5Gyh8ZwVr6ekU"], "artistPop": [61], "genres": ["chillwave", "indie pop", "indie rock", "indietronica", "modern rock"]}, "4sSMzHUeOT8bLECYIbl5LK": {"name": "Learning to Live Again", "coverArt": "https://i.scdn.co/image/ab67616d00001e029165490ce164760fdf35c652", "artist": ["DANIEL SAINT BLACK"], "artistIds": ["6BcKS2QML7xQKdB61anBsL"], "artistPop": [16], "genres": []}, "1umyI924GDJ9cMAIQrJ0uS": {"name": "New Beginnings", "coverArt": "https://i.scdn.co/image/ab67616d00001e02dbca05402fa31dbcc989e34c", "artist": ["NEFFEX"], "artistIds": ["3z97WMRi731dCvKklIf2X6"], "artistPop": [75], "genres": []}, "53X5Z0FwNUnCNb5mu61QG1": {"name": "TheHoodDoctor", "coverArt": "https://i.scdn.co/image/ab67616d00001e026c95a956889ac6b06127b9f2", "artist": ["NoCap"], "artistIds": ["4PNHuWkk4ee6R8WEhFVPf5"], "artistPop": [64], "genres": ["alabama rap", "atl trap", "trap"]}, "4RHHhJbneFWfJxkGQOO9Ud": {"name": "No Questions", "coverArt": "https://i.scdn.co/image/ab67616d00001e0203f6fbd3817030884ba916d6", "artist": ["22Gz"], "artistIds": ["4JhbRL6zaItAyzqx4gHTqz"], "artistPop": [62], "genres": ["brooklyn drill", "nyc rap"]}, "5iRpL0NbyG935xdRejtXc4": {"name": "Pride 2 The Side", "coverArt": "https://i.scdn.co/image/ab67616d00001e02ce92e61df450ecf52e4e98d6", "artist": ["Bino Rideaux"], "artistIds": ["3pcerTbRFAPvWWtAfySFWB"], "artistPop": [62], "genres": ["cali rap", "west coast trap"]}}