{"10vS4ZLi4XWlIsNXSQXgqh": {"name": "JU$T (feat. Pharrell Williams & Zack de la Rocha)", "coverArt": "https://i.scdn.co/image/ab67616d00001e02bed9d43f754cc05ae29c2c85", "artist": ["Run The Jewels", "Zack De La Rocha", "Pharrell Williams"], "artistIds": ["4RnBFZRiMLRyZy0AzzTg2C", "1jKpNUjiz4KXgaAZD5FI9S", "2RdwBSPQiwcmiDo9kixcl8"], "artistPop": [65, 51, 80], "genres": ["escape room", "hip hop", "political hip hop", "industrial hip hop", "political hip hop", "pop rap"]}, "2RBsmtiaD90yNFtqkFjBVW": {"name": "FTP", "coverArt": "https://i.scdn.co/image/ab67616d00001e028c072dd70a7869a13b044a94", "artist": ["YG"], "artistIds": ["0A0FS04o6zMoto8OKPsDwY"], "artistPop": [78], "genres": ["cali rap", "gangster rap", "hip hop", "pop rap", "rap", "southern hip hop", "trap"]}, "3JBvJ9PwrYA1oeUzI3FMRI": {"name": "Otherside Of America", "coverArt": "https://i.scdn.co/image/ab67616d00001e023a34404598794aed8a55aa2a", "artist": ["Meek Mill"], "artistIds": ["20sxb77xiYeusSH8cVdatc"], "artistPop": [80], "genres": ["hip hop", "philly rap", "pop rap", "rap", "southern hip hop", "trap"]}, "5NQEUJEwsroV07IdqnARKx": {"name": "Baddie Betty Boop", "coverArt": "https://i.scdn.co/image/ab67616d00001e02a5002e8af5089baebb3b7d5a", "artist": ["Sleepy Hallow", "Fivio Foreign"], "artistIds": ["6EPlBSH2RSiettczlz7ihV", "14CHVeJGrR5xgUGQFV5BVM"], "artistPop": [82, 75], "genres": ["brooklyn drill", "nyc rap", "brooklyn drill", "new york drill", "rap", "trap"]}, "1gHhVTOVIQKjjBJ6pxCzG6": {"name": "They Don't", "coverArt": "https://i.scdn.co/image/ab67616d00001e02dbb2eea787f15e9399337cd8", "artist": ["Nasty C", "T.I."], "artistIds": ["2gzWmhOZhDN6gXL49JW9qj", "4OBJLual30L7gRl5UkeRcT"], "artistPop": [55, 76], "genres": ["south african hip hop", "south african pop", "south african trap", "atl hip hop", "dance pop", "dirty south rap", "gangster rap", "hip hop", "pop rap", "rap", "southern hip hop", "trap"]}, "4BtVYDiUSuOuOsupYAJJuk": {"name": "Help (with Tory Lanez)", "coverArt": "https://i.scdn.co/image/ab67616d00001e029f6fe42777cc1287ee4c06b2", "artist": ["Lil Wayne", "Tory Lanez"], "artistIds": ["55Aa2cqylxrFIXC767Z865", "2jku7tDXc6XoB6MO2hFuqg"], "artistPop": [88, 81], "genres": ["hip hop", "new orleans rap", "pop rap", "rap", "trap", "canadian hip hop", "canadian trap", "hip hop", "melodic rap", "pop rap", "r&b", "rap", "toronto rap", "trap"]}, "2riMQleCMgZoZRLbhBHuY6": {"name": "Mr. Officer (feat. Queen Naija and members of the Detroit Youth Choir)", "coverArt": "https://i.scdn.co/image/ab67616d00001e02749599f5618ed2c1d08f9818", "artist": ["Queen Naija", "Tee Grizzley", "members of the Detroit Youth Choir"], "artistIds": ["3nViOFa3kZW8OMSNOzwr98", "6AUl0ykLLpvTktob97x9hO", "6J2rlsaBmbEXwj5nXWwXq9"], "artistPop": [66, 70, 22], "genres": ["dance pop", "pop", "pop r&b", "pop rap", "r&b", "urban contemporary", "detroit hip hop", "detroit trap", "hip hop", "rap", "southern hip hop", "trap"]}, "3zpC30rfS6vtJGxBCTKK2m": {"name": "body cast", "coverArt": "https://i.scdn.co/image/ab67616d00001e02987d0d23743293eb816ef5e6", "artist": ["Dua Saleh"], "artistIds": ["2DGBzoOLcKLK3eWxFyugdB"], "artistPop": [42], "genres": ["alternative r&b", "escape room", "minnesota hip hop", "sudanese pop"]}, "3uc06zKO3QPeN593S4c86K": {"name": "Front Lines", "coverArt": "https://i.scdn.co/image/ab67616d00001e029fd47ed65ed507987b2c02db", "artist": ["Conway the Machine"], "artistIds": ["67gqUXxHedeUGDTxwBzdjS"], "artistPop": [62], "genres": ["alternative hip hop", "boom bap", "buffalo hip hop", "hardcore hip hop", "hip hop", "underground hip hop", "upstate ny rap"]}, "4aOOExMBUyxKnEYb39SrTg": {"name": "Riot", "coverArt": "https://i.scdn.co/image/ab67616d00001e0209cbfc5027baa866af38c06f", "artist": ["XXXTENTACION"], "artistIds": ["15UsOTVnJzReFVN1VCnxy4"], "artistPop": [89], "genres": ["emo rap", "miami hip hop"]}, "3YeSWIVpImPxclQHu98yUe": {"name": "Do Your Dance (feat. Moneybagg Yo)", "coverArt": "https://i.scdn.co/image/ab67616d00001e02ff05212971f9d56e9b12296c", "artist": ["JayDaYoungan", "Moneybagg Yo"], "artistIds": ["0E3pLs4jXz9tDQGY8m1A1d", "3tJoFztHeIJkJWMrx0td2f"], "artistPop": [64, 79], "genres": ["melodic rap", "southern hip hop", "trap", "hip hop", "memphis hip hop", "rap", "southern hip hop", "tennessee hip hop", "trap"]}, "239xopha4cJfbAfhX76FEQ": {"name": "Black Like Me", "coverArt": "https://i.scdn.co/image/ab67616d00001e025247aa57f8180a36f9e1f9dd", "artist": ["Mickey Guyton"], "artistIds": ["6nfN5B7Jmi853SHa9106Hz"], "artistPop": [52], "genres": ["contemporary country", "country pop"]}, "2jLDRXGpa9yJ9fuhySSV8P": {"name": "2020 Riots: How Many Times", "coverArt": "https://i.scdn.co/image/ab67616d00001e02e60226845336e376bcad1474", "artist": ["Trey Songz"], "artistIds": ["2iojnBLj0qIMiKPvVhLnsH"], "artistPop": [74], "genres": ["dance pop", "hip pop", "pop", "pop r&b", "post-teen pop", "r&b", "southern hip hop", "trap", "urban contemporary"]}, "2eiNpm3mR8BKE8DRzHcwEE": {"name": "Stay On The Gospel Side", "coverArt": "https://i.scdn.co/image/ab67616d00001e02f90dd0a55577e9dbc1d8bcce", "artist": ["The Blind Boys Of Alabama"], "artistIds": ["5TVL4FXEntBYZb3ujyt6fH"], "artistPop": [42], "genres": ["gospel singers"]}, "2uxudaBcJamtfgvUjSDdkZ": {"name": "out of sight (feat. 2 Chainz)", "coverArt": "https://i.scdn.co/image/ab67616d00001e02bed9d43f754cc05ae29c2c85", "artist": ["Run The Jewels", "2 Chainz"], "artistIds": ["4RnBFZRiMLRyZy0AzzTg2C", "17lzZA2AlOHwCwFALHttmp"], "artistPop": [65, 80], "genres": ["escape room", "hip hop", "political hip hop", "atl hip hop", "gangster rap", "hip hop", "pop rap", "rap", "southern hip hop", "trap"]}, "4Y0LgsejwefIM90Ad6eptO": {"name": "Boys Don't Cry", "coverArt": "https://i.scdn.co/image/ab67616d00001e02279035b9d6eb107c58c3af7b", "artist": ["SEB"], "artistIds": ["7oPxPZSk7y5q0fhzpmX5Gi"], "artistPop": [64], "genres": []}, "3ByCqbC2HgFz8uVvE6CIKS": {"name": "Who Do I Turn To?", "coverArt": "https://i.scdn.co/image/ab67616d00001e02feabc1847e498db92bfc3818", "artist": ["Joy Oladokun"], "artistIds": ["7rrTqtOUOwva4sgTx9C9F9"], "artistPop": [58], "genres": ["indie cafe pop", "indie folk", "indiecoustica", "la pop"]}, "04z06240Vjb63T2eow1TX8": {"name": "dirty elevator music", "coverArt": "https://i.scdn.co/image/ab67616d00001e02c6693ed06225ff8b3baecdfe", "artist": ["Flatbush Zombies"], "artistIds": ["1dqGS5sT6PE2wEvP1gROZC"], "artistPop": [62], "genres": ["escape room", "hip hop", "psychedelic hip hop", "rap", "underground hip hop"]}, "0HYjIgbtQIrDB0KGQDMaFt": {"name": "Pig Feet (feat. Kamasi Washington, G Perico & Daylyt)", "coverArt": "https://i.scdn.co/image/ab67616d00001e026d72179341804a93a4c865d6", "artist": ["Terrace Martin", "Denzel Curry", "Kamasi Washington", "G Perico", "Daylyt"], "artistIds": ["7MNEVabc4cs19CbzAFZmXz", "6fxyWrfmjcbj5d12gXeiNV", "6HQYnRM4OzToCYPpVBInuU", "4Q2hTDZYFCohf17D5GvkIb", "573vxT6vzhNRzTVIuVRnLj"], "artistPop": [62, 73, 60, 56, 33], "genres": ["alternative r&b", "indie jazz", "indie soul", "neo soul", "dark trap", "drill", "hip hop", "miami hip hop", "rap", "underground hip hop", "afrofuturism", "contemporary jazz", "indie jazz", "indie soul", "jazz", "jazz saxophone", "cali rap", "west coast trap", "battle rap"]}, "5LVbP2Numb05dhbYOwFnsJ": {"name": "ENOUGH", "coverArt": "https://i.scdn.co/image/ab67616d00001e02139aa9856c9f55f3d8df8ed1", "artist": ["Eric Bellinger"], "artistIds": ["7ibAWtDtmEfaVhc1FJ3Vl9"], "artistPop": [69], "genres": ["pop", "pop r&b", "pop rap", "r&b", "rap", "urban contemporary"]}, "169j3vCH8jg5ltmyyXBsC7": {"name": "Too Bad", "coverArt": "https://i.scdn.co/image/ab67616d00001e02bdb7ec419ec5dc77ffa20c3f", "artist": ["Nadia Rose"], "artistIds": ["0Nc09HuPN9ELmbTCLyNKnO"], "artistPop": [41], "genres": []}, "1wA1tFOHx167N1My7frqIH": {"name": "Show You (Remix) [feat. Q] [from Insecure: Music From The HBO Original Series, Season 4]", "coverArt": "https://i.scdn.co/image/ab67616d00001e021e7c9193da703012bc59f4bd", "artist": ["Baby Rose", "Raedio", "Q"], "artistIds": ["6Z4JcgqrqgysyHIPRtDIHo", "0txgDz2yNToARuN2vD7SWD", "22vqVhfPJab5kkU9txDGX3"], "artistPop": [45, 41, 55], "genres": ["alternative r&b", "chill r&b", "indie r&b", "alternative r&b", "chill r&b", "indie r&b"]}, "23adXbXVoTs4P8DKGXF7EG": {"name": "Party Fear", "coverArt": "https://i.scdn.co/image/ab67616d00001e02eaeacb3831e6605ffa93586c", "artist": ["Raleigh Ritchie"], "artistIds": ["0IB0VjX9NSrGX6PjCXGVcq"], "artistPop": [50], "genres": ["uk contemporary r&b"]}, "61zsyCYk8tMlJnljbByjHJ": {"name": "Airplane Mode", "coverArt": "https://i.scdn.co/image/ab67616d00001e021a6d4bc614635ea27098eda6", "artist": ["Marlon Craft"], "artistIds": ["7MigDh04CCntQbsBvugEmb"], "artistPop": [51], "genres": ["nyc rap", "underground hip hop"]}, "0Ggb8W66EWHpCxl7b4AfFq": {"name": "Trainwreck", "coverArt": "https://i.scdn.co/image/ab67616d00001e02c9359ad3d3fbec51d47bff4b", "artist": ["Willie Jones"], "artistIds": ["5OCZWZ399lBKgxBxE8cjRM"], "artistPop": [51], "genres": ["contemporary country"]}, "7Bmd0vPLxSyFFLH7VXm7T2": {"name": "Bug Eyes", "coverArt": "https://i.scdn.co/image/ab67616d00001e02b2cb94f2febe2df19963b6e4", "artist": ["Mt. Joy"], "artistIds": ["69tiO1fG8VWduDl3ji2qhI"], "artistPop": [64], "genres": ["indie folk", "modern rock", "pop rock", "stomp and holler"]}, "1siqwUNydX8aQjUIVvJ6Pz": {"name": "I'll Sleep When I'm Older", "coverArt": "https://i.scdn.co/image/ab67616d00001e0295998c6ca2c759356eee3c3b", "artist": ["Bruno Major"], "artistIds": ["0hDjKSKjl1DC7ovYTDJHe8"], "artistPop": [66], "genres": ["chill r&b", "indie cafe pop", "pop"]}, "5phkYwYlbKlOgmYNEeqkde": {"name": "Rubber Sky - Edit", "coverArt": "https://i.scdn.co/image/ab67616d00001e02604678e81e1cc4b7bdf4a630", "artist": ["LA Priest"], "artistIds": ["2JYMUWD8r1jFFjD1V3WcCX"], "artistPop": [48], "genres": ["alternative dance", "electronica", "filter house", "new rave"]}, "1o6WKtN7NvCnKZ3c1kEJBD": {"name": "Alight", "coverArt": "https://i.scdn.co/image/ab67616d00001e02df93daabb783eb90a9cf1f28", "artist": ["Ninajirachi"], "artistIds": ["3MekbRujJg5VZThubOlrkR"], "artistPop": [38], "genres": ["aussietronica"]}, "3omvXShuRPM3zbDpWYqf5g": {"name": "MORE & MORE", "coverArt": "https://i.scdn.co/image/ab67616d00001e0228e649c0e2d1a3a98ccf8ea3", "artist": ["TWICE"], "artistIds": ["7n2Ycct7Beij7Dj7meI4X0"], "artistPop": [81], "genres": ["k-pop", "k-pop girl group"]}, "4vXwQAwkFesAHOe9V8s5Zv": {"name": "HOLY GHOST", "coverArt": "https://i.scdn.co/image/ab67616d00001e02e37b85b0786eb5f3da98b877", "artist": ["Joey Trap"], "artistIds": ["0qpRQJnULShIWFKhcW5pce"], "artistPop": [56], "genres": ["aesthetic rap", "dark trap", "san diego rap", "underground hip hop", "vapor trap", "viral rap"]}, "4ebB5SB54qE1jdJ7VUU6wa": {"name": "Quarantine (Prod.by Adrian)", "coverArt": "https://i.scdn.co/image/ab67616d00001e024562b192a5532f24b1696e45", "artist": ["IAMDDB"], "artistIds": ["7za6M9P94wuMsOVCHopTsI"], "artistPop": [56], "genres": ["alternative r&b", "uk contemporary r&b"]}, "7h9GhjA4crhzz4z0Qk9h2Q": {"name": "Sweet Tooth Baby", "coverArt": "https://i.scdn.co/image/ab67616d00001e02bd2f6717d512b9013f14d2b3", "artist": ["Ark Woods", "RUSL", "YOREN!"], "artistIds": ["7rFWIQhhSOCe5eCBJhE77e", "2xubHcmLfIGaulRsuseccA", "1q0VsVFCMq4eICivuuJQQW"], "artistPop": [42, 37, 25], "genres": []}, "0ur5EwtVPhEcLunagEKXvF": {"name": "Pieces", "coverArt": "https://i.scdn.co/image/ab67616d00001e023179dd512797164bbe24b4af", "artist": ["Navvy"], "artistIds": ["59uIMi3xrGO0kwfy7Zea24"], "artistPop": [37], "genres": ["nz pop"]}, "2sQaIHfpwW1AFm5uNnrxQR": {"name": "Snacks", "coverArt": "https://i.scdn.co/image/ab67616d00001e025225a38c3fd08bd3f61325f4", "artist": ["Okay Kaya"], "artistIds": ["7d64ZVOXg02y73HB5UMqkb"], "artistPop": [50], "genres": ["art pop", "indie pop"]}, "68UW3plyDDNg1dkNIZRezJ": {"name": "Tinted Eyes (feat. blackbear & 24kGoldn)", "coverArt": "https://i.scdn.co/image/ab67616d00001e02146446703e7f932a909fc6e1", "artist": ["DVBBS", "24kGoldn", "blackbear"], "artistIds": ["5X4LWwbUFNzPkEas04uU82", "6fWVd57NKTalqvmjRd2t8Z", "2cFrymmkijnjDg9SS92EPM"], "artistPop": [68, 81, 84], "genres": ["canadian electronic", "dance pop", "edm", "electro house", "pop dance", "pop edm", "slap house", "tropical house", "cali rap", "pop", "pop rap"]}, "2Nutj7BwscOhrjMSf7YHaJ": {"name": "Something Cosmic", "coverArt": "https://i.scdn.co/image/ab67616d00001e02ae12dd9b0e8b7c3a1210dad8", "artist": ["RIZ LA VIE"], "artistIds": ["0QkgnHpxSCOYdTnhUR9S5k"], "artistPop": [54], "genres": ["alternative r&b", "bedroom soul", "pop rap"]}, "41CGrgMGCVSpWGZKTKmOLF": {"name": "Camel Crew", "coverArt": "https://i.scdn.co/image/ab67616d00001e02900c62778835cdca24dd26d0", "artist": ["Sports Team"], "artistIds": ["04JIxSs2P0iteVWtaskfeh"], "artistPop": [45], "genres": ["english indie rock", "modern alternative rock", "modern rock"]}, "7LByPJBcAtpbqI3GM1zl1f": {"name": "easy for u.", "coverArt": "https://i.scdn.co/image/ab67616d00001e02722894becb78eb5efe9df47f", "artist": ["will hyde"], "artistIds": ["3vNisYibo8wFyD4wxIbSbn"], "artistPop": [40], "genres": []}, "4cZkUkXGaw1D8pkuiKZY9J": {"name": "Fragile", "coverArt": "https://i.scdn.co/image/ab67616d00001e0256b0a2842389d161f62f656e", "artist": ["Benjamin Carter", "Appleby"], "artistIds": ["2mN6M9Kde408WNk0YrHnQn", "4Y2i9jhU3jW0PVsvTLIbWX"], "artistPop": [28, 46], "genres": ["alternative r&b"]}, "6T63a5cUKBQbPYea8AUVWd": {"name": "Let the Music Decide - Edit", "coverArt": "https://i.scdn.co/image/ab67616d00001e02032b7e04b8f703111c8efc15", "artist": ["Faithless"], "artistIds": ["5T4UKHhr4HGIC0VzdZQtAE"], "artistPop": [62], "genres": ["big beat", "downtempo", "electronica", "trip hop"]}, "3hMgyGBkNb9Ah1rDzlELIK": {"name": "Dance Dance Dance", "coverArt": "https://i.scdn.co/image/ab67616d00001e023aa83b4795e58c5b50d0e937", "artist": ["Astrid S"], "artistIds": ["3AVfmawzu83sp94QW7CEGm"], "artistPop": [71], "genres": ["alt z", "dance pop", "electropop", "indie cafe pop", "norwegian pop", "pop", "post-teen pop", "tropical house", "uk pop"]}, "2btKz4s1XrMn5VHe7xZJpi": {"name": "Que Mal Te Fue", "coverArt": "https://i.scdn.co/image/ab67616d00001e02582046aa12b7f944e8f4f212", "artist": ["Natti Natasha"], "artistIds": ["1GDbiv3spRmZ1XdM1jQbT7"], "artistPop": [80], "genres": ["latin", "latin pop", "rap latina", "reggaeton", "trap latino"]}, "6uT0exxkTCIkfGG5yXRFEA": {"name": "Burn", "coverArt": "https://i.scdn.co/image/ab67616d00001e02169f133c80dd7d89f778ea92", "artist": ["Hinds"], "artistIds": ["4piFCokRN13muTud5Y2lhz"], "artistPop": [43], "genres": ["bubblegrunge", "indie surf"]}, "2cGIuJoxAapOm6CLgQF0QA": {"name": "WOO Forever", "coverArt": "https://i.scdn.co/image/ab67616d00001e0274091480057c01527c603a99", "artist": ["Rah Swish"], "artistIds": ["4FeLiFUPdxVfFo8oOfA4BH"], "artistPop": [59], "genres": ["brooklyn drill", "new york drill", "nyc rap"]}, "7uchxK1pTpPwK4rO5SWiyV": {"name": "Dope Sh*t (feat. D'Rick)", "coverArt": "https://i.scdn.co/image/ab67616d00001e02d0be6a88415c96dae37fc0e5", "artist": ["Big Havi", "D'Rick"], "artistIds": ["5cBYCQwYq0heqBluY3VY1v", "2KjUVfdAq1yVOymXHeEcxh"], "artistPop": [40, 8], "genres": ["atl hip hop"]}, "09ZF0eBM1d5wwFuFGsknNu": {"name": "Wake Up!", "coverArt": "https://i.scdn.co/image/ab67616d00001e0259e00697a76d4e1ba62b27bf", "artist": ["Halima"], "artistIds": ["3bSZmhmZ0bWMkMl37DK5ap"], "artistPop": [33], "genres": []}, "4YSIzMV6CV0os1HcdsCQ55": {"name": "Changing Your Story", "coverArt": "https://i.scdn.co/image/ab67616d00001e02ed95da5ad0688b08469d46f5", "artist": ["Jekalyn Carr"], "artistIds": ["5ynRYAGjyPDE8unsFqi6MH"], "artistPop": [50], "genres": ["gospel"]}, "0mNfqyYGBbaT82lzl49ifi": {"name": "Completely", "coverArt": "https://i.scdn.co/image/ab67616d00001e02ad22af143dfd75bb83e823a6", "artist": ["Allan Rayman"], "artistIds": ["6Yv6OBXD6ZQakEljaGaDAk"], "artistPop": [53], "genres": ["canadian contemporary r&b", "modern alternative rock"]}, "5Bp9IhwqwO3Z1o8TeZtTIv": {"name": "Unready - aO2Sk", "coverArt": "https://i.scdn.co/image/ab67616d00001e026bc2380ecef9d0e34138e3cc", "artist": ["Gordi"], "artistIds": ["6UBMFaCTZnL1Hr1nTOEblM"], "artistPop": [49], "genres": ["australian electropop", "australian indie", "australian pop"]}, "6L5gbuha1LkC25Wt2o5wlO": {"name": "Kelly", "coverArt": "https://i.scdn.co/image/ab67616d00001e02c305e35afc03bfcd8eef92da", "artist": ["The Aces"], "artistIds": ["2AmfMGi3WZMxqFDHissIAe"], "artistPop": [55], "genres": ["alt z", "electropop", "indie pop", "indie poptimism", "pop"]}, "25c15KvAiyM8DNmDoFqwzm": {"name": "B\u00e9same (I Need You) (with TINI & Reik)", "coverArt": "https://i.scdn.co/image/ab67616d00001e02f2a8f6b26b357bfb96e83cbb", "artist": ["R3HAB", "TINI", "Reik"], "artistIds": ["6cEuCEZu7PAE9ZSzLLc2oQ", "7vXDAI8JwjW531ouMGbfcp", "0vR2qb8m9WHeZ5ByCbimq2"], "artistPop": [78, 81, 82], "genres": ["dance pop", "dutch house", "edm", "electro house", "pop", "pop dance", "progressive electro house", "slap house", "tropical house", "latin pop", "pop argentino", "latin", "latin arena pop", "latin pop", "mexican pop"]}, "6vxe7lorQ031JgyXAuF95r": {"name": "Tiptoes", "coverArt": "https://i.scdn.co/image/ab67616d00001e0249056d8c76e1957eb5136512", "artist": ["Two Door Cinema Club"], "artistIds": ["536BYVgOnRky0xjsPT96zl"], "artistPop": [69], "genres": ["alternative dance", "indietronica", "irish rock", "modern alternative rock", "modern rock", "northern irish indie", "rock"]}, "1eoePuuJJsyUFCpuwBKjcM": {"name": "bus ride away", "coverArt": "https://i.scdn.co/image/ab67616d00001e0269f2f32c5b7d68b52efaa72a", "artist": ["Bryce Xavier"], "artistIds": ["37B3PAqckRMx2Z8Z6UqzW4"], "artistPop": [37], "genres": []}, "7fliI0RAVoRUKglOS9GzAc": {"name": "Such Is Life", "coverArt": "https://i.scdn.co/image/ab67616d00001e0216e24c347eec6800859dcb13", "artist": ["Sammie"], "artistIds": ["4p07QU02SrLsaORo25h2Lg"], "artistPop": [63], "genres": ["hip pop", "pop r&b", "pop rap", "r&b", "urban contemporary"]}, "1zCcS0YnIgxE18QbQ4uYE5": {"name": "BLK XN BLK.", "coverArt": "https://i.scdn.co/image/ab67616d00001e0248d9257d5eb3bc952bf5d489", "artist": ["Scarlxrd"], "artistIds": ["6rYogEVj60BCIsLukpAnwr"], "artistPop": [65], "genres": ["dark trap", "scream rap", "underground hip hop"]}, "2SHud7nTCHPkT37gvvHx86": {"name": "Esperanza", "coverArt": "https://i.scdn.co/image/ab67616d00001e02125452722f05dc470062553a", "artist": ["Bambino"], "artistIds": ["7dgGnXd7oJUcLcDeLhIVag"], "artistPop": [21], "genres": []}, "13w2dWnlEUz7NrysWqNXSV": {"name": "i want you", "coverArt": "https://i.scdn.co/image/ab67616d00001e02e3d8c0e1bfd8cc699e69ef58", "artist": ["George Barnett"], "artistIds": ["40OV4nFVZqdXDjPumwcywN"], "artistPop": [37], "genres": []}, "0NbDnRbBxUaT27CTgmraSG": {"name": "Black Converse", "coverArt": "https://i.scdn.co/image/ab67616d00001e023708d8d57cfb733184a69918", "artist": ["LOVA"], "artistIds": ["1l2NYhptmHjo64MDOcej1x"], "artistPop": [57], "genres": ["alt z", "swedish pop"]}, "4DQPV40vYTb5xx8IXs8dhw": {"name": "All at Once", "coverArt": "https://i.scdn.co/image/ab67616d00001e02b8d648fd570af550e4f7f669", "artist": ["Half Moon Run"], "artistIds": ["3ceQN2NVlLg1hgTzljDE4n"], "artistPop": [56], "genres": ["canadian indie", "indie quebecois", "quebec indie"]}, "7FfNuPXsmhAKaNPyhjecyt": {"name": "Complicated", "coverArt": "https://i.scdn.co/image/ab67616d00001e02741d0b79082e34c21b3e1d8f", "artist": ["Eves Karydas"], "artistIds": ["7MbSdIkdgkwmVxObpCg87e"], "artistPop": [44], "genres": ["australian indie", "australian pop", "brisbane indie"]}, "0f4v6wyc84sAPYHsLGCwvC": {"name": "No Flag", "coverArt": "https://i.scdn.co/image/ab67616d00001e02a056f8e0a3afa2678d32654e", "artist": ["Elvis Costello"], "artistIds": ["2BGRfQgtzikz1pzAD0kaEn"], "artistPop": [57], "genres": ["art rock", "folk", "folk rock", "mellow gold", "new wave pop", "permanent wave", "power pop", "pub rock", "rock", "roots rock", "singer-songwriter"]}, "1zqdXX6w1U7T8blilOYuoJ": {"name": "Cameo", "coverArt": "https://i.scdn.co/image/ab67616d00001e02ec49b038aef5b3cd2380fc53", "artist": ["Rolling Blackouts Coastal Fever"], "artistIds": ["65mMkD9WW39U9Yadv0dWUF"], "artistPop": [46], "genres": ["australian garage punk", "indie rock", "modern jangle pop", "modern rock"]}, "2NsfwWCYICgrd7wH76gtEU": {"name": "Call Me Up", "coverArt": "https://i.scdn.co/image/ab67616d00001e024810ece4e89d5f6eeca1f120", "artist": ["sophiemarie.b"], "artistIds": ["5tCYURgTmdP64OCLu5djQG"], "artistPop": [44], "genres": []}, "79EP6JDrAEcyiidpt8jSuc": {"name": "Answer", "coverArt": "https://i.scdn.co/image/ab67616d00001e02eca1bf43a9277f2c24749b4a", "artist": ["Griffin Oskar"], "artistIds": ["5ziQ5Xt7CSrcnatEC4Ufy6"], "artistPop": [34], "genres": []}, "0NRiPoaxlU83gWc8OXcihH": {"name": "Lonely Boy", "coverArt": "https://i.scdn.co/image/ab67616d00001e029ef440e51ec5225bc8789930", "artist": ["Becca Mancari"], "artistIds": ["5n9jfCRA7AFY1JfYc5ZYK5"], "artistPop": [41], "genres": ["indie folk", "nashville indie", "nashville singer-songwriter"]}, "2Znde4rVNoR2R2n42bjMVE": {"name": "The Who's Who of Who Cares", "coverArt": "https://i.scdn.co/image/ab67616d00001e0222fc22e6d65d9f5344fa4add", "artist": ["Dougie Poole"], "artistIds": ["2GubanPI94YiSAy9uVC51y"], "artistPop": [34], "genres": ["alternative country"]}, "4i5ZhW2JbxATet7OlzTE1z": {"name": "Always Forever", "coverArt": "https://i.scdn.co/image/ab67616d00001e02c73f32363a554fbf8b1f167f", "artist": ["Aquilo"], "artistIds": ["26GHRG8x1F4AzbCKzUaIbw"], "artistPop": [59], "genres": ["indie anthem-folk", "indie cafe pop", "vapor soul"]}, "01ss0k0y5wU64zexY1E15Y": {"name": "Got No Love", "coverArt": "https://i.scdn.co/image/ab67616d00001e02ab195715a6e5d06c499d94f1", "artist": ["Lilacs.", "G Lun\u00e9", "mikefellow"], "artistIds": ["2MgMN5BR3mfAMR5y7S2UIr", "11IkPAEv36afGTiydLyDI0", "1KV2JgZ6FtrTN2bkBIhMkc"], "artistPop": [40, 21, 3], "genres": []}, "34C2tN6vA0AhLRffoYLCnA": {"name": "Actor", "coverArt": "https://i.scdn.co/image/ab67616d00001e02d46844cb9bc67f507be27102", "artist": ["Bickleboy"], "artistIds": ["4EiOZ9dwFt1s8ROGWwyB2e"], "artistPop": [12], "genres": []}, "3KQJf6Y3mDmXcSkMNXITMJ": {"name": "Hallucinogen (Trippin')", "coverArt": "https://i.scdn.co/image/ab67616d00001e02a59b0c7ba10e470c4829b33f", "artist": ["Ncognita"], "artistIds": ["5cbFRX9vfBg6rtjN1V0VTI"], "artistPop": [24], "genres": ["indie hip hop"]}, "0T9iryDb2VWi1t3qZldJex": {"name": "Next Day", "coverArt": "https://i.scdn.co/image/ab67616d00001e020b8c5a111ca12b78e3c4cce4", "artist": ["Dany Neville", "T-Pain", "Happi"], "artistIds": ["25eSvHHBfgPVlQLGN4HPkU", "3aQeKQSyrW4qWr35idm0cy", "6JboUw8iZP7Ts7fDcVowP4"], "artistPop": [16, 80, 30], "genres": ["dance pop", "hip hop", "pop", "pop rap", "r&b", "rap", "southern hip hop", "urban contemporary", "uk christian rap"]}, "2Mwy0gSLVl5V8Bzgb1ajLr": {"name": "Miami", "coverArt": "https://i.scdn.co/image/ab67616d00001e026a783d38a9fd6f0d47c051c5", "artist": ["Ronny J", "Sfera Ebbasta", "Duki"], "artistIds": ["3TKCdsX8yNNoiC1gesn6or", "23TFHmajVfBtlRx5MXqgoz", "1bAftSH8umNcGZ0uyV7LMg"], "artistPop": [55, 78, 85], "genres": ["melodic rap", "miami hip hop", "underground hip hop", "vapor trap", "italian hip hop", "italian pop", "trap italiana", "argentine hip hop", "trap argentino", "trap latino", "trap triste"]}, "7wzMnW91GRj3qV6Q4nZQx7": {"name": "Prisoner of Love", "coverArt": "https://i.scdn.co/image/ab67616d00001e02afef73c4a1ba78f9a330e3b0", "artist": ["NZCA LINES"], "artistIds": ["1pmvcZaqyRJw8o6at71MJP"], "artistPop": [35], "genres": ["chillwave"]}, "4I2a8bf6aQoNOOJ6B7rI8h": {"name": "Banger", "coverArt": "https://i.scdn.co/image/ab67616d00001e021710d352ea71b70558726a7d", "artist": ["Skiibii", "Reekado Banks"], "artistIds": ["72Z2AhMKpxZjLNnPMyinUE", "3bxZkzk0PLHcetO9o4oxXn"], "artistPop": [41, 50], "genres": ["afropop", "nigerian pop", "afro dancehall", "afropop", "azontobeats", "nigerian hip hop", "nigerian pop"]}, "48HGEnYnSIe1BlarMYUIQd": {"name": "Still Frames", "coverArt": "https://i.scdn.co/image/ab67616d00001e02caccc403c5f0a4735e2b60b7", "artist": ["Caroline Kole"], "artistIds": ["3kmXbS3akWikVvZNGpYEvu"], "artistPop": [43], "genres": ["alt z", "shimmer pop"]}, "2yRplNEoiOPbHhJaPSfb65": {"name": "Jet Black", "coverArt": "https://i.scdn.co/image/ab67616d00001e02c41e5eae7dedb6d0b1a1326c", "artist": ["New Atlas"], "artistIds": ["6lb9K0zUav7keOMsR6GZ8Z"], "artistPop": [22], "genres": ["uk pop"]}, "0N1IOi8D016HJxkMs2jc0n": {"name": "Hold Up", "coverArt": "https://i.scdn.co/image/ab67616d00001e0254e71f3d9015d25611bbf5c3", "artist": ["Keeka"], "artistIds": ["2HjdwysIn3UuJAHWzk6URI"], "artistPop": [7], "genres": []}, "3Q8sfLu6ROukVMiDfFFAxm": {"name": "These Days", "coverArt": "https://i.scdn.co/image/ab67616d00001e0210e50e0870ccb6b029492a2a", "artist": ["Marsicans"], "artistIds": ["7MkyChCSbNBozQ6jq79lop"], "artistPop": [30], "genres": ["english indie rock", "leeds indie"]}, "4Ffh52csT3bI7hVoih1vo1": {"name": "Hometown", "coverArt": "https://i.scdn.co/image/ab67616d00001e025948b84507c3ddf9e05d9133", "artist": ["Sarah Jarosz"], "artistIds": ["6nFBonVf7Lqaj05R0v5VGJ"], "artistPop": [57], "genres": ["folk", "indie folk", "lilith", "new americana", "progressive bluegrass", "roots rock", "stomp and holler"]}, "5WM0171dUFCod7lCECyNdL": {"name": "I Belong to You", "coverArt": "https://i.scdn.co/image/ab67616d00001e02a3f4de426e0339cb7b1ce832", "artist": ["Blanco White"], "artistIds": ["3ccVtqcqedranb7y8eywJ5"], "artistPop": [55], "genres": ["british singer-songwriter", "indie anthem-folk", "indie folk"]}, "64yyyhvsrS8OssAaKK93lv": {"name": "yaya my favorite", "coverArt": "https://i.scdn.co/image/ab67616d00001e02acc87f28a20ef088db23e17a", "artist": ["duendita"], "artistIds": ["4vZBqD3QXrKiE3mZ6zHr22"], "artistPop": [41], "genres": ["alternative r&b", "bedroom soul"]}, "62V4ytEZURvDdECxafpZrt": {"name": "Day & Age", "coverArt": "https://i.scdn.co/image/ab67616d00001e02733223d0cafce1cc41297c62", "artist": ["Ball Park Music"], "artistIds": ["1ououJVWgWsHWMYDLvT7sH"], "artistPop": [52], "genres": ["australian garage punk", "australian indie", "australian pop", "brisbane indie"]}, "3VbfzFfhUBkyxGvkveMS5N": {"name": "See You Soon", "coverArt": "https://i.scdn.co/image/ab67616d00001e028e7f5ebed52f41da195016a1", "artist": ["Marlhy"], "artistIds": ["1fvH6NeNDohKGKwvRiebRA"], "artistPop": [28], "genres": []}, "1Ru6MKnrv8fKZVSHfgtvvB": {"name": "Fumes", "coverArt": "https://i.scdn.co/image/ab67616d00001e025640ece1fd7e1a59a88a268e", "artist": ["Trella"], "artistIds": ["4YpLN8ZByubASuWnxWokRT"], "artistPop": [36], "genres": ["indie electropop", "indie poptimism", "jacksonville indie"]}, "7rVqMKybPxJgM6iSodqIUA": {"name": "A Piano Song", "coverArt": "https://i.scdn.co/image/ab67616d00001e024e0a511c3ba1078d598549f5", "artist": ["RAIZA BIZA"], "artistIds": ["5woPu1EbjrUxdisOcQL7uo"], "artistPop": [36], "genres": ["nz hip hop", "rwandan hip hop"]}, "13fgonet6jkJqBZJ532uyb": {"name": "Cut You Loose", "coverArt": "https://i.scdn.co/image/ab67616d00001e02f32e6c03a2c1dec42e7fe42d", "artist": ["Anna Dellaria"], "artistIds": ["1VIvKUaSkkzbWE4oWVpGaR"], "artistPop": [18], "genres": ["indie electropop"]}, "6HaSuSLoKNRETYbCjlKGBW": {"name": "Lay Low", "coverArt": "https://i.scdn.co/image/ab67616d00001e0201e374c8b163ef64efc3b465", "artist": ["Nick De La Hoyde"], "artistIds": ["18mzCRQrbmF9fsWQo3TUuE"], "artistPop": [36], "genres": []}, "7n3fomTCupTqaS3BGeUbQV": {"name": "Ghost Next Door", "coverArt": "https://i.scdn.co/image/ab67616d00001e0215d50f8fa97334157c6d9d62", "artist": ["ohsobrkn", "fawlin"], "artistIds": ["15wE1qOqrPevLWIdBcJCce", "1u5hEHvd4fpHDUye3r9lAm"], "artistPop": [35, 44], "genres": ["sad rap", "sad rap"]}, "5tEil1joEke7qgGRiSDcCa": {"name": "Looku Looku", "coverArt": "https://i.scdn.co/image/ab67616d00001e023a9d3931b1c7e1fc9f2c969a", "artist": ["Kelvin Boj"], "artistIds": ["35d71DSwWqCQwKCsLARYOE"], "artistPop": [20], "genres": ["basshall"]}, "0WolkJsFsGMiQ3O30T1Dh6": {"name": "It's Alright", "coverArt": "https://i.scdn.co/image/ab67616d00001e0247cc2eefc41a4701b8e1cae5", "artist": ["Feiertag", "James Alexander Bright"], "artistIds": ["1GLnhRhNDXOofP7IlDxT5q", "3Es7r3RmlcHHXqHM723JLC"], "artistPop": [38, 32], "genres": []}, "6e6X6mCdYA1e4A74InsZCY": {"name": "7 Cigs", "coverArt": "https://i.scdn.co/image/ab67616d00001e024d4d233414f86c3b582b4e0c", "artist": ["emir taha"], "artistIds": ["1zofEGCCvRwAdhetK573gb"], "artistPop": [56], "genres": ["turkish trap pop"]}, "2RnaVjk3Uyq6owTyCCe8iN": {"name": "Going South", "coverArt": "https://i.scdn.co/image/ab67616d00001e02ca818e2cb18eaaa10bd8ce52", "artist": ["Voodoos"], "artistIds": ["5ya7iEj2gouDgi5aFiA1e8"], "artistPop": [24], "genres": ["scottish indie rock"]}, "5fFQBL8Pnvnc9uszdadT7i": {"name": "Stay", "coverArt": "https://i.scdn.co/image/ab67616d00001e02668841f5a2625b02b07249a7", "artist": ["Ghostly Kisses"], "artistIds": ["7EkzQPP0cgt2qCnXUg6PHj"], "artistPop": [50], "genres": ["vapor soul"]}, "3qkRX2IIiiIn5bOwjZy8cH": {"name": "strawberry lemonade", "coverArt": "https://i.scdn.co/image/ab67616d00001e02fe19b864521a8a1a3725ed27", "artist": ["toast"], "artistIds": ["3Nz5FVEfruc2XuwrGdeHeC"], "artistPop": [23], "genres": []}, "5R1sD4DGrQ1mHquN2sSKIw": {"name": "Blues to Green", "coverArt": "https://i.scdn.co/image/ab67616d00001e02d666fcf990e6ca6fd1996e36", "artist": ["Jaspa", "Teon Gibbs"], "artistIds": ["5xQb0BbEHtS2lrlIVtyd6I", "6C526McCewIs40ZHQLrmZm"], "artistPop": [35, 24], "genres": ["chill pop", "bc underground hip hop", "canadian hip hop"]}, "3vutFeUl31fjJyPpAGmLGf": {"name": "Breathe Again", "coverArt": "https://i.scdn.co/image/ab67616d00001e0258062895e9341414820270f6", "artist": ["Harrison Storm"], "artistIds": ["5Ld19xtpAR80G2boTcHaVx"], "artistPop": [56], "genres": ["indie anthem-folk", "indie folk", "indiecoustica"]}}