{"25r6MZ4Gtd76l43qnZI1DG": {"name": "Flocky Flocky (feat. Travis Scott)", "coverArt": "https://i.scdn.co/image/ab67616d00001e02ab738b25b86bf02f0346c53d", "artist": ["Don Toliver", "Travis Scott"], "artistIds": ["4Gso3d4CscCijv0lmajZWs", "0Y5tJX1MQlPlqiwlOH1tJY"], "artistPop": [86, 93], "genres": ["pop", "rap", "trap", "rap", "slap house"]}, "78SCmQ8A7KQSMdkem2SwBP": {"name": "MAMMAMIA", "coverArt": "https://i.scdn.co/image/ab67616d00001e02f8fe1aa3779aba71dad9f641", "artist": ["M\u00e5neskin"], "artistIds": ["0lAWpj5szCSwM4rUMHYmrr"], "artistPop": [88], "genres": ["indie rock italiano", "italian pop"]}, "08g7wxW8iELmpxO0ppcwnI": {"name": "I must apologise", "coverArt": "https://i.scdn.co/image/ab67616d00001e020e3ad9f7e35b2d2e39c58e81", "artist": ["PinkPantheress"], "artistIds": ["78rUTD7y6Cy67W1RVzYs7t"], "artistPop": [78], "genres": []}, "2pSsHnjAgEPjHmet7ChlHQ": {"name": "Coming Back (feat. SZA)", "coverArt": "https://i.scdn.co/image/ab67616d00001e0238d030048ec770b15633dbc1", "artist": ["James Blake", "SZA"], "artistIds": ["53KwLdlmrlCelAZMaLVZqU", "7tYKF4w9nC0nq9CsPZTHyP"], "artistPop": [75, 87], "genres": ["alternative r&b", "indie soul", "uk alternative pop", "pop", "r&b", "rap"]}, "4gzsuuZypVbxs0Af1LSZyB": {"name": "Lo Siento BB:/ (with Bad Bunny & Julieta Venegas)", "coverArt": "https://i.scdn.co/image/ab67616d00001e02d2dcc68851d00413147d9af6", "artist": ["Tainy", "Bad Bunny", "Julieta Venegas"], "artistIds": ["0GM7qgcRCORpGnfcN2tCiB", "4q3ewBCX7sLwd24euuV69X", "2QWIScpFDNxmS6ZEMIUvgm"], "artistPop": [84, 97, 78], "genres": ["latin", "latin hip hop", "latin pop", "pop reggaeton", "reggaeton", "trap latino", "latin", "reggaeton", "trap latino", "latin", "latin alternative", "latin pop", "latin rock", "rock en espanol"]}, "24OeEKPQ8qqNZnPevRHxUT": {"name": "Red Eye (feat. TroyBoi)", "coverArt": "https://i.scdn.co/image/ab67616d00001e020cad1d28e91209690bdfb907", "artist": ["Justin Bieber", "TroyBoi"], "artistIds": ["1uNFoZAHBGtllmzznpCI3s", "0tvpihdAsKiNnP6sWS3jUI"], "artistPop": [96, 70], "genres": ["canadian pop", "pop", "bass trap", "edm", "electro house", "electronic trap"]}, "46OaeacE8RjnE49MB5B2Lt": {"name": "Working for the Knife", "coverArt": "https://i.scdn.co/image/ab67616d00001e02f37ac54d8f3e45f0d1d015bd", "artist": ["Mitski"], "artistIds": ["2uYWxilOVlUdk4oV9DvwqK"], "artistPop": [81], "genres": ["brooklyn indie", "indie pop"]}, "6Dbjbkuzp4QEudONcqFNsi": {"name": "yoga (feat. Rebecca Black)", "coverArt": "https://i.scdn.co/image/ab67616d00001e028c25aa58d7e0894df7436348", "artist": ["bbno$", "Rebecca Black"], "artistIds": ["41X1TR6hrK8Q2ZCpp2EqCz", "3Vl9fyKMIdLMswk8ai3mm9"], "artistPop": [80, 56], "genres": ["canadian hip hop", "dark trap", "vapor trap", "dance pop", "electropop", "escape room", "hyperpop", "pop", "post-teen pop"]}, "4CoAPaFaOz8e9o8MhpjWBp": {"name": "Luv Em All", "coverArt": "https://i.scdn.co/image/ab67616d00001e02fe29ee6666fef23e2c7e5439", "artist": ["Sleepy Hallow"], "artistIds": ["6EPlBSH2RSiettczlz7ihV"], "artistPop": [83], "genres": ["brooklyn drill", "nyc rap"]}, "4wuMS7NGVbU7hdu94K5icd": {"name": "Prada (feat. Lil Tecca)", "coverArt": "https://i.scdn.co/image/ab67616d00001e02ea008e6eb7f285b45a8a8cd5", "artist": ["24kGoldn", "Lil Tecca"], "artistIds": ["6fWVd57NKTalqvmjRd2t8Z", "4Ga1P7PMIsmqEZqhYZQgDo"], "artistPop": [82, 84], "genres": ["cali rap", "melodic rap", "rap", "trap"]}, "1rjnHhnDtoboZAXJyJgzaz": {"name": "Super", "coverArt": "https://i.scdn.co/image/ab67616d00001e021413ab240d1c8c0892a1447b", "artist": ["Cordae"], "artistIds": ["0huGjMyP507tBCARyzSkrv"], "artistPop": [72], "genres": ["dmv rap", "hip hop", "rap", "trap", "underground hip hop", "vapor trap"]}, "0M6kxde1FdGI95X0XPuru6": {"name": "Born Yesterday", "coverArt": "https://i.scdn.co/image/ab67616d00001e02c03e838fcebc6a9330e628e7", "artist": ["Arca", "Sia"], "artistIds": ["4SQdUpG4f7UbkJG3cJ2Iyj", "5WUlDfRSoLAfcVSX1WnrxN"], "artistPop": [63, 87], "genres": ["ai", "art pop", "dance pop", "deconstructed club", "electropop", "escape room", "experimental pop", "fluxwork", "pop", "australian dance", "australian pop", "pop"]}, "5PlTDE2RLbcC9vBzbGAG4y": {"name": "argyle", "coverArt": "https://i.scdn.co/image/ab67616d00001e02788291d70768119470b921db", "artist": ["brakence"], "artistIds": ["4kqFrZkeqDfOIEqTWqbOOV"], "artistPop": [61], "genres": ["emo rap", "glitchcore", "pop rap", "sad rap"]}, "4nOr5Mas8g2cF5CfTHZfpY": {"name": "Late to the Party", "coverArt": "https://i.scdn.co/image/ab67616d00001e020cbe12c21aaccee0a9e076e3", "artist": ["Joyner Lucas", "Ty Dolla $ign"], "artistIds": ["6C1ohJrd5VydigQtaGy5Wa", "7c0XG5cIJTrrAgEC3ULPiq"], "artistPop": [79, 87], "genres": ["boston hip hop", "hip hop", "pop rap", "rap", "hip hop", "pop", "pop rap", "r&b", "southern hip hop", "trap", "trap soul"]}, "59nbIJxGb1qkrzbtTomZkL": {"name": "Boyz (feat. Nicki Minaj)", "coverArt": "https://i.scdn.co/image/ab67616d00001e0238a6f4f5aa0c45cabcd95fa6", "artist": ["Jesy Nelson", "Nicki Minaj"], "artistIds": ["73KwqWuob0R53I14Vs56p9", "0hCNtLu0JehylgoiP8L4Gh"], "artistPop": [61, 89], "genres": ["dance pop", "pop", "post-teen pop", "dance pop", "hip pop", "pop", "pop rap", "queens hip hop"]}, "6eutgX6jfXAsjTXgQtCtYV": {"name": "girls girls girls", "coverArt": "https://i.scdn.co/image/ab67616d00001e02df3b152de2710e272ace62cc", "artist": ["FLETCHER"], "artistIds": ["5qa31A9HySw3T7MKWI9bGg"], "artistPop": [71], "genres": ["alt z", "dance pop", "electropop", "indie poptimism", "pop", "post-teen pop", "social media pop"]}, "7weX6syqklVQocpVVmDNwI": {"name": "Love Back", "coverArt": "https://i.scdn.co/image/ab67616d00001e02b6cd014d6c38a275f874b5ce", "artist": ["Why Don't We"], "artistIds": ["2jnIB6XdLvnJUeNTy5A0J2"], "artistPop": [74], "genres": ["boy band", "dance pop", "pop", "post-teen pop", "teen pop"]}, "5HAb0wyZ43o9iKP0kBH8jG": {"name": "Nikes", "coverArt": "https://i.scdn.co/image/ab67616d00001e02c3630f294f84ed2e2c9ed9e4", "artist": ["Julia Wolf"], "artistIds": ["5yvGiZLSWJTPBlZpVbPnEZ"], "artistPop": [53], "genres": ["alt z", "indie electropop"]}, "6GbvWYsT5sWXYgo8Bw6HPE": {"name": "West Indies", "coverArt": "https://i.scdn.co/image/ab67616d00001e0269c5d93128e30dc5a4f6f712", "artist": ["Koffee"], "artistIds": ["1gWjcmBsveEYMxOZ0VRi32"], "artistPop": [63], "genres": ["dancehall", "modern reggae"]}, "2P4ma4sZZWsbeD1HFw6dbe": {"name": "Hands Up (feat. Morray)", "coverArt": "https://i.scdn.co/image/ab67616d00001e022e2d254a122004216e5b5828", "artist": ["Tyla Yaweh", "Morray"], "artistIds": ["1MXZ0hsGic96dWRDKwAwdr", "44vREmJC0OlVZjZaGLqVEd"], "artistPop": [69, 71], "genres": ["cali rap", "melodic rap", "pop rap", "rap", "trap"]}, "0pj4T7AzKyVOYmnSnxgdge": {"name": "HARMONY", "coverArt": "https://i.scdn.co/image/ab67616d00001e02b011d90702ba01e5fea67592", "artist": ["347aidan"], "artistIds": ["0bBz5bRBkExaej2HxtVfCw"], "artistPop": [72], "genres": ["sad lo-fi", "sad rap"]}, "5gOyjqIifZ9NqVcaIIlqv7": {"name": "god of the sunsets", "coverArt": "https://i.scdn.co/image/ab67616d00001e02db233b9a1978f9dfd28abacf", "artist": ["SEB"], "artistIds": ["7oPxPZSk7y5q0fhzpmX5Gi"], "artistPop": [64], "genres": []}, "136J2Jkg8sG7P5wilO9P1R": {"name": "Meant To Be", "coverArt": "https://i.scdn.co/image/ab67616d00001e02d8f9759098abaa843389e344", "artist": ["Ber", "Charlie Oriain"], "artistIds": ["3yojdgzMmWK3m7QABkOr7x", "0rNWn0b2f8PiL8VAdDR152"], "artistPop": [52, 48], "genres": ["gen z singer-songwriter"]}, "6xhBaQpuBF2jdiDuropTBy": {"name": "Hysterical Us", "coverArt": "https://i.scdn.co/image/ab67616d00001e0258fd64b107999b2e60c3d9c8", "artist": ["Magdalena Bay"], "artistIds": ["1oPRcJUkloHaRLYx0olBLJ"], "artistPop": [60], "genres": ["electropop", "escape room", "hyperpop", "la pop"]}, "7166FiVEnGCG27MITo4kXC": {"name": "Garden Party", "coverArt": "https://i.scdn.co/image/ab67616d00001e029e7bd18a2d945e57559b3b9d", "artist": ["Masego", "Big Boi", "JID"], "artistIds": ["3ycxRkcZ67ALN3GQJ57Vig", "2ht3wxeT69CzyKFChNnNAB", "6U3ybJ9UHNKEdsH7ktGBZ7"], "artistPop": [73, 63, 74], "genres": ["alternative r&b", "alternative hip hop", "atl hip hop", "dirty south rap", "hip hop", "southern hip hop", "hip hop", "rap", "underground hip hop"]}, "5xiAfKzE3mbxYbOkUZPR11": {"name": "Ateo", "coverArt": "https://i.scdn.co/image/ab67616d00001e02ef0cbc8ab511564631677a5c", "artist": ["C. Tangana", "Nathy Peluso"], "artistIds": ["5TYxZTjIPqKM8K8NuP9woO", "3VHAySZQPlfGlNLslzXYpN"], "artistPop": [79, 73], "genres": ["urbano espanol", "r&b en espanol", "rap latina"]}, "05iLS2VOLss6mnHYDV0Lfd": {"name": "Thriving", "coverArt": "https://i.scdn.co/image/ab67616d00001e02b176e23e90fac46ce50d1b06", "artist": ["UPSAHL"], "artistIds": ["1294QqYm1VuxxjRiL9M0h9"], "artistPop": [68], "genres": ["alt z", "electropop", "indie pop", "indie poptimism", "modern indie pop", "modern rock", "pop", "social media pop"]}, "1W1fTA8eoQ7SwlWaQc2iTK": {"name": "mental anguish", "coverArt": "https://i.scdn.co/image/ab67616d00001e02e427154ba07871825a9ac721", "artist": ["glaive", "ericdoa"], "artistIds": ["4cJKDGSv4Dz9QycXYmo565", "4hR6Bm9YYtktXzjmKhb1Cn"], "artistPop": [68, 65], "genres": ["glitchcore", "hyperpop", "emo rap", "glitchcore"]}, "3rPvqdTUROO6eFGFJnY6Jr": {"name": "Hi-Lo", "coverArt": "https://i.scdn.co/image/ab67616d00001e02f12dbf227ce34663c5800299", "artist": ["AJ Mitchell"], "artistIds": ["6dn6x1XOng3LOAnfTjUn77"], "artistPop": [69], "genres": ["alt z", "dance pop", "electropop", "pop", "post-teen pop", "social media pop"]}, "5AihIu9yF3flkw1jFMyfwW": {"name": "Human", "coverArt": "https://i.scdn.co/image/ab67616d00001e02d249311c1e8dcf6d91d35558", "artist": ["Cody Johnson"], "artistIds": ["6zLBxLdl60ekBLpawtT63I"], "artistPop": [75], "genres": ["contemporary country", "country road", "texas country"]}, "3YaycOQk7PoQpl7YdvmWdX": {"name": "No Hard Feelings", "coverArt": "https://i.scdn.co/image/ab67616d00001e02eecdbeb4e7b1263a0306943e", "artist": ["Old Dominion"], "artistIds": ["6y8XlgIV8BLlIg1tT1R10i"], "artistPop": [73], "genres": ["contemporary country", "country", "country road"]}, "2c0NslS6dfGp1LT1iXbqyS": {"name": "Chapstick", "coverArt": "https://i.scdn.co/image/ab67616d00001e02cc0301cd8b8ff70ef79090ff", "artist": ["COIN"], "artistIds": ["0ZxZlO7oWCSYMXhehpyMvE"], "artistPop": [69], "genres": ["indie pop", "indie poptimism", "modern alternative rock", "modern rock", "pop", "pop rock"]}, "2IyWpZBEqy0kfZl0XRCNrB": {"name": "I Hope You Understand", "coverArt": "https://i.scdn.co/image/ab67616d00001e024809a527289734861ce03e20", "artist": ["Del Water Gap"], "artistIds": ["0xPoVNPnxIIUS1vrxAYV00"], "artistPop": [59], "genres": ["deep new americana", "indie pop", "modern rock"]}, "3n9ok4Eyi26VSubDdVLA1E": {"name": "3 Moods", "coverArt": "https://i.scdn.co/image/ab67616d00001e02719d102a7067299c3213ce86", "artist": ["Abe Parker"], "artistIds": ["5V61WloeXM3XLslOqJ8RES"], "artistPop": [52], "genres": ["alt z"]}, "7aFKeqQh8YnsAUyRxw0IvL": {"name": "Future Love", "coverArt": "https://i.scdn.co/image/ab67616d00001e0211fadbbd752bdbf0157625b2", "artist": ["Marc E. Bassy", "Syd"], "artistIds": ["3tQx1LPXbsYjE9VwN1Peaa", "3jk39CGeaaSO3FPKNx1RUx"], "artistPop": [71, 69], "genres": ["alternative r&b", "pop", "pop rap", "r&b", "rap", "alternative r&b", "chill r&b", "escape room", "indie r&b", "indie soul", "lgbtq+ hip hop", "r&b"]}, "4Juaa2ppIOYcSWbrVtcrNp": {"name": "Real Love", "coverArt": "https://i.scdn.co/image/ab67616d00001e0232b2cd67d32124de1b5d1208", "artist": ["Dillon Francis", "Aleyna Tilki"], "artistIds": ["5R3Hr2cnCCjt220Jmt2xLf", "4ckLjJztj53Ifid7WHweBn"], "artistPop": [68, 59], "genres": ["brostep", "dance pop", "edm", "electro house", "electronic trap", "electropop", "house", "moombahton", "pop", "pop dance", "slap house", "tropical house", "turkish pop"]}, "4TA48C6sa3lRrr2hHFbePR": {"name": "Diamonds", "coverArt": "https://i.scdn.co/image/ab67616d00001e02c37aaf3d53fc4f03a03bea26", "artist": ["Martin Garrix", "Julian Jordan", "Tinie Tempah"], "artistIds": ["60d24wfXkVzDSfLS6hyCjZ", "2vUCVkeZjzDcaoX4gagHdV", "0Tob4H0FLtEONHU1MjpUEp"], "artistPop": [81, 57, 68], "genres": ["dance pop", "dutch edm", "edm", "pop", "pop dance", "progressive house", "tropical house", "dutch edm", "edm", "electro house", "pop dance", "pop edm", "progressive electro house", "progressive house", "dance pop", "edm", "grime", "house", "pop dance", "pop rap", "tropical house"]}, "24Sdq5vT5sdZTeQmvb8zCd": {"name": "Big Bidness", "coverArt": "https://i.scdn.co/image/ab67616d00001e0254a9c3899e9ca58ef1365ff6", "artist": ["Young T & Bugsey"], "artistIds": ["6M6XXCcO5gI68XpIlrUL3Z"], "artistPop": [66], "genres": ["afroswing", "nottingham hip hop", "uk hip hop"]}, "0GIZWL2QckGkBdxfCQMVFA": {"name": "Big Nas (Original Song from MasterClass)", "coverArt": "https://i.scdn.co/image/ab67616d00001e029e8359c2322e99540e87a537", "artist": ["Nas"], "artistIds": ["20qISvAhX20dpIbOOzGK3q"], "artistPop": [77], "genres": ["conscious hip hop", "east coast hip hop", "gangster rap", "hardcore hip hop", "hip hop", "queens hip hop", "rap"]}, "7oNd2pO6PAS8LzLJx4RreF": {"name": "BULLSEYE", "coverArt": "https://i.scdn.co/image/ab67616d00001e0280b75f9fa6e1f28c2131287d", "artist": ["Paris Texas"], "artistIds": ["1SCrMreNPJYSRZIlRe9SUq"], "artistPop": [53], "genres": ["indie hip hop", "indie r&b"]}, "2a4K3mAOcvFuVSaKqkQA4I": {"name": "Long Way Off", "coverArt": "https://i.scdn.co/image/ab67616d00001e025918af42c697829fd84de59f", "artist": ["Sam Fender"], "artistIds": ["6zlR5ttMfMNmwf2lecU9Cc"], "artistPop": [71], "genres": ["modern alternative rock", "modern rock", "north east england indie", "rock"]}, "0dNc4kZNk8JrdQCmrVPBqI": {"name": "Something Beautiful (feat. Masked Wolf)", "coverArt": "https://i.scdn.co/image/ab67616d00001e02d84d7d58bd62dbb833442211", "artist": ["Tom Walker", "Masked Wolf"], "artistIds": ["7z2avKuuiMAT4XZJFv8Rvh", "1uU7g3DNSbsu0QjSEqZtEd"], "artistPop": [70, 77], "genres": ["indie anthem-folk", "modern rock", "pop", "uk pop", "australian hip hop"]}, "5EBQdAAyKC9ABjb8lEnels": {"name": "Metal Heart", "coverArt": "https://i.scdn.co/image/ab67616d00001e026124be3613cf3f8cbd49eafb", "artist": ["Dave Gahan", "Soulsavers"], "artistIds": ["7hKXTmrq3ZppBx881yBbOr", "762Lq0yk2VhjIfkTVDzlhv"], "artistPop": [48, 44], "genres": ["alternative dance", "new romantic", "new wave"]}, "3MOhipHFUkGpS0rV7cKrJO": {"name": "Rosewood", "coverArt": "https://i.scdn.co/image/ab67616d00001e02cf05b47b48b92a8c47205123", "artist": ["Bonobo"], "artistIds": ["0cmWgDlu9CwTgxPhf403hb"], "artistPop": [66], "genres": ["downtempo", "electronica", "jazztronica", "ninja", "nu jazz", "trip hop"]}, "54FLoJOBXpKe9fULTucRNh": {"name": "Colors", "coverArt": "https://i.scdn.co/image/ab67616d00001e02a1eb86d67aee94580146da0f", "artist": ["Lauren Jauregui"], "artistIds": ["3J0BpFVUc9LeOIVeN5uNhU"], "artistPop": [62], "genres": ["pop", "post-teen pop", "r&b"]}, "3dfnjL5M28ZkSZU0SSSSGa": {"name": "Midnight Snacks", "coverArt": "https://i.scdn.co/image/ab67616d00001e02fc1bede747e8d1f5c9a2b3fa", "artist": ["Kelis"], "artistIds": ["0IF46mUS8NXjgHabxk2MCM"], "artistPop": [67], "genres": ["dance pop", "electropop", "hip pop", "neo soul", "r&b", "urban contemporary"]}, "5zrhmtw11qpb3hFT785bGJ": {"name": "Duffle Bag", "coverArt": "https://i.scdn.co/image/ab67616d00001e0289557675e5caf0d6ecb7cfbb", "artist": ["Yungeen Ace"], "artistIds": ["7hj7ffJe6UkF1gsMpuweSI"], "artistPop": [65], "genres": ["florida rap", "melodic rap", "trap"]}, "1u4iWTKBI1hQ0cEKUPFQ9Z": {"name": "True To Me", "coverArt": "https://i.scdn.co/image/ab67616d00001e02bad747eae6ff813823c2ce15", "artist": ["Dustystaytrue"], "artistIds": ["5MIXBzwGNeUeFAS0o3XBXL"], "artistPop": [56], "genres": []}, "3wGVgIe8CvDxGEJEdrAKfh": {"name": "Jump", "coverArt": "https://i.scdn.co/image/ab67616d00001e02e12004b476c6da4c5deb9a89", "artist": ["POORSTACY"], "artistIds": ["7vSY9HEreOqb1Llar3UC38"], "artistPop": [64], "genres": ["emo rap", "melodic rap"]}, "600nfkPMLq6JpNEvas08Qp": {"name": "Sometime", "coverArt": "https://i.scdn.co/image/ab67616d00001e02ea3a553fa35bdc3eb40fb1b3", "artist": ["Ritt Momney", "Shane T"], "artistIds": ["7MPGCB854Qo4alYMOPkBka", "1NOjRg9eVRh2kQ5HFoME1X"], "artistPop": [67, 37], "genres": ["bedroom pop", "indie pop", "athens indie"]}, "3Ukf5xsyP9NMmydS9Re8EQ": {"name": "Bus Ride (feat. chloe moriondo)", "coverArt": "https://i.scdn.co/image/ab67616d00001e0227f45fdc0cd034c5a21a7bfa", "artist": ["Rxseboy", "chloe moriondo"], "artistIds": ["1ScHz7wPPxVTEKsc9g3Z0c", "3P4vW5tzQvmuoNaFQqzy9q"], "artistPop": [68, 65], "genres": ["sad lo-fi", "sad rap", "alt z", "bedroom pop", "indie pop"]}, "42nBq2h2Bdd1gq7lBG6RQE": {"name": "Rollerblades", "coverArt": "https://i.scdn.co/image/ab67616d00001e022c9a79e37f4a13bfd79bbdc3", "artist": ["Blake Rose"], "artistIds": ["7wLyGTO9vUS7ndlq4BvBGe"], "artistPop": [62], "genres": ["alt z", "australian electropop", "electropop", "pop"]}, "4Lp2SmcFyyMiWzfsDV2Qzh": {"name": "Atlantis", "coverArt": "https://i.scdn.co/image/ab67616d00001e021b702321776e4392c394e79e", "artist": ["Noah Gundersen", "Phoebe Bridgers"], "artistIds": ["34482S5nfxR441wcnVfrHi", "1r1uxoy19fzMxunt3ONAkG"], "artistPop": [56, 77], "genres": ["acoustic pop", "alternative roots rock", "indie folk", "stomp and holler", "indie pop", "indie rock", "la indie", "pop"]}, "4WwfMajCmOe3ApD9eF5B15": {"name": "BACK ON TOP (feat. Griff)", "coverArt": "https://i.scdn.co/image/ab67616d00001e020b20a12567bfe042284cddc0", "artist": ["HONNE", "Griff"], "artistIds": ["0Vw76uk7P8yVtTClWyOhac", "5RJFJWYgtgWktosLrUDzff"], "artistPop": [72, 69], "genres": ["pop", "uk pop", "alt z", "dance pop", "pop", "uk pop"]}, "5jKADCQFs1tvvk3s2Er3be": {"name": "fav flav (with Duckwrth)", "coverArt": "https://i.scdn.co/image/ab67616d00001e0216bf7189dcc4348682c91564", "artist": ["Dua Saleh", "Duckwrth"], "artistIds": ["2DGBzoOLcKLK3eWxFyugdB", "6I3MElirhT5t6Kf7p0hGk9"], "artistPop": [49, 67], "genres": ["alternative r&b", "escape room", "indie r&b", "minnesota hip hop", "sudanese pop", "alternative r&b", "escape room", "indie r&b", "indie soul", "underground hip hop"]}, "0EdTXBGnQ6uiJ0OxWTInVC": {"name": "Hello", "coverArt": "https://i.scdn.co/image/ab67616d00001e02b599434678febc4a2c479ace", "artist": ["Keedron Bryant"], "artistIds": ["2l5DDUyyMSmNBLCSa0BIIX"], "artistPop": [34], "genres": []}, "7AmNgsApCocCTh9wnajhsR": {"name": "Piano Love", "coverArt": "https://i.scdn.co/image/ab67616d00001e02682f5baff3eeec00864b87dd", "artist": ["Conway the Machine"], "artistIds": ["67gqUXxHedeUGDTxwBzdjS"], "artistPop": [64], "genres": ["alternative hip hop", "boom bap", "buffalo hip hop", "hardcore hip hop", "hip hop", "underground hip hop", "upstate ny rap"]}, "6M47gaKejso9772SKTa3yH": {"name": "Face Off", "coverArt": "https://i.scdn.co/image/ab67616d00001e025ee0a1dafbbf6d8d430821a3", "artist": ["Tech N9ne", "Joey Cool", "King Iso", "Dwayne Johnson"], "artistIds": ["6UBA15slIuadJ8h2lPRPos", "1A8NEJYo3VW9aIZ6l55Dgu", "7vTyZmNA6LC0WRDg7V6yle", "1T8S48bD91THNKBByWBDyn"], "artistPop": [75, 55, 59, 62], "genres": ["hip hop", "kansas city hip hop", "pop rap", "rap", "kansas city hip hop"]}, "1pA0LgbtDzHRWCwuAWqw3z": {"name": "For Days", "coverArt": "https://i.scdn.co/image/ab67616d00001e02bc0f7cf47647197ad9b73b7c", "artist": ["RINI"], "artistIds": ["2joIhhX3Feq47H4QXVDOr3"], "artistPop": [66], "genres": ["alternative r&b", "australian r&b", "bedroom soul", "chill r&b", "pop"]}, "0WqHYUiGuqkC7koA2l5Ou1": {"name": "without you with me", "coverArt": "https://i.scdn.co/image/ab67616d00001e021fc12eaf7888fe5fbcaa70d1", "artist": ["Matt Hansen"], "artistIds": ["6wlhqnATSJIc0NQ64VxOVJ"], "artistPop": [43], "genres": ["gen z singer-songwriter"]}, "5EBx6sCm2HJLAtrAP4bvSa": {"name": "Rollercoaster Baby", "coverArt": "https://i.scdn.co/image/ab67616d00001e02b11d6afa33592bf75dfa70d3", "artist": ["Oh Wonder"], "artistIds": ["5cIc3SBFuBLVxJz58W2tU9"], "artistPop": [73], "genres": ["electropop", "indie poptimism", "pop", "pop rock"]}, "5bO7xNramHw1hrwhuLvUAL": {"name": "Back3School", "coverArt": "https://i.scdn.co/image/ab67616d00001e02804ed55ed3c62cab51656c0e", "artist": ["Porches"], "artistIds": ["2JzhQYGos3RqV7MT5fWeek"], "artistPop": [53], "genres": ["art pop", "chillwave", "indie pop", "indie rock"]}, "4215JgBYhwg7jUtfL4Nzkc": {"name": "Captivated", "coverArt": "https://i.scdn.co/image/ab67616d00001e028964ed76c4eec8a1fbc34f00", "artist": ["Beau"], "artistIds": ["2Mm2NXLhda25RQLyaZyUJU"], "artistPop": [29], "genres": []}, "58QZNN5P9UC8moU8mWVzNy": {"name": "heartbreak honeymoon", "coverArt": "https://i.scdn.co/image/ab67616d00001e02029093d2fb879242c2ad5a94", "artist": ["Mad Tsai"], "artistIds": ["5C2iFRY2UldL2hv9THw4aB"], "artistPop": [53], "genres": ["bedroom pop"]}, "3dbLT62Cvs46Ju7a8gpr36": {"name": "Savage", "coverArt": "https://i.scdn.co/image/ab67616d00001e02d8cc2281fcd4519ca020926b", "artist": ["aespa"], "artistIds": ["6YVMFz59CuY7ngCxTxjpxE"], "artistPop": [75], "genres": ["k-pop", "k-pop girl group"]}, "3zlD2jhKA2dOP4rwHCeq88": {"name": "Contacts", "coverArt": "https://i.scdn.co/image/ab67616d00001e02bd237082960a00a178aafe58", "artist": ["Mick Jenkins"], "artistIds": ["1FvjvACFvko2Z91IvDljrx"], "artistPop": [63], "genres": ["chicago rap", "conscious hip hop", "drill", "escape room", "hip hop", "rap", "underground hip hop"]}, "2qRfWnxPKRew4Fmj1ALLIz": {"name": "Changes (feat. BJ The Chicago Kid)", "coverArt": "https://i.scdn.co/image/ab67616d00001e02d32c9b8afbffb10bb212b288", "artist": ["Lute", "BJ The Chicago Kid"], "artistIds": ["75WcpJKWXBV3o3cfluWapK", "07d5etnpjriczFBB8pxmRe"], "artistPop": [63, 67], "genres": ["indie hip hop", "north carolina hip hop", "underground hip hop", "alternative r&b", "chicago rap", "hip hop", "indie r&b", "indie soul", "neo soul", "pop r&b", "r&b", "underground hip hop"]}, "6Qnm0JVuuGUP0Y3yQuPSGn": {"name": "Big", "coverArt": "https://i.scdn.co/image/ab67616d00001e0286bdb369a179e3c569d539d1", "artist": ["Tank and The Bangas", "Big Freedia"], "artistIds": ["5cAtakaadWHJLxmGKrKcX7", "2gyv1akuIB9fQvXoGSPaJr"], "artistPop": [47, 54], "genres": ["escape room", "indie soul", "new orleans funk", "bounce", "escape room", "lgbtq+ hip hop", "new orleans rap", "trap queen"]}, "7FKLmkzQbOTXlOSkdkVIrJ": {"name": "superpretty", "coverArt": "https://i.scdn.co/image/ab67616d00001e02cca874e7fbbdeedd3f931ece", "artist": ["boylife"], "artistIds": ["6P8DiegQ0Inxj1UF6a9lCb"], "artistPop": [49], "genres": ["indie r&b", "modern indie pop"]}, "1xt2XZM7DJmzBercZ4Kw6Z": {"name": "Bones", "coverArt": "https://i.scdn.co/image/ab67616d00001e029810cf7fd580b05791bdbd16", "artist": ["Felly"], "artistIds": ["2848adRcxvgWNRcz1g1tQD"], "artistPop": [59], "genres": ["pop rap", "underground hip hop"]}, "7GMXESVLghURYtnMXl7Ngn": {"name": "If I Were Rock & Roll", "coverArt": "https://i.scdn.co/image/ab67616d00001e028d86b1493bff46586f4917e1", "artist": ["Chase Rice"], "artistIds": ["6pBNfggcZZDCmb0p92OnGn"], "artistPop": [67], "genres": ["contemporary country", "country", "country road", "modern country rock"]}, "4XHjtpHLcD4QIFjZHfkfO2": {"name": "We Need to Talk", "coverArt": "https://i.scdn.co/image/ab67616d00001e02b039e3c578356dffb90a91bd", "artist": ["Matt Maltese"], "artistIds": ["12j6dJrPXanCBwY599pZxf"], "artistPop": [68], "genres": ["dream smp", "indie anthem-folk", "indie pop"]}, "29DpuCxcRK8igslbq7RSD4": {"name": "Polytics", "coverArt": "https://i.scdn.co/image/ab67616d00001e028c0c7c8e04238433ce54249a", "artist": ["Idman"], "artistIds": ["6N13mUTgkfYEUmW8R2GH0G"], "artistPop": [35], "genres": []}, "5FNAn5k6X5zeTg84chzd6c": {"name": "BIOL-101", "coverArt": "https://i.scdn.co/image/ab67616d00001e028348424ff94d6fd6b624b00f", "artist": ["Jay Wheeler", "Jorge Milliano", "DJ Nelson"], "artistIds": ["2cPqdH7XMvwaBJEVjheH8g", "2h3ZcRa4CSTILfWC4RRgZJ", "2ydZrTy8U3kOMOzx20s3dg"], "artistPop": [82, 50, 78], "genres": ["latin", "reggaeton", "trap latino", "latin", "latin hip hop", "reggaeton", "reggaeton flow", "trap latino"]}, "6FpJyIZaQiRFQliaMnJIyK": {"name": "What Chu Waiting For?", "coverArt": "https://i.scdn.co/image/ab67616d00001e022c56dcd22152fdf1aad28023", "artist": ["UNIIQU3", "Dai Burger"], "artistIds": ["5aR8qSaApKChlZvzB0Jfpx", "1y6hiqeSWkQrJYXkU5PvUk"], "artistPop": [46, 36], "genres": ["escape room", "jersey club", "trap queen", "escape room", "lgbtq+ hip hop", "trap queen"]}, "39NdK7zzz5K38Tvj7Gd0CC": {"name": "TYPECAST", "coverArt": "https://i.scdn.co/image/ab67616d00001e02fcf51c20bbea2288c32d3b0c", "artist": ["ELIO"], "artistIds": ["6xgvgzXNv3ymcITXTrxRaA"], "artistPop": [51], "genres": ["alt z", "electropop", "indie electropop", "indie pop"]}, "1C4hIio6r6bU54vBWv04qy": {"name": "Close", "coverArt": "https://i.scdn.co/image/ab67616d00001e0249d61d851ce94f04b644f4d9", "artist": ["CXLOE"], "artistIds": ["6M25WWmNO7wK1DnKmd3z6R"], "artistPop": [49], "genres": ["alt z", "australian alternative pop", "australian electropop", "australian pop", "indie electropop"]}, "3Am6nVgWd4pwO2hguNHqI7": {"name": "Gonna Bleach My Eyebrows", "coverArt": "https://i.scdn.co/image/ab67616d00001e0244c368707b174a7a97c627f8", "artist": ["Alemeda"], "artistIds": ["33Se8kMYeTPkeeM2LnsPF8"], "artistPop": [35], "genres": []}, "3hbUwKl4G1I9s2HOSMUFLT": {"name": "Wig Split", "coverArt": "https://i.scdn.co/image/ab67616d00001e026012a11daf066b4126a68a6a", "artist": ["Pouya", "Denzel Curry"], "artistIds": ["4nXOZlYoAD67hF9aUEncMY", "6fxyWrfmjcbj5d12gXeiNV"], "artistPop": [74, 74], "genres": ["aesthetic rap", "dark trap", "emo rap", "miami hip hop", "underground hip hop", "dark trap", "drill", "hip hop", "miami hip hop", "rap", "underground hip hop"]}, "6IRtUdofXMANdsFYnJZ9WT": {"name": "FRIDAY (feat. Trippie Redd)", "coverArt": "https://i.scdn.co/image/ab67616d00001e0233a5ccedbb341f33769480f6", "artist": ["Jeris Johnson", "Trippie Redd"], "artistIds": ["2hmePXeTr2b7cdRAtRjvPq", "6Xgp2XMz1fhVYe7i6yNAax"], "artistPop": [62, 88], "genres": ["melodic rap", "rap", "trap"]}, "5YcnOx0WQ5rZdu4iA79Ick": {"name": "Angels", "coverArt": "https://i.scdn.co/image/ab67616d00001e02f3b7898aa9a7f6147dea7259", "artist": ["LP"], "artistIds": ["0J7U24vlOOIeMpuaO6Q85A"], "artistPop": [71], "genres": ["la pop", "women's music"]}, "7BJVHZh4nvRzzwXXiMY1jS": {"name": "Pretty Good", "coverArt": "https://i.scdn.co/image/ab67616d00001e0243fc8b556b122ab5b9eaa958", "artist": ["Nathaniel Rateliff"], "artistIds": ["4qKpLkR911SUlnd4HAtF79"], "artistPop": [60], "genres": ["deep new americana", "indie folk", "new americana", "stomp and holler"]}, "68kPetBJF8tl8DxflbOqPI": {"name": "It Takes One To Know One", "coverArt": "https://i.scdn.co/image/ab67616d00001e0215b980ca7fc8c7015e6087df", "artist": ["Natalie Hemby"], "artistIds": ["32opPqLCT3sF24Aso7wTXw"], "artistPop": [56], "genres": ["country pop"]}, "2j4ap81Wqs3VmNWBg3tAt8": {"name": "Rhinestone Ring", "coverArt": "https://i.scdn.co/image/ab67616d00001e0286cc6bcd11440667193365ba", "artist": ["Abbey Cone"], "artistIds": ["1N53jg6KZxBoFI9oWNchct"], "artistPop": [25], "genres": []}, "0MvBFQUCiKRG1XUSsSeA3V": {"name": "miss sick world", "coverArt": "https://i.scdn.co/image/ab67616d00001e02a37817af31d534b2c546acf6", "artist": ["Alex Porat"], "artistIds": ["3aROeSNBd69DWHpcyyMOcI"], "artistPop": [54], "genres": ["indonesian pop"]}, "132fXaozCi3EKmNgTnWmiW": {"name": "O Retha", "coverArt": "https://i.scdn.co/image/ab67616d00001e026c76f3c3907e445bc2c1d955", "artist": ["LP Giobbi", "Crush Club"], "artistIds": ["3oKnyRhYWzNsTiss5n4Z1J", "3xxRhjD7z41Q0hnNEjIifc"], "artistPop": [57, 40], "genres": ["edm"]}, "5Hqv4oB5KMg9OPHKWfrcUI": {"name": "Summer Meets Winter", "coverArt": "https://i.scdn.co/image/ab67616d00001e022916bc6f3a671ba4b5524518", "artist": ["The Gray Havens"], "artistIds": ["4gzyIFii6fWdCiLsP0bocC"], "artistPop": [51], "genres": ["anthem worship", "ccm", "christian pop", "christian rock", "indiecoustica", "roots worship", "stomp and holler"]}, "1MPHJ0PLieJZQB5paOfhzK": {"name": "FEEL MYSELF", "coverArt": "https://i.scdn.co/image/ab67616d00001e02afca800aa859da01fb50c941", "artist": ["Victor Internet"], "artistIds": ["6Ib0Di9b3kMxw9yD0DAyAC"], "artistPop": [51], "genres": ["bedroom pop"]}, "7isp9AVVpUn99gmEPphNn1": {"name": "Liar Liar", "coverArt": "https://i.scdn.co/image/ab67616d00001e02c098caa0a19065f4d64698fe", "artist": ["Just Stef"], "artistIds": ["42nUrC2xMrNMbO2gFyvIKD"], "artistPop": [51], "genres": []}, "20gt2LTA1M1V50Xlx7wm18": {"name": "Lemonade", "coverArt": "https://i.scdn.co/image/ab67616d00001e023179bff16b613930431a0023", "artist": ["Jesse McCartney"], "artistIds": ["2Hjj68yyUPiC0HKEOigcEp"], "artistPop": [65], "genres": ["dance pop", "neo mellow", "pop", "pop rock", "post-teen pop", "urban contemporary", "viral pop"]}, "1ycIhjQ4fQp2WqNFpSDEcX": {"name": "Te Olvido", "coverArt": "https://i.scdn.co/image/ab67616d00001e02950c8e926dffbab31f8070b5", "artist": ["Manuel Turizo"], "artistIds": ["0tmwSHipWxN12fsoLcFU3B"], "artistPop": [82], "genres": ["colombian pop", "latin", "reggaeton", "reggaeton colombiano", "trap latino"]}, "694MabkweBuaGwz3xWGd6G": {"name": "Supermagic", "coverArt": "https://i.scdn.co/image/ab67616d00001e0236b585af28a8c8deb78ec366", "artist": ["Ellery Bonham"], "artistIds": ["0z0QtIZfyodv4ImXAxEXIH"], "artistPop": [33], "genres": ["indie poptimism"]}, "0fuKweowW67sGmmuOp8GZW": {"name": "Thrive", "coverArt": "https://i.scdn.co/image/ab67616d00001e02b81094e70be6008102ab2585", "artist": ["Jordan Ward"], "artistIds": ["3DGlTwdM5Dim9XQipb3jMf"], "artistPop": [51], "genres": ["alternative r&b", "indie hip hop", "indie r&b"]}, "7n4HT2w1thbnN6MhbamJMU": {"name": "Get Low, Get High", "coverArt": "https://i.scdn.co/image/ab67616d00001e023c1b7c85f393d529a4b95bb8", "artist": ["Willie Jones"], "artistIds": ["5OCZWZ399lBKgxBxE8cjRM"], "artistPop": [51], "genres": ["contemporary country"]}, "6HSCKjyGjvpOdDdZ7vEtsl": {"name": "New Old Trucks (feat. Dierks Bentley)", "coverArt": "https://i.scdn.co/image/ab67616d00001e02d8c7a098f5f12c968e978726", "artist": ["James Barker Band", "Dierks Bentley"], "artistIds": ["54lUDwCk35ihJuK3yJCqHA", "7x8nK0m0cP2ksQf0mjWdPS"], "artistPop": [56, 72], "genres": ["canadian contemporary country", "canadian country", "contemporary country", "country", "country pop", "country road", "modern country rock", "contemporary country", "country", "country road"]}, "0CJujB84MFibxHqxFQVLu1": {"name": "so done", "coverArt": "https://i.scdn.co/image/ab67616d00001e02b533d018dcc4a615ca126f1f", "artist": ["joan"], "artistIds": ["3HXLY1sNXIxHfulrjPiRf5"], "artistPop": [56], "genres": ["electropop", "indie pop", "indie poptimism", "indietronica", "little rock indie", "pop"]}, "5MhQAE03rlj28eK1IymPgB": {"name": "Note To Self", "coverArt": "https://i.scdn.co/image/ab67616d00001e0249b50cd567e336e2a94ca068", "artist": ["Bre Kennedy"], "artistIds": ["61oqMHI8QuFrE5Qt91uJAj"], "artistPop": [41], "genres": ["nashville singer-songwriter"]}, "3H3AINDfOplfuXi83Z5aQH": {"name": "SUNSHiiNE (feat. Shamir, Nick Valensi)", "coverArt": "https://i.scdn.co/image/ab67616d00001e02a3eaa6b112c3c0d8e8cd4032", "artist": ["Oberhofer", "Shamir", "Nick Valensi"], "artistIds": ["5zb7wVUx1vTXLB6HX26EnX", "7JgXEHI1oEiQICAMeCsKTj", "1wicL5Ziz5pOtxWiBZDqFt"], "artistPop": [46, 42, 29], "genres": ["brooklyn indie", "escape room"]}, "2WCInR4Z5mlpuk6qbYooQE": {"name": "Over You (feat. Lovespeake)", "coverArt": "https://i.scdn.co/image/ab67616d00001e026c2af55216e8047463027913", "artist": ["KSHMR", "Lovespeake"], "artistIds": ["2wX6xSig4Rig5kZU6ePlWe", "0svmVqwlzmbBfwofH6uGbk"], "artistPop": [72, 61], "genres": ["big room", "edm", "electro house", "indian edm", "pop dance", "slap house", "tropical house", "norwegian indie", "norwegian pop"]}, "2kArNwB6naa7LrKBlEe65P": {"name": "Corrido Espacial", "coverArt": "https://i.scdn.co/image/ab67616d00001e0227f1788501c53ac1bf50ca61", "artist": ["Kidd Keo", "Dan Sanchez", "Yay"], "artistIds": ["0VZrPa7mWAYXH4CwmYk8Km", "1yPvnL2XGGehNiOGWzcAAG", "65UC5VKwU4vBSBSHckQd5l"], "artistPop": [72, 58, 65], "genres": ["drill espanol", "trap latino", "trap triste", "urbano espanol", "corridos tumbados", "nuevo regional mexicano"]}}