{"58AGoOGbwsQMhBbH0eFLRR": {"name": "Over Now (with The Weeknd)", "coverArt": "https://i.scdn.co/image/ab67616d00001e02e5e19455ff5f76c58048bea8", "artist": ["Calvin Harris", "The Weeknd"], "artistIds": ["7CajNmpbOovFoOoasH2HaY", "1Xyo4u8uXC1ZmMpatF05PJ"], "artistPop": [85, 93], "genres": ["dance pop", "edm", "electro house", "house", "pop", "progressive house", "uk dance", "canadian contemporary r&b", "canadian pop", "pop"]}, "2J4P46vCFm1rPkNkp9pZWX": {"name": "Ice Cream (with Selena Gomez)", "coverArt": "https://i.scdn.co/image/ab67616d00001e023709f2400b95a7c6f22a7ee0", "artist": ["BLACKPINK", "Selena Gomez"], "artistIds": ["41MozSoPIsD1dJM0CLPjZF", "0C8ZW7ezQVs4URX5aX7Kqx"], "artistPop": [84, 84], "genres": ["k-pop", "k-pop girl group", "dance pop", "pop", "post-teen pop"]}, "7MRCoIgpn1if1BcH9QpI9G": {"name": "Deep Reverence (feat. Nipsey Hussle)", "coverArt": "https://i.scdn.co/image/ab67616d00001e02ae115d187f0b5dd7ba6751b0", "artist": ["Big Sean", "Nipsey Hussle"], "artistIds": ["0c173mlxpT3dSFRgMO8XPh", "0EeQBlQJFiAfJeVN2vT9s0"], "artistPop": [81, 70], "genres": ["detroit hip hop", "hip hop", "pop rap", "rap", "southern hip hop", "trap", "conscious hip hop", "gangster rap", "hip hop", "pop rap", "rap", "southern hip hop", "trap"]}, "0IAkpYTRomExXOUJonNMTR": {"name": "Expensive (feat. Nicki Minaj)", "coverArt": "https://i.scdn.co/image/ab67616d00001e0288e20a6b81c1b6410c9050c9", "artist": ["Ty Dolla $ign", "Nicki Minaj"], "artistIds": ["7c0XG5cIJTrrAgEC3ULPiq", "0hCNtLu0JehylgoiP8L4Gh"], "artistPop": [87, 88], "genres": ["hip hop", "pop", "pop rap", "r&b", "trap", "trap soul", "dance pop", "hip pop", "pop", "pop rap", "post-teen pop", "queens hip hop"]}, "0mb3uDw5vfFUcZfJYFOMRu": {"name": "Gifted (feat. Roddy Ricch)", "coverArt": "https://i.scdn.co/image/ab67616d00001e02c22ec7f7699ba169fd65996a", "artist": ["Cordae", "Roddy Ricch"], "artistIds": ["0huGjMyP507tBCARyzSkrv", "757aE44tKEUQEqRuT6GnEB"], "artistPop": [70, 83], "genres": ["dmv rap", "hip hop", "pop rap", "rap", "trap", "underground hip hop", "vapor trap", "melodic rap", "rap", "trap"]}, "1RsD951uUUlJx0MRioZfev": {"name": "Cry About It Later", "coverArt": "https://i.scdn.co/image/ab67616d00001e029c968aa1d6afae7a2900976e", "artist": ["Katy Perry"], "artistIds": ["6jJ0s89eD6GaHleKKya26X"], "artistPop": [84], "genres": ["dance pop", "pop", "post-teen pop"]}, "1GGuz6FiDdy6uH545iwYHn": {"name": "Physical (feat. Gwen Stefani) [Mark Ronson Remix] [Mixed]", "coverArt": "https://i.scdn.co/image/ab67616d00001e02ac5db6adf5520c8eef3fd65e", "artist": ["Dua Lipa", "The Blessed Madonna", "Gwen Stefani", "Mark Ronson"], "artistIds": ["6M2wZ9GZgrQXHCFfjv46we", "4TvhRzxIL1le2PWCeUqxQw", "4yiQZ8tQPux8cPriYMWUFP", "3hv9jJF3adDNsBSIQDqcjp"], "artistPop": [91, 67, 75, 77], "genres": ["dance pop", "pop", "uk pop", "dance pop", "hip pop", "pop", "post-teen pop", "urban contemporary", "dance pop", "neo soul", "pop"]}, "2rFsFjq0D9JAmc0APpCO6P": {"name": "Blastoff (feat. Juice Wrld & Trippie Redd)", "coverArt": "https://i.scdn.co/image/ab67616d00001e028de76cfb913ec21e57ed0dee", "artist": ["Internet Money", "Trippie Redd", "Diplo", "Juice WRLD"], "artistIds": ["6MPCFvOQv5cIGfw3jODMF0", "6Xgp2XMz1fhVYe7i6yNAax", "5fMUXHkw8R8eOP2RNVYEZX", "4MCBfE4596Uoi2O4DtmEMz"], "artistPop": [79, 88, 82, 92], "genres": ["pop rap", "rap", "trap", "melodic rap", "rap", "trap", "bmore", "dance pop", "edm", "electro house", "house", "moombahton", "ninja", "pop", "pop dance", "tropical house", "chicago rap", "melodic rap"]}, "2jCSd2lOtWQKtwb7FdfvPQ": {"name": "Birthday", "coverArt": "https://i.scdn.co/image/ab67616d00001e0220a86aa99a06ec9c36347d53", "artist": ["Disclosure", "Kehlani", "Syd"], "artistIds": ["6nS5roXSAGhTGr34W6n7Et", "0cGUm45nv7Z6M6qdXYQGTX", "3jk39CGeaaSO3FPKNx1RUx"], "artistPop": [76, 79, 67], "genres": ["house", "pop", "uk dance", "dance pop", "pop", "pop rap", "post-teen pop", "r&b", "alternative r&b", "chill r&b", "escape room", "indie r&b", "indie soul", "lgbtq+ hip hop", "r&b"]}, "6lhuBaygBqxBjdcXrM685k": {"name": "Rue", "coverArt": "https://i.scdn.co/image/ab67616d00001e026c49a1aab054d5a62558af43", "artist": ["girl in red"], "artistIds": ["3uwAm6vQy7kWPS2bciKWx9"], "artistPop": [77], "genres": ["bedroom pop", "bubblegrunge", "indie pop", "norwegian indie", "pop"]}, "6ALoVRxwV5KxaSWyejnmvi": {"name": "Untitled (How Does It Feel)", "coverArt": "https://i.scdn.co/image/ab67616d00001e020043fb835eab4610758979a3", "artist": ["Giveon"], "artistIds": ["4fxd5Ee7UefO4CUXgwJ7IP"], "artistPop": [84], "genres": ["pop", "r&b"]}, "2NlegEcb8J6Db5uvP7nUpl": {"name": "Southside Fade", "coverArt": "https://i.scdn.co/image/ab67616d00001e02d9c56f2bf6ecd9c1c69f0d3a", "artist": ["reggie"], "artistIds": ["2kAP2prnGAq7s3DwRT6s16"], "artistPop": [44], "genres": ["indie hip hop"]}, "3vNsOdrDl6UbCv03oqLvUx": {"name": "Why Do You Lie To Me", "coverArt": "https://i.scdn.co/image/ab67616d00001e021ce707b9fe8280a85361c97e", "artist": ["Topic", "A7S", "Lil Baby"], "artistIds": ["0u6GtibW46tFX7koQ6uNJZ", "5Wg2b4Mp42gicxEeDNawf7", "5f7VJjfbwm532GiveGC0ZK"], "artistPop": [80, 77, 91], "genres": ["dance pop", "edm", "electro house", "german dance", "pop dance", "pop edm", "tropical house", "scandipop", "atl hip hop", "atl trap", "rap", "trap"]}, "551xyaSJsg8hILXFq9JdST": {"name": "The Plan - From the Motion Picture \"TENET\"", "coverArt": "https://i.scdn.co/image/ab67616d00001e02e986304881623287fde9a048", "artist": ["Travis Scott"], "artistIds": ["0Y5tJX1MQlPlqiwlOH1tJY"], "artistPop": [91], "genres": ["rap", "slap house"]}, "24MWSatP5sTylISvJONhnB": {"name": "Falling For You with Justin Bieber", "coverArt": "https://i.scdn.co/image/ab67616d00001e02421325b3842bc2f4cf65f1d3", "artist": ["Jaden", "Justin Bieber"], "artistIds": ["0xOeVMOz2fVg5BJY3N6akT", "1uNFoZAHBGtllmzznpCI3s"], "artistPop": [75, 95], "genres": ["hip hop", "pop", "rap", "canadian pop", "pop", "post-teen pop"]}, "50CXGLOqdsztp42DuJmJ8k": {"name": "Take You Back (feat. Kehlani)", "coverArt": "https://i.scdn.co/image/ab67616d00001e02c4b536df150a85047fbb6b99", "artist": ["Russ", "Kehlani"], "artistIds": ["1z7b1Pr1rSlvWRzsW3HOrS", "0cGUm45nv7Z6M6qdXYQGTX"], "artistPop": [79, 79], "genres": ["hawaiian hip hop", "pop rap", "rap", "dance pop", "pop", "pop rap", "post-teen pop", "r&b"]}, "5OYBMBUQfRl8PljvVLBCe7": {"name": "Equinox (feat. Day Sulan)", "coverArt": "https://i.scdn.co/image/ab67616d00001e02c1ed105b742ce2cf3b1e437f", "artist": ["YG", "Day Sulan"], "artistIds": ["0A0FS04o6zMoto8OKPsDwY", "5wrJuArO5sOmhl2QJ1Z0sk"], "artistPop": [78, 40], "genres": ["cali rap", "gangster rap", "hip hop", "pop rap", "rap", "southern hip hop", "trap"]}, "55vsJO4tLZQ37qzD5QUOmh": {"name": "House With No Mirrors", "coverArt": "https://i.scdn.co/image/ab67616d00001e02dd3b499793cfe4211c5e284b", "artist": ["Sasha Alex Sloan"], "artistIds": ["4xnihxcoXWK3UqryOSnbw5"], "artistPop": [75], "genres": ["alt z", "electropop", "indie cafe pop", "pop", "post-teen pop"]}, "3TNSVsiFngfe68UJpMq1oS": {"name": "Starting Over", "coverArt": "https://i.scdn.co/image/ab67616d00001e02d7d74af20c3a7ac6a0b7a60b", "artist": ["Chris Stapleton"], "artistIds": ["4YLtscXsxbVgi031ovDDdh"], "artistPop": [77], "genres": ["contemporary country", "outlaw country"]}, "7evTceKtCaBbxoLIqICIVh": {"name": "Good Morning (feat. Pusha T, Swizz Beatz & Killer Mike)", "coverArt": "https://i.scdn.co/image/ab67616d00001e020c32e63d9625200daed298cf", "artist": ["Black Thought", "Pusha T", "Swizz Beatz", "Killer Mike"], "artistIds": ["6DJEUXZm0e2rAohdoZ5Voo", "0ONHkAv9pCAFxb0zJwDNTy", "2cADQgiLMjNhbsfeN52Bf3", "2N4EYkIlG1kv25g6Wv8LGI"], "artistPop": [56, 74, 64, 55], "genres": ["alternative hip hop", "boom bap", "east coast hip hop", "hip hop", "southern hip hop", "gangster rap", "hip hop", "pop rap", "rap", "southern hip hop", "trap", "underground hip hop", "virginia hip hop", "battle rap", "hip pop", "pop rap", "rap", "southern hip hop", "trap", "alternative hip hop", "atl hip hop", "conscious hip hop", "dirty south rap", "escape room", "political hip hop", "southern hip hop"]}, "2WyedZ7owuPdgT4tcHhdo5": {"name": "The Recipe", "coverArt": "https://i.scdn.co/image/ab67616d00001e025c644b84ee541cd05a67e50f", "artist": ["Aluna", "KAYTRANADA", "Rema"], "artistIds": ["5ITI6SEoUZMIXXkzCfr4oE", "6qgnBH6iDM91ipVXv28OMu", "46pWGuE3dSwY3bMMXGBvVS"], "artistPop": [62, 69, 67], "genres": ["pop dance", "escape room", "indie soul", "lgbtq+ hip hop"]}, "06kxa3al7bUqRRo5nAFduZ": {"name": "Nightlight", "coverArt": "https://i.scdn.co/image/ab67616d00001e02223f97eeb08ae88cf6bf8dfc", "artist": ["ILLENIUM", "Annika Wells"], "artistIds": ["45eNHdiiabvmbp4erw26rg", "0kErUwb6xgWfkdn0RyZWHZ"], "artistPop": [76, 60], "genres": ["edm", "melodic dubstep", "pop", "pop dance", "tropical house", "la pop"]}, "1K2JtjX3s8QaEKvsbC1UXX": {"name": "No Ceilings (feat. Lil Wayne & Jay Gwuapo)", "coverArt": "https://i.scdn.co/image/ab67616d00001e024db665e177c24986d3c9992c", "artist": ["A$AP Ferg", "Lil Wayne", "Jay Gwuapo"], "artistIds": ["5dHt1vcEm9qb8fCyLcB3HL", "55Aa2cqylxrFIXC767Z865", "5qrzeukNCU5ixZH3LhQi2j"], "artistPop": [75, 88, 51], "genres": ["hip hop", "pop rap", "rap", "southern hip hop", "trap", "underground hip hop", "hip hop", "new orleans rap", "pop rap", "rap", "trap", "brooklyn drill", "nyc rap"]}, "4fRLdKddgF9HlNqOqLAUWl": {"name": "Famous", "coverArt": "https://i.scdn.co/image/ab67616d00001e02898b41272e19c553840e3e90", "artist": ["Octavian", "Gunna", "SAINt JHN"], "artistIds": ["5zfEatKLDdRkgbw6sdLBAQ", "2hlmm7s2ICUX0LVIhVFlZQ", "0H39MdGGX6dbnnQPt6NQkZ"], "artistPop": [62, 87, 76], "genres": ["afroswing", "london rap", "uk alternative hip hop", "uk hip hop", "atl hip hop", "hip hop", "melodic rap", "rap", "trap", "melodic rap", "pop rap", "rap", "slap house", "trap"]}, "3nLnaBu7nEgyuzd1BaJt6Y": {"name": "Rugrat (feat ppcocaine)", "coverArt": "https://i.scdn.co/image/ab67616d00001e021daa8f146203788b81c71adc", "artist": ["YVS VILLAGE", "ppcocaine"], "artistIds": ["2aqbMJXKKEE5mhC5GsGfL1", "2u1aL8XADqj0nJFHMKRjNw"], "artistPop": [29, 59], "genres": ["viral rap", "viral rap"]}, "3L39BPAGNdyM2wnHNr06aF": {"name": "Sail Away", "coverArt": "https://i.scdn.co/image/ab67616d00001e02ece741a8fa195c6f6d0480a1", "artist": ["Surfaces"], "artistIds": ["4ETSs924pXMzjIeD6E9b4u"], "artistPop": [75], "genres": ["bedroom soul", "pop"]}, "1aePioxX9EX1U6cYztAsbV": {"name": "Feel Good", "coverArt": "https://i.scdn.co/image/ab67616d00001e022ac26fc024b1dee414d136e7", "artist": ["SAYGRACE"], "artistIds": ["6y5amJcTjeDgLXIjtQLMst"], "artistPop": [62], "genres": ["dance pop", "pop", "post-teen pop", "r&b"]}, "66ABSWrCRWaiCOIvXcvmkD": {"name": "Temptation", "coverArt": "https://i.scdn.co/image/ab67616d00001e02284da8688309cd92ec4a3283", "artist": ["Tiwa Savage", "Sam Smith"], "artistIds": ["1hNaHKp2Za5YdOAG0WnRbc", "2wY79sveU1sp5g7SokKOiI"], "artistPop": [61, 85], "genres": ["afro dancehall", "afropop", "azonto", "azontobeats", "nigerian hip hop", "nigerian pop", "dance pop", "pop", "post-teen pop", "uk pop"]}, "1nTvyaoTiHhsAiEMaWk2Ik": {"name": "DOA", "coverArt": "https://i.scdn.co/image/ab67616d00001e0263aafea1ccdf095aebd39495", "artist": ["Rich Brian"], "artistIds": ["2IDLDx25HU1nQMKde4n61a"], "artistPop": [77], "genres": ["indonesian hip hop"]}, "2lAPIXaT4BVkMBmbxwQUw3": {"name": "Memphis, Pt. 2 (feat. NLE Choppa and A$AP Ferg)", "coverArt": "https://i.scdn.co/image/ab67616d00001e02a4f64a6115d974f92a91525e", "artist": ["AG Club", "NLE Choppa", "A$AP Ferg"], "artistIds": ["22KyrgRdE2K6aB5wtZls3c", "0ErzCpIMyLcjPiwT4elrtZ", "5dHt1vcEm9qb8fCyLcB3HL"], "artistPop": [55, 77, 75], "genres": ["alternative r&b", "indie hip hop", "indie r&b", "underground hip hop", "memphis hip hop", "hip hop", "pop rap", "rap", "southern hip hop", "trap", "underground hip hop"]}, "4aRQ4BgRUPTIpDWHQLxrar": {"name": "Kill My Time", "coverArt": "https://i.scdn.co/image/ab67616d00001e02d0945aafb8aa7a27e18a4b7c", "artist": ["5 Seconds of Summer"], "artistIds": ["5Rl15oVamLq7FbSb0NNBNy"], "artistPop": [80], "genres": ["boy band", "dance pop", "electropop", "pop", "post-teen pop"]}, "4q6OvSJnqxZZ3N13QRRzrX": {"name": "The Trees", "coverArt": "https://i.scdn.co/image/ab67616d00001e02c1615b665be47b0d93801eb5", "artist": ["Goth Babe"], "artistIds": ["7o96HO2zrujyATtVsqGhh3"], "artistPop": [63], "genres": ["modern rock"]}, "1L3DHFjU8rbadyR2rD7wIZ": {"name": "Fav Boy", "coverArt": "https://i.scdn.co/image/ab67616d00001e02c69af202d65a2fe0c2e89ded", "artist": ["Ricky Reed", "John-Robert", "Alessia Cara"], "artistIds": ["5Q7Fmn2aPAdijQIUzobRdZ", "5zlnl1lFTTaETmaKci4V6j", "2wUjUUtkb5lvLKcGKsKqsR"], "artistPop": [42, 45, 77], "genres": ["virginia indie", "canadian contemporary r&b", "canadian pop", "dance pop", "electropop", "pop", "post-teen pop"]}, "2yRxBRlE7bdXNuuc6zyWLe": {"name": "Knife Under My Pillow", "coverArt": "https://i.scdn.co/image/ab67616d00001e027408a83928a5680214024639", "artist": ["Maggie Lindemann"], "artistIds": ["0uGk2czvcpWQA383Im6ajf"], "artistPop": [68], "genres": ["alt z", "pop", "post-teen pop", "social media pop"]}, "1L9UBn6F0iY4HZeeH4teDZ": {"name": "Beso", "coverArt": "https://i.scdn.co/image/ab67616d00001e026c8fead89bc27050ecf06e12", "artist": ["CNCO"], "artistIds": ["0eecdvMrqBftK0M1VKhaF4"], "artistPop": [74], "genres": ["boy band", "latin", "latin pop", "reggaeton"]}, "4CYcWr8Pk3aNfQ03AUUHew": {"name": "Royal Rumble", "coverArt": "https://i.scdn.co/image/ab67616d00001e02bcaff18851622bd2b2dbe49a", "artist": ["Lil Tecca"], "artistIds": ["4Ga1P7PMIsmqEZqhYZQgDo"], "artistPop": [83], "genres": ["melodic rap", "rap", "trap"]}, "3GXDBeiF8ATGHJNWLinWAA": {"name": "Stay Ur Distance", "coverArt": "https://i.scdn.co/image/ab67616d00001e0249cceebf80043d11ae6e2ae8", "artist": ["Yo Gotti"], "artistIds": ["6Ha4aES39QiVjR0L2lwuwq"], "artistPop": [71], "genres": ["dirty south rap", "gangster rap", "hip hop", "memphis hip hop", "pop rap", "rap", "southern hip hop", "tennessee hip hop", "trap"]}, "12GVuNDjD80UjEmkO46Hd8": {"name": "Little Runaway", "coverArt": "https://i.scdn.co/image/ab67616d00001e02988a023be78e7834c46f2a4e", "artist": ["Celeste"], "artistIds": ["49HlOY4gkHqsYG9GCuhkcc"], "artistPop": [68], "genres": ["british soul", "neo soul"]}, "5Fc0FUbxgQlC9ZBAb6ffYt": {"name": "Para Siempre", "coverArt": "https://i.scdn.co/image/ab67616d00001e029571d2cc8539c59422d7147f", "artist": ["Silvana Estrada"], "artistIds": ["72VywtXEoONiBLNu3ibGI7"], "artistPop": [54], "genres": ["dominican pop", "jazz mexicano", "mexican indie", "nuevo folklore mexicano", "veracruz indie"]}, "4alGi6HkNlpuRdlbtLnoIJ": {"name": "Like That", "coverArt": "https://i.scdn.co/image/ab67616d00001e02fe423dbe873b94fb92b802dc", "artist": ["GRACEY", "Alexander 23"], "artistIds": ["7xBGi7Eign0fX7jGQj5KlJ", "6sFHvCyqklnJpXC9Nh1aag"], "artistPop": [57, 68], "genres": ["alt z", "uk pop", "alt z", "indie cafe pop", "pop", "post-teen pop", "social media pop"]}, "4EFcCYHBKuaNjwHK6B4omk": {"name": "Cyr", "coverArt": "https://i.scdn.co/image/ab67616d00001e02b43c0e032661ea15a83df44f", "artist": ["The Smashing Pumpkins"], "artistIds": ["40Yq4vzPs9VNUrIBG5Jr2i"], "artistPop": [72], "genres": ["alternative metal", "alternative rock", "grunge", "permanent wave", "pop rock", "rock"]}, "67LVked2xWltlu5POH71gk": {"name": "People I Don't Know", "coverArt": "https://i.scdn.co/image/ab67616d00001e0207e21778a2523a2f43cd70a5", "artist": ["Sam Fischer"], "artistIds": ["6L1XC7NrmgWRlwAeLJvVtA"], "artistPop": [72], "genres": ["alt z", "australian pop", "dance pop", "indie cafe pop", "pop", "post-teen pop"]}, "63W0RQxADuNSmHBLgmt5Yl": {"name": "Tumbleweed", "coverArt": "https://i.scdn.co/image/ab67616d00001e020d2b606f68b28befc35a1114", "artist": ["Keith Urban"], "artistIds": ["0u2FHSq3ln94y5Q57xazwf"], "artistPop": [74], "genres": ["australian country", "australian pop", "contemporary country", "country", "country road"]}, "1AMVkPFvUC9pHtfTPjpjmB": {"name": "Broke", "coverArt": "https://i.scdn.co/image/ab67616d00001e023a889c0f36f108a990d1bfac", "artist": ["Teddy Swims"], "artistIds": ["33qOK5uJ8AR2xuQQAhHump"], "artistPop": [61], "genres": []}, "1h8X2tLPGk35kQ5hRY4rul": {"name": "Alright (feat. Russell Dickerson)", "coverArt": "https://i.scdn.co/image/ab67616d00001e0243d674222d118e6c2c026dad", "artist": ["Clara Mae", "Russell Dickerson"], "artistIds": ["6RHKEd9dpzQ4c09x8Zdaxu", "1E2AEtxaFaJtH0lO7kgNKw"], "artistPop": [61, 68], "genres": ["alt z", "electropop", "indie cafe pop", "indie poptimism", "pop", "post-teen pop", "social media pop", "swedish pop", "contemporary country", "country", "country road", "modern country rock"]}, "1raVCSLFrefcuDAzPBUoYJ": {"name": "love u again (with R3HAB)", "coverArt": "https://i.scdn.co/image/ab67616d00001e027e0a80e341d050fcdfe9c22a", "artist": ["Olivia Holt", "R3HAB"], "artistIds": ["188VINPQh5dyNfLUkevKqf", "6cEuCEZu7PAE9ZSzLLc2oQ"], "artistPop": [55, 78], "genres": ["alt z", "dance pop", "pop", "post-teen pop", "social media pop", "dance pop", "dutch house", "edm", "electro house", "pop", "pop dance", "progressive electro house", "slap house", "tropical house"]}, "6NHJ0XoMhWDrRiPgVSxhmz": {"name": "Loyal", "coverArt": "https://i.scdn.co/image/ab67616d00001e02b0f16b5a7f4deed84a48171b", "artist": ["DVBBS", "Veronica"], "artistIds": ["5X4LWwbUFNzPkEas04uU82", "6yNer6qvaSzSUpOezir835"], "artistPop": [68, 48], "genres": ["canadian electronic", "dance pop", "edm", "electro house", "pop dance", "pop edm", "slap house", "tropical house"]}, "6W3jq1Bk4rf8NAhJHYlWFX": {"name": "MNU", "coverArt": "https://i.scdn.co/image/ab67616d00001e024ea50f66af9363a31282af4d", "artist": ["Lil Xxel"], "artistIds": ["7iDeMFJKjI1ak40N3hoYOZ"], "artistPop": [57], "genres": ["pop r&b"]}, "0y36K56bxbBUl2kjrBJdco": {"name": "BRITNEY BITCH", "coverArt": "https://i.scdn.co/image/ab67616d00001e02feaf38bf7d19cb1a8863a0cd", "artist": ["BLACKSTARKIDS"], "artistIds": ["7but14WsfXJkF8hm07xx6E"], "artistPop": [38], "genres": ["modern indie pop"]}, "17wanlVPlVaCGKn23ATf2F": {"name": "Take Me Away", "coverArt": "https://i.scdn.co/image/ab67616d00001e02a2ed65b3b61dc84894965784", "artist": ["Wifisfuneral"], "artistIds": ["1vb1XqzyNMQ16BqbxRz5BV"], "artistPop": [60], "genres": ["dark trap", "emo rap", "florida rap", "miami hip hop", "rap", "trap", "underground hip hop", "vapor trap"]}, "6DTbXmaAUQwXetYiEGQiA9": {"name": "Shooters & Movers", "coverArt": "https://i.scdn.co/image/ab67616d00001e02ed438f0f319c8d2778606fcf", "artist": ["Quando Rondo"], "artistIds": ["4IprNlQiJZUUJhDl0fL2SL"], "artistPop": [64], "genres": ["melodic rap", "trap"]}, "4IzgObh0Xnu31feYkX9O6I": {"name": "Love Reggae (feat. Tinashe)", "coverArt": "https://i.scdn.co/image/ab67616d00001e02c6b82d1c08be3980a263542c", "artist": ["JoJo", "Tinashe"], "artistIds": ["5xuNBZoM7z1Vv8IQ6uM0p6", "0NIIxcxNHmOoyBx03SfTCD"], "artistPop": [64, 73], "genres": ["dance pop", "hip pop", "pop", "pop r&b", "pop rap", "post-teen pop", "r&b", "urban contemporary", "alternative r&b", "dance pop", "electropop", "metropopolis", "pop", "pop r&b", "pop rap", "post-teen pop", "r&b", "urban contemporary"]}, "437eNQXusBT4q9q3f34oW9": {"name": "Reflection (2020) - From \"Mulan\"", "coverArt": "https://i.scdn.co/image/ab67616d00001e025bf3b99ff64196dd0fdd9856", "artist": ["Christina Aguilera"], "artistIds": ["1l7ZsJRRS8wlW3WfJfPfNS"], "artistPop": [79], "genres": ["dance pop", "pop", "pop rap", "post-teen pop"]}, "4VyoOl99FlcemZr6WvzQed": {"name": "Woman (feat. Lianne La Havas)", "coverArt": "https://i.scdn.co/image/ab67616d00001e027082447343167363976ca7e1", "artist": ["Nao", "Lianne La Havas"], "artistIds": ["7aFTOGFDEqDtJUCziLVsVC", "2RP4pPHTXlQpDnO9LvR7Yt"], "artistPop": [63, 63], "genres": ["alternative r&b", "chill r&b", "dance pop", "indie r&b", "indie soul", "neo soul", "pop", "r&b", "uk contemporary r&b", "british soul", "indie soul", "neo soul", "pop soul", "soul"]}, "53m9xTQ2lwlxSbPIokJ0mI": {"name": "Love Like", "coverArt": "https://i.scdn.co/image/ab67616d00001e02018be16e5273127a51dd0bc3", "artist": ["LU KALA"], "artistIds": ["5R1cUyk9ysrruOo4ErpGjg"], "artistPop": [32], "genres": []}, "6gqZzQyJfKqdc9boOILz4x": {"name": "Use Me (feat. 070 Shake)", "coverArt": "https://i.scdn.co/image/ab67616d00001e02e6d5b2858f43f4b51d948de9", "artist": ["PVRIS", "070 Shake"], "artistIds": ["6oFs3qk4VepIVFdoD4jmsy", "12Zk1DFhCbHY6v3xep2ZjI"], "artistPop": [63, 66], "genres": ["electropop", "modern alternative rock", "modern rock", "pixie", "pop", "pop emo", "pop punk", "rock", "alternative r&b", "new jersey rap"]}, "1RoTSunQDDRanN3EY53EIQ": {"name": "Too Far Gone", "coverArt": "https://i.scdn.co/image/ab67616d00001e02d6b0425a28234ca1e5a9208e", "artist": ["carobae"], "artistIds": ["2HysMkOtaumKooHYAlE7wd"], "artistPop": [46], "genres": ["alt z", "indie cafe pop"]}, "4mmc4NORV8DyusNwKxqVFy": {"name": "love somebody else", "coverArt": "https://i.scdn.co/image/ab67616d00001e0221c67d105698f0af4f956f0f", "artist": ["lovelytheband"], "artistIds": ["4KJ6jujcNPzOyhdNoiNftp"], "artistPop": [65], "genres": ["indie pop", "indie poptimism", "modern alternative rock", "modern rock", "pop rock", "rock"]}, "1kq9lzEHoY3p8naHWpqNlh": {"name": "Untitled #4", "coverArt": "https://i.scdn.co/image/ab67616d00001e02cba1281e36d4479936a7308f", "artist": ["The Avett Brothers"], "artistIds": ["196lKsA13K3keVXMDFK66q"], "artistPop": [63], "genres": ["indie folk", "new americana", "north carolina indie", "north carolina roots", "pop rock", "progressive bluegrass", "roots rock", "stomp and holler"]}, "336gUVrBgd22Y1iyjH5wRD": {"name": "You Oughta Know", "coverArt": "https://i.scdn.co/image/ab67616d00001e02455b9f811ddfbebab0b935a7", "artist": ["Alanis Morissette"], "artistIds": ["6ogn9necmbUdCppmNnGOdi"], "artistPop": [69], "genres": ["alternative rock", "canadian pop", "canadian singer-songwriter", "pop rock", "singer-songwriter"]}, "4E8NdFfprLwbouZ46bv75o": {"name": "Gotta Move On", "coverArt": "https://i.scdn.co/image/ab67616d00001e0237aefbfa995916d4561b2bcc", "artist": ["Toni Braxton", "H.E.R."], "artistIds": ["3X458ddYA2YcVWuVIGGOYe", "3Y7RZ31TRPVadSFVy1o8os"], "artistPop": [65, 78], "genres": ["dance pop", "hip pop", "neo soul", "new jack swing", "quiet storm", "r&b", "urban contemporary", "alternative r&b", "dance pop", "pop", "r&b"]}, "2ZHRKqieFz0znHuUoRizSt": {"name": "Miss You feat. T-Pain", "coverArt": "https://i.scdn.co/image/ab67616d00001e02e35c89d226cd0e626dfedd30", "artist": ["The LOX", "T-Pain"], "artistIds": ["0A7g2YbCA9FlyZvAG6VmKP", "3aQeKQSyrW4qWr35idm0cy"], "artistPop": [58, 80], "genres": ["east coast hip hop", "gangster rap", "hardcore hip hop", "hip hop", "hip pop", "pop rap", "rap", "dance pop", "hip hop", "pop", "pop rap", "r&b", "rap", "southern hip hop", "urban contemporary"]}, "2gYfK4E7ayRCixCP7mlfBw": {"name": "The End", "coverArt": "https://i.scdn.co/image/ab67616d00001e028d44bde4f6184a0151fe702a", "artist": ["Lonr."], "artistIds": ["2FIGTfXnX4gR3ypjQVPVlJ"], "artistPop": [50], "genres": []}, "2lqs2A1sE84bJN9VAZ1F8u": {"name": "Party", "coverArt": "https://i.scdn.co/image/ab67616d00001e02a959e13f760cc70525d1eafb", "artist": ["Payday"], "artistIds": ["6I7IZDntAGBmzkCANUmtV0"], "artistPop": [48], "genres": []}, "3aAKeyBdBRwWEOdFwkGXFx": {"name": "Lightning (feat. Nana Lourdes)", "coverArt": "https://i.scdn.co/image/ab67616d00001e02f69db811cf32466d22e79f2f", "artist": ["Joey Pecoraro", "Nana Lourdes"], "artistIds": ["44insiIQApkRaCMIbuaISJ", "3LEjiFgpLbT1F0UgOE9qbg"], "artistPop": [56, 31], "genres": ["chillhop", "lo-fi beats"]}, "1FHZyJ35kZ8DaLVOlhOIYK": {"name": "Nights Like That (feat. Georgia Ku)", "coverArt": "https://i.scdn.co/image/ab67616d00001e02935555cf02c26502777107c2", "artist": ["BUNT.", "Georgia Ku"], "artistIds": ["2CpLIMBoE2ZzyY3ZBCRZ7j", "5mYakBbBzPMQTfkVMIgiDM"], "artistPop": [57, 69], "genres": ["deep tropical house", "pop dance", "pop edm", "tropical house", "alt z", "uk pop"]}, "4eVU4U063iMLFJFXb9kzkb": {"name": "Come Over (feat. Anne-Marie & Tion Wayne)", "coverArt": "https://i.scdn.co/image/ab67616d00001e02ac876a1e46b14533e2904c6d", "artist": ["Rudimental", "Anne-Marie", "Tion Wayne"], "artistIds": ["4WN5naL3ofxrVBgFpguzKo", "1zNqDE7qDGCsyzJwohVaoX", "7b79bQFziJFedJb75k6hFt"], "artistPop": [73, 82, 76], "genres": ["dance pop", "edm", "house", "pop", "pop dance", "tropical house", "uk dance", "uk funky", "dance pop", "pop", "pop dance", "post-teen pop", "tropical house", "uk pop", "london rap"]}, "6Q5mJdY0XcBLNVq9NLZuto": {"name": "Pretty Boy", "coverArt": "https://i.scdn.co/image/ab67616d00001e0254fa8ed109151d0443dc8246", "artist": ["The Neighbourhood"], "artistIds": ["77SW9BnxLY8rJ0RciFqkHh"], "artistPop": [83], "genres": ["modern alternative rock", "modern rock", "pop"]}, "04vYVsWbhkQaTLx2kgVNks": {"name": "Better Than I Imagined (Feat. H.E.R. & Meshell Ndegeocello)", "coverArt": "https://i.scdn.co/image/ab67616d00001e02701dce0594fcece1181b0318", "artist": ["Robert Glasper", "H.E.R.", "Meshell Ndegeocello"], "artistIds": ["5cM1PvItlR21WUyBnsdMcn", "3Y7RZ31TRPVadSFVy1o8os", "0uZRjholJ0fVC2J9EvnYnj"], "artistPop": [63, 78, 51], "genres": ["alternative r&b", "contemporary jazz", "indie jazz", "indie soul", "jazz", "modern jazz piano", "neo soul", "alternative r&b", "dance pop", "pop", "r&b", "funk", "neo soul"]}, "0Oc29d8rPreXMPEsOvHCvD": {"name": "Love Cycle (with Summer Walker)", "coverArt": "https://i.scdn.co/image/ab67616d00001e02525896bbb7980a51a9933282", "artist": ["Toosii", "Summer Walker"], "artistIds": ["6BH1xcDkwbbyrLMUKECsW1", "57LYzLEk2LcFghVwuWbcuS"], "artistPop": [67, 77], "genres": ["north carolina hip hop", "pop r&b", "pop", "r&b"]}, "38eB2BbrR7PLK7zyQYgBDx": {"name": "Everything You Touch Is Gold", "coverArt": "https://i.scdn.co/image/ab67616d00001e02b73f32143f1e604d91635625", "artist": ["Gregory Porter"], "artistIds": ["06nevPmNVfWUXyZkccahL8"], "artistPop": [62], "genres": ["adult standards", "contemporary vocal jazz", "jazz pop", "neo soul", "soul", "vocal jazz"]}, "3ly4eSo8luk4kEvYNkKFjv": {"name": "I'm Ready", "coverArt": "https://i.scdn.co/image/ab67616d00001e025a3017b9f7e9bddea1373ad8", "artist": ["Black Pumas"], "artistIds": ["6eU0jV2eEZ8XTM7EmlguK6"], "artistPop": [63], "genres": ["retro soul"]}, "0lShnv9XbP06e6mDnC8wSJ": {"name": "The Ballad of James Howlett", "coverArt": "https://i.scdn.co/image/ab67616d00001e021f3bae34582319febe7b4638", "artist": ["Billy Raffoul"], "artistIds": ["5gw5ANPCVcxU0maLiGRzzP"], "artistPop": [56], "genres": ["indie anthem-folk"]}, "3HY9qrtAKtobL2nCQ535h0": {"name": "Lost One", "coverArt": "https://i.scdn.co/image/ab67616d00001e02d7db0676eabd476e7b0e33cb", "artist": ["Jazmine Sullivan"], "artistIds": ["7gSjFKpVmDgC2MMsnN8CYq"], "artistPop": [66], "genres": ["alternative r&b", "dance pop", "hip pop", "neo soul", "pop", "pop r&b", "r&b", "urban contemporary"]}, "4OwtQGy5O5ORhimy5GteHQ": {"name": "Blue Hour", "coverArt": "https://i.scdn.co/image/ab67616d00001e024fabe17f8859cb78c2495fbb", "artist": ["Mothica"], "artistIds": ["1JhiIIXT9DWqEU3BYFZwGA"], "artistPop": [60], "genres": ["alt z", "electropop", "indie poptimism", "pop", "social media pop", "vapor soul"]}, "2V4Fx72svQRxrFvNT1eq5f": {"name": "THE BADDEST", "coverArt": "https://i.scdn.co/image/ab67616d00001e027158ec602fe6e8165cae6091", "artist": ["K/DA", "(G)I-DLE", "Wolftyla", "Bea Miller", "League of Legends"], "artistIds": ["4gOc8TsQed9eqnqJct2c5v", "2AfmfGFbe0A0WsTYm0SDTx", "7qd6KGoABHifvXKeFNe2Yb", "1o2NpYGqHiCq7FoiYdyd1x", "47mIJdHORyRerp4os813jD"], "artistPop": [68, 71, 60, 73, 76], "genres": ["k-pop girl group", "k-pop", "k-pop girl group", "trap queen", "alt z", "dance pop", "electropop", "indie cafe pop", "indie poptimism", "modern rock", "pop", "pop rap", "post-teen pop", "talent show", "speedrun", "video game music"]}, "1N3WA69hiGcEsO2ExABuqs": {"name": "Zoom", "coverArt": "https://i.scdn.co/image/ab67616d00001e02f2d0f3661dc0e8ad00584d37", "artist": ["Leikeli47"], "artistIds": ["0DtXHIvJ8NWBg5pGvsgWnR"], "artistPop": [53], "genres": ["escape room", "hip pop", "trap queen"]}, "6zdVd206eHcQ5GuDvCSGcZ": {"name": "Bookoo Bucks", "coverArt": "https://i.scdn.co/image/ab67616d00001e02a153400ed9fd1df566142d29", "artist": ["Nasty C", "Lil Gotit", "Lil Keed"], "artistIds": ["2gzWmhOZhDN6gXL49JW9qj", "4ke9HXbejpYVMhbOjSa4le", "3uJx5SnOM59Li7lCxA3b29"], "artistPop": [55, 55, 63], "genres": ["south african hip hop", "south african pop", "south african trap", "atl trap", "rap", "southern hip hop", "trap", "vapor trap", "melodic rap", "rap", "southern hip hop", "trap", "vapor trap"]}, "4gfwOcBc4H5cl6wVBGu7h2": {"name": "How It Go", "coverArt": "https://i.scdn.co/image/ab67616d00001e020c6d33e1a3579baf22413c4f", "artist": ["King Von"], "artistIds": ["6QtgPSJPSzcnn7dPZ4VINp"], "artistPop": [76], "genres": ["chicago rap"]}, "3Wi5kb6xiNss8WBJyXniyT": {"name": "The World Is Yours", "coverArt": "https://i.scdn.co/image/ab67616d00001e020ceb8baedbbeefb4bb930018", "artist": ["Jackboy"], "artistIds": ["2S2mt1DiA4QKdKvtqwxrbB"], "artistPop": [61], "genres": ["florida rap", "southern hip hop", "trap"]}, "3r4wZRhYjAhqW4QjK9Z0sN": {"name": "Paranoia / #1 Stunna", "coverArt": "https://i.scdn.co/image/ab67616d00001e02ecf7fb7ff800ad587641937c", "artist": ["FXXXXY"], "artistIds": ["0SSE0sdoX2FYoo4xQtJmvX"], "artistPop": [38], "genres": []}, "4OcxBd349UIgErVz81V2TY": {"name": "AI", "coverArt": "https://i.scdn.co/image/ab67616d00001e02643e7e379457411063cab35d", "artist": ["Ghostemane"], "artistIds": ["3uL4UpqShC4p2x1dJutoRW"], "artistPop": [76], "genres": ["dark trap", "florida rap"]}, "2SD2zj8W5zKMdjCCJFF0vQ": {"name": "Wasteland", "coverArt": "https://i.scdn.co/image/ab67616d00001e025ca27e07de053ed44dff8fca", "artist": ["Seether"], "artistIds": ["6B5c4sch27tWHAGdarpPaW"], "artistPop": [71], "genres": ["alternative metal", "nu metal", "post-grunge", "south african rock"]}, "1cOWCphqYbF9vqi5uCz8gV": {"name": "Alive", "coverArt": "https://i.scdn.co/image/ab67616d00001e0215cf38b4905b363a1a72d4cd", "artist": ["NEEDTOBREATHE"], "artistIds": ["610EjgFatGvVPtib97jQ8G"], "artistPop": [69], "genres": ["ccm", "christian alternative rock", "christian indie", "christian music", "folk-pop", "indiecoustica", "neo mellow", "worship"]}, "76uZbSe2rX83H6q6ReObzR": {"name": "Strawberry Blonde", "coverArt": "https://i.scdn.co/image/ab67616d00001e024441bea68e5429be50fc4aa3", "artist": ["Rence"], "artistIds": ["3VJTtTgub426X1NuzcyAOb"], "artistPop": [52], "genres": ["pop rap"]}, "5uNaQXTGsmYeOsr4Uz5Zcl": {"name": "Queen Kong", "coverArt": "https://i.scdn.co/image/ab67616d00001e0206e0e672eefa28a542737e14", "artist": ["LightSkinKeisha"], "artistIds": ["6LIcR4928YAJqYcYD1P2mM"], "artistPop": [47], "genres": ["pop r&b", "trap queen"]}, "7woeOS5xhg4e3AkN6U916d": {"name": "Movin' On (feat. Anderson .Paak)", "coverArt": "https://i.scdn.co/image/ab67616d00001e02d002d090a75c7f6b1ec5387e", "artist": ["India Shawn", "Anderson .Paak"], "artistIds": ["7g0SC4F149FUX5rKFuSpqL", "3jK9MiCrA42lLAdMGUZpwa"], "artistPop": [45, 82], "genres": ["alternative r&b", "chill r&b", "indie r&b", "escape room"]}, "7mM2fBXOye3kCTfwYeS8yD": {"name": "STALLING", "coverArt": "https://i.scdn.co/image/ab67616d00001e0244802dc485228e30dde733e5", "artist": ["_BY.ALEXANDER", "Taner\u00e9lle"], "artistIds": ["4KPgZSnwlJl4LnUDb09mCw", "1r1n66Rkx4fzNCIUQhS6OH"], "artistPop": [36, 52], "genres": ["experimental r&b", "alternative r&b", "indie electropop"]}, "1JZW4KLFdvnpUfw3zSvsIl": {"name": "Coco Mango (FloFilz Remix)", "coverArt": "https://i.scdn.co/image/ab67616d00001e029d61de0a2268c53f100db9c8", "artist": ["MF DOOM", "FloFilz"], "artistIds": ["2pAWfrd7WFF3XhVt9GooDL", "39ZQx0618UYVBgGTDOJ2ds"], "artistPop": [72, 54], "genres": ["alternative hip hop", "east coast hip hop", "hip hop", "rap", "chillhop", "jazz boom bap", "lo-fi beats", "lo-fi jazzhop"]}, "2Cjxth1m5L7wlW3GXKjOse": {"name": "Chrome No Heart", "coverArt": "https://i.scdn.co/image/ab67616d00001e02abd82b6e9817c461fd28e7a4", "artist": ["Smoove'L"], "artistIds": ["6FheakPfcCNN0NeROtOKeQ"], "artistPop": [50], "genres": ["brooklyn drill", "new york drill"]}, "5xXC7l1oji3OI9cAkzcIen": {"name": "COCO", "coverArt": "https://i.scdn.co/image/ab67616d00001e0224272b069dd0f27a96606040", "artist": ["ELENA ROSE"], "artistIds": ["0zO8yNnw5GQgutcIyXfGBY"], "artistPop": [41], "genres": ["dominican pop"]}, "58hzFlHm1gKIJzRMSt0vWV": {"name": "Carry On", "coverArt": "https://i.scdn.co/image/ab67616d00001e0226f401c31ac9944252d66fab", "artist": ["The Score", "AWOLNATION"], "artistIds": ["2q3GG88dVwuQPF4FmySr9I", "4njdEjTnLfcGImKZu1iSrz"], "artistPop": [73, 65], "genres": ["modern alternative rock", "modern rock", "la indie", "modern alternative rock", "modern rock", "pop rock", "rock", "stomp pop"]}, "2qirOEQnjo6fzfqlnvxLiG": {"name": "In The Blue", "coverArt": "https://i.scdn.co/image/ab67616d00001e023280b64dd770385848894eef", "artist": ["Ruston Kelly"], "artistIds": ["5zuqnTZOeJzI0N0yQ7XA7I"], "artistPop": [53], "genres": ["new americana"]}, "2ZL60ZCuasf2zih8Nz7ISU": {"name": "Big Iron", "coverArt": "https://i.scdn.co/image/ab67616d00001e02953b105656e8b3551855e82e", "artist": ["Colter Wall"], "artistIds": ["3xYXYzm9H3RzyQgBrYwIcx"], "artistPop": [66], "genres": ["canadian americana", "canadian contemporary country", "outlaw country", "saskatchewan indie"]}, "3mwQ4tEWBWynjw7HJgMiRA": {"name": "We Go Together Like", "coverArt": "https://i.scdn.co/image/ab67616d00001e02427d13fcdc7c3f36d0d5196f", "artist": ["Abby Anderson"], "artistIds": ["0WicR9iYAPd0Bi7i3bz9MB"], "artistPop": [43], "genres": ["contemporary country", "country pop"]}, "3qR7AYcSKi1DgvDMAaofkE": {"name": "Triptych", "coverArt": "https://i.scdn.co/image/ab67616d00001e022dd071deb8eca6caa66cf505", "artist": ["Samia"], "artistIds": ["1Uk1GyijF6fSfX4mWq5bfR"], "artistPop": [54], "genres": ["art pop", "bubblegrunge", "indie folk", "indie pop"]}, "1LdrzxvBFZyHvoDS8os4wy": {"name": "Champion", "coverArt": "https://i.scdn.co/image/ab67616d00001e027af3a6328bef146c025d9a39", "artist": ["Jucee Froot"], "artistIds": ["7BtDOCA9U1krM87JITg6bF"], "artistPop": [45], "genres": ["trap queen"]}, "66bIZJo1rHOsYdYGeQ0GOX": {"name": "NOTHIN", "coverArt": "https://i.scdn.co/image/ab67616d00001e02b34453dc18191756814b7e17", "artist": ["Problem", "Jack Harlow", "Jay Rock"], "artistIds": ["0399oiMcmbOzzsYQDNYqxn", "2LIk90788K0zvyj2JJVwkJ", "28ExwzUQsvgJooOI0X1mr3"], "artistPop": [57, 88, 71], "genres": ["cali rap", "gangster rap", "hyphy", "pop rap", "rap", "southern hip hop", "trap", "west coast trap", "deep underground hip hop", "kentucky hip hop", "pop rap", "rap", "conscious hip hop", "gangster rap", "hip hop", "pop rap", "rap", "southern hip hop", "trap", "underground hip hop"]}, "19yYZxguSuz2UUgW6J7fOO": {"name": "IDGAF", "coverArt": "https://i.scdn.co/image/ab67616d00001e02a1a30ff5d65bd2f4c85f44d5", "artist": ["KenTheMan"], "artistIds": ["6o4O5GX5kOWAGXtZUedxo3"], "artistPop": [51], "genres": ["houston rap", "pop r&b"]}, "01dKjT7VpaNLBQ65bCB4g3": {"name": "War Stories", "coverArt": "https://i.scdn.co/image/ab67616d00001e02d74d3986fa6bacbdec57d474", "artist": ["Tm88", "Slatt Zy", "Calboy"], "artistIds": ["5RMUeKq0dZxg9RHE1f0B9P", "2PCrvJNRI8qGLtz9QwL7fq", "0HkcYmcjrBR3SCw9Ld5VZk"], "artistPop": [49, 45, 63], "genres": ["atl trap", "vapor trap", "tennessee hip hop", "chicago rap", "melodic rap", "rap", "trap", "vapor trap"]}}