{"17vGPZ5EsdvtgAOCD4FLWI": {"name": "AP - Music from the film Boogie", "coverArt": "https://i.scdn.co/image/ab67616d00001e02910d332c82ea0e868127f9a0", "artist": ["Pop Smoke"], "artistIds": ["0eDvMgVFoNV3TpwtrVCoTj"], "artistPop": [89], "genres": ["brooklyn drill"]}, "3Kwdm0iLyEiRB8InsZoo6n": {"name": "Talk To Me", "coverArt": "https://i.scdn.co/image/ab67616d00001e0258e70580933aa8c99b653a3c", "artist": ["Drakeo the Ruler", "Drake"], "artistIds": ["0p4ViyfJUTW0IT4SCBLexf", "3TVXtAsR1Inumwj472S9r4"], "artistPop": [63, 100], "genres": ["cali rap", "canadian hip hop", "canadian pop", "hip hop", "pop rap", "rap", "toronto rap"]}, "7jXQUrVhEpXdymfFWNDnQW": {"name": "BED", "coverArt": "https://i.scdn.co/image/ab67616d00001e02420815e00e8dc4732b4fe233", "artist": ["Joel Corry", "RAYE", "David Guetta"], "artistIds": ["6DgP9otnZw5z6daOntINxp", "5KKpBU5eC2tJDzf0wmlRp2", "1Cs0zKBU1kc0i8ypK3B9ai"], "artistPop": [80, 77, 89], "genres": ["dance pop", "edm", "pop", "pop dance", "tropical house", "uk dance", "dance pop", "edm", "house", "pop", "pop dance", "post-teen pop", "tropical house", "uk contemporary r&b", "uk dance", "uk pop", "big room", "dance pop", "edm", "pop", "pop dance"]}, "3SawmGBjjq8EOYZJV11cJm": {"name": "Only Wanna Be With You - Pok\u00e9mon 25 Version", "coverArt": "https://i.scdn.co/image/ab67616d00001e02d06b152b24e9357e81c460fe", "artist": ["Post Malone"], "artistIds": ["246dkjvS1zLTtiykXe5h60"], "artistPop": [89], "genres": ["dfw rap", "melodic rap", "rap"]}, "2M2Pug4zwMialHSwACPlU1": {"name": "Like This", "coverArt": "https://i.scdn.co/image/ab67616d00001e026733c58bf125cd7099e65510", "artist": ["2KBABY", "Marshmello"], "artistIds": ["4mkjpWbFO45SyaHiM9GOVE", "64KEffDW9EtZ1y2vBYgq8T"], "artistPop": [61, 86], "genres": ["kentucky hip hop", "brostep", "edm", "pop", "pop dance", "progressive electro house"]}, "3TG88ES1Z5sMfuondaDZXV": {"name": "Spaceman", "coverArt": "https://i.scdn.co/image/ab67616d00001e024f695f4ca747341408287092", "artist": ["Nick Jonas"], "artistIds": ["4Rxn7Im3LGfyRkY2FlHhWi"], "artistPop": [69], "genres": ["dance pop", "pop", "post-teen pop", "viral pop"]}, "4a1RWaG4BTkifgMSx3rpf3": {"name": "Blue", "coverArt": "https://i.scdn.co/image/ab67616d00001e0221bf5e9a1442b01008d63cfd", "artist": ["Madison Beer"], "artistIds": ["2kRfqPViCqYdSGhYSM9R0Q"], "artistPop": [78], "genres": ["alt z", "dance pop", "electropop", "pop", "post-teen pop"]}, "0O6vnplGquhXRh0Zghyr8w": {"name": "Thieves In Atlanta (feat. Coi Leray)", "coverArt": "https://i.scdn.co/image/ab67616d00001e02640c09fef240c05459c091cf", "artist": ["Yung Bleu", "Coi Leray"], "artistIds": ["3KNIG74xSTc3dj0TRy7pGX", "6AMd49uBDJfhf30Ak2QR5s"], "artistPop": [71, 68], "genres": ["alabama rap", "pop r&b", "r&b", "trap", "new jersey underground rap", "r&b", "trap queen", "viral rap"]}, "7LJZyNjN5U0LdYSBQ9hlLz": {"name": "7:00", "coverArt": "https://i.scdn.co/image/ab67616d00001e02cc5a0e69d80edf1cd1ef4dad", "artist": ["Bryson Tiller"], "artistIds": ["2EMAnMvWE2eb56ToJVfCWs"], "artistPop": [78], "genres": ["kentucky hip hop", "pop", "pop rap", "r&b", "rap", "trap"]}, "2dl5K2ScW7jYhAhuem06cm": {"name": "PROBLEMA", "coverArt": "https://i.scdn.co/image/ab67616d00001e023267bde66a6609c66a246040", "artist": ["Daddy Yankee"], "artistIds": ["4VMYDCV2IEDYJArk749S6m"], "artistPop": [87], "genres": ["latin", "latin hip hop", "reggaeton", "trap latino"]}, "30AnNG3dFbHLQuSbIVWEbF": {"name": "DITTO", "coverArt": "https://i.scdn.co/image/ab67616d00001e029e1b13e2849c0f457f8085f3", "artist": ["Aries"], "artistIds": ["3hOdow4ZPmrby7Q1wfPLEy"], "artistPop": [63], "genres": ["emo rap", "pop rap", "sad rap"]}, "5HorjQJbDWGabguEDSwQvl": {"name": "Roots", "coverArt": "https://i.scdn.co/image/ab67616d00001e0266f8164b208dcbafac38a410", "artist": ["Cautious Clay"], "artistIds": ["6iWuBN32BqCJAeXW6o3nil"], "artistPop": [63], "genres": ["alternative r&b", "indie r&b", "nyc pop", "pop"]}, "3UGjJ29o2HC4Sb06DXjkFQ": {"name": "80/20", "coverArt": "https://i.scdn.co/image/ab67616d00001e02e84618640ac4acf0a3085f82", "artist": ["Chloe x Halle"], "artistIds": ["0AsThoR4KZSVktALiNcQwW"], "artistPop": [65], "genres": ["alternative r&b", "dance pop", "pop", "pop rap", "post-teen pop", "r&b"]}, "1XZRnzOrLuUhrahFwSao51": {"name": "Go Big - From The Amazon Original Motion Picture Soundtrack Coming 2 America", "coverArt": "https://i.scdn.co/image/ab67616d00001e0231f44cf9ef63e693ee857e28", "artist": ["YG", "Big Sean"], "artistIds": ["0A0FS04o6zMoto8OKPsDwY", "0c173mlxpT3dSFRgMO8XPh"], "artistPop": [78, 81], "genres": ["cali rap", "gangster rap", "hip hop", "pop rap", "rap", "southern hip hop", "trap", "detroit hip hop", "hip hop", "pop rap", "rap", "southern hip hop", "trap"]}, "0U8AQGK1eB9b1mINnFMicZ": {"name": "Money Long (feat. 42 Dugg)", "coverArt": "https://i.scdn.co/image/ab67616d00001e023d0684fd072517de22e6ad54", "artist": ["DDG", "OG Parker", "42 Dugg"], "artistIds": ["0WK3H9OErSn5zKOkOV5egm", "5hhgghBFkLDdMn93GW4x3I", "45gHcnDnMC15sgx3VL7ROG"], "artistPop": [70, 65, 76], "genres": ["rap", "trap", "detroit trap", "rap", "southern hip hop", "trap"]}, "2Y9oTMNY5CPT4m9l6CgbgM": {"name": "Look What You've Done", "coverArt": "https://i.scdn.co/image/ab67616d00001e02d6a294f119b2863bf734fa13", "artist": ["Zara Larsson"], "artistIds": ["1Xylc3o4UrD53lo9CvFvVg"], "artistPop": [78], "genres": ["dance pop", "edm", "electropop", "pop", "pop dance", "post-teen pop", "scandipop", "swedish electropop", "swedish pop", "tropical house"]}, "4FdlrVG63Nsx9I7dBtsh6J": {"name": "Whirlwind", "coverArt": "https://i.scdn.co/image/ab67616d00001e02ed1deddf918c7d9984e01f2f", "artist": ["Sam Ryder"], "artistIds": ["1rvnJJghrxl1xakJZct08m"], "artistPop": [55], "genres": []}, "5CGWdCX8CT5oRaou51q76O": {"name": "She Abunai", "coverArt": "https://i.scdn.co/image/ab67616d00001e02c5de2a5e02a43e5fc3b3f2c4", "artist": ["Alice Longyu Gao", "Mura Masa", "b\u00fclow"], "artistIds": ["5HvKzBgj4yphQfBJjBJrhL", "5Q81rlcTFh3k6DQJXPdsot", "5vBrKGOjN10BMwB0cJADj4"], "artistPop": [46, 67, 62], "genres": ["escape room", "glitchcore", "hyperpop", "channel islands indie", "vapor soul", "alt z", "electropop", "indie cafe pop", "indie poptimism", "indietronica", "pop", "post-teen pop", "social media pop"]}, "5etvVR36xgYO9VawprrrkI": {"name": "Something", "coverArt": "https://i.scdn.co/image/ab67616d00001e02c8095e6cc2f15879dd38e4ed", "artist": ["Dayglow"], "artistIds": ["6eJa3zG1QZLRB3xgRuyxbm"], "artistPop": [70], "genres": ["austindie", "indie pop", "modern rock"]}, "6wwT3PgG3eFuKCpxzjMJFs": {"name": "Rotate", "coverArt": "https://i.scdn.co/image/ab67616d00001e026cfa95f979c523e663bbc8aa", "artist": ["Becky G", "Burna Boy"], "artistIds": ["4obzFoKoKRHIphyHzJ35G3", "3wcj11K77LjEY1PkEazffa"], "artistPop": [82, 77], "genres": ["dance pop", "latin", "latin pop", "latin viral pop", "pop", "rap latina", "reggaeton", "trap latino", "afro dancehall", "dancehall", "nigerian hip hop", "nigerian pop"]}, "4JC2H3j5NOkpiOXTgMVsx7": {"name": "Krunk", "coverArt": "https://i.scdn.co/image/ab67616d00001e02038161c3e349f835b12d8b5a", "artist": ["Sad Night Dynamite"], "artistIds": ["6ydvoGN30eRfE78bjTANF7"], "artistPop": [51], "genres": []}, "5tnRnYnQIm9iJCraZGpOJp": {"name": "Hold On To Me", "coverArt": "https://i.scdn.co/image/ab67616d00001e02b13e8aa1139455bf7b232fcf", "artist": ["Lauren Daigle"], "artistIds": ["40LHVA5BTQp9RxHOQ9JPYj"], "artistPop": [70], "genres": ["ccm", "christian alternative rock", "christian music", "worship"]}, "07cZs4Bn5aMHsQMFZ7MOui": {"name": "1 Last Cigarette", "coverArt": "https://i.scdn.co/image/ab67616d00001e0270cfb72b69b8664541436071", "artist": ["The Band CAMINO"], "artistIds": ["6d4jrmreCmsenscuieJERc"], "artistPop": [68], "genres": ["electropop", "hopebeat", "indie cafe pop", "indie poptimism", "modern alternative rock", "modern rock", "pop", "pop rock"]}, "7thhWP37F1tHFcrnwLNaao": {"name": "Rainforest", "coverArt": "https://i.scdn.co/image/ab67616d00001e0294b9322dafc3f291533eadba", "artist": ["Noname"], "artistIds": ["1EpyA68dKpjf7jXmQL88Hy"], "artistPop": [59], "genres": ["alternative r&b", "chicago rap", "escape room", "hip hop", "indie soul", "neo soul", "underground hip hop"]}, "5p29DSBwxS4hStGKr7NCCO": {"name": "KILL CUPID", "coverArt": "https://i.scdn.co/image/ab67616d00001e024347f9c8294ccc5e203e747a", "artist": ["Dro Kenji", "$NOT"], "artistIds": ["46fHMu9KxdQwcGV9xI1L9R", "5IbEL2xjRtKsunfmsahLuO"], "artistPop": [59, 77], "genres": ["sad rap", "aesthetic rap", "florida rap", "underground hip hop"]}, "6Nr40AS5eNsfFjpMrisCY3": {"name": "Te Olvidaste", "coverArt": "https://i.scdn.co/image/ab67616d00001e02a408c78e231f716383a58eb3", "artist": ["C. Tangana", "Omar Apollo"], "artistIds": ["5TYxZTjIPqKM8K8NuP9woO", "5FxD8fkQZ6KcsSYupDVoSO"], "artistPop": [78, 66], "genres": ["urbano espanol", "alternative r&b", "bedroom pop", "bedroom soul", "chill r&b", "indie pop", "indie r&b", "pop", "r&b"]}, "0tHWsBI54oBishkTwMwd9Y": {"name": "Exposure", "coverArt": "https://i.scdn.co/image/ab67616d00001e0266501fe475832247c3d6c70e", "artist": ["Shelley FKA DRAM"], "artistIds": ["5M0lbkGluOPXLeFjApw8r8"], "artistPop": [63], "genres": ["alternative r&b", "rap", "underground hip hop", "virginia hip hop"]}, "0N83qk5axJe71xNDXeViFQ": {"name": "Bounce", "coverArt": "https://i.scdn.co/image/ab67616d00001e020720f3844dde3ddf42e2730b", "artist": ["Rema"], "artistIds": ["46pWGuE3dSwY3bMMXGBvVS"], "artistPop": [67], "genres": []}, "0gNXY64y1CKoNsIo96WuLn": {"name": "Leave A Little Love", "coverArt": "https://i.scdn.co/image/ab67616d00001e0281409778f69c4258adad7b3f", "artist": ["Alesso", "Armin van Buuren"], "artistIds": ["4AVFqumd2ogHFlRbKIjp1t", "0SfsnGyD8FpIN4U4WCkBZ5"], "artistPop": [77, 76], "genres": ["dance pop", "edm", "electro house", "pop", "pop dance", "progressive electro house", "tropical house", "dutch trance", "edm", "pop dance", "progressive house", "trance"]}, "1dthu6dMsSfRe2k1nBTL36": {"name": "Open up the Heavens", "coverArt": "https://i.scdn.co/image/ab67616d00001e02e6284211da35f88c06e688a5", "artist": ["Jade Bird"], "artistIds": ["7D8LuVnlyu91ndcPe70j7S"], "artistPop": [56], "genres": ["folk-pop", "indie folk", "new americana", "uk americana"]}, "2RTrGUrkUrDdts1tYTLR2L": {"name": "Real Life", "coverArt": "https://i.scdn.co/image/ab67616d00001e025c6770c99c4b9ba56acd5114", "artist": ["Claire Rosinkranz"], "artistIds": ["3V0ZQW0dNuVaFtbVYgSI24"], "artistPop": [67], "genres": ["alt z", "indie pop", "modern indie pop", "pop"]}, "0X9YmbFHb2sPmml6J7DMK0": {"name": "The Last Man on Earth", "coverArt": "https://i.scdn.co/image/ab67616d00001e02c3ad61c197424c4d05b04daf", "artist": ["Wolf Alice"], "artistIds": ["3btzEQD6sugImIHPMRgkwV"], "artistPop": [63], "genres": ["art pop", "indie pop", "indie rock", "modern alternative rock", "modern rock", "rock"]}, "7lR4o63cpYr8zY3nBEPead": {"name": "It Takes Two", "coverArt": "https://i.scdn.co/image/ab67616d00001e0221442d4a42821f6004b7ee0a", "artist": ["Fiji Blue"], "artistIds": ["1e7K8jD3wRuQfnwDAOeGqe"], "artistPop": [65], "genres": ["chill pop", "chill r&b", "electropop", "pop"]}, "4OXRkUBm66qQWkT25h1jbe": {"name": "thrax", "coverArt": "https://i.scdn.co/image/ab67616d00001e024ffb30e2458be7e2cf0750be", "artist": ["SSGKobe"], "artistIds": ["1NHCwCMqV9oNQJXl16IltL"], "artistPop": [65], "genres": ["vapor trap"]}, "0yKBinwqV7fh1wokWh9ib7": {"name": "But Cha (feat. Josh Golden)", "coverArt": "https://i.scdn.co/image/ab67616d00001e028c4eed1f1a654f91d404fdd9", "artist": ["KYLE", "Josh Golden"], "artistIds": ["4qBgvVog0wzW75IQ48mU7v", "6wUAn24MOirNVNqQM47fda"], "artistPop": [70, 58], "genres": ["pop rap", "rap", "social media pop", "la pop", "sad rap", "trap soul"]}, "4aijMSsvaGuyE5Wp2ycCBW": {"name": "Big Boy", "coverArt": "https://i.scdn.co/image/ab67616d00001e027c9b20e1f239f31d38dfd204", "artist": ["Payday"], "artistIds": ["6I7IZDntAGBmzkCANUmtV0"], "artistPop": [48], "genres": []}, "7brxuyNOpM2kQFQIdhZUJn": {"name": "Robbery Part Two", "coverArt": "https://i.scdn.co/image/ab67616d00001e0278d97d0b95e88f5c76145cca", "artist": ["Tee Grizzley"], "artistIds": ["6AUl0ykLLpvTktob97x9hO"], "artistPop": [70], "genres": ["detroit hip hop", "detroit trap", "hip hop", "rap", "southern hip hop", "trap"]}, "5QKOme2dkvt6P3J0makF7b": {"name": "Same Niggas", "coverArt": "https://i.scdn.co/image/ab67616d00001e02db4b7e51f6c926dfc32a7a19", "artist": ["Shordie Shordie", "Murda Beatz"], "artistIds": ["5fyvTyetDr7gvLafBsEEhU", "3CbYyyd8wH3RT6t0jwpdzC"], "artistPop": [61, 64], "genres": ["baltimore hip hop", "cali rap", "canadian hip hop", "canadian trap"]}, "4MwhUpDkOOb4UU7BtKznlu": {"name": "Skegee", "coverArt": "https://i.scdn.co/image/ab67616d00001e024298cbbf967eb5f5b9308cb2", "artist": ["JID"], "artistIds": ["6U3ybJ9UHNKEdsH7ktGBZ7"], "artistPop": [73], "genres": ["hip hop", "rap", "underground hip hop"]}, "1zw58wBujy79wxhOoxHxii": {"name": "Too Sweet (feat. Unknown Mortal Orchestra)", "coverArt": "https://i.scdn.co/image/ab67616d00001e021a934316ef13a6cde88ed789", "artist": ["India Shawn", "Unknown Mortal Orchestra"], "artistIds": ["7g0SC4F149FUX5rKFuSpqL", "1LeVJ5GPeYDOVUjxx1y7Rp"], "artistPop": [45, 65], "genres": ["alternative r&b", "chill r&b", "indie r&b", "chillwave", "indie rock", "kiwi rock", "neo-psychedelic", "new rave", "portland hip hop", "psychedelic pop"]}, "263EQSN2t8ilPZ4W8s5RRD": {"name": "Just Because", "coverArt": "https://i.scdn.co/image/ab67616d00001e0273033e5abb14c52218d0472b", "artist": ["Mallory Merk"], "artistIds": ["5GHFapUxfP2H2xxuMytwaF"], "artistPop": [33], "genres": ["bedroom soul"]}, "09HSL5vRZgxXmoSrDVKMDB": {"name": "Sin Ropa", "coverArt": "https://i.scdn.co/image/ab67616d00001e0207f15e5febfa0b47d8f471f5", "artist": ["Lunay"], "artistIds": ["47MpMsUfWtgyIIBEFOr4FE"], "artistPop": [77], "genres": ["latin", "latin hip hop", "reggaeton", "reggaeton flow", "trap latino"]}, "2REu6wX4KKrG6uGlTKVqu6": {"name": "One More Time (feat. Alida)", "coverArt": "https://i.scdn.co/image/ab67616d00001e02307d9c005872ca234cea3340", "artist": ["Robin Schulz", "Felix Jaehn", "Alida"], "artistIds": ["3t5xRXzsuZmMDkQzgOX35S", "4bL2B6hmLlMWnUEZnorEtG", "1kiq2kUV0cbLUhJsr7cpW0"], "artistPop": [80, 78, 71], "genres": ["dance pop", "deep euro house", "deep house", "edm", "german dance", "pop", "pop dance", "tropical house", "dance pop", "edm", "electro house", "german dance", "pop", "pop dance", "pop edm", "pop rap", "tropical house", "norwegian pop"]}, "02JZIF70F9dpOCdenwFwH3": {"name": "verbal warnings", "coverArt": "https://i.scdn.co/image/ab67616d00001e02adcf6de9eb4254a2192a9224", "artist": ["Cody Frost"], "artistIds": ["3FobDbMc9jNxkZ8GCc685W"], "artistPop": [36], "genres": []}, "15hQDO74LAH1lXyqUDVNc4": {"name": "Last Love", "coverArt": "https://i.scdn.co/image/ab67616d00001e028f73e55741a4c9eaa7200611", "artist": ["Sinead Harnett"], "artistIds": ["6tUJpYN2aYiXbzAcg0pIOo"], "artistPop": [64], "genres": ["alternative r&b", "chill r&b", "dance pop", "gauze pop", "indie r&b", "indie soul", "pop", "pop r&b", "r&b", "uk contemporary r&b"]}, "2YgwcrRc33vIWgv5n2TNZ9": {"name": "Cross Country", "coverArt": "https://i.scdn.co/image/ab67616d00001e02fba065fc651bebd3360d7610", "artist": ["BRELAND"], "artistIds": ["0C86lmpnwiyLDUiyo4d0P1"], "artistPop": [65], "genres": ["contemporary country"]}, "0QULNNd9z5s35entfiiXoa": {"name": "Drunk (And I Don't Wanna Go Home)", "coverArt": "https://i.scdn.co/image/ab67616d00001e02c543eab4c605e09a6c0446e8", "artist": ["Elle King", "Miranda Lambert"], "artistIds": ["3bhu7P5PfngueRHiB9hjcx", "66lH4jAE7pqPlOlzUKbwA0"], "artistPop": [68, 73], "genres": ["modern blues rock", "contemporary country", "country", "country dawn", "country road"]}, "0rgVcbfBr7z4lIXu7IlVWV": {"name": "How To Break A Heart (feat. Lori McKenna & Hillary Lindsey)", "coverArt": "https://i.scdn.co/image/ab67616d00001e023c562be605e52a60b7582ba6", "artist": ["Hailey Whitters", "Lori McKenna", "Hillary Lindsey"], "artistIds": ["4e9TBaTlI3LVQz3tkTYC0I", "1OV5mEATxtVma7fleFaUyl", "5mX9Z6qHTTHHFCreShrFIA"], "artistPop": [47, 48, 42], "genres": ["contemporary country", "country pop", "boston folk", "folk", "indie folk", "lilith", "modern folk rock", "new americana", "new england americana"]}, "7wWqAGY1k2cr1ntffgBBH1": {"name": "virtual reality", "coverArt": "https://i.scdn.co/image/ab67616d00001e0270cf62258db7d3e14707e8ee", "artist": ["renforshort"], "artistIds": ["3GYvf7puxwkr51EYoD9E7D"], "artistPop": [57], "genres": ["alt z", "canadian pop", "indie pop", "pop", "social media pop"]}, "54g56wfD2Vmr8k5X9EHN2k": {"name": "Slide Thru", "coverArt": "https://i.scdn.co/image/ab67616d00001e02caed3bac650fde33473e2197", "artist": ["Mills"], "artistIds": ["7MceGzCJ3bPNyErb440Izo"], "artistPop": [42], "genres": []}, "0uDI12DDNM6PVH1DpdokNk": {"name": "Conceited", "coverArt": "https://i.scdn.co/image/ab67616d00001e02faae62e5e06fc743d3b96074", "artist": ["Curtis Waters"], "artistIds": ["2JbE7jUIGtpXSzytnyMg6U"], "artistPop": [60], "genres": []}, "6uJdKvwRPpq35xuJlKyQMJ": {"name": "Clouds", "coverArt": "https://i.scdn.co/image/ab67616d00001e0229fcbf1f667b9b83fb0becd4", "artist": ["Slayyyter"], "artistIds": ["4QM5QCHicznALtX885CnZC"], "artistPop": [58], "genres": ["art pop", "dance pop", "electropop", "escape room", "hyperpop", "pop"]}, "5RdJJvXMblp0SJDnnS45f2": {"name": "Here Comes The Shock", "coverArt": "https://i.scdn.co/image/ab67616d00001e0251cee092459127237f987341", "artist": ["Green Day"], "artistIds": ["7oPftvlwr6VrsViSDV7fJY"], "artistPop": [81], "genres": ["permanent wave", "punk"]}, "1n0roMNZNxclnLraBmA7tl": {"name": "Disco Body Parts (feat. AWOLNATION)", "coverArt": "https://i.scdn.co/image/ab67616d00001e02bd04519b580d86d1a7e938da", "artist": ["Yung Bae", "AWOLNATION"], "artistIds": ["30FDJPN3RtwJZ20g5YGCRX", "4njdEjTnLfcGImKZu1iSrz"], "artistPop": [61, 65], "genres": ["future funk", "la indie", "modern alternative rock", "modern rock", "pop rock", "rock", "stomp pop"]}, "0AGOXOfcDIRXwZtny26RDd": {"name": "Je ne sais pas (feat. Sfera Ebbasta)", "coverArt": "https://i.scdn.co/image/ab67616d00001e02a85c361abcb375542bec795d", "artist": ["Lous and The Yakuza", "Sfera Ebbasta", "Shablo"], "artistIds": ["2HPiMwJktBXqakN0hnON2R", "23TFHmajVfBtlRx5MXqgoz", "6hkKbkZGvAXuvle2FhCnxy"], "artistPop": [56, 78, 65], "genres": ["belgian pop", "italian hip hop", "italian pop", "trap italiana", "italian hip hop"]}, "1En6OzqLa2XWiY1We4jHms": {"name": "Oh Mama - Premium", "coverArt": "https://i.scdn.co/image/ab67616d00001e02829561892a2401998e6aaae6", "artist": ["Farruko", "Myke Towers"], "artistIds": ["329e4yvIujISKGKz1BZZbO", "7iK8PXO48WeuP03g8YR51W"], "artistPop": [89, 90], "genres": ["latin", "reggaeton", "trap latino", "trap latino"]}, "10JEJfyoEzDQFeWf2IXNlh": {"name": "Fuck Shit", "coverArt": "https://i.scdn.co/image/ab67616d00001e0247683df32c2fcd53ca8c29ea", "artist": ["Hotboii"], "artistIds": ["220xv2aB3dsGxaJI1gGs7l"], "artistPop": [64], "genres": ["florida rap"]}, "0wcFOZLjwZfgtSVZ6xULZC": {"name": "I'm The Type", "coverArt": "https://i.scdn.co/image/ab67616d00001e02f437c656aacb4119cb663a93", "artist": ["Key Glock"], "artistIds": ["0RESbWvOMyua0yuyVrztJ5"], "artistPop": [73], "genres": ["hip hop", "memphis hip hop", "rap", "southern hip hop", "tennessee hip hop", "trap"]}, "57zHNqDztQQZIeP11X2WKq": {"name": "GIVE IT BACK", "coverArt": "https://i.scdn.co/image/ab67616d00001e0240156726d5c090af3cde32bb", "artist": ["Tobe Nwigwe"], "artistIds": ["3Qh89pgJeZq6d8uM1bTot3"], "artistPop": [53], "genres": ["christian hip hop", "houston rap"]}, "2Vqbniz8jYoZPvecpdVPq9": {"name": "Lead the Way", "coverArt": "https://i.scdn.co/image/ab67616d00001e0229cc32491b2f3db3aa542345", "artist": ["Jhen\u00e9 Aiko"], "artistIds": ["5ZS223C6JyBfXasXxrRqOk"], "artistPop": [79], "genres": ["alternative r&b", "dance pop", "pop", "pop rap", "r&b", "urban contemporary"]}, "6bVcqoYbuS9h7O5XuxAXcf": {"name": "Josh", "coverArt": "https://i.scdn.co/image/ab67616d00001e02ec3a0e3be5a5dbef1ee6edcc", "artist": ["Peach PRC"], "artistIds": ["006j2rer9tZJCYniu7SaWS"], "artistPop": [51], "genres": ["alt z"]}, "0McxF8eId0vNfcOig2RoZ6": {"name": "Take My Heart Away", "coverArt": "https://i.scdn.co/image/ab67616d00001e02ce4b5eae6d35e152b853fa1b", "artist": ["Danny L Harle", "DJ Danny"], "artistIds": ["1PNvaesh1mkKZucGhBuqgD", "4LCPHYqTPj7QWkq0G7wKVM"], "artistPop": [52, 31], "genres": ["art pop", "deconstructed club", "electropop", "escape room", "hyperpop"]}, "5zwaNwnK8r2FzgDXt6n7EF": {"name": "Wifi Beach", "coverArt": "https://i.scdn.co/image/ab67616d00001e02a65568ed37668baaa7e0bbfd", "artist": ["Brijean"], "artistIds": ["2TRNyrjoKJnqSc9G8jCZfb"], "artistPop": [44], "genres": ["oakland indie"]}, "4QgKXgcqA5AbArVH5WfmlP": {"name": "Still Friends", "coverArt": "https://i.scdn.co/image/ab67616d00001e02e4a5a0a66c5bc2ad1c753991", "artist": ["Forrest Nolan"], "artistIds": ["3M8UUCqb0mIEn5S2lO13yv"], "artistPop": [50], "genres": []}, "3gIMOdOuqPb0ngihSVkuQx": {"name": "Never Enough", "coverArt": "https://i.scdn.co/image/ab67616d00001e022990b84a9ab685630ae86309", "artist": ["Two Feet"], "artistIds": ["5sWHDYs0csV6RS48xBl0tH"], "artistPop": [74], "genres": ["indie poptimism", "modern rock", "pop"]}, "3OEi89tc0xveSTHAhwrFKT": {"name": "i can't get high", "coverArt": "https://i.scdn.co/image/ab67616d00001e02d564a422604c49ef249abba4", "artist": ["Royal & the Serpent"], "artistIds": ["64EHXDoln95lnccszdPum0"], "artistPop": [65], "genres": ["alt z", "indie electropop", "modern alternative pop", "social media pop"]}, "7tWKpRixRijBWgUIDkp1b6": {"name": "Heatwave", "coverArt": "https://i.scdn.co/image/ab67616d00001e02bc79e314fb9401993c94f677", "artist": ["Julien Baker"], "artistIds": ["12zbUHbPHL5DGuJtiUfsip"], "artistPop": [60], "genres": ["ambient folk", "art pop", "indie folk", "indie pop", "indie rock"]}, "2g6aIBdprkYt5mNFjY6HAz": {"name": "Like a Ship", "coverArt": "https://i.scdn.co/image/ab67616d00001e02927b99934c24a2382b6d5d04", "artist": ["Leon Bridges", "Keite Young"], "artistIds": ["3qnGvpP8Yth1AqSBMqON5x", "2euNKUC2iR9HRDVjLbhNdn"], "artistPop": [74, 38], "genres": ["modern blues"]}, "2O0tojYEkArXefAqL93mrj": {"name": "Miss This", "coverArt": "https://i.scdn.co/image/ab67616d00001e029181f753e5c8b9e5a3648db2", "artist": ["Starrah"], "artistIds": ["6DpWtzfwV8fcwP6fXckDVu"], "artistPop": [53], "genres": []}, "4sGytBCmSavdzoFQdXoTX2": {"name": "June 1st", "coverArt": "https://i.scdn.co/image/ab67616d00001e02f6a62f1a8f312ca87089737e", "artist": ["Ant Clemons"], "artistIds": ["028lPW2NdWHdSPCkRkcyhd"], "artistPop": [58], "genres": ["alternative r&b", "indie r&b", "pop r&b"]}, "5ZSRRpTAB1O5iLniDGQzzs": {"name": "Spoiled", "coverArt": "https://i.scdn.co/image/ab67616d00001e022e2850d1852592e240f0e334", "artist": ["Ant Saunders"], "artistIds": ["4jpsw9CQS439N0B7SecMgf"], "artistPop": [57], "genres": ["chill r&b", "pop"]}, "4NzoEowcMzDs9ELjzlOvW5": {"name": "John Hughes Movie", "coverArt": "https://i.scdn.co/image/ab67616d00001e02bc762a6eca1e694abf90a596", "artist": ["Maisie Peters"], "artistIds": ["2RVvqRBon9NgaGXKfywDSs"], "artistPop": [69], "genres": ["alt z", "electropop", "indie cafe pop", "indie pop", "pop", "post-teen pop", "uk pop"]}, "76y9kdLOsF0g2uMpQKdJk7": {"name": "On Repeat (feat. Cigarettes After Sex & Lexi Jayde)", "coverArt": "https://i.scdn.co/image/ab67616d00001e02694bd243192cc3ca789f62cf", "artist": ["Goody Grace", "Cigarettes After Sex", "Lexi Jayde"], "artistIds": ["1iH2Yx2Ea0kZ0zKI3Nlk30", "1QAJqy2dA3ihHBFIHRphZj", "69761NObDw2KwmmFgZmxzC"], "artistPop": [61, 74, 49], "genres": ["pop rap", "sad rap", "ambient pop", "dream pop", "el paso indie", "shoegaze", "alt z", "social media pop"]}, "5or3iDhIcrcAl9oIajcM80": {"name": "The Princess and the Clock", "coverArt": "https://i.scdn.co/image/ab67616d00001e026aa728c48c80747f6a487063", "artist": ["Kero Kero Bonito"], "artistIds": ["6OqhFYFJDnBBHas02HopPT"], "artistPop": [60], "genres": ["escape room", "hyperpop", "japanese electropop"]}, "4xKyHQ5OdipHHZP4ajhE9o": {"name": "I Know You Like Black Flag", "coverArt": "https://i.scdn.co/image/ab67616d00001e027163813b7f142e8fc43c933f", "artist": ["Ricky Himself"], "artistIds": ["5vz4AsHBUwAQ7qrhG5yyBS"], "artistPop": [29], "genres": []}, "23KrCGwx1EedHUaZsQe6H5": {"name": "23", "coverArt": "https://i.scdn.co/image/ab67616d00001e023a55d0c85828c708f9c9e59b", "artist": ["Wallice"], "artistIds": ["6d6ts87Fxm1EdULf4CaLw4"], "artistPop": [49], "genres": ["indie pop", "indie r&b"]}, "03Xfbhw8SZeioJQZ6YuSKi": {"name": "THINKING OF YOU", "coverArt": "https://i.scdn.co/image/ab67616d00001e02104e752b2948028e9cfadb0a", "artist": ["Sam Dew"], "artistIds": ["1SIw8nXWjvAKeb6Dhh85cz"], "artistPop": [39], "genres": []}, "1mG4NkaBqXk6zOPI9oBP0Q": {"name": "Ride", "coverArt": "https://i.scdn.co/image/ab67616d00001e022806836bf84fe3f8a653906c", "artist": ["Damien"], "artistIds": ["6zQRQ2jsbICny41g2fVT5U"], "artistPop": [52], "genres": ["sad lo-fi", "sad rap"]}, "7lpmYA2oDMcAdlNJBjTMTB": {"name": "Winter in America - From \u201cBlack History Always / Music For the Movement Vol. 2\"", "coverArt": "https://i.scdn.co/image/ab67616d00001e02f8d72fbc6541e23439581167", "artist": ["Freddie Gibbs"], "artistIds": ["0Y4inQK6OespitzD6ijMwb"], "artistPop": [70], "genres": ["alternative hip hop", "hip hop", "indiana hip hop", "rap", "southern hip hop", "underground hip hop"]}, "3Q0S0vFNDJviYsMaeo4wIi": {"name": "Fiji Fine", "coverArt": "https://i.scdn.co/image/ab67616d00001e022b9d84fa018f47e83b247464", "artist": ["Bren Joy"], "artistIds": ["4vZ5UD5pIliRPSdHHj9EUp"], "artistPop": [53], "genres": ["alternative r&b", "chill r&b", "indie r&b"]}, "0UHe6dSc0GrbuB6BlNXZZF": {"name": "PFC", "coverArt": "https://i.scdn.co/image/ab67616d00001e02f46b3b4eab7797b88324d8c7", "artist": ["CRITTER"], "artistIds": ["7arvE5qBEbW7UgwoaJhpOM"], "artistPop": [25], "genres": []}, "2zZamOTUSQBF9HMY0NYIpG": {"name": "JPA989", "coverArt": "https://i.scdn.co/image/ab67616d00001e025cca30ec4877d7d6507061b3", "artist": ["Thomston"], "artistIds": ["0VQKssIfRKfSd7IfW3JIP1"], "artistPop": [43], "genres": ["etherpop", "indie electropop", "indie poptimism", "vapor soul"]}, "1nSrsbo4Mpsg0UmjMUjMlD": {"name": "Beautiful Mind", "coverArt": "https://i.scdn.co/image/ab67616d00001e02989d75470af514128594617d", "artist": ["carpetgarden"], "artistIds": ["1rw5Io28PBVxMjikCwvevG"], "artistPop": [54], "genres": ["indie pop"]}, "2kMarngrIWYgmAdVjruuuW": {"name": "Can't Let It Show", "coverArt": "https://i.scdn.co/image/ab67616d00001e023286c8d60a22651ac04ad0d0", "artist": ["Tank"], "artistIds": ["4mwXUEKaW4ftbncf9Hi58l"], "artistPop": [59], "genres": ["pop r&b", "r&b", "urban contemporary"]}, "7L4KgwJLQr70dYd050YKlv": {"name": "ARMY", "coverArt": "https://i.scdn.co/image/ab67616d00001e023956168af0b81c071b374e11", "artist": ["Duke Deuce"], "artistIds": ["24zj84GShUIcBQYq6VpOYW"], "artistPop": [59], "genres": ["memphis hip hop", "southern hip hop", "trap"]}, "7JKIdU78mVa2FIh13FDdRA": {"name": "ASK ABOUT ME", "coverArt": "https://i.scdn.co/image/ab67616d00001e0269e94e1da0daa979cd4e7180", "artist": ["Stunna Girl"], "artistIds": ["4eEkR7IDAXyGngHvnJZpdV"], "artistPop": [41], "genres": ["cali rap", "sacramento hip hop", "trap queen"]}, "08vcBTOZ3NbDdIHgujkkWm": {"name": "More Pain (feat. Toosii)", "coverArt": "https://i.scdn.co/image/ab67616d00001e0222753dac540d8f52ae77be0c", "artist": ["FCG Heem", "Toosii"], "artistIds": ["6GSZ8C4Dyu5VsGz16jAgPC", "6BH1xcDkwbbyrLMUKECsW1"], "artistPop": [44, 67], "genres": ["florida rap", "north carolina hip hop", "pop r&b"]}, "0MQJeDkttKvgDkcnfZXYbF": {"name": "Let The Bad Times Roll", "coverArt": "https://i.scdn.co/image/ab67616d00001e02e050c06b63663550bd7f2d39", "artist": ["The Offspring"], "artistIds": ["5LfGQac0EIXyAN8aUwmNAQ"], "artistPop": [77], "genres": ["alternative metal", "permanent wave", "punk", "rock", "skate punk", "socal pop punk"]}, "0ad5bJ4w3JbNHz6CRGPmaj": {"name": "Arms", "coverArt": "https://i.scdn.co/image/ab67616d00001e02bfba2d42b57ebaff96ffc395", "artist": ["Jack Newsome"], "artistIds": ["0JWzjpVD9Y6AJKIEg1JkYj"], "artistPop": [40], "genres": []}, "2iNqHLuNFKnczwE3TTQcp6": {"name": "Stay Up", "coverArt": "https://i.scdn.co/image/ab67616d00001e0213f91152d6305b25632df8c0", "artist": ["EVAN GIIA"], "artistIds": ["0D6BtvIkN3P9GHTa8KR24t"], "artistPop": [55], "genres": ["electropop", "indie electropop", "nyc pop", "pop"]}, "5Lmd5RUrnAuTckG8RxPxyH": {"name": "Retrograde", "coverArt": "https://i.scdn.co/image/ab67616d00001e025b2d8aa60cc5b8f746b94e3d", "artist": ["Aleyna Tilki"], "artistIds": ["4ckLjJztj53Ifid7WHweBn"], "artistPop": [56], "genres": ["turkish pop"]}, "2RyUmXSGz9CinAwnM2gDjd": {"name": "Ain't About You (feat. Kiiara)", "coverArt": "https://i.scdn.co/image/ab67616d00001e026627e97a1779843e9b66459f", "artist": ["WONHO", "Kiiara"], "artistIds": ["6pC3vnUgNVITdYMMXefi6D", "4u5smJBskI6Adzv08PuiUP"], "artistPop": [56, 66], "genres": ["k-pop", "alt z", "dance pop", "electropop", "indie poptimism", "pop", "post-teen pop"]}, "3TWPPD7fEatUp5b6hCZkVr": {"name": "Generational Heartthrob", "coverArt": "https://i.scdn.co/image/ab67616d00001e0221b60ae9465f559c36273b49", "artist": ["Reece"], "artistIds": ["0znYdSCG2n7myCQ8BRsJqL"], "artistPop": [35], "genres": []}, "3yHSoXS8cpzrIyNG4cirr3": {"name": "Do It Again", "coverArt": "https://i.scdn.co/image/ab67616d00001e023f49d63c8029fa248589026a", "artist": ["Evvie McKinney"], "artistIds": ["7G7JWOsGhDMily2HtfzcIZ"], "artistPop": [43], "genres": []}, "6KKE7k07XtLb3xFRsB7Ns4": {"name": "Take Me Instead", "coverArt": "https://i.scdn.co/image/ab67616d00001e021fe604ea764e813586c2f2c6", "artist": ["Zero 9:36"], "artistIds": ["1V599H9vfq6hWe2hGzyzI0"], "artistPop": [59], "genres": ["modern alternative rock", "modern rock"]}, "6AMHrtsEUgWlEimO457Hnb": {"name": "Boys Make Promises", "coverArt": "https://i.scdn.co/image/ab67616d00001e02641e58743e44fd10d75be0e4", "artist": ["Issey Cross"], "artistIds": ["5QrV5Vr4KdsyKtifvD6X1U"], "artistPop": [28], "genres": []}, "7dYof5SM0zM3MnraaF53qj": {"name": "Anyone Else But You", "coverArt": "https://i.scdn.co/image/ab67616d00001e02563bb49155d6d1c879d3ee6b", "artist": ["Anthony de la Torre", "Lana Condor"], "artistIds": ["6dxbsVBLykNgOpP0DxjMR4", "4KdW7TLVWFkxlsCBQ0VTRc"], "artistPop": [42, 43], "genres": []}, "0jJGplHmOPpams1xAV2vhg": {"name": "FEEL LIKE", "coverArt": "https://i.scdn.co/image/ab67616d00001e0283278df7c51984bdfeb95f68", "artist": ["Josh Fudge"], "artistIds": ["6FvkNLhuBDTYfqbl6PV0xp"], "artistPop": [42], "genres": ["lo-fi indie"]}, "3sVxmnZEQO3L589itv1uik": {"name": "Starfire (Teen Titans)", "coverArt": "https://i.scdn.co/image/ab67616d00001e0238ac4debbfde047dc0450a6c", "artist": ["6 Dogs"], "artistIds": ["3Ps6le7tj5BdNtdnfNgTU4"], "artistPop": [58], "genres": ["dark trap", "emo rap", "melodic rap", "sad rap", "underground hip hop", "vapor trap"]}, "0DiWol3AO6WpXZgp0goxAV": {"name": "One More Time", "coverArt": "https://i.scdn.co/image/ab67616d00001e02b33d46dfa2635a47eebf63b2", "artist": ["Daft Punk"], "artistIds": ["4tZwfgrHOc3mvqYlEYSvVi"], "artistPop": [80], "genres": ["electro", "filter house"]}}