{"4vMrdBYA0UxkXRii8Ayi6M": {"name": "Dance Through the Day", "coverArt": "https://i.scdn.co/image/ab67616d00001e02c9e6659455d1c7572cbcc09d", "artist": ["JoJo Siwa"], "artistIds": ["3Iq6waFNaQnjLjEjp2l3nc"], "artistPop": [55], "genres": ["social media pop"]}, "5RhFmJifQe83FpQ6ZFFTZ5": {"name": "I am not a woman, I'm a god", "coverArt": "https://i.scdn.co/image/ab67616d00001e021f9f8d93bf43b569817af0a4", "artist": ["Halsey"], "artistIds": ["26VFTg2z8YR0cCuwLzESi2"], "artistPop": [87], "genres": ["dance pop", "electropop", "etherpop", "indie poptimism", "pop", "post-teen pop"]}, "6IW4TUC3zHW4tpikDg1w7Y": {"name": "justified", "coverArt": "https://i.scdn.co/image/ab67616d00001e0256a0b44524f1a8fa54df167d", "artist": ["Kacey Musgraves"], "artistIds": ["70kkdajctXSbqSMJbQO424"], "artistPop": [78], "genres": ["contemporary country", "country dawn", "pop", "texas country"]}, "3J4VKkUpLvomXJbn9ZAypO": {"name": "Sharing Locations (feat. Lil Baby & Lil Durk)", "coverArt": "https://i.scdn.co/image/ab67616d00001e027d3b8c6a03b44864868f6834", "artist": ["Meek Mill", "Lil Durk", "Lil Baby"], "artistIds": ["20sxb77xiYeusSH8cVdatc", "3hcs9uc56yIGFCSy9leWe7", "5f7VJjfbwm532GiveGC0ZK"], "artistPop": [80, 87, 91], "genres": ["hip hop", "philly rap", "pop rap", "rap", "southern hip hop", "trap", "chicago drill", "chicago rap", "drill", "hip hop", "rap", "trap", "atl hip hop", "atl trap", "rap", "trap"]}, "2MyQK6cKu9IAzNXiBm7TD0": {"name": "CHOPPA SHOOT THE LOUDEST (with Chief Keef, feat.Trippie Redd)", "coverArt": "https://i.scdn.co/image/ab67616d00001e02f156ced88fa6920e86ddf11f", "artist": ["Lil Tecca", "Chief Keef", "Trippie Redd"], "artistIds": ["4Ga1P7PMIsmqEZqhYZQgDo", "15iVAtD3s3FsQR4w1v6M0P", "6Xgp2XMz1fhVYe7i6yNAax"], "artistPop": [83, 74, 88], "genres": ["melodic rap", "rap", "trap", "chicago bop", "chicago drill", "chicago rap", "drill", "hip hop", "pop rap", "rap", "southern hip hop", "trap", "underground hip hop", "melodic rap", "rap", "trap"]}, "7Bpx2vsWfQFBACRz4h3IqH": {"name": "family ties (with Kendrick Lamar)", "coverArt": "https://i.scdn.co/image/ab67616d00001e02163028c67a1f4a7c0e83a715", "artist": ["Baby Keem", "Kendrick Lamar"], "artistIds": ["5SXuuuRpukkTvsLuUknva1", "2YZyLoL8N0Wb9xBt1NhZWg"], "artistPop": [80, 88], "genres": ["hip hop", "rap", "trap", "conscious hip hop", "hip hop", "rap", "west coast rap"]}, "0EtuSDTRJYUwlPf4y6coIz": {"name": "999 (with Camilo)", "coverArt": "https://i.scdn.co/image/ab67616d00001e024a74d9fd12c5d093fd76b642", "artist": ["Selena Gomez", "Camilo"], "artistIds": ["0C8ZW7ezQVs4URX5aX7Kqx", "28gNT5KBp7IjEOQoevXf9N"], "artistPop": [84, 85], "genres": ["dance pop", "pop", "post-teen pop", "colombian pop", "reggaeton colombiano"]}, "6aDsgHPZsMztSbZernzlF8": {"name": "Someday", "coverArt": "https://i.scdn.co/image/ab67616d00001e022e2889865b7b05955c1d3bcf", "artist": ["OneRepublic"], "artistIds": ["5Pwc4xIPtQLFEnJriah9YJ"], "artistPop": [84], "genres": ["dance pop", "piano rock", "pop", "pop rock"]}, "2Nc1v8I86FUGorwjXKo0in": {"name": "Belly, The Weeknd - Die For It (ft. Nas)", "coverArt": "https://i.scdn.co/image/ab67616d00001e02d3e28874b98739f110f49eb8", "artist": ["Belly", "The Weeknd", "Nas"], "artistIds": ["0FOWNUFHPnMy0vOw1siGqi", "1Xyo4u8uXC1ZmMpatF05PJ", "20qISvAhX20dpIbOOzGK3q"], "artistPop": [70, 93, 78], "genres": ["canadian hip hop", "canadian trap", "pop rap", "rap", "southern hip hop", "trap", "trap soul", "canadian contemporary r&b", "canadian pop", "pop", "conscious hip hop", "east coast hip hop", "gangster rap", "hardcore hip hop", "hip hop", "queens hip hop", "rap"]}, "60lUecrFeE2t6QMJ1Nmsve": {"name": "Anoti", "coverArt": "https://i.scdn.co/image/ab67616d00001e0279ab73f6bfebec7c0e85f922", "artist": ["WizKid"], "artistIds": ["3tVQdUvClmAT7URs9V3rsp"], "artistPop": [80], "genres": ["afro dancehall", "afropop", "azonto", "nigerian hip hop", "nigerian pop"]}, "1U9Jp66F0x7IM3Gv09hoxq": {"name": "One Night", "coverArt": "https://i.scdn.co/image/ab67616d00001e026ece475a32ac6b8758cbc7b7", "artist": ["Griff"], "artistIds": ["5RJFJWYgtgWktosLrUDzff"], "artistPop": [68], "genres": ["alt z", "dance pop", "pop", "uk pop"]}, "3JR0ducCexKbeK47g6AHm5": {"name": "Butter (feat. Megan Thee Stallion)", "coverArt": "https://i.scdn.co/image/ab67616d00001e02d21c0d1a19d80f220e334e23", "artist": ["BTS", "Megan Thee Stallion"], "artistIds": ["3Nrfpe0tUJi4K4DXYWgMUX", "181bsRPaVXVlUKXrxwZfHK"], "artistPop": [95, 86], "genres": ["k-pop", "k-pop boy group", "houston rap", "pop", "pop rap", "trap queen"]}, "5ChX0Yt1wPpRJFPPecJZPh": {"name": "Dreams Unfold", "coverArt": "https://i.scdn.co/image/ab67616d00001e02adb5f4f765b65b8d9e693cda", "artist": ["Joyner Lucas", "Lil Tjay"], "artistIds": ["6C1ohJrd5VydigQtaGy5Wa", "6jGMq4yGs7aQzuGsMgVgZR"], "artistPop": [76, 84], "genres": ["boston hip hop", "hip hop", "pop rap", "rap", "brooklyn drill", "melodic rap", "nyc rap"]}, "4wfIBPCUt21RtVX1K0oj45": {"name": "Free RIC (feat. Lil Durk)", "coverArt": "https://i.scdn.co/image/ab67616d00001e0229852ad570967eeefe16b8d7", "artist": ["42 Dugg", "Lil Durk"], "artistIds": ["45gHcnDnMC15sgx3VL7ROG", "3hcs9uc56yIGFCSy9leWe7"], "artistPop": [76, 87], "genres": ["detroit trap", "rap", "southern hip hop", "trap", "chicago drill", "chicago rap", "drill", "hip hop", "rap", "trap"]}, "24MH7MzHl5XAYlmMdn85CF": {"name": "Country Boy Do (feat. Tyler Hubbard)", "coverArt": "https://i.scdn.co/image/ab67616d00001e029d2e62a1bd2f06b5618a101a", "artist": ["Nelly", "Tyler Hubbard"], "artistIds": ["2gBjLmx6zQnFGQJCAQpRgw", "3BEV5FcxOtkQJ7lLRKMh3V"], "artistPop": [78, 56], "genres": ["dance pop", "hip hop", "pop rap", "rap", "southern hip hop", "st louis rap", "urban contemporary"]}, "5OFoInHe162W9I97oVDzY8": {"name": "At Your Best (You Are Love) - Spotify Singles", "coverArt": "https://i.scdn.co/image/ab67616d00001e024a1fb32611f2a419b65b9ab0", "artist": ["Alex Isley"], "artistIds": ["7E2ioKxoxI2J94tUkIx6As"], "artistPop": [59], "genres": ["alternative r&b", "chill r&b", "indie r&b", "indie soul", "neo soul", "pop r&b", "r&b"]}, "1JbS3r3gT4pK5qWBEShIJU": {"name": "You asked for this", "coverArt": "https://i.scdn.co/image/ab67616d00001e021f9f8d93bf43b569817af0a4", "artist": ["Halsey"], "artistIds": ["26VFTg2z8YR0cCuwLzESi2"], "artistPop": [87], "genres": ["dance pop", "electropop", "etherpop", "indie poptimism", "pop", "post-teen pop"]}, "3bKytazUrCb1vlgKmaUo12": {"name": "You Can Do It", "coverArt": "https://i.scdn.co/image/ab67616d00001e02db878e42583496e7861a4ed0", "artist": ["Caribou"], "artistIds": ["4aEnNH9PuU1HF3TsZTru54"], "artistPop": [62], "genres": ["alternative dance", "chillwave", "electronica", "electropop", "folktronica", "indie rock", "indie soul", "indietronica", "intelligent dance music", "new rave"]}, "4xMbBESczlHPUO8QeYi56p": {"name": "My Heart Goes (La Di Da) (feat. Topic)", "coverArt": "https://i.scdn.co/image/ab67616d00001e0209c5735e9ed63de615e98afc", "artist": ["Becky Hill", "Topic"], "artistIds": ["4EPJlUEBy49EX1wuFOvtjK", "0u6GtibW46tFX7koQ6uNJZ"], "artistPop": [79, 80], "genres": ["dance pop", "house", "pop", "pop dance", "pop house", "tropical house", "uk dance", "uk pop", "dance pop", "edm", "electro house", "german dance", "pop dance", "pop edm", "tropical house"]}, "5b2CRPYt0QNA0jaCJNIIdn": {"name": "Keeper (feat. A Boogie Wit da Hoodie)", "coverArt": "https://i.scdn.co/image/ab67616d00001e02a2d08f2f7d1ae314dd1daac0", "artist": ["OHGEESY", "A Boogie Wit da Hoodie"], "artistIds": ["3ppQEG71r7jVpI8RudzycF", "31W5EY0aAly4Qieq6OFu6I"], "artistPop": [70, 83], "genres": ["cali rap", "trap", "underground hip hop", "vapor trap", "melodic rap", "pop rap", "rap", "trap"]}, "1LjuHrjwyo7d5rh3W1XO5V": {"name": "Solid (feat. SoFaygo)", "coverArt": "https://i.scdn.co/image/ab67616d00001e027d66bb9b82719a2b2c2f63c5", "artist": ["Lil Yachty", "SoFaygo"], "artistIds": ["6icQOAFXDZKsumw3YXyusw", "2SJhf6rTOU53g8yBdAjPby"], "artistPop": [79, 72], "genres": ["atl hip hop", "hip hop", "melodic rap", "pop rap", "rap", "southern hip hop", "trap", "viral rap", "glitchcore", "plugg", "vapor trap"]}, "7KOV7goz91wTufZxO51Ebn": {"name": "Bash money (feat. Lil Wayne)", "coverArt": "https://i.scdn.co/image/ab67616d00001e02bb80e5b3d9d1c5c7906070ad", "artist": ["Westside Gunn", "Lil Wayne"], "artistIds": ["0ABk515kENDyATUdpCKVfW", "55Aa2cqylxrFIXC767Z865"], "artistPop": [65, 88], "genres": ["alternative hip hop", "boom bap", "buffalo hip hop", "hip hop", "rap", "underground hip hop", "upstate ny rap", "hip hop", "new orleans rap", "pop rap", "rap", "trap"]}, "3xD6kwkNjCTEKvMT5zgHAx": {"name": "Perra", "coverArt": "https://i.scdn.co/image/ab67616d00001e028fd7bf63c982ce7bde623f13", "artist": ["J Balvin", "Tokischa"], "artistIds": ["1vyhD5VmyZ7KMfW5gqLgo5", "2p4aN0Uxkk3iT3HK0cJ2cJ"], "artistPop": [94, 66], "genres": ["latin", "reggaeton", "reggaeton colombiano", "trap latino", "dominican pop", "rap latina", "trap dominicano"]}, "3p2wS6G159mBIU50xl7uvc": {"name": "Future Starts Now", "coverArt": "https://i.scdn.co/image/ab67616d00001e02cbad0cf8faccac72c70ebe05", "artist": ["Kim Petras"], "artistIds": ["3Xt3RrJMFv5SZkCfUE8C1J"], "artistPop": [69], "genres": ["alt z", "art pop", "dance pop", "electropop", "escape room", "indie poptimism", "pop", "post-teen pop", "transpop"]}, "6tbtPAY92umzdAlQQOdJkB": {"name": "roll over, baby", "coverArt": "https://i.scdn.co/image/ab67616d00001e0285b68f4688bc3578748643be", "artist": ["LANY"], "artistIds": ["49tQo2QULno7gxHutgccqF"], "artistPop": [80], "genres": ["la pop", "pop"]}, "4hGFv1daRapAGF7fXSeGKY": {"name": "Falling In Love", "coverArt": "https://i.scdn.co/image/ab67616d00001e02f47906b54bfb8a797ba0420e", "artist": ["Julia Wolf"], "artistIds": ["5yvGiZLSWJTPBlZpVbPnEZ"], "artistPop": [51], "genres": ["alt z", "indie electropop"]}, "0MbH6aXMUVPHDiBHiuhhKx": {"name": "Still In Love", "coverArt": "https://i.scdn.co/image/ab67616d00001e02acda73f26427c1be0b9d4217", "artist": ["Jaden"], "artistIds": ["0xOeVMOz2fVg5BJY3N6akT"], "artistPop": [75], "genres": ["hip hop", "pop", "rap"]}, "7e0OGRhftSRlGcMW73PFId": {"name": "Self Sabotage", "coverArt": "https://i.scdn.co/image/ab67616d00001e021428bd0ee4e92bd27297868e", "artist": ["MASN"], "artistIds": ["4HAfqyKr4Sqtab6ttHWXgE"], "artistPop": [63], "genres": ["emo rap", "pop rap", "sad lo-fi", "sad rap"]}, "2nBKc6tiMagmwJR8P6bXqs": {"name": "California", "coverArt": "https://i.scdn.co/image/ab67616d00001e026ef5d0d70793e8ffeb0cea0c", "artist": ["CHVRCHES"], "artistIds": ["3CjlHNtplJyTf9npxaPl5w"], "artistPop": [70], "genres": ["electropop", "indie pop", "indie poptimism", "metropopolis", "neo-synthpop", "pop rock", "shimmer pop"]}, "7wo2UNeQBowm28hfAJsEMz": {"name": "Birch (feat. Taylor Swift)", "coverArt": "https://i.scdn.co/image/ab67616d00001e02fbab613f887083f7ee11a1de", "artist": ["Big Red Machine", "Taylor Swift"], "artistIds": ["7gXy60xRcwYujBFoYHnR2O", "06HL4z0CvFAxyc27GXpf02"], "artistPop": [67, 93], "genres": ["eau claire indie", "folktronica", "indie pop", "pop", "post-teen pop"]}, "0cvmA0xg8FkzKvBnO8987X": {"name": "South On Ya", "coverArt": "https://i.scdn.co/image/ab67616d00001e0258c3827a007d6b7f71b2d6b5", "artist": ["Luke Combs"], "artistIds": ["718COspgdWOnwOFpJHRZHS"], "artistPop": [82], "genres": ["contemporary country", "country"]}, "3ng7epefERNazaZkkbwLdq": {"name": "Another Life (feat. FLETCHER & Josh Golden)", "coverArt": "https://i.scdn.co/image/ab67616d00001e022c227ea037c950d3dc6bdb7f", "artist": ["Surf Mesa", "FLETCHER", "Josh Golden"], "artistIds": ["1lmU3giNF3CSbkVSQmLpHQ", "5qa31A9HySw3T7MKWI9bGg", "6wUAn24MOirNVNqQM47fda"], "artistPop": [69, 69, 58], "genres": ["tropical house", "alt z", "dance pop", "electropop", "indie cafe pop", "indie poptimism", "pop", "post-teen pop", "social media pop", "la pop", "sad rap", "trap soul"]}, "48oN0dm8zwleoUvuLBqIOp": {"name": "Sunshine - From the Motion Picture \u201cRon\u2019s Gone Wrong\u201d", "coverArt": "https://i.scdn.co/image/ab67616d00001e02d90a74cd1fd619cbb34b4e6d", "artist": ["Liam Payne"], "artistIds": ["5pUo3fmmHT8bhCyHE52hA6"], "artistPop": [71], "genres": ["dance pop", "pop", "post-teen pop"]}, "163l4xzEe3JAfPbv0kYNQo": {"name": "Question (feat. Don Jazzy)", "coverArt": "https://i.scdn.co/image/ab67616d00001e02334d5306396b48bcd1242e9f", "artist": ["Burna Boy", "Don Jazzy"], "artistIds": ["3wcj11K77LjEY1PkEazffa", "3orxvFDFViCLknRO2O2m8a"], "artistPop": [77, 52], "genres": ["afro dancehall", "dancehall", "nigerian hip hop", "nigerian pop"]}, "5fDMDKHhVCpUmAvTPJrYNh": {"name": "Magnum", "coverArt": "https://i.scdn.co/image/ab67616d00001e02786af2fc7ab0c61b2598356d", "artist": ["Nicky Jam", "Jhay Cortez"], "artistIds": ["1SupJlEpv7RS2tPNRaHViT", "0EFisYRi20PTADoJrifHrz"], "artistPop": [87, 88], "genres": ["latin", "latin hip hop", "reggaeton", "trap latino", "latin", "reggaeton", "trap latino"]}, "1BiWBZrvcUh7cDCqHsjb2u": {"name": "Close Your Eyes - Spotify Singles", "coverArt": "https://i.scdn.co/image/ab67616d00001e0290e3aa56d61bb1b022fcda6e", "artist": ["LP Giobbi", "HANA"], "artistIds": ["3oKnyRhYWzNsTiss5n4Z1J", "224Zsim3dmWXWYUXFuHv0o"], "artistPop": [55, 52], "genres": ["art pop", "electropop"]}, "0cZ32X4hK23v585O8Wz6Yr": {"name": "SALT (feat. Oli Sykes)", "coverArt": "https://i.scdn.co/image/ab67616d00001e020059a6838903b064ec5b1dbc", "artist": ["daine", "Oli Sykes"], "artistIds": ["4lyCoxLN0aW7nJy5rec0tG", "1UXEXWWOTTZNlyFapwHDbW"], "artistPop": [44, 54], "genres": ["chill pop", "glitchcore", "hyperpop"]}, "0jcDwzxkfzdRHLiVHiRQII": {"name": "In Love", "coverArt": "https://i.scdn.co/image/ab67616d00001e021c50bf9bca501197503c50b5", "artist": ["EKKSTACY"], "artistIds": ["0ynzbXwyCzxicMKHBoOkSH"], "artistPop": [54], "genres": ["sad rap"]}, "7jZwYDy3LXNJBel7NPQ3zk": {"name": "DIAMOND", "coverArt": "https://i.scdn.co/image/ab67616d00001e026293c2d1a9bf6a1b5baf5eca", "artist": ["Niko Moon"], "artistIds": ["6Rw7DRa1dzChBvxGPCpOxU"], "artistPop": [64], "genres": ["contemporary country"]}, "53004FdWDpgiDs6LhlpRKq": {"name": "Regularly Scheduled Programming", "coverArt": "https://i.scdn.co/image/ab67616d00001e0204756a05acdc99cc2154be2d", "artist": ["My Morning Jacket"], "artistIds": ["43O3c6wewpzPKwVaGEEtBM"], "artistPop": [59], "genres": ["alternative rock", "blues rock", "indie folk", "indie rock", "jam band", "louisville indie", "melancholia", "modern rock", "new americana", "rock", "roots rock", "stomp and holler"]}, "4G5bnCpOB99DIcOQa6QVYw": {"name": "Show Runner 99", "coverArt": "https://i.scdn.co/image/ab67616d00001e0275abc870bc38b9aed678b04b", "artist": ["Ritt Momney"], "artistIds": ["7MPGCB854Qo4alYMOPkBka"], "artistPop": [66], "genres": ["bedroom pop", "indie pop"]}, "1ZRf6Idvjb95ysYMSdUh3G": {"name": "start of the end", "coverArt": "https://i.scdn.co/image/ab67616d00001e02bd22a6bab8658d9cd4daa5bd", "artist": ["mazie"], "artistIds": ["4adSXA1GDOxNG7Zw89YHyz"], "artistPop": [49], "genres": ["indie pop", "modern indie pop"]}, "0KrxLbZ5Ii6o6PmDgcWii8": {"name": "Go Bad - From The Netflix Film \u201cHe\u2019s All That\"", "coverArt": "https://i.scdn.co/image/ab67616d00001e0240204cd69892cec8f1781dea", "artist": ["Blu DeTiger"], "artistIds": ["5NyCIBCeU080ynEj33S4hC"], "artistPop": [54], "genres": []}, "2kzEf3Bg7S43YuSFPI3462": {"name": "Simon Say (feat. Flo Milli)", "coverArt": "https://i.scdn.co/image/ab67616d00001e02519c1ffc3d357edd3a0c806a", "artist": ["Destiny Rogers", "Flo Milli"], "artistIds": ["6gezkje7GoJlQbHBgLXHuu", "08PvCOlef4xdOr20jFSTPd"], "artistPop": [60, 69], "genres": ["pop", "dance pop", "pop", "pop rap", "r&b", "social media pop", "viral rap"]}, "4Iv2jOCKQakC3YWhijrRKK": {"name": "Jimmy Jimmy (feat. AJ Tracey)", "coverArt": "https://i.scdn.co/image/ab67616d00001e026981485a0bc293797de5c847", "artist": ["Gorillaz", "AJ Tracey"], "artistIds": ["3AA28KZvwAUcZuOKwyblJQ", "4Xi6LSfFqv26XgP9NKN26U"], "artistPop": [81, 73], "genres": ["alternative hip hop", "grime", "uk hip hop", "ukg revival"]}, "7pRw8jLLLSlGw3Xhc7bYHK": {"name": "Wish You Were Gay - Versi\u00f3n en Espa\u00f1ol - Spotify Singles", "coverArt": "https://i.scdn.co/image/ab67616d00001e025ae4c8a7d9eff75cf5e18ec2", "artist": ["Mon Laferte"], "artistIds": ["4boI7bJtmB1L3b1cuL75Zr"], "artistPop": [73], "genres": ["latin", "latin alternative", "latin pop"]}, "6WoTtW8IOKd6EauCkALxR7": {"name": "2 Chains", "coverArt": "https://i.scdn.co/image/ab67616d00001e026450efb358c45e1f3e37773b", "artist": ["Headie One"], "artistIds": ["6UCQYrcJ6wab6gnQ89OJFh"], "artistPop": [71], "genres": ["uk hip hop"]}, "0YFy7hj3LSm4w8gPo9mVxH": {"name": "Polaroid (feat. Yung Bleu)", "coverArt": "https://i.scdn.co/image/ab67616d00001e02570000634a26bf850db52829", "artist": ["Rotimi", "Yung Bleu"], "artistIds": ["1xBARhKI09ZTmeePVDWMCf", "3KNIG74xSTc3dj0TRy7pGX"], "artistPop": [65, 71], "genres": ["pop r&b", "r&b", "urban contemporary", "alabama rap", "pop r&b", "r&b", "trap"]}, "0d1ujEcFwTqA4kWliTSJim": {"name": "Don't You Hold Me Down", "coverArt": "https://i.scdn.co/image/ab67616d00001e02d1f867a2a7fb916a5b024cdc", "artist": ["Alan Walker", "Georgia Ku"], "artistIds": ["7vk5e3vY1uw9plTHJAMwjN", "5mYakBbBzPMQTfkVMIgiDM"], "artistPop": [83, 69], "genres": ["electro house", "uk pop"]}, "4oV37nYkVu3IZ64ZGxghT7": {"name": "I Know", "coverArt": "https://i.scdn.co/image/ab67616d00001e02eb6a3f3bc9836bac1ba2ecd1", "artist": ["TSHA"], "artistIds": ["2kLa7JZu4Ijdz1Gle2khZh"], "artistPop": [53], "genres": ["uk house"]}, "1DQdm6qDjAqYXfSgcJfQGx": {"name": "too fast", "coverArt": "https://i.scdn.co/image/ab67616d00001e02fcda9c472ffc096d571f8a01", "artist": ["Prentiss", "Matt Ox"], "artistIds": ["0uzKt8lgkTlxm4OUWiCX3H", "2J6pigOrBmKQgqJUY5UM7r"], "artistPop": [35, 53], "genres": ["melodic rap", "plugg", "underground hip hop", "vapor trap"]}, "6MZgxPDldbaHuffoWnbz00": {"name": "White Lies", "coverArt": "https://i.scdn.co/image/ab67616d00001e026004b4a038d6d8336b0dc131", "artist": ["The Homies", "Jack Harlow"], "artistIds": ["66V7EUpZplR1MuUbYHZATV", "2LIk90788K0zvyj2JJVwkJ"], "artistPop": [48, 88], "genres": ["kentucky hip hop", "deep underground hip hop", "kentucky hip hop", "pop rap", "rap"]}, "5YGUxFRCpX2QMDeSNlurRh": {"name": "Helpless", "coverArt": "https://i.scdn.co/image/ab67616d00001e0216217940edd17d710d7249f9", "artist": ["Deyaz"], "artistIds": ["1wHWfSUySUXQV73PnpUBUc"], "artistPop": [42], "genres": []}, "1h1w9olosnfBLzkRGsceCe": {"name": "concussion", "coverArt": "https://i.scdn.co/image/ab67616d00001e0249cef17bb7cefe253714269e", "artist": ["girlhouse"], "artistIds": ["7AWyYXZ5tIc0xNSfKLD3QX"], "artistPop": [44], "genres": ["bubblegrunge", "indie pop"]}, "0d9xixmHAusZVsdJQPnRxr": {"name": "Winnie Crush", "coverArt": "https://i.scdn.co/image/ab67616d00001e02e4a8349d124ee3225ff5d3b0", "artist": ["merci, mercy"], "artistIds": ["524oC8NzSWvqPbwiRkYSLH"], "artistPop": [43], "genres": ["australian alternative pop"]}, "3sgs99TbrcK2dodseaCK5M": {"name": "Young Giants", "coverArt": "https://i.scdn.co/image/ab67616d00001e02f5badde25e81efb17742b5c7", "artist": ["Au/Ra"], "artistIds": ["1eMmoIprPDWeFdB1FxU6ZV"], "artistPop": [69], "genres": ["alt z", "deep pop edm", "electropop", "indie poptimism", "pop", "social media pop"]}, "1ZrtOVdyTQe4LNXtxZwLPv": {"name": "Carnival Mirror", "coverArt": "https://i.scdn.co/image/ab67616d00001e02e804a43d563a1e937bfe14f7", "artist": ["Tr\u00e9 Burt"], "artistIds": ["5e5Zm5z8OPycf55hgDxKIc"], "artistPop": [44], "genres": ["deep new americana", "western americana"]}, "0TqCKx7wAlVY2lXfB0x4NH": {"name": "Gettin' Somewhere", "coverArt": "https://i.scdn.co/image/ab67616d00001e02b1683795f34e3197115996d7", "artist": ["Ashley Cooke"], "artistIds": ["2qwXeRk8VBAegbUnf3xdyi"], "artistPop": [56], "genres": ["contemporary country", "country pop"]}, "1e7gC7NhFSK0lBeoLISvKz": {"name": "Lovin' Every Minute", "coverArt": "https://i.scdn.co/image/ab67616d00001e024fb129753ccf6b79243f61aa", "artist": ["AREA21", "Martin Garrix", "Maejor"], "artistIds": ["76YIoWHp3Ri3q1ocOPtFzp", "60d24wfXkVzDSfLS6hyCjZ", "3XcCT5MPlQPWFTJyzXbfuX"], "artistPop": [61, 81, 64], "genres": ["edm", "pop dance", "dance pop", "dutch edm", "edm", "pop", "pop dance", "progressive house", "tropical house", "detroit hip hop"]}, "20ChN6ZWJ2yhuXcE6SKHDM": {"name": "Wow Wow (feat. Becky G)", "coverArt": "https://i.scdn.co/image/ab67616d00001e02665b53427e2cfe1859b158ad", "artist": ["Maria Becerra", "Becky G"], "artistIds": ["1DxLCyH42yaHKGK3cl5bvG", "4obzFoKoKRHIphyHzJ35G3"], "artistPop": [86, 82], "genres": ["pop argentino", "dance pop", "latin", "latin pop", "latin viral pop", "pop", "rap latina", "reggaeton", "trap latino"]}, "6n9G36q0JwCS12oQRXCeMi": {"name": "Single & Happy (feat. Wale & Eric Bellinger)", "coverArt": "https://i.scdn.co/image/ab67616d00001e02a033d1a4b4a4f63724619edc", "artist": ["Kash Doll", "Wale", "Eric Bellinger"], "artistIds": ["3u579Gdap91lMptBSdXTpf", "67nwj3Y5sZQLl72VNUHEYE", "7ibAWtDtmEfaVhc1FJ3Vl9"], "artistPop": [59, 75, 69], "genres": ["detroit hip hop", "escape room", "hip pop", "pop r&b", "r&b", "trap queen", "dance pop", "gangster rap", "hip hop", "pop", "pop rap", "r&b", "rap", "southern hip hop", "trap", "urban contemporary", "pop", "pop r&b", "pop rap", "r&b", "rap", "urban contemporary"]}, "3TWnb13OgnxJH7h9lynmv2": {"name": "Harley Quinn", "coverArt": "https://i.scdn.co/image/ab67616d00001e02ec35e7081c84b4f9d3e5eca0", "artist": ["Chief Keef"], "artistIds": ["15iVAtD3s3FsQR4w1v6M0P"], "artistPop": [74], "genres": ["chicago bop", "chicago drill", "chicago rap", "drill", "hip hop", "pop rap", "rap", "southern hip hop", "trap", "underground hip hop"]}, "71MckCPHdzU05Huo9Rmtvr": {"name": "Know You (feat. S-X & A1 x J1)", "coverArt": "https://i.scdn.co/image/ab67616d00001e022310b70888c02f8a807b80c5", "artist": ["KSI", "S-X", "A1 x J1"], "artistIds": ["1nzgtKYFckznkcVMR3Gg4z", "0JYmighF3zbuA81Di54CZN", "1WO1hFAkFbeo9tV3uVX7Dy"], "artistPop": [79, 60, 64], "genres": ["uk hip hop", "instrumental grime", "social media pop"]}, "1GlaDUecMXdHig5D1tgY8p": {"name": "Right Now (feat. Travis Barker)", "coverArt": "https://i.scdn.co/image/ab67616d00001e02bf716ccafdc41326ba76f337", "artist": ["Jasiah", "Travis Barker"], "artistIds": ["7502fDxg339jvGV08Jd4R0", "4exLIFE8sISLr28sqG1qNX"], "artistPop": [64, 79], "genres": ["dark trap", "ohio hip hop", "underground hip hop", "vapor trap", "viral rap", "rap rock"]}, "64aZu0DufRHVyNpr1x0qOf": {"name": "What A Damn Shame", "coverArt": "https://i.scdn.co/image/ab67616d00001e02166239071c788da9d4f699e8", "artist": ["Adam Melchor"], "artistIds": ["54tv11ndFfiqXiR03PwdlB"], "artistPop": [58], "genres": ["indie anthem-folk", "indie cafe pop", "indie folk", "indie pop", "new jersey indie"]}, "2PLpZnaPqYfr89TY1bG3wc": {"name": "History Of A Feeling", "coverArt": "https://i.scdn.co/image/ab67616d00001e02142fc969744a3a65310f56d0", "artist": ["Madi Diaz"], "artistIds": ["7E1o9IcnpiFQDlAUk2H7Az"], "artistPop": [47], "genres": ["acoustic pop", "indie pop"]}, "76VK9vnW5pnnfS2pd7lkRo": {"name": "Burning Bridges", "coverArt": "https://i.scdn.co/image/ab67616d00001e028f30959d57792dd6f188b828", "artist": ["Sigrid"], "artistIds": ["4TrraAsitQKl821DQY42cZ"], "artistPop": [65], "genres": ["dance pop", "norwegian pop", "pop"]}, "4Cz1StHxD06CZzr8NxvYfw": {"name": "Foreign Things", "coverArt": "https://i.scdn.co/image/ab67616d00001e021ed1c13a84d4cb6aed67ace6", "artist": ["Amber Mark"], "artistIds": ["0tbeZu9lv8YEKSQ9tZSslu"], "artistPop": [63], "genres": ["alternative r&b", "indie r&b", "indie soul", "neo soul", "nyc pop"]}, "04EvAhYmelTjLIxWzK7JLm": {"name": "NIGHTFALL (feat. Dro Kenji)", "coverArt": "https://i.scdn.co/image/ab67616d00001e02d95b6751341f2c295657ab59", "artist": ["Boslen", "Dro Kenji"], "artistIds": ["7mX72Bq2iXNr8fZdu23fQL", "46fHMu9KxdQwcGV9xI1L9R"], "artistPop": [53, 59], "genres": ["bc underground hip hop", "canadian hip hop", "indie hip hop", "sad rap"]}, "11IYQ0uniBQwf4YqMTLTXX": {"name": "All Talk", "coverArt": "https://i.scdn.co/image/ab67616d00001e02511fbd35c434f71ff9730a0a", "artist": ["midwxst"], "artistIds": ["7CGSp2GbiOpLPSq61qjxf8"], "artistPop": [54], "genres": ["glitchcore", "hyperpop"]}, "6eFPH032VzoSwiA2fI2PHH": {"name": "FIGHT CLUB", "coverArt": "https://i.scdn.co/image/ab67616d00001e0251ce5e951774358f52c56dc0", "artist": ["BLACKSTARKIDS"], "artistIds": ["7but14WsfXJkF8hm07xx6E"], "artistPop": [38], "genres": ["modern indie pop"]}, "5ANkjNH7elrxzggidjnH9v": {"name": "23 Preguntas", "coverArt": "https://i.scdn.co/image/ab67616d00001e02ae46513abaeaa210d84145b2", "artist": ["Anuel AA"], "artistIds": ["2R21vXR83lH98kGeO99Y66"], "artistPop": [87], "genres": ["latin", "reggaeton", "reggaeton flow", "trap boricua", "trap latino"]}, "41GfuxQ04frU1uDO5IzvuQ": {"name": "Hot Air Balloon", "coverArt": "https://i.scdn.co/image/ab67616d00001e0234535d283c44a048fa143292", "artist": ["Don Diablo", "AR/CO"], "artistIds": ["1l2ekx5skC4gJH8djERwh1", "7mGI9Sd66FqHjIkwzkgbG7"], "artistPop": [72, 51], "genres": ["dance pop", "edm", "electro house", "future house", "pop dance", "progressive electro house", "tropical house"]}, "1UMuiAfpPGMxWxTebEcpjl": {"name": "The Deep", "coverArt": "https://i.scdn.co/image/ab67616d00001e020b8b7c07573320399a8c5331", "artist": ["Ai Bendr"], "artistIds": ["0Ari1vZqizhkV9Pa1uC8oE"], "artistPop": [39], "genres": []}, "5kGPIXJQJMLG1FGj38UlMo": {"name": "Wish You Did", "coverArt": "https://i.scdn.co/image/ab67616d00001e02f7ac8fb191ea10d122bcc387", "artist": ["Jonah Kagen"], "artistIds": ["5KsRA81UaMVKvLNiwDySfp"], "artistPop": [59], "genres": []}, "3TIoOu5ZQwcHI41kH047gT": {"name": "Boomerang", "coverArt": "https://i.scdn.co/image/ab67616d00001e023f13dae8be51c3fa41404e83", "artist": ["Yebba"], "artistIds": ["1ooV8YZC1KbpEcrmI8WH0F"], "artistPop": [73], "genres": ["alternative r&b", "indie soul", "pop soul"]}, "3jgJO38PaJzSlldDLunFlb": {"name": "Wake Up At Our Funeral", "coverArt": "https://i.scdn.co/image/ab67616d00001e02a73982f9d35a08baa4ecb22f", "artist": ["Chelsea Collins"], "artistIds": ["7BtP9ddB2rW3Q5TDfsI5YG"], "artistPop": [46], "genres": ["modern alternative pop"]}, "3XHJUG5I2zYqOEmEZUX68n": {"name": "Thunderous", "coverArt": "https://i.scdn.co/image/ab67616d00001e025c59b4214590e91eb283d86d", "artist": ["Stray Kids"], "artistIds": ["2dIgFjalVxs4ThymZ67YCE"], "artistPop": [82], "genres": ["k-pop", "k-pop boy group"]}, "6t2bhMg6bbpejeIxNkCqOk": {"name": "Seaside", "coverArt": "https://i.scdn.co/image/ab67616d00001e02a425dd048f1bd174041ed573", "artist": ["Diane Warren", "Rita Ora", "Sof\u00eda Reyes", "Reik"], "artistIds": ["3A2jfQOLgo5rV4GYFHbEA2", "5CCwRZC6euC8Odo6y9X8jr", "0haZhu4fFKt0Ag94kZDiz2", "0vR2qb8m9WHeZ5ByCbimq2"], "artistPop": [52, 77, 73, 82], "genres": ["dance pop", "edm", "electropop", "pop", "pop rap", "post-teen pop", "tropical house", "uk pop", "dance pop", "latin", "latin pop", "mexican pop", "pop", "reggaeton", "latin", "latin arena pop", "latin pop", "mexican pop"]}, "5FKSyJV2e5Uqi5PQ9301O3": {"name": "Strong for Me", "coverArt": "https://i.scdn.co/image/ab67616d00001e0256b337b15ca241cab3f75124", "artist": ["Tamera"], "artistIds": ["4S68J6bchvHhqHO1Kp8W9X"], "artistPop": [42], "genres": []}, "59BQqS7wNaSqXPQCyiaPwy": {"name": "Nasty Girl", "coverArt": "https://i.scdn.co/image/ab67616d00001e02199d3f61494b8a1c6029181a", "artist": ["Sevyn Streeter", "BIA"], "artistIds": ["6If57j6e3TXXk0HiLcIZca", "6veh5zbFpm31XsPdjBgPER"], "artistPop": [62, 71], "genres": ["alternative r&b", "dance pop", "hip pop", "neo soul", "pop", "pop r&b", "pop rap", "post-teen pop", "r&b", "trap queen", "urban contemporary", "escape room", "r&b", "rap latina", "trap queen"]}, "3HILRCJyquu1JdipZTFk3T": {"name": "Momma Told Me!", "coverArt": "https://i.scdn.co/image/ab67616d00001e02b2cba62cd843bccf80474b3a", "artist": ["GRIP"], "artistIds": ["4Ew8VmfE06siL2THiMBwPP"], "artistPop": [54], "genres": ["atl hip hop"]}, "5cX92psZ1aSHr6rTmGQMps": {"name": "It Ain't My Fault", "coverArt": "https://i.scdn.co/image/ab67616d00001e026ee36bbc7c0fc4c60fa9eaec", "artist": ["Babyface Ray", "Big Sean", "Hit-Boy"], "artistIds": ["3zZ88AwlTwfCJkowsFCvLA", "0c173mlxpT3dSFRgMO8XPh", "6q3p11nP1p80Ey6LrOOSed"], "artistPop": [62, 81, 63], "genres": ["detroit trap", "detroit hip hop", "hip hop", "pop rap", "rap", "southern hip hop", "trap", "cali rap"]}, "27Mp1HAFIhnLBsGXdFcGXG": {"name": "COMING HOME (feat. NIKI)", "coverArt": "https://i.scdn.co/image/ab67616d00001e02d391582299ef9af6ff8fdcc3", "artist": ["HONNE", "NIKI"], "artistIds": ["0Vw76uk7P8yVtTClWyOhac", "2kxP07DLgs4xlWz8YHlvfh"], "artistPop": [70, 73], "genres": ["chill r&b", "pop", "uk pop", "chill r&b", "indonesian r&b", "pop"]}, "330fmJp9kvEMPjLhoc29Zl": {"name": "Pretty Pictures", "coverArt": "https://i.scdn.co/image/ab67616d00001e028be26b6c162ff72ca4666ba6", "artist": ["Indigo De Souza"], "artistIds": ["3ir2pF2mkiEWqyPenKTh5e"], "artistPop": [54], "genres": ["art pop", "asheville indie", "bubblegrunge", "indie pop", "indie rock"]}, "2joEpsXflccZD0ZwKEdz5m": {"name": "Sugar", "coverArt": "https://i.scdn.co/image/ab67616d00001e02caa2063da9054f7b4e83f353", "artist": ["Men I Trust"], "artistIds": ["3zmfs9cQwzJl575W1ZYXeT"], "artistPop": [69], "genres": ["indie pop"]}, "6McnQuTA2dpArD3QTrD8A7": {"name": "sometimes", "coverArt": "https://i.scdn.co/image/ab67616d00001e027a18138dc35d23a054ae269b", "artist": ["Camylio"], "artistIds": ["2Mf6MBoMOgpxxm3QuH9Tk4"], "artistPop": [55], "genres": []}, "6MWH5jDoS1wpMPz8CwuC3N": {"name": "Elvis Song", "coverArt": "https://i.scdn.co/image/ab67616d00001e0282c0d6816a794f1a5c5858a5", "artist": ["Maisie Peters"], "artistIds": ["2RVvqRBon9NgaGXKfywDSs"], "artistPop": [69], "genres": ["alt z", "electropop", "indie cafe pop", "indie pop", "pop", "post-teen pop", "uk pop"]}, "5dy9zUa1y7I15hEyC2LSPj": {"name": "TECTONIC PLATES", "coverArt": "https://i.scdn.co/image/ab67616d00001e02255b900733402b587b64c5f5", "artist": ["Evann McIntosh"], "artistIds": ["2YSzmcSn7vQaFiB2B5LpCB"], "artistPop": [51], "genres": ["chill r&b", "indie cafe pop"]}, "3nSiyKdhc6euQaGDyW1UE1": {"name": "Body Dysmorphia", "coverArt": "https://i.scdn.co/image/ab67616d00001e027297806a3a2754959d952997", "artist": ["Eyedress"], "artistIds": ["3XxNRirzbjfLdDli06zMaB"], "artistPop": [71], "genres": ["noise pop"]}, "1pTIxaK8mVQdj53bdy2Njp": {"name": "Simple Things", "coverArt": "https://i.scdn.co/image/ab67616d00001e02c5c7c013b3dfba30ccbb2c10", "artist": ["Teddy Swims"], "artistIds": ["33qOK5uJ8AR2xuQQAhHump"], "artistPop": [61], "genres": []}, "0kUbEt6lZ2EAJZiZvMFqlZ": {"name": "everybody else in LA", "coverArt": "https://i.scdn.co/image/ab67616d00001e02a13dd5465c0d6ba8347e59e3", "artist": ["ELLIANA"], "artistIds": ["5t0KCCFs6BIelOxE4XGDRT"], "artistPop": [44], "genres": ["alt z", "electropop", "indie electropop"]}, "60n8BhJ1FWhKbhYOF0LzQr": {"name": "Dreaming (feat. SMBDY)", "coverArt": "https://i.scdn.co/image/ab67616d00001e023324a229275e2ca39c86ab88", "artist": ["David Solomon", "SMBDY"], "artistIds": ["3fzRb5i8Wn7ao2KPDxEiTR", "3EVIvUOdQq6byU8fIljO2e"], "artistPop": [50, 43], "genres": []}, "6yB8GO4DsHFaltkYaD8qSe": {"name": "Bella", "coverArt": "https://i.scdn.co/image/ab67616d00001e020cb14995d58795269ccca7e9", "artist": ["Static & Ben El"], "artistIds": ["0xHa28taiElkcQf9o3z76g"], "artistPop": [60], "genres": ["israeli pop", "jewish pop"]}, "2nybUYGqGgFSyAs9DgGxuh": {"name": "Wins On Me", "coverArt": "https://i.scdn.co/image/ab67616d00001e02491d2e6adf39daf8e894fd83", "artist": ["Derek Minor", "Tony Tillman", "Canon"], "artistIds": ["3fn8lZLy7Q61AXCWWPYC4B", "3ykPxobhwzrQ2a15hEFWAo", "1dIjbaW9JTTQQ7ufrQnGsq"], "artistPop": [52, 35, 47], "genres": ["christian hip hop", "christian trap", "christian hip hop", "christian trap", "chicago rap", "christian hip hop", "christian trap"]}, "0r5PcrvphHGO1LijkU4K4u": {"name": "Children", "coverArt": "https://i.scdn.co/image/ab67616d00001e02cd3a17f2ec2b1071d0703660", "artist": ["BBY KODIE"], "artistIds": ["7Mkl8rsG7ZMoh0SZPuVZUW"], "artistPop": [52], "genres": ["vapor trap"]}, "7fx4qpr8dFqBmi8Y5AvxZw": {"name": "Clouds of Guilt (with Joe Jonas)", "coverArt": "https://i.scdn.co/image/ab67616d00001e028c128a203deb8ee2540bff4e", "artist": ["William Shatner", "Joe Jonas"], "artistIds": ["2dPqql8xbby3nWuf98mAza", "7gbmX8SsfjEjxDMzBi1ZOL"], "artistPop": [35, 58], "genres": ["comic", "outsider", "post-teen pop"]}, "2TqXDSUrc8zgMMI8KOHjCK": {"name": "This Love Will Never End", "coverArt": "https://i.scdn.co/image/ab67616d00001e02aea61a2223f9f764826f7c48", "artist": ["GANGGA"], "artistIds": ["4nd1IvFkUoQinjvYdUmOBI"], "artistPop": [64], "genres": ["indonesian pop"]}, "7H6AsxHIdLMI67idvxldl0": {"name": "assignment song", "coverArt": "https://i.scdn.co/image/ab67616d00001e02453c27cd9da544545bc198b4", "artist": ["Scruffpuppie"], "artistIds": ["4sfEJm0Dv8H6RFfeenNJEd"], "artistPop": [46], "genres": ["lo-fi indie"]}, "1uEuKU2y2rjjjLXgZbReh1": {"name": "Cocoa Beach", "coverArt": "https://i.scdn.co/image/ab67616d00001e0297585472be42571f0f423784", "artist": ["MUNYA"], "artistIds": ["0JnhdXEQfVjoY1OgwTExwO"], "artistPop": [45], "genres": ["bedroom pop"]}}