{"5902W4uHWzhtOff1UK7the": {"name": "When I\u2019m Gone (with Katy Perry)", "coverArt": "https://i.scdn.co/image/ab67616d00001e0237940571b0be91d69b5fd0d6", "artist": ["Alesso", "Katy Perry"], "artistIds": ["4AVFqumd2ogHFlRbKIjp1t", "6jJ0s89eD6GaHleKKya26X"], "artistPop": [79, 88], "genres": ["dance pop", "edm", "electro house", "pop", "pop dance", "progressive electro house", "tropical house", "dance pop", "pop", "post-teen pop"]}, "46z6ENU51UUGeRam2fWrQW": {"name": "Wait", "coverArt": "https://i.scdn.co/image/ab67616d00001e02d3371eb43be7970ebe675626", "artist": ["Flo Rida"], "artistIds": ["0jnsk9HBra6NMjO2oANoPY"], "artistPop": [82], "genres": ["dance pop", "miami hip hop", "pop", "pop rap"]}, "7hmebsI3sCMzANWFcNiCMh": {"name": "Discoteca", "coverArt": "https://i.scdn.co/image/ab67616d00001e0228aa3eb2e97367902e01cc3a", "artist": ["IAmChino", "Pitbull"], "artistIds": ["0b2GL7Y02vu50qieoQmw1w", "0TnOYISbd1XYRBk9myaseg"], "artistPop": [63, 86], "genres": ["cubaton", "reggaeton", "dance pop", "latin", "miami hip hop", "pop", "pop rap"]}, "0gWFFtKm8PaAJdpkajFlD1": {"name": "Y'all Means All - from Season 6 of Queer Eye", "coverArt": "https://i.scdn.co/image/ab67616d00001e02c565fcfb58813c6203dda5eb", "artist": ["Miranda Lambert"], "artistIds": ["66lH4jAE7pqPlOlzUKbwA0"], "artistPop": [74], "genres": ["contemporary country", "country", "country dawn", "country road"]}, "7GdIvzFCC3ZGS4sGsCuR9W": {"name": "Knee Deep at ATP", "coverArt": "https://i.scdn.co/image/ab67616d00001e02c6486f568a5d5e15a07864bc", "artist": ["Lovejoy"], "artistIds": ["33tFkBLsl6f8TjKkV0uF0C"], "artistPop": [77], "genres": ["dream smp", "indie pop"]}, "0GPZVVuQ291PJKvKWpp9cF": {"name": "Gemini", "coverArt": "https://i.scdn.co/image/ab67616d00001e026a84129053644fb800f4669f", "artist": ["Nosaj Thing", "KU\u010cKA"], "artistIds": ["0IVapwlnM3dEOiMsHXsghT", "6JcD2YKEhgimweLpUI0NEw"], "artistPop": [53, 57], "genres": ["chillwave", "electronica", "future garage", "glitch hop", "microhouse", "uk bass", "wonky", "electra"]}, "4bCFw61qA3pmWIzR6ULCMY": {"name": "Mannequins & Egos", "coverArt": "https://i.scdn.co/image/ab67616d00001e02808d6f46a6d55690eca3d601", "artist": ["ZHU"], "artistIds": ["28j8lBWDdDSHSSt5oPlsX2"], "artistPop": [72], "genres": ["edm", "electro house"]}, "0EePy0Tts3VKrHaxIHbJir": {"name": "hail mary", "coverArt": "https://i.scdn.co/image/ab67616d00001e029a72648feecab192d1dfdec6", "artist": ["mike."], "artistIds": ["5G9kmDLg3OeUyj8KVBLzbu"], "artistPop": [73], "genres": ["indie pop rap", "pop rap", "rap", "rhode island rap"]}, "4Pxi7M3fCCBDG0EfC17eHw": {"name": "hurt myself", "coverArt": "https://i.scdn.co/image/ab67616d00001e02278f14cd5d67a301e478b0ec", "artist": ["Tommy Ice", "Powfu"], "artistIds": ["3AUIYVmhwrsw8UOPHEv91Z", "6bmlMHgSheBauioMgKv2tn"], "artistPop": [62, 78], "genres": ["emo rap", "sad rap", "sad rap"]}, "2dhPuSbG7blYN5tc6VxzHq": {"name": "UGLY", "coverArt": "https://i.scdn.co/image/ab67616d00001e02c293848dd0bd13e4abc1c788", "artist": ["Josie Dunne"], "artistIds": ["2KgFtUjEtayfuximKppSAq"], "artistPop": [59], "genres": ["alt z", "pop soul"]}, "1XYFQv9t9lD5iNHPC25L3m": {"name": "Go Mode (feat. ISM)", "coverArt": "https://i.scdn.co/image/ab67616d00001e023c289446c0f39b8fbdd2c9a8", "artist": ["Kid Ink", "ISM"], "artistIds": ["6KZDXtSj0SzGOV705nNeh3", "1PmIns535yeirIKo6HpHMe"], "artistPop": [74, 43], "genres": ["dance pop", "hip hop", "pop rap", "rap", "southern hip hop", "trap"]}, "6yHR35fYbMEaDz2or8YsH1": {"name": "Sky High (feat. Non\u00f4)", "coverArt": "https://i.scdn.co/image/ab67616d00001e02e34831f80e92d3ca3b6168e8", "artist": ["Alok", "Non\u00f4"], "artistIds": ["0NGAZxHanS9e0iNHpR8f2W", "2izgj6WOKJsuCRCQUKOoVO"], "artistPop": [84, 59], "genres": ["electro house", "pop nacional", "slap house"]}, "2wG7MgpfXMCzQcTPCt78Tb": {"name": "Getting Late (feat. Danni Carra)", "coverArt": "https://i.scdn.co/image/ab67616d00001e02c1669388c89f8cba303c97fa", "artist": ["SLANDER", "if found", "Danni Carra"], "artistIds": ["20DZAfCuP1TKZl5KcY7z3Q", "39W8ER2QJe2x3pKLIXTiwK", "1y2nMsmj0osjLiXHri15M1"], "artistPop": [74, 49, 48], "genres": ["dubstep", "edm", "pop dance", "gaming edm"]}, "4fvcOHfqC8yEBQphZjFud6": {"name": "Dance With You", "coverArt": "https://i.scdn.co/image/ab67616d00001e024c4ec800575a69981fa84708", "artist": ["Laura Marano", "Grey"], "artistIds": ["21mgsWjJ4TmBxsUKexjJPT", "4lDBihdpMlOalxy1jkUbPl"], "artistPop": [53, 72], "genres": ["post-teen pop", "social media pop", "pop edm"]}, "5qG3C4mBg8JMU48hI8SaOS": {"name": "New Year", "coverArt": "https://i.scdn.co/image/ab67616d00001e02444330f15504b9bd48709237", "artist": ["Ross Copperman"], "artistIds": ["5nHR37FDSU4I0QQta0AZ1C"], "artistPop": [54], "genres": ["acoustic pop", "neo mellow", "piano rock"]}, "4nb1IKpcYekqY4enXOdNzm": {"name": "Mine", "coverArt": "https://i.scdn.co/image/ab67616d00001e021e21ac81e13e6e5944a3ecb9", "artist": ["Aaron Taos"], "artistIds": ["3AcBSoCVhxILXJnfLcJb66"], "artistPop": [55], "genres": ["brooklyn indie"]}, "6hr3cYYXvzF473sSnchaPb": {"name": "Double Jump", "coverArt": "https://i.scdn.co/image/ab67616d00001e027135102985e0c06072a2f2c4", "artist": ["Joey Valence", "Brae"], "artistIds": ["6BkiL5nhcwWK6JqWbBjNgu", "1QGptNgo1M6cD7EjrFZmRp"], "artistPop": [52, 51], "genres": []}, "5Qs6NNAiu9LoboczOgLIfO": {"name": "Bad AF (feat. Erica Banks)", "coverArt": "https://i.scdn.co/image/ab67616d00001e0255a1483b08032c0c221bf0e5", "artist": ["YUNG NATION", "Erica Banks"], "artistIds": ["5bT8zz9XjbOtDryVd3wRGw", "2SXhbucehn00OBVKhzxDyM"], "artistPop": [38, 61], "genres": ["dfw rap", "trap queen"]}, "7qrch7xVClA6bB299puPoz": {"name": "St Claire", "coverArt": "https://i.scdn.co/image/ab67616d00001e02febc22c6c55a4d54e99c48e6", "artist": ["Hermitude"], "artistIds": ["3fmMaLC5jjf2N4EC2kTx0u"], "artistPop": [59], "genres": ["australian dance", "downtempo", "edm", "electronic trap", "escape room"]}, "01yhPS4Pn3chM0sc3gcs6B": {"name": "Shotgun", "coverArt": "https://i.scdn.co/image/ab67616d00001e027097bd883819cfb28d366c33", "artist": ["Anna of the North", "Hver gang vi m\u00f8tes"], "artistIds": ["1mSJCvDX0W7Dn7S9C6vmvI", "24Lqq3mnesl7IljSVFEBEO"], "artistPop": [65, 58], "genres": ["electropop", "indie pop", "indie poptimism", "vapor pop", "vapor soul", "nordnorsk musikk", "norwegian indie", "norwegian pop"]}, "7dDQ7tGCVaqOfng9dwSCM2": {"name": "Riptide", "coverArt": "https://i.scdn.co/image/ab67616d00001e02cb6cf52025215dbdf4bcd660", "artist": ["Olmos"], "artistIds": ["60cVbnHVILVFAO7tl3crPV"], "artistPop": [45], "genres": []}, "70EGe77g46XEUjIFMgGPiK": {"name": "We Got Time", "coverArt": "https://i.scdn.co/image/ab67616d00001e02feb921bec4300ac313c75384", "artist": ["Hojean"], "artistIds": ["0ENnerFBtqPaVUcHadXU2w"], "artistPop": [57], "genres": ["chill r&b"]}, "3nHMOsEXr1iUnLKVORxLvW": {"name": "Stop Calling Me", "coverArt": "https://i.scdn.co/image/ab67616d00001e02c64214e9f382dd57164d239d", "artist": ["Brent Morgan"], "artistIds": ["272dr7ToE0VRsdxXlrx3PV"], "artistPop": [57], "genres": ["gen z singer-songwriter"]}, "68VG5gnwMlwUxrjMQayXwY": {"name": "Tell Time", "coverArt": "https://i.scdn.co/image/ab67616d00001e02d4c9b25cd572ccb993f0a056", "artist": ["Hunxho"], "artistIds": ["508weSx4HBumrGggFmc7br"], "artistPop": [52], "genres": []}, "5veKValrmXeCWSeynqYLIC": {"name": "DIAMONDS", "coverArt": "https://i.scdn.co/image/ab67616d00001e02b64d6bfc489880a6a1c22f00", "artist": ["Kamrin Houser"], "artistIds": ["3jj1msEuz9ltEGl9DTRgqP"], "artistPop": [40], "genres": ["melodic rap"]}, "1WkY6SEl9LGT1h6UPMHADc": {"name": "Manifest Destiny", "coverArt": "https://i.scdn.co/image/ab67616d00001e0288a3f072ffd8ddae3ae261b1", "artist": ["Nova", "Yellow Trash Can"], "artistIds": ["3J2OSq7G34UlfnNB6YuZCF", "0HIoY3v13URc5qWoSZ4aRQ"], "artistPop": [64, 33], "genres": []}, "3fyjlRvjzojhCwTlxtgwFP": {"name": "Back To Paris", "coverArt": "https://i.scdn.co/image/ab67616d00001e0209312160227485319fe29ff5", "artist": ["GATT\u00dcSO"], "artistIds": ["3PlRvQnVE3XAbtHUNc4nic"], "artistPop": [64], "genres": ["edm", "electro house", "pop dance", "pop edm", "tropical house"]}, "3BCjEiinht1jcDdIoaHAhH": {"name": "Where My Girls At", "coverArt": "https://i.scdn.co/image/ab67616d00001e02aca28bd5897e6aaf7f01dd85", "artist": ["VENUS"], "artistIds": ["44dwPxPvAhm5oPE9jAKZID"], "artistPop": [35], "genres": []}, "3N7fYCKzBSZ92s4zPPXRtf": {"name": "Green Book", "coverArt": "https://i.scdn.co/image/ab67616d00001e02abf811b643f72c90b2601276", "artist": ["Ghostly Kisses"], "artistIds": ["7EkzQPP0cgt2qCnXUg6PHj"], "artistPop": [54], "genres": ["vapor soul"]}, "24jpjPR3hZ1VAQOWr9sd0t": {"name": "B61", "coverArt": "https://i.scdn.co/image/ab67616d00001e02ee5afab572d99bba0f3be43b", "artist": ["Aoife O'Donovan"], "artistIds": ["1f3ubTd6eyxuy30ddDJQQa"], "artistPop": [56], "genres": ["boston folk", "folk", "indie folk", "new americana", "progressive bluegrass"]}, "7JIzEv4l1UVnEZ6owvjnWf": {"name": "Champagne Problem", "coverArt": "https://i.scdn.co/image/ab67616d00001e0261088fe599b319e23bcec7d3", "artist": ["Haley Mae Campbell"], "artistIds": ["2NDqx1z4TTkFr0QOnk8nX3"], "artistPop": [49], "genres": ["contemporary country", "country pop"]}, "2ccuOtUjIyx3tPcsnpeBzJ": {"name": "Flower Shops (feat. Morgan Wallen)", "coverArt": "https://i.scdn.co/image/ab67616d00001e0266fa0e205e42181b50a05455", "artist": ["ERNEST", "Morgan Wallen"], "artistIds": ["4GGfAshSkqoxpZdoaHm7ky", "4oUHIQIBe0LHzYfvXNW4QM"], "artistPop": [57, 87], "genres": ["contemporary country"]}, "1hHnCReCPe1FUkGLTeuCaC": {"name": "Me Acostumbre A Lo Bueno", "coverArt": "https://i.scdn.co/image/ab67616d00001e026ab587a20c49086e6275a8b2", "artist": ["Fuerza Regida"], "artistIds": ["0ys2OFYzWYB5hRDLCsBqxt"], "artistPop": [77], "genres": ["corrido", "corridos tumbados", "nuevo regional mexicano", "regional mexican", "sierreno"]}, "1FHTpARP9QXfyOvzeulI6R": {"name": "AWAKE", "coverArt": "https://i.scdn.co/image/ab67616d00001e02647c0f268a1ffbf06557e919", "artist": ["Paycheck"], "artistIds": ["1xd5p7u9w8mQc2nU8GwBib"], "artistPop": [52], "genres": ["sad rap"]}, "42xlGkV3dKBi2mzPdCDRfT": {"name": "You Belong", "coverArt": "https://i.scdn.co/image/ab67616d00001e02a91a7e9db83a9d2a295a766d", "artist": ["The Presets"], "artistIds": ["1zTAQ6zkGz2L2i6lfR30EX"], "artistPop": [56], "genres": ["alternative dance", "australian dance", "australian indie", "dance-punk", "electronica", "electropop", "indietronica", "new rave"]}, "3KoujhkfGrrc67RIhXR2U3": {"name": "Night Life (feat. Garrett Gloom)", "coverArt": "https://i.scdn.co/image/ab67616d00001e02ba6b0d600cd7308886634c79", "artist": ["Levi Evans", "Garrett Gloom"], "artistIds": ["3iaO242P43HXGQesDYkubX", "1cJ9WQjqfiwSltT7u8udTT"], "artistPop": [34, 23], "genres": []}, "1TyNYolm3DxfLNWhRg7DJE": {"name": "Soft Killing", "coverArt": "https://i.scdn.co/image/ab67616d00001e020b590152b5254e214ccb313c", "artist": ["Black Polish"], "artistIds": ["68uS7D9Jp3BsuUEOOqQ9oP"], "artistPop": [30], "genres": []}, "2pubMJ0TomPi6Rvc5DVpNR": {"name": "Howl", "coverArt": "https://i.scdn.co/image/ab67616d00001e02e9721651b9c8c4311799c2c6", "artist": ["Thr13tn"], "artistIds": ["1C3qb5czyoPMhiTRFM86EQ"], "artistPop": [43], "genres": ["emo rap", "sad lo-fi", "sad rap"]}, "57nGjGS6Ujwsowk7PFxdWg": {"name": "Peppermint", "coverArt": "https://i.scdn.co/image/ab67616d00001e0209416b1a93140dd3bd62bac2", "artist": ["Flowerboy", "Day Adams"], "artistIds": ["10HyhQTjkmDpWBpaUgO2GS", "2vXraIWVFm3cWjQc1N8OwV"], "artistPop": [37, 22], "genres": ["canadian contemporary r&b", "indie r&b"]}, "0ePFzcKSHLIjq2BQLCIhph": {"name": "Sasha Tres", "coverArt": "https://i.scdn.co/image/ab67616d00001e020596097ad3a95560f15e482c", "artist": ["El General Villamil"], "artistIds": ["4GxlWANYiVFKSVePnKnDWH"], "artistPop": [31], "genres": ["ecuadorian indie"]}, "5SuWbqdRVVQfxpHKOt5ZxN": {"name": "Sent from Above", "coverArt": "https://i.scdn.co/image/ab67616d00001e020989ae84c6594d019c176e4f", "artist": ["River Tiber"], "artistIds": ["1FHDMgGdmIP4IsoFkAwbS0"], "artistPop": [51], "genres": ["alternative r&b", "indie soul", "vapor soul"]}, "67djP6VPqGDjG5jJgBEuQb": {"name": "Flyin' Overhead", "coverArt": "https://i.scdn.co/image/ab67616d00001e0215dcbf4fc1882e725c228aa3", "artist": ["Tall Heights"], "artistIds": ["1OVaGC0CDZaxjcPxclSNmp"], "artistPop": [57], "genres": ["boston folk", "folk-pop", "indie folk", "indiecoustica", "new americana", "stomp and holler"]}, "4mUV6ibaOhrkYNxFT0bSuL": {"name": "Ghost", "coverArt": "https://i.scdn.co/image/ab67616d00001e02c320772a3650f4003048c9ca", "artist": ["Marlhy"], "artistIds": ["1fvH6NeNDohKGKwvRiebRA"], "artistPop": [35], "genres": []}, "4vqkuf2iiz4eRMHZakL94e": {"name": "Good Behaviour", "coverArt": "https://i.scdn.co/image/ab67616d00001e02a4442320e57ed7ee8010211d", "artist": ["Linying"], "artistIds": ["5IIP34JBy1d8kBYlAGnRaW"], "artistPop": [49], "genres": ["singaporean pop", "singaporean singer-songwriter"]}, "3aNdYYgyatnA0l5vAwFvP9": {"name": "We'll Know Come Morning", "coverArt": "https://i.scdn.co/image/ab67616d00001e0221ed66eb30e738a86076ed26", "artist": ["Toulouse"], "artistIds": ["4Vy0AbsAmU5l3ZWOxhilzr"], "artistPop": [42], "genres": []}, "2LEparJLsmYGlf51zAquu8": {"name": "There's Always Next Year", "coverArt": "https://i.scdn.co/image/ab67616d00001e0238703241f909352ffb23350e", "artist": ["Corey Kent"], "artistIds": ["3sUpZrkehiGBaMzs2h9Mmc"], "artistPop": [48], "genres": ["country pop"]}, "6oWSA5EQdY20ZfZCyvjMki": {"name": "Beer Up", "coverArt": "https://i.scdn.co/image/ab67616d00001e024d8bb87061e419bbf8125b50", "artist": ["Neon Union"], "artistIds": ["7L9ainQsqBtaa8JSgh9nub"], "artistPop": [24], "genres": []}, "4jCLdCkeE7Y1GvmYtdmAA4": {"name": "Bad At Parties", "coverArt": "https://i.scdn.co/image/ab67616d00001e02101dc88fc75cf9a2364ad91a", "artist": ["Helena Mayer"], "artistIds": ["3Cgfb3YtMWmIqo4I1BmCCU"], "artistPop": [38], "genres": ["gen z singer-songwriter"]}, "1MTHQrIE43p9HnjtC5kBDP": {"name": "Away From Myself", "coverArt": "https://i.scdn.co/image/ab67616d00001e02f3f1d590ec9c9d1c16e2358f", "artist": ["Adventure Club", "ALRT"], "artistIds": ["5CdJjUi9f0cVgo9nFuJrFa", "4XH5qVwKcWRS0Z6tr85exf"], "artistPop": [59, 47], "genres": ["brostep", "canadian electronic", "edm", "electro house", "electronic trap", "electropop", "filthstep", "future bass", "melodic dubstep", "pop dance", "pop edm", "bass house", "electro house"]}, "56u1dj83oLeYYGsfycbAwH": {"name": "Past Life", "coverArt": "https://i.scdn.co/image/ab67616d00001e0243b7704078096071e43e9f82", "artist": ["Lane Allen", "Danny Towers"], "artistIds": ["5llF7pGEMQBPcerOol9rL5", "4e5oZygHeeRoTXc00gYWiu"], "artistPop": [33, 66], "genres": []}, "2UTllO6MsJKMqrT16SEc5Z": {"name": "BENNY BLANCO", "coverArt": "https://i.scdn.co/image/ab67616d00001e02857bc9d5effc5d8c3daadafd", "artist": ["jvstblake"], "artistIds": ["5SxRN6YmVzqVecObct98Zj"], "artistPop": [23], "genres": []}, "6mSH4YFZAI1y5uIXOtnVPe": {"name": "we don't talk now", "coverArt": "https://i.scdn.co/image/ab67616d00001e02c58471f6a17e9b84dc09f97d", "artist": ["Cind\u00eb"], "artistIds": ["6UmkItoyk0QIRoEQGMhEYz"], "artistPop": [27], "genres": []}, "7JyUaVuryNwyfNiHY0pJTb": {"name": "I'm Not Ok", "coverArt": "https://i.scdn.co/image/ab67616d00001e02b13eb5144b09e3a3486c4b0c", "artist": ["The Sweeplings"], "artistIds": ["3fTedgf4fh8D3s41dP0HWt"], "artistPop": [50], "genres": ["indiecoustica"]}, "1qwlHf2a7Drko9G5I4WwKH": {"name": "Save Yourself", "coverArt": "https://i.scdn.co/image/ab67616d00001e02a7284bd681ab15876f72b8a5", "artist": ["Ekoh"], "artistIds": ["5lC7N2Mm9i92KSfW4opawO"], "artistPop": [59], "genres": ["canadian hip hop"]}, "3fkmqra6uydeAgYLzJ7AOg": {"name": "ICGTTA", "coverArt": "https://i.scdn.co/image/ab67616d00001e0207687707e0b147d15f005a06", "artist": ["Shiki XO"], "artistIds": ["0QDCjKEJLERqsoqUZmyjd2"], "artistPop": [33], "genres": []}, "3TBWKueUXVe3De5CMpbD20": {"name": "Alexis", "coverArt": "https://i.scdn.co/image/ab67616d00001e023330e08739561240adf496b3", "artist": ["Scott Goodwin"], "artistIds": ["2g2GZo5L6RKNOPe6bT8cSO"], "artistPop": [22], "genres": []}, "5qxMIUF2FqTJOl4DEvfV6i": {"name": "So Full of Love", "coverArt": "https://i.scdn.co/image/ab67616d00001e0268d075fc19cd58c391b9adec", "artist": ["Kiefer Sutherland"], "artistIds": ["0WqQHeEmg4YoMJBGT7hZkH"], "artistPop": [39], "genres": []}, "3GJnEqJStGudrV7Vch7QXX": {"name": "Last Night in December", "coverArt": "https://i.scdn.co/image/ab67616d00001e0246c00c1b6e414b76fa8ea18e", "artist": ["Alyssa Bonagura"], "artistIds": ["31P1IMaJH0mI1pvB9jATHB"], "artistPop": [37], "genres": []}, "6CcBzkj4M4lKORd6GSaxHY": {"name": "GAMEBOY", "coverArt": "https://i.scdn.co/image/ab67616d00001e026565422bb58934d65d8c2019", "artist": ["EDY", "Iamtheofficial", "JARNA"], "artistIds": ["23fD2AM3mNVBRhCteyxgdQ", "4lkMt02RqUWlrvBHsE11RC", "7dURglfKbeSd5WoF28mdWs"], "artistPop": [29, 22, 33], "genres": ["nz pop"]}, "3FNkxW98DzGgcc4RocTseS": {"name": "Day Glow", "coverArt": "https://i.scdn.co/image/ab67616d00001e028186669e5216f479120eeb83", "artist": ["Drew Dazy", "A.K.F"], "artistIds": ["0JNAhxzsZpMbflMQ2jtKAO", "5TQ1Tck0FVGrElDzvCS2jt"], "artistPop": [20, 28], "genres": []}}