{"2fTdRdN73RgIgcUZN33dvt": {"name": "Baby, I'm Jealous (feat. Doja Cat)", "coverArt": "https://i.scdn.co/image/ab67616d00001e02d0927ea5b0dde802e65eb9b6", "artist": ["Bebe Rexha", "Doja Cat"], "artistIds": ["64M6ah0SkkRsnPGtGiRAbb", "5cj0lLjcoR7YOSnhnX0Po5"], "artistPop": [80, 94], "genres": ["dance pop", "electropop", "pop", "post-teen pop", "dance pop", "pop"]}, "3v84EI4rMdsqJ95MxwIjQa": {"name": "Sleepy Hollow", "coverArt": "https://i.scdn.co/image/ab67616d00001e026f53f721c7bed7f8d159cfcb", "artist": ["Trippie Redd"], "artistIds": ["6Xgp2XMz1fhVYe7i6yNAax"], "artistPop": [88], "genres": ["melodic rap", "rap", "trap"]}, "2IFFKj9orAsQOOS0JRhHAW": {"name": "JEWELZ", "coverArt": "https://i.scdn.co/image/ab67616d00001e02d3af16078e9a78edac2ebed8", "artist": ["Anderson .Paak"], "artistIds": ["3jK9MiCrA42lLAdMGUZpwa"], "artistPop": [82], "genres": ["escape room"]}, "6qUabsNxudatEFedWGHoDh": {"name": "FRANCHISE (feat. Future, Young Thug & M.I.A.) - REMIX", "coverArt": "https://i.scdn.co/image/ab67616d00001e0287d2b3794f4e86af5e774b1b", "artist": ["Travis Scott", "Future", "Young Thug", "M.I.A."], "artistIds": ["0Y5tJX1MQlPlqiwlOH1tJY", "1RyvyyTE3xzB2ZywiAwp0i", "50co4Is1HCEo8bhOyUWKpn", "0QJIPDAEDILuo8AIq3pMuU"], "artistPop": [91, 89, 88, 71], "genres": ["rap", "slap house", "atl hip hop", "pop rap", "rap", "southern hip hop", "trap", "atl hip hop", "atl trap", "gangster rap", "hip hop", "melodic rap", "pop rap", "rap", "trap", "dance pop", "escape room", "indietronica", "new rave"]}, "3foWaxM2tcZD91WcOLFqch": {"name": "cotton candy", "coverArt": "https://i.scdn.co/image/ab67616d00001e02f23de6e7cd27c5dfa1e4f31b", "artist": ["YUNGBLUD"], "artistIds": ["6Ad91Jof8Niiw0lGLLi3NW"], "artistPop": [76], "genres": ["british indie rock", "modern rock", "pop", "rock"]}, "0eEcs8LmGk1TKfGgUiYosw": {"name": "wisdom teeth", "coverArt": "https://i.scdn.co/image/ab67616d00001e02d71a3324455830c165ef3c48", "artist": ["Bea Miller"], "artistIds": ["1o2NpYGqHiCq7FoiYdyd1x"], "artistPop": [73], "genres": ["alt z", "dance pop", "electropop", "indie cafe pop", "indie poptimism", "modern rock", "pop", "pop rap", "post-teen pop", "talent show"]}, "63Sb1AMnhb37DR59uXZdQd": {"name": "Princess Cuts (feat. Young T & Bugsey)", "coverArt": "https://i.scdn.co/image/ab67616d00001e02779427fa86efd5fc8547cd94", "artist": ["Headie One", "Young T & Bugsey"], "artistIds": ["6UCQYrcJ6wab6gnQ89OJFh", "6M6XXCcO5gI68XpIlrUL3Z"], "artistPop": [71, 66], "genres": ["uk hip hop", "afroswing", "uk hip hop"]}, "3D9G7MPDU48r91YRCYeVRI": {"name": "NFL (feat. Gudda Gudda & HoodyBaby)", "coverArt": "https://i.scdn.co/image/ab67616d00001e023d3d5ab182f04c34c6212aeb", "artist": ["Lil Wayne", "Gudda Gudda", "Hoodybaby"], "artistIds": ["55Aa2cqylxrFIXC767Z865", "7s47glsDg6fwq9KXNTsTpa", "13lxs5lLGCBMyGLfmtfLEK"], "artistPop": [88, 45, 39], "genres": ["hip hop", "new orleans rap", "pop rap", "rap", "trap", "dirty south rap", "rap", "southern hip hop", "trap"]}, "4L4lClgi5m2Itz6Fgt750F": {"name": "First Time", "coverArt": "https://i.scdn.co/image/ab67616d00001e027e900a9bc386e913f4575f61", "artist": ["Daya"], "artistIds": ["6Dd3NScHWwnW6obMFbl1BH"], "artistPop": [73], "genres": ["alt z", "dance pop", "edm", "electropop", "indie poptimism", "pop", "pop dance", "post-teen pop", "tropical house", "uk pop"]}, "4fVRuWru6EQ8fGMeCPP431": {"name": "going out", "coverArt": "https://i.scdn.co/image/ab67616d00001e02a385bfa8921994bc2445e35c", "artist": ["ROLE MODEL"], "artistIds": ["1dy5WNgIKQU6ezkpZs4y8z"], "artistPop": [66], "genres": ["alt z", "bedroom pop", "indie cafe pop", "indie pop", "pop", "social media pop"]}, "7ighctS1exCe8hJXTEkNen": {"name": "Timeless (feat. Lil Wayne & Big Sean)", "coverArt": "https://i.scdn.co/image/ab67616d00001e024d4c3df99bf5bdb055f64474", "artist": ["Benny The Butcher", "Lil Wayne", "Big Sean"], "artistIds": ["5Matrg5du62bXwer29cU5T", "55Aa2cqylxrFIXC767Z865", "0c173mlxpT3dSFRgMO8XPh"], "artistPop": [65, 88, 81], "genres": ["boom bap", "buffalo hip hop", "hip hop", "rap", "underground hip hop", "upstate ny rap", "hip hop", "new orleans rap", "pop rap", "rap", "trap", "detroit hip hop", "hip hop", "pop rap", "rap", "southern hip hop", "trap"]}, "6WGsP4ChbCSu9kWLQcuRSy": {"name": "Letter 2 U", "coverArt": "https://i.scdn.co/image/ab67616d00001e020eb4ff1a55242496170c510c", "artist": ["J.I the Prince of N.Y"], "artistIds": ["2eqoJbzUGDwys5ENUkbT3h"], "artistPop": [66], "genres": ["nyc rap", "pop r&b"]}, "6ZtrGCcn38kGImt2GPFbJB": {"name": "Shot In The Dark", "coverArt": "https://i.scdn.co/image/ab67616d00001e021f36a89354d71bdeba55de1c", "artist": ["AC/DC"], "artistIds": ["711MCceyCBcFnzjGY4Q7Un"], "artistPop": [83], "genres": ["australian rock", "hard rock", "rock"]}, "1pZwFpiLKrSfNtXs6WQLlf": {"name": "Rain (feat. Swae Lee)", "coverArt": "https://i.scdn.co/image/ab67616d00001e02613e52f117b5f4336b790082", "artist": ["Trey Songz", "Swae Lee"], "artistIds": ["2iojnBLj0qIMiKPvVhLnsH", "1zNqQNIdeOUZHb8zbZRFMX"], "artistPop": [74, 81], "genres": ["dance pop", "hip pop", "pop", "pop r&b", "post-teen pop", "r&b", "southern hip hop", "trap", "urban contemporary", "melodic rap", "trap"]}, "6VfKN3j3Cqb7nMWZPIX3bJ": {"name": "Praise (feat. Gunna)", "coverArt": "https://i.scdn.co/image/ab67616d00001e027763ee6d7711eccc856045e3", "artist": ["Tchami", "Gunna"], "artistIds": ["1KpCi9BOfviCVhmpI4G2sY", "2hlmm7s2ICUX0LVIhVFlZQ"], "artistPop": [65, 87], "genres": ["bass house", "deep groove house", "edm", "electro house", "future house", "house", "pop dance", "progressive house", "atl hip hop", "hip hop", "melodic rap", "rap", "trap"]}, "5GSKLdbgKfoOmZxgwUKBEp": {"name": "No Ordinary", "coverArt": "https://i.scdn.co/image/ab67616d00001e0264067bb31723723135672a12", "artist": ["Labrinth"], "artistIds": ["2feDdbD5araYcm6JhFHHw7"], "artistPop": [80], "genres": ["indie poptimism", "pop"]}, "3GXQOlfK0oPdsW6Y5ptII6": {"name": "Hypochondriac", "coverArt": "https://i.scdn.co/image/ab67616d00001e02712865dcec151109f9d6938d", "artist": ["Sasha Alex Sloan"], "artistIds": ["4xnihxcoXWK3UqryOSnbw5"], "artistPop": [75], "genres": ["alt z", "electropop", "indie cafe pop", "pop", "post-teen pop"]}, "3tWR8p2FEEHbBsmDmTce9l": {"name": "Apricots", "coverArt": "https://i.scdn.co/image/ab67616d00001e02aecd68bb4244ea3da62993ab", "artist": ["MAY-A"], "artistIds": ["5J8UACGRZtDb4WdOzo9YJN"], "artistPop": [51], "genres": ["australian alternative pop", "australian pop", "indie pop"]}, "3VcFoOwKYurSedLtz9nFJC": {"name": "Brainstorm", "coverArt": "https://i.scdn.co/image/ab67616d00001e02fbdf73f49c5125ddec06a57e", "artist": ["Alexander 23"], "artistIds": ["6sFHvCyqklnJpXC9Nh1aag"], "artistPop": [68], "genres": ["alt z", "indie cafe pop", "pop", "post-teen pop", "social media pop"]}, "2rcpPNe8lr4feJuMgpgV1q": {"name": "Right With You", "coverArt": "https://i.scdn.co/image/ab67616d00001e024eb50ee51b1cd7f1a6c7f113", "artist": ["Patrick Droney"], "artistIds": ["78Rk1F0jGdipWWfrhyWwt3"], "artistPop": [60], "genres": ["indiecoustica", "nashville singer-songwriter", "neo mellow"]}, "1FBereoGKCn8BKqKheYw1z": {"name": "My Way, Soon", "coverArt": "https://i.scdn.co/image/ab67616d00001e029baaaa5b30c2e21db3b14248", "artist": ["Greta Van Fleet"], "artistIds": ["4NpFxQe2UvRCAjto3JqlSl"], "artistPop": [74], "genres": ["modern blues rock", "modern hard rock", "rock"]}, "4tu8uSWqCWDmGZsVAF4ey8": {"name": "Born in a War", "coverArt": "https://i.scdn.co/image/ab67616d00001e02151a156e992a7e00fb1b0a90", "artist": ["Future Islands"], "artistIds": ["1WvvwcQx0tj6NdDhZZ2zZz"], "artistPop": [68], "genres": ["alternative dance", "baltimore indie", "chillwave", "indie rock", "indietronica", "modern rock", "new rave"]}, "5dLGkG93MRSFhicUOcPL1T": {"name": "Mistakes (feat. Renzo Suburbn)", "coverArt": "https://i.scdn.co/image/ab67616d00001e026e74b836c81523a50e79d953", "artist": ["Curtis Waters", "Renzo Suburbn"], "artistIds": ["2JbE7jUIGtpXSzytnyMg6U", "69qG49IaZkjleL2vXwdTuA"], "artistPop": [60, 11], "genres": []}, "79P3ZJpHULNMsyHM9rZseQ": {"name": "It Might Take A Woman", "coverArt": "https://i.scdn.co/image/ab67616d00001e02c0acd597890feaf309c769ad", "artist": ["Girlhood"], "artistIds": ["1zmozsuAfLwrawutG7x9VA"], "artistPop": [42], "genres": ["british soul"]}, "0hfO4THmsjstA7svFPLTVS": {"name": "Silver Tongue Devil (feat. Shenseea)", "coverArt": "https://i.scdn.co/image/ab67616d00001e0258d5d5b628600c081f23a295", "artist": ["Masego", "Shenseea"], "artistIds": ["3ycxRkcZ67ALN3GQJ57Vig", "1OFOShsIbhy1l5x73yuVyB"], "artistPop": [72, 61], "genres": ["alternative r&b", "dancehall", "modern reggae"]}, "7ndTONDDRFGiPnnhOzOXxq": {"name": "La Nota", "coverArt": "https://i.scdn.co/image/ab67616d00001e02f26be6e9676de14803a525e2", "artist": ["Manuel Turizo", "Rauw Alejandro", "Myke Towers"], "artistIds": ["0tmwSHipWxN12fsoLcFU3B", "1mcTU81TzQhprhouKaTkpq", "7iK8PXO48WeuP03g8YR51W"], "artistPop": [81, 92, 90], "genres": ["colombian pop", "latin", "reggaeton", "reggaeton colombiano", "trap latino", "puerto rican pop", "trap latino", "trap latino"]}, "0g4xPTe9fP1gPiXPMQKj7Z": {"name": "Not a Pop Song", "coverArt": "https://i.scdn.co/image/ab67616d00001e0260638211f2f8a53ffd93dfba", "artist": ["Little Mix"], "artistIds": ["3e7awlrlDSwF3iM0WBjGMp"], "artistPop": [83], "genres": ["dance pop", "girl group", "pop", "post-teen pop", "talent show", "uk pop"]}, "4h6TTBlzsv57BGlMybVNCL": {"name": "i miss u (with Au/Ra)", "coverArt": "https://i.scdn.co/image/ab67616d00001e0210ed2ef03b65df44bb80c012", "artist": ["Jax Jones", "Au/Ra"], "artistIds": ["4Q6nIcaBED8qUel8bBx6Cr", "1eMmoIprPDWeFdB1FxU6ZV"], "artistPop": [77, 69], "genres": ["dance pop", "edm", "electro house", "house", "pop", "pop dance", "pop rap", "post-teen pop", "tropical house", "uk dance", "alt z", "deep pop edm", "electropop", "indie poptimism", "pop", "social media pop"]}, "3CtnIbw6ZDIDp3FL6ZQYe3": {"name": "Favorite Ni**a", "coverArt": "https://i.scdn.co/image/ab67616d00001e023907a711fe2eaf9f50585572", "artist": ["REASON"], "artistIds": ["6XpXnnKHIhCOUbOLOJGe6o"], "artistPop": [57], "genres": ["hip hop", "rap", "underground hip hop"]}, "0Ot6qzEWZqbwxKEtehS7Lp": {"name": "Gorgeous", "coverArt": "https://i.scdn.co/image/ab67616d00001e02672e72982218da4640e69c00", "artist": ["SAINt JHN"], "artistIds": ["0H39MdGGX6dbnnQPt6NQkZ"], "artistPop": [76], "genres": ["melodic rap", "pop rap", "rap", "slap house", "trap"]}, "3SMd9iGyHF47xNZw3SXFPE": {"name": "Black Woman", "coverArt": "https://i.scdn.co/image/ab67616d00001e026537f6affe302e3f02080a23", "artist": ["Emanuel"], "artistIds": ["4Dj6yFk1Y4v6J4jZyhtrZ7"], "artistPop": [49], "genres": ["alternative r&b", "canadian contemporary r&b", "indie r&b"]}, "62kHSw6wBh4c6UemJCb5p6": {"name": "Take Me Where Your Heart Is", "coverArt": "https://i.scdn.co/image/ab67616d00001e02697585faee5551d6bd76bb3f", "artist": ["Q"], "artistIds": ["22vqVhfPJab5kkU9txDGX3"], "artistPop": [55], "genres": ["alternative r&b", "chill r&b", "indie r&b"]}, "3s75lDnOBcYrqJsyP4wAZF": {"name": "admit it", "coverArt": "https://i.scdn.co/image/ab67616d00001e02770f784e4ab79dd5963d2c90", "artist": ["bbno$", "lentra", "TrippyThaKid"], "artistIds": ["41X1TR6hrK8Q2ZCpp2EqCz", "484bfoveqgHfx2VhNY4zzT", "4ucIxjoWFS3n9KvguhTWpz"], "artistPop": [77, 64, 58], "genres": ["canadian hip hop", "dark trap", "pop rap", "vapor trap", "canadian hip hop", "dark trap", "meme rap"]}, "2LAqcZuU9nbOZrC7Nzdvtu": {"name": "So Sick (feat. blackbear)", "coverArt": "https://i.scdn.co/image/ab67616d00001e0204090677fe520a72568910ec", "artist": ["Kiiara", "blackbear"], "artistIds": ["4u5smJBskI6Adzv08PuiUP", "2cFrymmkijnjDg9SS92EPM"], "artistPop": [66, 84], "genres": ["alt z", "dance pop", "electropop", "indie poptimism", "pop", "post-teen pop", "pop", "pop rap"]}, "1FyIT8vfL5l7U6hCN8Wn7a": {"name": "No One", "coverArt": "https://i.scdn.co/image/ab67616d00001e02427bb2e9c434e9960e8f132f", "artist": ["Peter Thomas", "gnash"], "artistIds": ["2MhPVBzM72QjbQPhybKjyr", "3iri9nBFs9e4wN7PLIetAw"], "artistPop": [30, 68], "genres": ["alt z", "electropop", "indie cafe pop", "pop", "pop rap", "social media pop"]}, "3DmPgG92yg1svfjBkAyE84": {"name": "Strangers", "coverArt": "https://i.scdn.co/image/ab67616d00001e024bd82a4dc01b68b6007d2571", "artist": ["Mallory Merk"], "artistIds": ["5GHFapUxfP2H2xxuMytwaF"], "artistPop": [33], "genres": ["bedroom soul"]}, "7Ai70wSpUnJ7n0w6oqENws": {"name": "Paid Off", "coverArt": "https://i.scdn.co/image/ab67616d00001e02130b05e36a605e493c9e0bad", "artist": ["Russ"], "artistIds": ["1z7b1Pr1rSlvWRzsW3HOrS"], "artistPop": [79], "genres": ["hawaiian hip hop", "pop rap", "rap"]}, "5L9q6ezwkinZ47fUwj2Jfl": {"name": "skate depot", "coverArt": "https://i.scdn.co/image/ab67616d00001e02e76195ccfbd3727a0c3e0254", "artist": ["Channel Tres"], "artistIds": ["4cUkGQyhLFqKHBtL58HYVp"], "artistPop": [64], "genres": ["indie soul", "la pop"]}, "6dNDPqaDrEMyRgbMmk6XA2": {"name": "We The Ones (feat. Killer Mike & Big Rube) [Organized Noize Remix]", "coverArt": "https://i.scdn.co/image/ab67616d00001e02621330aab394db60da0c64ad", "artist": ["Big Boi", "Sleepy Brown", "Big Rube", "Killer Mike", "Organized Noize"], "artistIds": ["2ht3wxeT69CzyKFChNnNAB", "7Dnu2NmddNymEI2LMZVH5v", "39uOfkRb9XnAEW9zs3JCbb", "2N4EYkIlG1kv25g6Wv8LGI", "7qvIiE9YmyP02NLjufTxkX"], "artistPop": [60, 57, 40, 55, 23], "genres": ["alternative hip hop", "atl hip hop", "dirty south rap", "hip hop", "southern hip hop", "atl hip hop", "atl hip hop", "alternative hip hop", "atl hip hop", "conscious hip hop", "dirty south rap", "escape room", "political hip hop", "southern hip hop", "atl hip hop"]}, "1xwvPECtoLHjzkDyWEib5N": {"name": "King", "coverArt": "https://i.scdn.co/image/ab67616d00001e027fe46ec0720f8114788434f4", "artist": ["Serena Isioma", "Saint Lewis"], "artistIds": ["6u6AbTVrbabv27DLcSrF8i", "3qhlxMX0i4a9oVOx79NC9Y"], "artistPop": [58, 31], "genres": ["alternative r&b", "chill r&b", "indie r&b", "modern indie pop"]}, "6YFNTA6WdBIOyEihK1Ss5V": {"name": "While I'm Here (feat. Polo G)", "coverArt": "https://i.scdn.co/image/ab67616d00001e029e3889f871a766f3bdd9fbc3", "artist": ["Lil Loaded", "Polo G"], "artistIds": ["7scapvSjZLSm0fBgqGM0Mn", "6AgTAQt8XS6jRWi4sX7w49"], "artistPop": [66, 88], "genres": ["dfw rap", "chicago rap"]}, "5qvLSTAMeuNQebMiITgljd": {"name": "Hot", "coverArt": "https://i.scdn.co/image/ab67616d00001e0217a3a0da5ccf2d0e1883b5f5", "artist": ["BlocBoy JB"], "artistIds": ["4TEJudQY2pXxVHPE3gD2EU"], "artistPop": [63], "genres": ["memphis hip hop", "rap", "southern hip hop", "tennessee hip hop", "trap", "vapor trap"]}, "4gKCKkQbtejYebL9Km5cu1": {"name": "Stars In The Sky (feat. Jhen\u00e9 Aiko)", "coverArt": "https://i.scdn.co/image/ab67616d00001e0238f6585da5389c4ab7dd515f", "artist": ["Phora", "Jhen\u00e9 Aiko"], "artistIds": ["5XDJlfdfbGNJrOJJNxTcdq", "5ZS223C6JyBfXasXxrRqOk"], "artistPop": [64, 79], "genres": ["deep underground hip hop", "oc rap", "pop r&b", "r&b", "sad rap", "alternative r&b", "dance pop", "pop", "pop rap", "r&b", "urban contemporary"]}, "2kp5QEtvCuWmDmc7prlDJq": {"name": "Cherry Ice Cream Sundae", "coverArt": "https://i.scdn.co/image/ab67616d00001e02a34d2fdda859f87c3210b21a", "artist": ["Simpson"], "artistIds": ["0uaV2JpwdbHof3chjM8sow"], "artistPop": [39], "genres": []}, "5o0INADFgCAXCu7v7F6XbP": {"name": "Alien", "coverArt": "https://i.scdn.co/image/ab67616d00001e02980fc37cbe345a493156f379", "artist": ["MORGAN"], "artistIds": ["7ltW5jYRnGOE4O1vcgW2DI"], "artistPop": [51], "genres": []}, "5EivKipExrKZpzkOBdugke": {"name": "Feelings Change", "coverArt": "https://i.scdn.co/image/ab67616d00001e022317826e74a0fa7a4fff3c2d", "artist": ["Bryce Hase"], "artistIds": ["2iaBaH5XaE7zaefxrmF6iC"], "artistPop": [32], "genres": []}, "0Y7zVDS3ppK8DGTGOfu0c2": {"name": "Whose Arms (feat. Sofia Reyes)", "coverArt": "https://i.scdn.co/image/ab67616d00001e02caaa0747e129fa0ccc28f5bb", "artist": ["Stephen Puth", "Sof\u00eda Reyes"], "artistIds": ["6B72wjgAkhvxTVCL6xS6mC", "0haZhu4fFKt0Ag94kZDiz2"], "artistPop": [56, 73], "genres": ["dance pop", "latin", "latin pop", "mexican pop", "pop"]}, "7wGoRwE6MZnm9flIMKWPul": {"name": "Stay", "coverArt": "https://i.scdn.co/image/ab67616d00001e023b611e133f726cec443ad155", "artist": ["Cheat Codes", "Bryce Vine"], "artistIds": ["7DMveApC7UnC2NPfPvlHSU", "1ShZZUjkbXCjhwrb18BA8I"], "artistPop": [76, 71], "genres": ["dance pop", "edm", "electro house", "electropop", "pop", "pop dance", "pop edm", "post-teen pop", "tropical house", "pop", "pop rap"]}, "2KX7ZC9JL8BAeFnCrcVRHE": {"name": "stay4ever (feat. Mounika.)", "coverArt": "https://i.scdn.co/image/ab67616d00001e0279ad44080d53ea5923326b6e", "artist": ["Powfu", "Mounika."], "artistIds": ["6bmlMHgSheBauioMgKv2tn", "2FdGoGN8SKxgxhUlP9aMDO"], "artistPop": [76, 55], "genres": ["sad rap", "chillhop"]}, "3lmiUjD283FiDGWB6LHAkr": {"name": "Track", "coverArt": "https://i.scdn.co/image/ab67616d00001e027e374fe10dab051615c23f2b", "artist": ["Slow Pulp"], "artistIds": ["2JFTRDi5v7JtqoouVe1z5D"], "artistPop": [48], "genres": ["bubblegrunge", "chicago indie", "indie garage rock", "indie pop", "indie rock", "nu gaze"]}, "2AmvFn1VALA0VM1toWubEN": {"name": "Hold On", "coverArt": "https://i.scdn.co/image/ab67616d00001e02e504f0c43b0008558c307ad6", "artist": ["Yola", "The Highwomen", "Brandi Carlile", "Sheryl Crow", "Natalie Hemby"], "artistIds": ["2gqMBdyddvN82dzZt4ZF14", "3iyG1duuxWpcuWa57VSeZ0", "2sG4zTOLvjKG1PSoOyf5Ej", "4TKTii6gnOnUXQHyuo9JaD", "32opPqLCT3sF24Aso7wTXw"], "artistPop": [57, 53, 66, 67, 55], "genres": ["folk", "indie folk", "new americana", "uk americana", "indie folk", "new americana", "acoustic pop", "folk", "indie folk", "lilith", "modern folk rock", "neo mellow", "new americana", "stomp and holler", "lilith", "mellow gold", "neo mellow", "new wave pop", "permanent wave", "pop rock", "rock", "country pop"]}, "1IjgkEL1a0oBxSulmkQOUR": {"name": "All The Good Ones Are", "coverArt": "https://i.scdn.co/image/ab67616d00001e02150a699bf349f21cea8e3c28", "artist": ["Brothers Osborne"], "artistIds": ["39NR3AUhpbbqKM33vWn2fp"], "artistPop": [67], "genres": ["contemporary country", "country", "country road", "modern country rock", "modern southern rock"]}, "5XXZ66ZImYeF7qMk1vbe2L": {"name": "Adore You - Recorded at Parr Street Studios", "coverArt": "https://i.scdn.co/image/ab67616d00001e02842f32358ebc8998fd2aa90e", "artist": ["Vistas"], "artistIds": ["5YA1c6yVkPnflTLMfOgjzc"], "artistPop": [53], "genres": ["edinburgh indie", "modern alternative rock", "modern rock", "rock", "scottish indie rock"]}, "3S73WiRmw3nowr7ZC6Bmkp": {"name": "Spaces", "coverArt": "https://i.scdn.co/image/ab67616d00001e027f4a36d3eb838592002346ff", "artist": ["Jaymes Young"], "artistIds": ["6QrQ7OrISRYIfS5mtacaw2"], "artistPop": [71], "genres": ["alt z", "indie cafe pop", "indie poptimism", "modern rock", "pop"]}, "5SDM3OveGbW62sJUJRwXqx": {"name": "Losing Focus (with Wale)", "coverArt": "https://i.scdn.co/image/ab67616d00001e02a05e49a8dd244bb843d79d9c", "artist": ["THEY.", "Wale"], "artistIds": ["0pghUohLPptZWBasy2wmUx", "67nwj3Y5sZQLl72VNUHEYE"], "artistPop": [60, 74], "genres": ["alternative r&b", "pop", "pop r&b", "pop rap", "r&b", "trap soul", "underground hip hop", "dance pop", "gangster rap", "hip hop", "pop", "pop rap", "r&b", "rap", "southern hip hop", "trap", "urban contemporary"]}, "5vk95bgaB5vYFhabNFILqJ": {"name": "Solar System (feat. Trippie Redd)", "coverArt": "https://i.scdn.co/image/ab67616d00001e022b433527f27ff3411821fd9d", "artist": ["Famous Dex", "Trippie Redd"], "artistIds": ["0WOxhx4hikIsyF3CRPLC8W", "6Xgp2XMz1fhVYe7i6yNAax"], "artistPop": [64, 88], "genres": ["chicago rap", "drill", "rap", "southern hip hop", "trap", "underground hip hop", "vapor trap", "viral rap", "melodic rap", "rap", "trap"]}, "1flcAJL3kEX3B641ixrBKB": {"name": "Designer Talk", "coverArt": "https://i.scdn.co/image/ab67616d00001e02b998e4fc4934840740e136ba", "artist": ["Lil Tracy", "Lil Keed"], "artistIds": ["5g63iWaMJ2UrkZMkCC8dMi", "3uJx5SnOM59Li7lCxA3b29"], "artistPop": [73, 63], "genres": ["dark trap", "emo rap", "melodic rap", "underground hip hop", "vapor trap", "melodic rap", "rap", "southern hip hop", "trap", "vapor trap"]}, "30WpoaLVDKtlnNnzoEcN2p": {"name": "Doudou", "coverArt": "https://i.scdn.co/image/ab67616d00001e02c2b1a906533a7f2ef882ce12", "artist": ["Aya Nakamura"], "artistIds": ["7IlRNXHjoOCgEAWN5qYksg"], "artistPop": [75], "genres": ["basshall", "francoton"]}, "5W05N4aETUauCVzddI8L66": {"name": "Use Your Love (feat. Goldford)", "coverArt": "https://i.scdn.co/image/ab67616d00001e026f6000dffce9461396770233", "artist": ["Sam Feldt", "The Him", "GoldFord"], "artistIds": ["20gsENnposVs2I4rQ5kvrf", "5WdqBAQhGFCrZvBKXiPIu7", "4I2QW85rkIhCRRZt1kuBqS"], "artistPop": [76, 56, 48], "genres": ["dance pop", "edm", "electro house", "pop", "pop dance", "pop edm", "tropical house", "big room", "deep tropical house", "edm", "electro house", "pop dance", "pop edm", "tropical house"]}, "05NLAwbj1wc1GFGycmslgT": {"name": "Therapy (with NOTD)", "coverArt": "https://i.scdn.co/image/ab67616d00001e0271d3623eae0d8682459e37d1", "artist": ["Boy In Space", "NOTD"], "artistIds": ["0xu4jAQQv7ZAqvFGdc9HgP", "5jAMCwdNHWr7JThxtMuEyy"], "artistPop": [61, 70], "genres": ["alt z", "electropop", "indie cafe pop", "pop", "sad rap", "alt z", "dance pop", "edm", "electro house", "electropop", "pop", "pop dance", "pop edm", "post-teen pop", "tropical house"]}, "0C91daZBEChlLpb8LLqojh": {"name": "Comfortable (feat. Davido)", "coverArt": "https://i.scdn.co/image/ab67616d00001e026ebf8dab224821668072084b", "artist": ["Preme", "Popcaan", "DaVido"], "artistIds": ["0bdJZl7TDeiymDYzMJnVh2", "62DmErcU7dqZbJaDqwsqzR", "0Y3agQaa6g2r0YmHPOO9rh"], "artistPop": [63, 68, 68], "genres": ["canadian hip hop", "canadian trap", "toronto rap", "trap", "trap soul", "dancehall", "modern reggae", "reggae fusion", "afropop", "ghanaian hip hop", "nigerian pop"]}, "0LE2H36uYuoBi9D9IcyiuO": {"name": "LOAD IT UP", "coverArt": "https://i.scdn.co/image/ab67616d00001e0215bb7534bd8e5561d35314c1", "artist": ["Juicy J", "NLE Choppa"], "artistIds": ["5gCRApTajqwbnHHPbr2Fpi", "0ErzCpIMyLcjPiwT4elrtZ"], "artistPop": [75, 77], "genres": ["crunk", "dirty south rap", "gangster rap", "hip hop", "memphis hip hop", "pop rap", "rap", "southern hip hop", "trap", "memphis hip hop"]}, "5Iz8xVGbOEWlLpM4JWozT2": {"name": "Back To You (feat. Chris Brown & Charlie Wilson)", "coverArt": "https://i.scdn.co/image/ab67616d00001e020864b5b845d2babf23f1e70c", "artist": ["O.T. Genasis", "Chris Brown", "Charlie Wilson"], "artistIds": ["1Zatb2YN4erBOoSivOXc0o", "7bXgB6jMjp9ATFy66eO08Z", "6CxZzQFUTM6AzgluGwtq5w"], "artistPop": [58, 88, 62], "genres": ["gangster rap", "pop rap", "rap", "southern hip hop", "trap", "dance pop", "pop", "pop rap", "r&b", "rap", "neo soul", "new jack swing", "quiet storm", "r&b", "urban contemporary"]}, "2kF70ZmMlQZNxiTedaXtnN": {"name": "Hear My Voice", "coverArt": "https://i.scdn.co/image/ab67616d00001e02fc10eb1fa0c2eb64e5f9d6e6", "artist": ["Celeste"], "artistIds": ["49HlOY4gkHqsYG9GCuhkcc"], "artistPop": [68], "genres": ["british soul", "neo soul"]}, "4MlEFAvTGtsJw6CGvePq8H": {"name": "UNBOUND", "coverArt": "https://i.scdn.co/image/ab67616d00001e026af52e2f0fdddff1e80c8f61", "artist": ["MICHELLE"], "artistIds": ["4yYvor6Rq4fG82J1L47DYp"], "artistPop": [50], "genres": ["bedroom pop", "indie pop", "indie r&b"]}, "5iXiXXgQU9SkVwdCO0hdZE": {"name": "Love You Now (feat. Georgia Ku)", "coverArt": "https://i.scdn.co/image/ab67616d00001e0270ba366612007af8825ceb1e", "artist": ["Cash Cash", "Georgia Ku"], "artistIds": ["1LOB7jTeEV14pHai6EXSzF", "5mYakBbBzPMQTfkVMIgiDM"], "artistPop": [68, 69], "genres": ["dance pop", "edm", "electro house", "electropop", "electropowerpop", "pop", "pop dance", "pop edm", "tropical house", "alt z", "uk pop"]}, "7MxWrgJmuEBOtEvqpo5iki": {"name": "I Am What I Am (feat. Fivio Foreign)", "coverArt": "https://i.scdn.co/image/ab67616d00001e029d83c9c62e2a584bbcbd05b6", "artist": ["King Von", "Fivio Foreign"], "artistIds": ["6QtgPSJPSzcnn7dPZ4VINp", "14CHVeJGrR5xgUGQFV5BVM"], "artistPop": [76, 75], "genres": ["chicago rap", "brooklyn drill", "new york drill", "rap", "trap"]}, "5E8nXJXdyv5kJOrOA8N1jc": {"name": "Get In feat. Stunna 4 Vegas", "coverArt": "https://i.scdn.co/image/ab67616d00001e025617d50bc3d33d7f711e5191", "artist": ["Kalan.FrFr", "Stunna 4 Vegas"], "artistIds": ["47TMF0JlFsz01KilGzc5Ly", "44IvvHRk2XF243QLA2VOa8"], "artistPop": [56, 64], "genres": ["cali rap", "pop r&b", "west coast trap", "southern hip hop", "trap", "viral rap"]}, "0eIWQrJg0y3qyUaRbsYdH7": {"name": "Love Spells", "coverArt": "https://i.scdn.co/image/ab67616d00001e02cd5db42667a85200acfb6097", "artist": ["POORSTACY"], "artistIds": ["7vSY9HEreOqb1Llar3UC38"], "artistPop": [61], "genres": ["emo rap", "melodic rap"]}, "2bXOylRRysIa9H2OBt1TBj": {"name": "Crybaby", "coverArt": "https://i.scdn.co/image/ab67616d00001e02bf282cd0429f8eaaa9e34605", "artist": ["Dreamer Boy"], "artistIds": ["1UJKiAI4Evnhh1ExDse25D"], "artistPop": [52], "genres": ["alternative r&b", "chill r&b", "indie pop", "indie r&b", "nashville indie"]}, "2N8JOMhgbI28g9h3C0kPZY": {"name": "Rollerskates", "coverArt": "https://i.scdn.co/image/ab67616d00001e02d5fcf5233d245b3b68de3e4a", "artist": ["Ryann"], "artistIds": ["5EJHdetWppJ5mcyyU2HN52"], "artistPop": [34], "genres": ["modern indie pop"]}, "4E94u3v7VnEFZkaRIYtad7": {"name": "cheap sunglasses", "coverArt": "https://i.scdn.co/image/ab67616d00001e02423b5f9bf6e35302c85c8874", "artist": ["John K"], "artistIds": ["73eAAfRkS2Vi4hx68oTJJE"], "artistPop": [68], "genres": ["alt z", "dance pop", "electropop", "indie cafe pop", "pop", "post-teen pop"]}, "3Q8e4r8ubL343IcpKwPedv": {"name": "inolvidable", "coverArt": "https://i.scdn.co/image/ab67616d00001e027817617dae30585082448b11", "artist": ["GIULIA BE"], "artistIds": ["0kjGPGtoyKwKVOZAKmv5K6"], "artistPop": [67], "genres": ["brazilian edm", "funk carioca", "pop nacional"]}, "5xkdFB3fZ72J7nE1VswCMR": {"name": "Handle", "coverArt": "https://i.scdn.co/image/ab67616d00001e029a3eab4480cdafd7fa76bdc9", "artist": ["Porsh Bet$"], "artistIds": ["6744gF2rjCRtqwbMb9ldk4"], "artistPop": [34], "genres": ["indie r&b"]}, "5wC6xF8adOW6WQKZEBibCq": {"name": "Scissorhands", "coverArt": "https://i.scdn.co/image/ab67616d00001e021f76afc63e596121765a52fc", "artist": ["Maggie Lindemann"], "artistIds": ["0uGk2czvcpWQA383Im6ajf"], "artistPop": [68], "genres": ["alt z", "pop", "post-teen pop", "social media pop"]}, "453C9HLS7Z8a0iW015PHEE": {"name": "if u love me", "coverArt": "https://i.scdn.co/image/ab67616d00001e02a5842468adeef1331bde655c", "artist": ["Nessa Barrett"], "artistIds": ["7pwufEBGfggjoI8twqlsmQ"], "artistPop": [71], "genres": ["alt z", "pop", "social media pop"]}, "4Y1yKt1cRABlBxwfC1XIBO": {"name": "The Story", "coverArt": "https://i.scdn.co/image/ab67616d00001e021da896ec89ed473f0a0617ca", "artist": ["Jak Bannon", "Mr. Carmack"], "artistIds": ["0X4ifzGeNDRXMdVjfgq7wQ", "4OHaWpWPKDcZgOOUn9elFn"], "artistPop": [29, 44], "genres": ["electronic trap", "future bass", "vapor twitch"]}, "4GEKo09xhhb5GQQNE3k8ju": {"name": "Denver", "coverArt": "https://i.scdn.co/image/ab67616d00001e02c376b422467cfef4030d410c", "artist": ["Darlingside"], "artistIds": ["3DkhgIw7lIyxekurpXNTrm"], "artistPop": [54], "genres": ["boston folk", "deep new americana", "folk-pop", "indie folk", "new americana", "new england americana", "stomp and holler"]}, "4ELXniqcm1QKYoJpFPE5eO": {"name": "Does It Make You Feel Good?", "coverArt": "https://i.scdn.co/image/ab67616d00001e0207960ab7136af61222154861", "artist": ["Joesef"], "artistIds": ["28EyduqESEOVMO6vglvaUZ"], "artistPop": [56], "genres": ["indie r&b", "indie soul", "uk alternative pop"]}, "39K8KN3Jl5uLz2ykGsNflf": {"name": "Show Them The Way", "coverArt": "https://i.scdn.co/image/ab67616d00001e0292416d91cea908ce432685fc", "artist": ["Stevie Nicks"], "artistIds": ["7crPfGd2k81ekOoSqQKWWz"], "artistPop": [68], "genres": ["album rock", "heartland rock", "mellow gold", "rock"]}, "5kAm2Y5ygQtsVfE5dQQfGy": {"name": "Touch Me (feat. Kehlani) - Remix", "coverArt": "https://i.scdn.co/image/ab67616d00001e02bb8032c740c738b770b81d30", "artist": ["Victoria Mon\u00e9t", "Kehlani"], "artistIds": ["63XBtGSEZINSyXylZxEUbv", "0cGUm45nv7Z6M6qdXYQGTX"], "artistPop": [64, 79], "genres": ["alternative r&b", "chill r&b", "dance pop", "indie r&b", "pop", "pop r&b", "pop rap", "post-teen pop", "r&b", "urban contemporary", "dance pop", "pop", "pop rap", "post-teen pop", "r&b"]}, "4SzvrVuizZ32Y2NEtkNnnS": {"name": "Involved", "coverArt": "https://i.scdn.co/image/ab67616d00001e02c8bf4a27af1c80af79040e53", "artist": ["Omarion"], "artistIds": ["0f5nVCcR06GX8Qikz0COtT"], "artistPop": [63], "genres": ["dance pop", "hip pop", "pop r&b", "r&b", "rap", "southern hip hop", "trap", "urban contemporary"]}, "6x5SdBt7KrCJFyqXn42H46": {"name": "Derek Jeter", "coverArt": "https://i.scdn.co/image/ab67616d00001e02d424028b2dfd7a6e9323477a", "artist": ["Comethazine"], "artistIds": ["1iJdyDcY98X3GMnUesl7tf"], "artistPop": [69], "genres": ["meme rap", "rap", "trap", "underground hip hop", "vapor trap", "viral rap"]}, "57fQu1yEuhzwsARljHg9jz": {"name": "You Forgot To Love Me", "coverArt": "https://i.scdn.co/image/ab67616d00001e02bdc6e073e6cd1d5af4de828b", "artist": ["Sukihana"], "artistIds": ["3EJmmU8C3pk268dP7IbOt7"], "artistPop": [40], "genres": ["trap queen"]}, "2DMTqp0LnjHj7d1YRHScod": {"name": "Jimmy Choo (feat. Young Thug & Gunna)", "coverArt": "https://i.scdn.co/image/ab67616d00001e026b26dd06dba7392aca6dc53a", "artist": ["Karlae", "Young Thug", "Gunna"], "artistIds": ["6RY7kT6PGGzAA3TG3s4Qmp", "50co4Is1HCEo8bhOyUWKpn", "2hlmm7s2ICUX0LVIhVFlZQ"], "artistPop": [42, 88, 87], "genres": ["atl hip hop", "atl trap", "gangster rap", "hip hop", "melodic rap", "pop rap", "rap", "trap", "atl hip hop", "hip hop", "melodic rap", "rap", "trap"]}, "6oSq1G34OxKN9U7Nfy2GBu": {"name": "War", "coverArt": "https://i.scdn.co/image/ab67616d00001e02332520bc52a69b79e3988602", "artist": ["SGE Kash"], "artistIds": ["3aRblTFhoT2Jwnw3Hr2Zhk"], "artistPop": [27], "genres": []}, "5gL3oD7DnqbA344eb34fGm": {"name": "Leaving", "coverArt": "https://i.scdn.co/image/ab67616d00001e02ea9fbbaf0d9617b79a4939e1", "artist": ["Bantu"], "artistIds": ["6tt0iYnpHERj05WATWRiom"], "artistPop": [52], "genres": ["zimdancehall"]}, "7FreQvndf1xKpaMsb0NsnY": {"name": "ALL I KNOW", "coverArt": "https://i.scdn.co/image/ab67616d00001e02865b27ac2988d742d1607866", "artist": ["Gia Woods"], "artistIds": ["6T56xtTEllGW17snjAZLNP"], "artistPop": [41], "genres": ["alt z", "indie electropop", "indie poptimism"]}, "2nqx3eYsF1WrN8caau2ARb": {"name": "super sad songs", "coverArt": "https://i.scdn.co/image/ab67616d00001e025d40fe8749f777976cab6b85", "artist": ["Zachary Knowles"], "artistIds": ["5BxcZnUcETSt90VlbsdugI"], "artistPop": [56], "genres": ["alt z", "bedroom soul", "chill pop", "chill r&b", "electropop", "indie cafe pop", "pop"]}, "0kUhkfPFkj5WNkGOKjoQxb": {"name": "Black Motorcycle", "coverArt": "https://i.scdn.co/image/ab67616d00001e020253fbebcbbfb4ee57bc1739", "artist": ["Kassi Ashton"], "artistIds": ["1LCsAfmP4l13EYtzDaLMAg"], "artistPop": [33], "genres": ["country pop"]}, "5jb7zBgAqjZkTtdYPiDdmg": {"name": "The Fucked up Things About Us", "coverArt": "https://i.scdn.co/image/ab67616d00001e022465ee1534a64cb533d28f32", "artist": ["Eli Hurts"], "artistIds": ["2SPTuVsyrbhH0kvnxQgwDa"], "artistPop": [20], "genres": []}, "2SYsJKFVcotvUk83VIc6sS": {"name": "Powerpuff Girls", "coverArt": "https://i.scdn.co/image/ab67616d00001e02dd8a45e7f6fb5176904309f0", "artist": ["A$AP Twelvyy"], "artistIds": ["0tPjSrb43a58uznKru1k2P"], "artistPop": [56], "genres": ["underground hip hop"]}, "6CRZe8fSKolDjGjljR7vdE": {"name": "Wherever", "coverArt": "https://i.scdn.co/image/ab67616d00001e028428b3d57be64c81e107bde6", "artist": ["Marlon Craft"], "artistIds": ["7MigDh04CCntQbsBvugEmb"], "artistPop": [51], "genres": ["nyc rap", "underground hip hop"]}, "6dJPNYJexeOugK7TKeh4DR": {"name": "Turn Me Up (feat. NLE Choppa)", "coverArt": "https://i.scdn.co/image/ab67616d00001e02912c70393a5d346f90be1c33", "artist": ["Kingg Bucc", "NLE Choppa"], "artistIds": ["73I6doLwJjcQ2YYrPgtz0l", "0ErzCpIMyLcjPiwT4elrtZ"], "artistPop": [41, 77], "genres": ["memphis hip hop"]}, "14jIX5rmoUWVPBNq3Q72J8": {"name": "In Spite Of Me", "coverArt": "https://i.scdn.co/image/ab67616d00001e02160b51fd3417359d83ca806a", "artist": ["Tasha Cobbs Leonard", "Ciara"], "artistIds": ["5YxebzzreNswbtYC1td4cx", "2NdeV5rLm47xAvogXrYhJX"], "artistPop": [59, 72], "genres": ["gospel", "naija worship", "dance pop", "hip pop", "pop", "post-teen pop", "r&b", "urban contemporary"]}, "3qOQFjGwZpsy8vUO3yaibQ": {"name": "All Night", "coverArt": "https://i.scdn.co/image/ab67616d00001e0290aa8bd8ef7023bf04037d20", "artist": ["Shy Carter"], "artistIds": ["7JZafQsN8syJ9agEtcyP4V"], "artistPop": [50], "genres": []}, "2iUz95Osgl4fFZbNJ0xuoD": {"name": "Demasiadas Mujeres", "coverArt": "https://i.scdn.co/image/ab67616d00001e02ed9f4888113a821b20150a2f", "artist": ["C. Tangana"], "artistIds": ["5TYxZTjIPqKM8K8NuP9woO"], "artistPop": [78], "genres": ["urbano espanol"]}, "6WKv4cln9Cx8K2XQvHzgky": {"name": "RAP KAVIAR", "coverArt": "https://i.scdn.co/image/ab67616d00001e022a218de1447db600e2ef1099", "artist": ["JAG", "Marlon Craft"], "artistIds": ["4R6MQEkEXJSwc7kOjUqjc5", "7MigDh04CCntQbsBvugEmb"], "artistPop": [35, 51], "genres": ["cali rap", "nyc rap", "underground hip hop"]}, "5RmUd1skWw9kMFlxPgfcYW": {"name": "Window Shopping (feat. Lil Baby)", "coverArt": "https://i.scdn.co/image/ab67616d00001e02f10b657b29f1083248b93b74", "artist": ["FRVRFRIDAY", "Lil Baby"], "artistIds": ["2jwmP4TgzTGqjCfcXMDayW", "5f7VJjfbwm532GiveGC0ZK"], "artistPop": [53, 91], "genres": ["canadian contemporary r&b", "canadian hip hop", "indie hip hop", "sad rap", "trap soul", "atl hip hop", "atl trap", "rap", "trap"]}, "64V55m8zSkracnZ6mYpjK0": {"name": "Like I Feel (feat. Mereba)", "coverArt": "https://i.scdn.co/image/ab67616d00001e0251be55a04d9e42a67202a564", "artist": ["Xavier Om\u00e4r", "Mereba"], "artistIds": ["3UjPnt2nRmw10N58bBeNOg", "294lNTPZfdqyzt8qnxmFiL"], "artistPop": [56, 60], "genres": ["alternative r&b", "chill r&b", "indie r&b", "indie soul", "pop r&b", "r&b", "trap soul", "alternative r&b", "chill r&b", "escape room", "indie r&b", "indie soul", "r&b"]}}