{"7Ei7kZxjEw9d76cEDxoxua": {"name": "What It Feels Like", "coverArt": "https://i.scdn.co/image/ab67616d00001e022613f12e77256f44c01a020f", "artist": ["Nipsey Hussle", "JAY-Z"], "artistIds": ["0EeQBlQJFiAfJeVN2vT9s0", "3nFkdlSjzX9mRTtwJOzDYB"], "artistPop": [70, 85], "genres": ["conscious hip hop", "gangster rap", "hip hop", "pop rap", "rap", "southern hip hop", "trap", "east coast hip hop", "hip hop", "pop rap", "rap"]}, "1diS6nkxMQc3wwC4G1j0bh": {"name": "We're Good", "coverArt": "https://i.scdn.co/image/ab67616d00001e02ef12a4e8cdb297684e197cc4", "artist": ["Dua Lipa"], "artistIds": ["6M2wZ9GZgrQXHCFfjv46we"], "artistPop": [91], "genres": ["dance pop", "pop", "uk pop"]}, "5Km4r87BoX2qqtoprYS1gh": {"name": "LOCATION", "coverArt": "https://i.scdn.co/image/ab67616d00001e025a781df1741539e2817ad357", "artist": ["KAROL G", "Anuel AA", "J Balvin"], "artistIds": ["790FomKkXshlbRYZFtlgla", "2R21vXR83lH98kGeO99Y66", "1vyhD5VmyZ7KMfW5gqLgo5"], "artistPop": [87, 87, 94], "genres": ["latin", "reggaeton", "reggaeton colombiano", "trap latino", "latin", "reggaeton", "reggaeton flow", "trap boricua", "trap latino", "latin", "reggaeton", "reggaeton colombiano", "trap latino"]}, "7zzl5nLmPPkAwk2MRIUpa4": {"name": "Heaven", "coverArt": "https://i.scdn.co/image/ab67616d00001e02b509fc4a2327b999b9d336ef", "artist": ["Pink Sweat$"], "artistIds": ["1W7FNibLa0O0b572tB2w7t"], "artistPop": [75], "genres": ["bedroom soul", "pop"]}, "3CeCwYWvdfXbZLXFhBrbnf": {"name": "Love Story (Taylor\u2019s Version)", "coverArt": "https://i.scdn.co/image/ab67616d00001e02877ea8fa223c26f19aaef92d", "artist": ["Taylor Swift"], "artistIds": ["06HL4z0CvFAxyc27GXpf02"], "artistPop": [93], "genres": ["pop", "post-teen pop"]}, "5Kskr9LcNYa0tpt5f0ZEJx": {"name": "Calling My Phone", "coverArt": "https://i.scdn.co/image/ab67616d00001e021b36f91abf80aedb7c88f460", "artist": ["Lil Tjay", "6LACK"], "artistIds": ["6jGMq4yGs7aQzuGsMgVgZR", "4IVAbR2w4JJNJDDRFP3E83"], "artistPop": [84, 79], "genres": ["brooklyn drill", "melodic rap", "nyc rap", "alternative r&b", "atl hip hop", "hip hop", "melodic rap", "pop rap", "r&b", "rap", "trap"]}, "0XqrIEnDoHvodUzGRmyKYQ": {"name": "Buss It (feat. Travis Scott)", "coverArt": "https://i.scdn.co/image/ab67616d00001e02504de199f4955eb73d354a54", "artist": ["Erica Banks", "Travis Scott"], "artistIds": ["2SXhbucehn00OBVKhzxDyM", "0Y5tJX1MQlPlqiwlOH1tJY"], "artistPop": [61, 91], "genres": ["trap queen", "rap", "slap house"]}, "5SFssNXGjeOxdAnECfgttm": {"name": "How Much Can A Heart Take (feat. Yebba)", "coverArt": "https://i.scdn.co/image/ab67616d00001e021448c3a92e28193fcff2f32f", "artist": ["Lucky Daye", "Yebba"], "artistIds": ["5Vuvs6Py2JRU7WiFDVsI7J", "1ooV8YZC1KbpEcrmI8WH0F"], "artistPop": [67, 73], "genres": ["alternative r&b", "chill r&b", "indie r&b", "pop r&b", "r&b", "alternative r&b", "indie soul", "pop soul"]}, "6GBYnyMRtW43bVnwJQoiDA": {"name": "Fall to Pieces", "coverArt": "https://i.scdn.co/image/ab67616d00001e029dd576a9227fdc2650074191", "artist": ["Pale Waves"], "artistIds": ["0wOej91SVqB1zcYkW6xUtA"], "artistPop": [57], "genres": ["electropop", "indie pop", "manchester indie", "metropopolis", "modern alternative rock", "modern rock"]}, "4IvuPZogXbY7LODs7qzr0W": {"name": "Carried Away (Love To Love) (with Madison Beer)", "coverArt": "https://i.scdn.co/image/ab67616d00001e0210ee2e5e29b10edb94964701", "artist": ["Surf Mesa", "Madison Beer"], "artistIds": ["1lmU3giNF3CSbkVSQmLpHQ", "2kRfqPViCqYdSGhYSM9R0Q"], "artistPop": [69, 78], "genres": ["tropical house", "alt z", "dance pop", "electropop", "pop", "post-teen pop"]}, "78oZ26xvmtCfarveRXs3dq": {"name": "Big (feat. Gunna)", "coverArt": "https://i.scdn.co/image/ab67616d00001e02675cdd705fa6d88a86b73175", "artist": ["Rita Ora", "David Guetta", "Imanbek", "Gunna"], "artistIds": ["5CCwRZC6euC8Odo6y9X8jr", "1Cs0zKBU1kc0i8ypK3B9ai", "5rGrDvrLOV2VV8SCFVGWlj", "2hlmm7s2ICUX0LVIhVFlZQ"], "artistPop": [77, 89, 79, 87], "genres": ["dance pop", "edm", "electropop", "pop", "pop rap", "post-teen pop", "tropical house", "uk pop", "big room", "dance pop", "edm", "pop", "pop dance", "dance pop", "edm", "electro house", "pop dance", "slap house", "tropical house", "atl hip hop", "hip hop", "melodic rap", "rap", "trap"]}, "6Tio0ZoDeSQnI7EBAqWer2": {"name": "Cover Me In Sunshine", "coverArt": "https://i.scdn.co/image/ab67616d00001e02e465904fbcc8de1920c60867", "artist": ["P!nk", "Willow Sage Hart"], "artistIds": ["1KCSPY1glIKqW2TotWuXOR", "0gAILSEru1PKMwP0tAqNLS"], "artistPop": [83, 68], "genres": ["dance pop", "pop", "post-teen pop", "show tunes"]}, "5wTt43UbS3HmDvzAJ7Yax3": {"name": "Always Gonna Love You", "coverArt": "https://i.scdn.co/image/ab67616d00001e0296886c18aa65dbbdba9cb598", "artist": ["Florida Georgia Line"], "artistIds": ["3b8QkneNDz4JHKKKlLgYZg"], "artistPop": [80], "genres": ["contemporary country", "country", "country pop", "country road", "modern country rock"]}, "4X4cPQicoAfannkUFUXmi9": {"name": "That Go! (feat. T-Shyne)", "coverArt": "https://i.scdn.co/image/ab67616d00001e02b890e877de60294535d2720c", "artist": ["Young Stoner Life", "Young Thug", "Meek Mill", "T-Shyne"], "artistIds": ["1xr2G8Hlx4QWmT9HaUbmoO", "50co4Is1HCEo8bhOyUWKpn", "20sxb77xiYeusSH8cVdatc", "14qypx78D3Jd1mm7c2BqQb"], "artistPop": [73, 88, 80, 47], "genres": ["rap", "trap", "atl hip hop", "atl trap", "gangster rap", "hip hop", "melodic rap", "pop rap", "rap", "trap", "hip hop", "philly rap", "pop rap", "rap", "southern hip hop", "trap"]}, "4i9ATUqGrKhfzQ0k8UnSBf": {"name": "Rich Nigga Problems", "coverArt": "https://i.scdn.co/image/ab67616d00001e026cf4a47e36ad4b1df3665a08", "artist": ["A$AP Rocky"], "artistIds": ["13ubrt8QOOCPljQ2FL1Kca"], "artistPop": [82], "genres": ["east coast hip hop", "hip hop", "rap", "trap"]}, "2iwLygOHE2YStc23isxS3b": {"name": "terms (feat. Dominic Fike & Denzel Curry)", "coverArt": "https://i.scdn.co/image/ab67616d00001e026256c5303a98e9aefdf07127", "artist": ["slowthai", "Dominic Fike", "Denzel Curry"], "artistIds": ["3r1XkJ7vCs8kHBSzGvPLdP", "6USv9qhCn6zfxlBQIYJ9qs", "6fxyWrfmjcbj5d12gXeiNV"], "artistPop": [66, 73, 73], "genres": ["hip hop", "rap", "uk alternative hip hop", "uk hip hop", "underground hip hop", "alternative pop rock", "pop", "dark trap", "drill", "hip hop", "miami hip hop", "rap", "underground hip hop"]}, "2ybp2K0VO9sbtGFCfO8tp1": {"name": "I Want Love (with Two Feet)", "coverArt": "https://i.scdn.co/image/ab67616d00001e0227942224c75fa4f0718f1b19", "artist": ["Gryffin", "Two Feet"], "artistIds": ["2ZRQcIgzPCVaT9XKhXZIzh", "5sWHDYs0csV6RS48xBl0tH"], "artistPop": [74, 74], "genres": ["dance pop", "edm", "electro house", "pop", "pop dance", "tropical house", "indie poptimism", "modern rock", "pop"]}, "2kFHjWko1il6O9L3eK9IzG": {"name": "Beginning Middle End - From The Netflix Film \"To All The Boys: Always and Forever\"", "coverArt": "https://i.scdn.co/image/ab67616d00001e02575984ef8f9a9c3aebb7957a", "artist": ["Leah Nobel"], "artistIds": ["5WHKBKrvTBMPoQX3v3Bq8J"], "artistPop": [52], "genres": ["nashville singer-songwriter"]}, "3hxu1tXtwME8VVAx1zENk5": {"name": "stfu (i got u)", "coverArt": "https://i.scdn.co/image/ab67616d00001e02c114c5d1820cb5f5c4438bba", "artist": ["Alaina Castillo"], "artistIds": ["0duLKMlcwhyZgqu8zSSjBp"], "artistPop": [55], "genres": ["alt z", "chill r&b", "pop", "social media pop"]}, "5Cy20icxvxt8EnB2pIdVxf": {"name": "Future Kids", "coverArt": "https://i.scdn.co/image/ab67616d00001e024a1720cddd09bf1228e893a3", "artist": ["Sara Kays"], "artistIds": ["7Lk9V7E1u5gqSHmtcKlOqH"], "artistPop": [67], "genres": ["alt z", "indie cafe pop", "indie pop", "modern indie pop", "pop", "social media pop"]}, "3tb3sGsGLnSsyUxue8Aetd": {"name": "too many feelings", "coverArt": "https://i.scdn.co/image/ab67616d00001e02b52ca83945f1867a98dabcca", "artist": ["Ruel"], "artistIds": ["5xkAtLTf309LAGZTbvULBn"], "artistPop": [70], "genres": ["alt z", "australian alternative pop", "dance pop", "electropop", "indie cafe pop", "pop", "post-teen pop", "social media pop"]}, "4v2sn6bAwasHE6SPY0zil2": {"name": "My Wife & 2 Dogs", "coverArt": "https://i.scdn.co/image/ab67616d00001e022a8d905baf89e54747ca37f8", "artist": ["Quinn XCII"], "artistIds": ["3ApUX1o6oSz321MMECyIYd"], "artistPop": [74], "genres": ["electropop", "indie pop rap", "pop", "pop rap"]}, "5ozKTgHJvWkC4lRh9g4Wa4": {"name": "Enough", "coverArt": "https://i.scdn.co/image/ab67616d00001e02fc48bb9969ae3195c450ec7e", "artist": ["Lil Mosey"], "artistIds": ["5zctI4wO9XSKS8XwcnqEHk"], "artistPop": [76], "genres": ["melodic rap", "rap", "rap conscient", "trap", "vapor trap"]}, "0OLKDxDEz1yW3YCOsW02ee": {"name": "A Little More (feat. Kiana Led\u00e9)", "coverArt": "https://i.scdn.co/image/ab67616d00001e02fcfccf8187e0c54351d70d2a", "artist": ["G-Eazy", "Kiana Led\u00e9"], "artistIds": ["02kJSzxNuaWGqwubyUba0Z", "7jZMxhsB8djyIbYmoiJSTs"], "artistPop": [81, 68], "genres": ["hip hop", "indie pop rap", "oakland hip hop", "pop rap", "rap", "alternative r&b", "chill r&b", "dance pop", "pop", "pop r&b", "post-teen pop", "r&b", "urban contemporary"]}, "71Taskl2O73XfpQtJciJCD": {"name": "1+1", "coverArt": "https://i.scdn.co/image/ab67616d00001e027fcded053b9120228e643d86", "artist": ["Sia"], "artistIds": ["5WUlDfRSoLAfcVSX1WnrxN"], "artistPop": [86], "genres": ["australian dance", "australian pop", "pop"]}, "57YKyo8SW8lujChukFU3qY": {"name": "The Same", "coverArt": "https://i.scdn.co/image/ab67616d00001e02a21fb51a456b9c964826e3cd", "artist": ["Ashe"], "artistIds": ["6P5NO5hzJbuOqSdyPB7SJM"], "artistPop": [71], "genres": ["alt z", "electropop", "indie pop", "pop", "post-teen pop"]}, "4m8A7W9qdLhpxh1ePW6tUN": {"name": "Every Balmain", "coverArt": "https://i.scdn.co/image/ab67616d00001e0216234f5621cb004136eae2a3", "artist": ["Kodak Black"], "artistIds": ["46SHBwWsqBkxI7EeeBEQG7"], "artistPop": [81], "genres": ["florida rap", "hip hop", "melodic rap", "miami hip hop", "rap", "southern hip hop", "trap"]}, "0lgUn1bN5txujF60W7YAbv": {"name": "Siberia (feat. Burna Boy)", "coverArt": "https://i.scdn.co/image/ab67616d00001e02b13abb0de2f4107d6173330f", "artist": ["Headie One", "Burna Boy"], "artistIds": ["6UCQYrcJ6wab6gnQ89OJFh", "3wcj11K77LjEY1PkEazffa"], "artistPop": [71, 77], "genres": ["uk hip hop", "afro dancehall", "dancehall", "nigerian hip hop", "nigerian pop"]}, "4iDCuTlmGNbpuUILTsJ9vf": {"name": "Jesse Owens (feat. NAV)", "coverArt": "https://i.scdn.co/image/ab67616d00001e023a6813fed1caa78e6667ec81", "artist": ["Rowdy Rebel", "NAV"], "artistIds": ["6LXRvV2OAtXF7685fzh3mj", "7rkW85dBwwrJtlHRDkJDAC"], "artistPop": [62, 79], "genres": ["nyc rap", "canadian hip hop", "canadian trap", "hip hop", "melodic rap", "pop rap", "rap", "toronto rap", "trap"]}, "28L7oHDO10j6MbkTXOqPLy": {"name": "Friday (Remix)", "coverArt": "https://i.scdn.co/image/ab67616d00001e025838c86f92095ac0fd868a24", "artist": ["Rebecca Black", "3OH!3", "Big Freedia", "Dorian Electra"], "artistIds": ["3Vl9fyKMIdLMswk8ai3mm9", "0FWzNDaEu9jdgcYTbcOa4F", "2gyv1akuIB9fQvXoGSPaJr", "202HZzqKvPsMHcbwnDZx7u"], "artistPop": [47, 66, 53, 60], "genres": ["dance pop", "electropop", "escape room", "hyperpop", "pop", "post-teen pop", "dance pop", "electropowerpop", "modern rock", "pop punk", "pop rap", "post-teen pop", "bounce", "escape room", "lgbtq+ hip hop", "new orleans rap", "trap queen", "art pop", "escape room", "hyperpop"]}, "4HtwantcVnMCOzGmiyeGmT": {"name": "Walk Backwards", "coverArt": "https://i.scdn.co/image/ab67616d00001e02979db397d95c8c368c0334ca", "artist": ["Maude Latour"], "artistIds": ["3MNLhvqJkWsO6tcjY9ps62"], "artistPop": [54], "genres": ["alt z", "indie pop", "nyc pop"]}, "3aHYf6AXlWujDG9CzzT95i": {"name": "Like 1999", "coverArt": "https://i.scdn.co/image/ab67616d00001e02c915bb90940c2e76e678f167", "artist": ["Valley"], "artistIds": ["7blXVKBSxdFZsIqlhdViKc"], "artistPop": [62], "genres": ["alt z", "electropop", "indie cafe pop", "indie pop", "indie poptimism", "indietronica", "pop", "pop rock"]}, "4ZtKVB74wOErQUVGOvz82w": {"name": "True to You", "coverArt": "https://i.scdn.co/image/ab67616d00001e0256ee14f1d709972449b98a76", "artist": ["Lucy Park"], "artistIds": ["2ve69eWi8j7eGKEsKz2WLF"], "artistPop": [46], "genres": ["chill r&b", "indie r&b"]}, "5vvn5HATa05iKVql6oYULV": {"name": "Missing Out", "coverArt": "https://i.scdn.co/image/ab67616d00001e025c5273c6e3a46bb042148f70", "artist": ["Syd"], "artistIds": ["3jk39CGeaaSO3FPKNx1RUx"], "artistPop": [67], "genres": ["alternative r&b", "chill r&b", "escape room", "indie r&b", "indie soul", "lgbtq+ hip hop", "r&b"]}, "0j5YLdJ0B0p4n9z4VAkYUt": {"name": "Black Magic", "coverArt": "https://i.scdn.co/image/ab67616d00001e02e41d1a452924df362ca604f8", "artist": ["Kelly Rowland"], "artistIds": ["3AuMNF8rQAKOzjYppFNAoB"], "artistPop": [68], "genres": ["atl hip hop", "dance pop", "hip pop", "neo soul", "pop", "pop r&b", "pop rap", "post-teen pop", "r&b", "urban contemporary"]}, "2aZaHjSPW4I8Ha9LLcMpYf": {"name": "Rolls Royce Umbrella", "coverArt": "https://i.scdn.co/image/ab67616d00001e025f49f3105f29114969549fc6", "artist": ["Clever", "Chris Brown"], "artistIds": ["5yy76ufVriyvidNSvXlRU1", "7bXgB6jMjp9ATFy66eO08Z"], "artistPop": [64, 88], "genres": ["alabama rap", "dance pop", "pop", "pop rap", "r&b", "rap"]}, "6Jgapj9acSGYd2CpXcMEPx": {"name": "4ever", "coverArt": "https://i.scdn.co/image/ab67616d00001e02917463f29dec54760fe3fef7", "artist": ["lilspirit"], "artistIds": ["3VWII9MTZSfIdOXr1DafzL"], "artistPop": [45], "genres": ["chill r&b"]}, "4Qx7ThsDRXzhxxAaSPLlI6": {"name": "Guard Down", "coverArt": "https://i.scdn.co/image/ab67616d00001e02f49332543d664032986061c6", "artist": ["Claud"], "artistIds": ["5MaQlvNGOaTj39apHsXVq1"], "artistPop": [56], "genres": ["bedroom pop", "indie pop"]}, "602rw0d0jQLoSCAfqdeY7Z": {"name": "Yours in the Morning", "coverArt": "https://i.scdn.co/image/ab67616d00001e02952b6129d77f0b2e4c84a24d", "artist": ["Patrick Droney"], "artistIds": ["78Rk1F0jGdipWWfrhyWwt3"], "artistPop": [60], "genres": ["indiecoustica", "nashville singer-songwriter", "neo mellow"]}, "1ZIKpMTRPqhwAoVXWY3tXI": {"name": "Chasing After You (with Maren Morris)", "coverArt": "https://i.scdn.co/image/ab67616d00001e0215d7ded0dc48a1c9ee9183e4", "artist": ["Ryan Hurd", "Maren Morris"], "artistIds": ["7lDVEkjIURPMyUYwoQRrpw", "6WY7D3jk8zTrHtmkqqo5GI"], "artistPop": [66, 76], "genres": ["contemporary country", "country pop", "contemporary country", "country", "texas country"]}, "2hKhTUmoqpjTMBkZW1g65z": {"name": "You're Too Close", "coverArt": "https://i.scdn.co/image/ab67616d00001e02d9073437aebc3711156a93d3", "artist": ["Francis Karel"], "artistIds": ["2ICBdsgeKJwqgRZv2yU5s6"], "artistPop": [45], "genres": []}, "1OJX5Rkvu0NfzIywy4Re9U": {"name": "Betterman", "coverArt": "https://i.scdn.co/image/ab67616d00001e021ffe740dbbff68ec7649289e", "artist": ["MOD SUN"], "artistIds": ["3u2R8st1bb6zfBqNWceRXG"], "artistPop": [64], "genres": ["minnesota hip hop", "pop punk", "pop rap"]}, "317W3px20aE14rvh6s1vXm": {"name": "Only Love Can Save Me Now (feat. Matt Cameron & Kim Thayil)", "coverArt": "https://i.scdn.co/image/ab67616d00001e021c61b25b2431b8d074dcfd7f", "artist": ["The Pretty Reckless", "Matt Cameron", "Kim Thayil"], "artistIds": ["2R57sY41L9XvGPiIgHOaYq", "4NfvOU2TMtQhyBOW0erSDf", "0XY2RjIqyilsOHYiNro5tD"], "artistPop": [63, 42, 41], "genres": ["alternative metal", "candy pop", "grunge", "rock drums"]}, "7kwWzUSSlNKT2NXdMJf83Q": {"name": "shiny", "coverArt": "https://i.scdn.co/image/ab67616d00001e027208dec0fe4c8d85fc00e990", "artist": ["BETWEEN FRIENDS"], "artistIds": ["2HkSsS8O2U2gPhnCGVN5vn"], "artistPop": [61], "genres": ["indie pop", "la pop"]}, "5CtJlhNDyIRl7NGlH9ZWKP": {"name": "Plug Daughter 2", "coverArt": "https://i.scdn.co/image/ab67616d00001e02aa252508195f62988c8680ce", "artist": ["Kevin Gates"], "artistIds": ["1gPhS1zisyXr5dHTYZyiMe"], "artistPop": [76], "genres": ["baton rouge rap", "rap", "southern hip hop", "trap"]}, "6b4F3Ld8xJGX5kxd8NLKuU": {"name": "Prom Queen", "coverArt": "https://i.scdn.co/image/ab67616d00001e020f2a8f8bf0f1b95e3b662240", "artist": ["Smokepurpp"], "artistIds": ["21dooacK2WGBB5amYvKyfM"], "artistPop": [66], "genres": ["dark trap", "melodic rap", "meme rap", "miami hip hop", "rap", "southern hip hop", "trap", "underground hip hop", "vapor trap"]}, "5WZKlDPxVvD6QoGVqASJyy": {"name": "Off the Yak", "coverArt": "https://i.scdn.co/image/ab67616d00001e026beee55ce0b4bb48c37ff6a6", "artist": ["Young M.A"], "artistIds": ["7LvoDJUNGnOrPdGRzVtOJ9"], "artistPop": [67], "genres": ["lgbtq+ hip hop", "nyc rap", "pop rap", "rap", "trap"]}, "3T9VLKYbT0pGWPqhy415G0": {"name": "Guilty", "coverArt": "https://i.scdn.co/image/ab67616d00001e02059fd37f4a273d9836ebcc2e", "artist": ["Sevyn Streeter", "Chris Brown", "A$AP Ferg"], "artistIds": ["6If57j6e3TXXk0HiLcIZca", "7bXgB6jMjp9ATFy66eO08Z", "5dHt1vcEm9qb8fCyLcB3HL"], "artistPop": [62, 88, 75], "genres": ["alternative r&b", "dance pop", "hip pop", "neo soul", "pop", "pop r&b", "pop rap", "post-teen pop", "r&b", "trap queen", "urban contemporary", "dance pop", "pop", "pop rap", "r&b", "rap", "hip hop", "pop rap", "rap", "southern hip hop", "trap", "underground hip hop"]}, "16gW9O8A4rIMx5OOVlzsSn": {"name": "Dear August", "coverArt": "https://i.scdn.co/image/ab67616d00001e02d0a3197c7ff11dc8d87fbc63", "artist": ["PJ Harding", "Noah Cyrus"], "artistIds": ["1RryIbDjpwt00AKkSpCGvP", "55fhWPvDiMpLnE4ZzNXZyW"], "artistPop": [57, 74], "genres": ["alt z", "dance pop", "pop", "post-teen pop"]}, "02SS3PqtrKPZpWnTtyTFaN": {"name": "OOZ", "coverArt": "https://i.scdn.co/image/ab67616d00001e02290fe4818df36d055d8265c7", "artist": ["Peach Tree Rascals"], "artistIds": ["0imE3buPhAowREqCrr4CYe"], "artistPop": [64], "genres": ["alternative r&b", "chill r&b", "indie r&b", "pop"]}, "549VARqe57rM5u8vkzTPgs": {"name": "Cuenta Lo", "coverArt": "https://i.scdn.co/image/ab67616d00001e029f3ca1c23bbc693a94450832", "artist": ["Biig Piig"], "artistIds": ["4GoD5FJCgC0lbzde7ly44M"], "artistPop": [60], "genres": ["indie r&b", "indie soul", "modern alternative pop"]}, "7k2cwdnyG69gTaPQoEWWqv": {"name": "Need You Right Now (feat. Channel Tres)", "coverArt": "https://i.scdn.co/image/ab67616d00001e028c6cc8e1bf95004c35df6744", "artist": ["Dan D'Lion", "Channel Tres"], "artistIds": ["6dLGrJfOwF5gdyI8Ga7b76", "4cUkGQyhLFqKHBtL58HYVp"], "artistPop": [43, 64], "genres": ["uk pop", "indie soul", "la pop"]}, "7irq1X57FwkQrGFVOayjsm": {"name": "STOP!", "coverArt": "https://i.scdn.co/image/ab67616d00001e02f717d6eac9aa5cd0739edf7d", "artist": ["UPSAHL"], "artistIds": ["1294QqYm1VuxxjRiL9M0h9"], "artistPop": [67], "genres": ["alt z", "electropop", "indie pop", "indie poptimism", "modern indie pop", "modern rock", "pop", "social media pop"]}, "4wdgg5hbea29X8J32o53Nr": {"name": "Miles (feat. BRELAND)", "coverArt": "https://i.scdn.co/image/ab67616d00001e0258831c6ee88724c35f54c61a", "artist": ["Tiera", "BRELAND"], "artistIds": ["26VEPCGAYB9OClQodb0OR1", "0C86lmpnwiyLDUiyo4d0P1"], "artistPop": [52, 65], "genres": ["contemporary country", "country pop", "contemporary country"]}, "2EI0oMlblptqVqHRo05UdT": {"name": "Uno M\u00e1s Uno", "coverArt": "https://i.scdn.co/image/ab67616d00001e02c239d09ccc972337fd51f78c", "artist": ["Evaluna Montaner"], "artistIds": ["52qzWdNUp6ebjcNsvgZSiC"], "artistPop": [69], "genres": ["latin viral pop", "pop venezolano"]}, "7ab894xLywHmwswdr00QSr": {"name": "Echoing", "coverArt": "https://i.scdn.co/image/ab67616d00001e023cda4092329c53cfb3546afc", "artist": ["Kings of Leon"], "artistIds": ["2qk9voo8llSGYcZ6xrBzKx"], "artistPop": [76], "genres": ["modern rock", "rock"]}, "7IbWXDiwOW8egg28MA0Qpb": {"name": "skip.that.party (with Jensen McRae)", "coverArt": "https://i.scdn.co/image/ab67616d00001e02e6fd72795c4aec96c4c097a3", "artist": ["X Ambassadors", "Jensen McRae"], "artistIds": ["3NPpFNZtSTHheNBaWC82rB", "11dABkjSoOjcP9p3TFSNRj"], "artistPop": [74, 46], "genres": ["indie poptimism", "modern alternative rock", "modern rock", "pop", "pop rock", "rock", "stomp pop", "indie pop"]}, "3VFGykqh6RuiS2LRmP38t6": {"name": "Relapse.", "coverArt": "https://i.scdn.co/image/ab67616d00001e022645e1bd21a28c396ac66959", "artist": ["Gallant"], "artistIds": ["7wFDo161xYdeaiLz3KIHoM"], "artistPop": [58], "genres": ["alternative r&b", "chill r&b", "indie r&b", "pop", "pop r&b", "r&b"]}, "7lwVLvyabLqLFo0QQFz1A3": {"name": "Battling My Spirit", "coverArt": "https://i.scdn.co/image/ab67616d00001e027b33e16aec16a98fb6e4df41", "artist": ["Almighty Jay"], "artistIds": ["2HWXxzgBIr0RMSZmvMZeJU"], "artistPop": [52], "genres": ["trap", "vapor trap"]}, "1iFMSqqBIpt1O9pEfVKKdf": {"name": "How Many", "coverArt": "https://i.scdn.co/image/ab67616d00001e0202ef073690039aa246e5fc63", "artist": ["Guapdad 4000", "!llmind"], "artistIds": ["0NcPKaSNIHAM2RfioH9vMT", "0bw7sLDsNQTScMpmsNFukJ"], "artistPop": [62, 45], "genres": ["cali rap", "oakland hip hop", "scam rap", "trap soul", "underground hip hop", "vapor trap"]}, "6RNAb5uJQtTEYZLsw2ljSx": {"name": "Allowance (feat. Kash Doll)", "coverArt": "https://i.scdn.co/image/ab67616d00001e02c25af533d3a13ecdb6caef39", "artist": ["Babyface Ray", "Kash Doll"], "artistIds": ["3zZ88AwlTwfCJkowsFCvLA", "3u579Gdap91lMptBSdXTpf"], "artistPop": [62, 59], "genres": ["detroit trap", "detroit hip hop", "escape room", "hip pop", "pop r&b", "r&b", "trap queen"]}, "6r9zoV35UeEAh12sGS8gek": {"name": "Straight To It", "coverArt": "https://i.scdn.co/image/ab67616d00001e021582ab3046a9d59cf7b6497b", "artist": ["Young Devyn"], "artistIds": ["5JPJZcr0m2OkOEA1pagpSb"], "artistPop": [37], "genres": []}, "78ZSpNggaGhHY1HdcjGJr4": {"name": "ANGRY HEARTS", "coverArt": "https://i.scdn.co/image/ab67616d00001e02e3f9b462b56511101e20eef3", "artist": ["Charlie Heat", "Yuna"], "artistIds": ["0bbguzUos4LO6NikkdXdzw", "3kHVioJpVxlazAAKQ64pC1"], "artistPop": [49, 60], "genres": ["new jersey rap", "alternative r&b", "malaysian pop"]}, "5vPUJuGOxGReRc4eyR2xbZ": {"name": "johnny & june", "coverArt": "https://i.scdn.co/image/ab67616d00001e020850221bff57c692f8cc0cfe", "artist": ["Zachary Knowles"], "artistIds": ["5BxcZnUcETSt90VlbsdugI"], "artistPop": [56], "genres": ["alt z", "bedroom soul", "chill pop", "chill r&b", "electropop", "indie cafe pop", "pop"]}, "75dIKJQLp0iV4q99dxxyVF": {"name": "Go Wrong", "coverArt": "https://i.scdn.co/image/ab67616d00001e02169c78e9879ca0cd931272c6", "artist": ["Hauskey"], "artistIds": ["3xjvEQFNYxMqlh7IAo3MMI"], "artistPop": [44], "genres": []}, "5rWFCdMamYwI8czc7Jd0HP": {"name": "Call Me Anytime", "coverArt": "https://i.scdn.co/image/ab67616d00001e02a00d7d5330cb8215ea96f810", "artist": ["Sports"], "artistIds": ["4AGNJdJiVltImYk1UTLE0K"], "artistPop": [54], "genres": ["indie garage rock", "neo-psychedelic", "tulsa indie", "vapor soul"]}, "1lCgCLr0V3xh6TtQTNvdfn": {"name": "Retail Therapy", "coverArt": "https://i.scdn.co/image/ab67616d00001e026349c4e02da83a738e341d79", "artist": ["ROSIE"], "artistIds": ["2bp65KnFOIsIosBoqPzvNL"], "artistPop": [54], "genres": ["alt z"]}, "2e1AWudpXKLo79h33vj88C": {"name": "Until We Leave the Ground", "coverArt": "https://i.scdn.co/image/ab67616d00001e028a614a6cd61e6a9925c67a6b", "artist": ["Emmit Fenn"], "artistIds": ["3VVLqeEqQQqTgT8YhfY9Z6"], "artistPop": [61], "genres": ["electropop", "tropical house", "vapor soul"]}, "2QC2PTvF3yONXlvih301aR": {"name": "Rumor", "coverArt": "https://i.scdn.co/image/ab67616d00001e02ae2fd46e566759e2c35d42e6", "artist": ["Moore Kismet", "WYN"], "artistIds": ["50uPj85gZxHFuFOlNBnnr5", "1mFo3mR5ZWTQbNg1RgWj2D"], "artistPop": [45, 39], "genres": ["dubstep", "future bass", "gaming dubstep", "vapor twitch"]}, "4Ocr8ezgeulwYhg3aZIqDL": {"name": "Make Amends (feat. Kyan Palmer)", "coverArt": "https://i.scdn.co/image/ab67616d00001e025d71cf8fac86d56e39e5306f", "artist": ["Curbi", "Tchami", "Kyan Palmer"], "artistIds": ["2XiiUuK68XNdHaHOAF5hnT", "1KpCi9BOfviCVhmpI4G2sY", "3W5hlKkJKXp7xY7R7IYfxp"], "artistPop": [53, 65, 46], "genres": ["bass house", "edm", "electro house", "electronic trap", "future house", "house", "pop dance", "pop edm", "progressive house", "bass house", "deep groove house", "edm", "electro house", "future house", "house", "pop dance", "progressive house", "la pop"]}, "2AI3ZqvfHy3hTvdM9oRMYs": {"name": "Coffee In Bed", "coverArt": "https://i.scdn.co/image/ab67616d00001e0243f42144036a5468e89f1d03", "artist": ["Pentatonix"], "artistIds": ["26AHtbjWKiwYzsoGoUZq53"], "artistPop": [68], "genres": ["a cappella"]}, "2yZGCQvnHUC9KaLuMh7cx8": {"name": "Look Easy", "coverArt": "https://i.scdn.co/image/ab67616d00001e02c57a9a1119a8fb4a590cd2ae", "artist": ["Robin Thicke"], "artistIds": ["0ZrpamOxcZybMHGg1AYtHP"], "artistPop": [67], "genres": ["dance pop", "hip pop", "neo soul", "new jack swing", "r&b", "urban contemporary"]}, "047Io7cFZaaVP5CDOy5l6w": {"name": "Hype Beast", "coverArt": "https://i.scdn.co/image/ab67616d00001e02548069ad0e0339ca2195df6f", "artist": ["Eric Bellinger", "Hitmaka"], "artistIds": ["7ibAWtDtmEfaVhc1FJ3Vl9", "1VeOsE6gNwoBsIAinCAb3l"], "artistPop": [69, 49], "genres": ["pop", "pop r&b", "pop rap", "r&b", "rap", "urban contemporary"]}, "0gSbSJlEZ3eHSF8oNQwYhe": {"name": "PANIC ROOM!", "coverArt": "https://i.scdn.co/image/ab67616d00001e0207231d0129d03008396fc69d", "artist": ["JPEGMAFIA"], "artistIds": ["6yJ6QQ3Y5l0s0tn7b0arrO"], "artistPop": [63], "genres": ["alternative hip hop", "escape room", "experimental hip hop", "hip hop", "industrial hip hop", "rap", "underground hip hop"]}, "1fPYeNbEnfXwCX3bmLpIW2": {"name": "Low Key (feat. Lil Uzi Vert)", "coverArt": "https://i.scdn.co/image/ab67616d00001e02734cdaf16bd8ae69fe025071", "artist": ["Doe Boy", "Lil Uzi Vert"], "artistIds": ["6aLoJJxz7MV2iZ423S8tJC", "4O15NlyKLIASxsJ0PrXPfz"], "artistPop": [56, 88], "genres": ["atl hip hop", "atl trap", "ohio hip hop", "rap", "southern hip hop", "trap", "underground hip hop", "vapor trap", "melodic rap", "philly rap", "rap", "trap"]}, "0izWvb5IN31gDqiufLzKf3": {"name": "White Lie (feat. RMR)", "coverArt": "https://i.scdn.co/image/ab67616d00001e02e8253f0aa911a35eaba1f928", "artist": ["Shy Glizzy", "RMR"], "artistIds": ["1DvtabXAjfrMihPP6JQdHs", "0j1Pwmd6nuk0BXD1RqoHDw"], "artistPop": [64, 49], "genres": ["dmv rap", "drill", "rap", "southern hip hop", "trap", "vapor trap"]}, "6ceQochP5zXA4v2AC4bcMB": {"name": "Heat Above", "coverArt": "https://i.scdn.co/image/ab67616d00001e027d6a64cc8db36405fc2d6407", "artist": ["Greta Van Fleet"], "artistIds": ["4NpFxQe2UvRCAjto3JqlSl"], "artistPop": [74], "genres": ["modern blues rock", "modern hard rock", "rock"]}, "4j8Dz7TdDXoJ2z5zhqEwYX": {"name": "Sagittarius Superstar (feat. Faye Webster)", "coverArt": "https://i.scdn.co/image/ab67616d00001e02310f4ef9c8c392b74757e538", "artist": ["COIN", "Faye Webster"], "artistIds": ["0ZxZlO7oWCSYMXhehpyMvE", "5szilpXHcwOqnyKLqGco5j"], "artistPop": [67, 61], "genres": ["indie pop", "indie poptimism", "modern alternative rock", "modern rock", "pop", "pop rock", "art pop", "atlanta indie", "indie folk", "indie pop", "indie rock"]}, "4NUtKsTfiLOdgZDlwE07dN": {"name": "A Place Called Earth", "coverArt": "https://i.scdn.co/image/ab67616d00001e02e39b31fbb6ad67790a3961e8", "artist": ["Jon Foreman", "Lauren Daigle"], "artistIds": ["5D3h9ZoobhetjXw3dKhcaq", "40LHVA5BTQp9RxHOQ9JPYj"], "artistPop": [52, 70], "genres": ["acoustic pop", "ccm", "christian alternative rock", "christian music", "indiecoustica", "roots worship", "worship", "ccm", "christian alternative rock", "christian music", "worship"]}, "5aT0NEQAFMbX5RXe6DYJQK": {"name": "Hold You 'Til We\u2019re Old", "coverArt": "https://i.scdn.co/image/ab67616d00001e026a6915f577af512d5529b233", "artist": ["Jamie Miller"], "artistIds": ["2LkkwxA19J8C52wPQl5bG6"], "artistPop": [72], "genres": ["pop soul"]}, "0pAyXGUIrNm2oISrdAzbsw": {"name": "Sunday Funday", "coverArt": "https://i.scdn.co/image/ab67616d00001e02572c029f0dee35180864cca0", "artist": ["TOLEDO"], "artistIds": ["2xK3hBpuuHSxmHr96TzgDO"], "artistPop": [46], "genres": ["brooklyn indie", "indie pop"]}, "7FCobN8beK8RM1uiDtU9F1": {"name": "Gucci Sweater", "coverArt": "https://i.scdn.co/image/ab67616d00001e028c25f48bd74f5b97fc891f96", "artist": ["Dylan Fraser"], "artistIds": ["6Awp6fgyzqQ2XuEvOMjq8D"], "artistPop": [42], "genres": []}, "5toJOk9lwGQE323SnQ8Tii": {"name": "TRIP", "coverArt": "https://i.scdn.co/image/ab67616d00001e024690e45050a3a21306102f62", "artist": ["Boslen"], "artistIds": ["7mX72Bq2iXNr8fZdu23fQL"], "artistPop": [53], "genres": ["bc underground hip hop", "canadian hip hop", "indie hip hop"]}, "1xMvdOFQaql3EBkHmuh2TK": {"name": "Batman", "coverArt": "https://i.scdn.co/image/ab67616d00001e02eb05db2aafb810d71d918a55", "artist": ["LPB Poody"], "artistIds": ["0wHeZY93Ede0g1jXaWsiFS"], "artistPop": [58], "genres": ["florida rap"]}, "0N2aBKJDrsTfNZZzSU96II": {"name": "Living Life (feat. Lil Baby & YXNG K.A.)", "coverArt": "https://i.scdn.co/image/ab67616d00001e02b0cab5cbf7d723f5445ef829", "artist": ["Lil Muk", "Lil Baby", "YXNG K.A"], "artistIds": ["5JfcVwxX1C8zL0TtCft6c5", "5f7VJjfbwm532GiveGC0ZK", "3BBujITyfgwyXTQliFzUNH"], "artistPop": [35, 91, 43], "genres": ["philly drill", "philly rap", "atl hip hop", "atl trap", "rap", "trap", "philly rap"]}, "48zvDHaFZnoLJTTq5X1ZI8": {"name": "colorblind", "coverArt": "https://i.scdn.co/image/ab67616d00001e02c886b3c814e2c337425d1bad", "artist": ["Phora"], "artistIds": ["5XDJlfdfbGNJrOJJNxTcdq"], "artistPop": [64], "genres": ["deep underground hip hop", "oc rap", "pop r&b", "r&b", "sad rap"]}, "62FVhzJNJZ0DsO0hhLu3f4": {"name": "Why Did You Tell Me That You Loved Me?", "coverArt": "https://i.scdn.co/image/ab67616d00001e021e7955f950b62f52dae1ae16", "artist": ["Ouse"], "artistIds": ["6R29RU7eyQHSNc5kaHPWJn"], "artistPop": [59], "genres": ["emo rap", "sad lo-fi", "sad rap"]}, "6ynqLEZvcA4Wqv8B23IyYN": {"name": "Filth", "coverArt": "https://i.scdn.co/image/ab67616d00001e028c9a99c9806e309bb0ca238b", "artist": ["Christian Leave"], "artistIds": ["2G8UkPZnQ8i78L8TfqP1X6"], "artistPop": [63], "genres": ["indie cafe pop", "indie pop", "modern rock"]}, "3gU5n4wX5x4pTQ4nfaqcq6": {"name": "When I See You (Lamont's Song)", "coverArt": "https://i.scdn.co/image/ab67616d00001e0213e975c81c466bb39565ae12", "artist": ["Rileyy Lanez"], "artistIds": ["1PmrYsZvpVB9ilWx0eZHdr"], "artistPop": [50], "genres": ["pop r&b"]}, "4ohUVFem8xKnnnvGz1cpIG": {"name": "Parade", "coverArt": "https://i.scdn.co/image/ab67616d00001e02ee818c893efe5f7d1808d78b", "artist": ["Jacob Banks"], "artistIds": ["0AepkoQhYvkjEzzwIcGxdV"], "artistPop": [63], "genres": ["modern alternative rock", "uk contemporary r&b"]}, "1WfnPoIGJ4ea2O8JlbGQkp": {"name": "It's Still Cool If You Don't", "coverArt": "https://i.scdn.co/image/ab67616d00001e028a327f5ffae41432261eaffe", "artist": ["Briston Maroney"], "artistIds": ["7vtSUU3zpHeYJfX6BPNrJd"], "artistPop": [64], "genres": ["indie pop", "modern rock", "nashville indie"]}, "3jB55bujusQsAK5EYXcgnX": {"name": "Loverboy", "coverArt": "https://i.scdn.co/image/ab67616d00001e020e1ee928e4ae3c20f9b67579", "artist": ["Sir Sly"], "artistIds": ["3DFoVPonoAAt4EZ1FEI8ue"], "artistPop": [56], "genres": ["electropop", "indie pop", "indie poptimism", "indietronica", "la indie", "modern alternative rock", "modern rock", "rock", "shimmer pop"]}, "1H3BugcCskVBomhihGoGCz": {"name": "Trending Topic", "coverArt": "https://i.scdn.co/image/ab67616d00001e023ba34c83599295f28f69658e", "artist": ["Beanz"], "artistIds": ["1MpEKr48JzSZMwbifjxu8Z"], "artistPop": [27], "genres": ["abstract hip hop"]}, "6qXFp72DG0dC1lzT1axnwv": {"name": "Lookin Up", "coverArt": "https://i.scdn.co/image/ab67616d00001e0225160052d0e5bb72d645bd2c", "artist": ["Marlon Craft", "Malz Monday"], "artistIds": ["7MigDh04CCntQbsBvugEmb", "3qIFdbarxYx2moJbhM1pLy"], "artistPop": [51, 49], "genres": ["nyc rap", "underground hip hop", "indie hip hop", "underground hip hop"]}, "5t5cqgdnx1pH1ghzZtXL3K": {"name": "Pal De Pesos", "coverArt": "https://i.scdn.co/image/ab67616d00001e0280fced85464477528b258063", "artist": ["Fuego", "Eladio Carrion"], "artistIds": ["7wU2WGCJ8HxkekHHE2QLul", "5XJDexmWFLWOkjOEjOVX3e"], "artistPop": [68, 77], "genres": ["dominican pop", "latin", "latin hip hop", "rap dominicano", "reggaeton", "reggaeton flow", "trap latino", "reggaeton", "reggaeton flow", "trap boricua", "trap latino", "trap triste"]}, "19EOitmWYbskPonzPmel0z": {"name": "Take Me Away", "coverArt": "https://i.scdn.co/image/ab67616d00001e028dfcc55f986c481a249120cd", "artist": ["Morgan Wade"], "artistIds": ["4eYE8Z6cfEHEdG22lTyucP"], "artistPop": [55], "genres": ["contemporary country", "new americana", "roots americana"]}, "08j5xeOU0aKjKTWRDClYZt": {"name": "Patience", "coverArt": "https://i.scdn.co/image/ab67616d00001e02a58679e96d9a87dd466c6f50", "artist": ["Djouher", "Lead Major"], "artistIds": ["75opyvDai90a20RL9VSa7D", "0HePV5MBPoi502FIKslcBO"], "artistPop": [32, 32], "genres": []}, "3Eq8Gx2IGmzdQsZAIEYNbK": {"name": "Body Work", "coverArt": "https://i.scdn.co/image/ab67616d00001e02b78996376b8ddee27794bb87", "artist": ["Savannah Cristina"], "artistIds": ["7EsWLpczyTXU6zyfWt7ZkN"], "artistPop": [41], "genres": ["alternative r&b", "chill r&b", "pop r&b"]}, "4r4J3MFMcMS13784DnSz6K": {"name": "Runaway", "coverArt": "https://i.scdn.co/image/ab67616d00001e021813028e00ddb7f4f61877eb", "artist": ["Tayo Sound"], "artistIds": ["7uELj3CTZDGSpqH1TNPIdQ"], "artistPop": [45], "genres": []}, "6O1JbI2vepUE3dg5XKkHYi": {"name": "Oh Mama", "coverArt": "https://i.scdn.co/image/ab67616d00001e021d2b025ae4752fca84daab52", "artist": ["Michael Brun", "Paul Beaubrun"], "artistIds": ["1HcAkAeL4xf02wzAnl7mIV", "06xdTtDBuCvqiWx0wvAmwg"], "artistPop": [52, 18], "genres": ["progressive electro house"]}}