{"0k4d5YPDr1r7FX77VdqWez": {"name": "You Right", "coverArt": "https://i.scdn.co/image/ab67616d00001e024df3245f26298a1579ecc321", "artist": ["Doja Cat", "The Weeknd"], "artistIds": ["5cj0lLjcoR7YOSnhnX0Po5", "1Xyo4u8uXC1ZmMpatF05PJ"], "artistPop": [94, 93], "genres": ["dance pop", "pop", "canadian contemporary r&b", "canadian pop", "pop"]}, "6PQ88X9TkUIAUIZJHW2upE": {"name": "Bad Habits", "coverArt": "https://i.scdn.co/image/ab67616d00001e02513d821e89b19367f6eb9e62", "artist": ["Ed Sheeran"], "artistIds": ["6eUKZXaKkcviH0Ku9w2n3V"], "artistPop": [93], "genres": ["pop", "uk pop"]}, "7z4xW9WY86uH3gd1V9pfCM": {"name": "JUGGERNAUT (feat. Lil Uzi Vert & Pharrell Williams)", "coverArt": "https://i.scdn.co/image/ab67616d00001e02696b4e67423edd64784bfbb4", "artist": ["Tyler, The Creator", "Lil Uzi Vert", "Pharrell Williams"], "artistIds": ["4V8LLVI7PbaPR0K2TGSxFF", "4O15NlyKLIASxsJ0PrXPfz", "2RdwBSPQiwcmiDo9kixcl8"], "artistPop": [86, 88, 80], "genres": ["hip hop", "rap", "melodic rap", "philly rap", "rap", "trap", "pop rap"]}, "1YDebgap5OFwXEBG18NJvy": {"name": "Red Light Green Light", "coverArt": "https://i.scdn.co/image/ab67616d00001e0219fc40e920401ce322487abf", "artist": ["DaBaby"], "artistIds": ["4r63FhuTkUYltbVAg5TQnk"], "artistPop": [89], "genres": ["north carolina hip hop", "rap"]}, "0giiXonRhODYy4J1iy4Lb3": {"name": "Sexo Virtual", "coverArt": "https://i.scdn.co/image/ab67616d00001e02c1449d5655128274517f3733", "artist": ["Rauw Alejandro"], "artistIds": ["1mcTU81TzQhprhouKaTkpq"], "artistPop": [92], "genres": ["puerto rican pop", "trap latino"]}, "0FFsgUoFibYISzMxuGS61W": {"name": "I Don't Do Drugs (feat. Ariana Grande)", "coverArt": "https://i.scdn.co/image/ab67616d00001e024df3245f26298a1579ecc321", "artist": ["Doja Cat", "Ariana Grande"], "artistIds": ["5cj0lLjcoR7YOSnhnX0Po5", "66CXWjxzNUsdJxJ2JdwvnR"], "artistPop": [94, 92], "genres": ["dance pop", "pop", "dance pop", "pop", "post-teen pop"]}, "5B0kgjHULYJhAQkK5XsMoC": {"name": "WUSYANAME (feat. Youngboy Never Broke Again & Ty Dolla $ign)", "coverArt": "https://i.scdn.co/image/ab67616d00001e02696b4e67423edd64784bfbb4", "artist": ["Tyler, The Creator", "YoungBoy Never Broke Again", "Ty Dolla $ign"], "artistIds": ["4V8LLVI7PbaPR0K2TGSxFF", "7wlFDEWiM5OoIAt8RSli8b", "7c0XG5cIJTrrAgEC3ULPiq"], "artistPop": [86, 83, 87], "genres": ["hip hop", "rap", "baton rouge rap", "trap", "hip hop", "pop", "pop rap", "r&b", "trap", "trap soul"]}, "69AFoFpPNM7digmbH2Clyf": {"name": "Tokyo Nights (feat. Like)", "coverArt": "https://i.scdn.co/image/ab67616d00001e02496ddd69ddb33853f8ff6fb9", "artist": ["Logic", "Like"], "artistIds": ["4xRYI6VqpkE3UwrDrAZL8L", "2J2V1PxHVZ1ANtT8Y2UdTS"], "artistPop": [81, 44], "genres": ["conscious hip hop", "dmv rap", "hip hop", "pop rap", "rap"]}, "2xblSnfljXfjA3nw7ZmSO5": {"name": "Lipstick", "coverArt": "https://i.scdn.co/image/ab67616d00001e02be1d65ddacb8666cabc5d3ee", "artist": ["WILLOW"], "artistIds": ["3rWZHrfrsPBxVy692yAIxF"], "artistPop": [80], "genres": ["afrofuturism", "dance pop", "electropop", "pop", "pop rap", "post-teen pop"]}, "7LoBGVOINvvyKBmsSkS5CA": {"name": "En La Luna", "coverArt": "https://i.scdn.co/image/ab67616d00001e022fd7aee3183357d1421ccc76", "artist": ["Boza"], "artistIds": ["2NfSBtmWe7oPw1EmetJVso"], "artistPop": [74], "genres": ["reggaeton"]}, "4h7CVH9xtHoYSlEV5Dpamk": {"name": "18", "coverArt": "https://i.scdn.co/image/ab67616d00001e023d4a11ecb3fc02e53e6bcdbe", "artist": ["Jeremy Zucker"], "artistIds": ["3gIRvgZssIb9aiirIg0nI3"], "artistPop": [78], "genres": ["electropop", "pop", "post-teen pop"]}, "0ohcCrxZkBfFbkuRPOZQZX": {"name": "dancing in the kitchen", "coverArt": "https://i.scdn.co/image/ab67616d00001e0244bdc09715b571735ac35b2d", "artist": ["LANY"], "artistIds": ["49tQo2QULno7gxHutgccqF"], "artistPop": [80], "genres": ["la pop", "pop"]}, "2ei1umCvdqtDMG8zfC9GRY": {"name": "Shook", "coverArt": "https://i.scdn.co/image/ab67616d00001e025d7b0d231b397241542288e4", "artist": ["Cautious Clay"], "artistIds": ["6iWuBN32BqCJAeXW6o3nil"], "artistPop": [63], "genres": ["alternative r&b", "indie r&b", "nyc pop", "pop"]}, "4V33aS5qju2ujbQt8JKi6P": {"name": "Let Me Know", "coverArt": "https://i.scdn.co/image/ab67616d00001e0200d5a8ba3fc0f5850b00acdc", "artist": ["Surfaces"], "artistIds": ["4ETSs924pXMzjIeD6E9b4u"], "artistPop": [75], "genres": ["bedroom soul", "pop"]}, "3OUyyDN7EZrL7i0Sbi5SVd": {"name": "BYE", "coverArt": "https://i.scdn.co/image/ab67616d00001e028a6bc7130c5cc29c39eb2a70", "artist": ["Jaden"], "artistIds": ["0xOeVMOz2fVg5BJY3N6akT"], "artistPop": [75], "genres": ["hip hop", "pop", "rap"]}, "7IwRg7xzgVtugj9KFFp07G": {"name": "ADMIT IT", "coverArt": "https://i.scdn.co/image/ab67616d00001e0288f4ba4060b8c1b123e6f62f", "artist": ["Ski Mask The Slump God"], "artistIds": ["2rhFzFmezpnW82MNqEKVry"], "artistPop": [79], "genres": ["miami hip hop", "rap", "underground hip hop"]}, "4buaMK8tYXGF7Ca3u8iLtE": {"name": "At The Top (with Kodak Black & Mustard)", "coverArt": "https://i.scdn.co/image/ab67616d00001e02697fea162b49598cb2daeb7d", "artist": ["Coi Leray", "Kodak Black", "Mustard"], "artistIds": ["6AMd49uBDJfhf30Ak2QR5s", "46SHBwWsqBkxI7EeeBEQG7", "0YinUQ50QDB7ZxSCLyQ40k"], "artistPop": [68, 81, 77], "genres": ["new jersey underground rap", "r&b", "trap queen", "viral rap", "florida rap", "hip hop", "melodic rap", "miami hip hop", "rap", "southern hip hop", "trap", "cali rap", "hip hop", "pop rap", "rap", "southern hip hop", "trap"]}, "74AclpvR2pe9C8cHfxnltW": {"name": "No Hook", "coverArt": "https://i.scdn.co/image/ab67616d00001e02a9f0d04f317fd8ebf0d60ddf", "artist": ["J.I the Prince of N.Y"], "artistIds": ["2eqoJbzUGDwys5ENUkbT3h"], "artistPop": [66], "genres": ["nyc rap", "pop r&b"]}, "3oE4zL430c18NuiRWDHRLY": {"name": "f*ck everything! - Spotify Singles (feat. The Drums)", "coverArt": "https://i.scdn.co/image/ab67616d00001e0273f243ec08eb5c5deb6c9610", "artist": ["EKKSTACY", "The Drums"], "artistIds": ["0ynzbXwyCzxicMKHBoOkSH", "0p5axeJsbtTCXBrRVoKjwu"], "artistPop": [54, 65], "genres": ["sad rap", "brooklyn indie", "indie rock", "indie surf", "modern rock"]}, "1NaDK3atogQEn9glK5fYuy": {"name": "Cologne", "coverArt": "https://i.scdn.co/image/ab67616d00001e02110bbc10d8188cf73b3d336c", "artist": ["beabadoobee"], "artistIds": ["35l9BRT7MXmM8bv2WDQiyB"], "artistPop": [73], "genres": ["bedroom pop", "bubblegrunge", "indie pop"]}, "32q9OuCp7wFdLZKuCXm0wl": {"name": "That's Life", "coverArt": "https://i.scdn.co/image/ab67616d00001e0285373d216ca37fe2d8f563ee", "artist": ["Still Woozy"], "artistIds": ["4iMO20EPodreIaEl8qW66y"], "artistPop": [73], "genres": ["bedroom pop", "modern rock", "oakland indie"]}, "3EsFsEIcsdf4r5Y9UuW0yC": {"name": "counting crimes", "coverArt": "https://i.scdn.co/image/ab67616d00001e0279ec81a25e4bbad6c08c8243", "artist": ["Nessa Barrett"], "artistIds": ["7pwufEBGfggjoI8twqlsmQ"], "artistPop": [71], "genres": ["alt z", "pop", "social media pop"]}, "77pgq3c52F4jMTKYTjw4Mp": {"name": "Freshman 10 (Freestyle) [10th Anniversary]", "coverArt": "https://i.scdn.co/image/ab67616d00001e024160f3e11ed57e0dba4f4c80", "artist": ["Big Sean"], "artistIds": ["0c173mlxpT3dSFRgMO8XPh"], "artistPop": [81], "genres": ["detroit hip hop", "hip hop", "pop rap", "rap", "southern hip hop", "trap"]}, "7BVTMH2x5dTcZxfp6rT6ce": {"name": "Don't Be Afraid", "coverArt": "https://i.scdn.co/image/ab67616d00001e023ed6ca5e073661a5ad1c705b", "artist": ["Diplo", "Damian Lazarus", "Jungle"], "artistIds": ["5fMUXHkw8R8eOP2RNVYEZX", "3EIJ8wiUHbgkRCt5cpRrQv", "59oA5WbbQvomJz2BuRG071"], "artistPop": [82, 55, 71], "genres": ["bmore", "dance pop", "edm", "electro house", "house", "moombahton", "ninja", "pop", "pop dance", "tropical house", "uk house", "indie soul", "uk contemporary r&b"]}, "7eQHxigpuDJjCG50JyzU8v": {"name": "Butterflies", "coverArt": "https://i.scdn.co/image/ab67616d00001e021b7c878bdc17d023295df222", "artist": ["MAX", "Ali Gatie"], "artistIds": ["1bqxdqvUtPWZri43cKHac8", "4rTv3Ejc7hKMtmoBOK1B4T"], "artistPop": [73, 75], "genres": ["dance pop", "electropop", "pop", "pop rap", "post-teen pop", "viral pop", "canadian hip hop", "pop"]}, "4iT46O2cYu63Rlv09Fpxch": {"name": "Dangerous Levels of Introspection", "coverArt": "https://i.scdn.co/image/ab67616d00001e02e19d9c548f323ab0f0299d36", "artist": ["JP Saxe"], "artistIds": ["66W9LaWS0DPdL7Sz8iYGYe"], "artistPop": [72], "genres": ["alt z", "canadian contemporary r&b", "indie cafe pop", "pop", "pop rock", "post-teen pop"]}, "2jgq1RlYLt4FZldm4KAfj2": {"name": "Healing", "coverArt": "https://i.scdn.co/image/ab67616d00001e02f1ba6b18640058d65a69dda6", "artist": ["FLETCHER"], "artistIds": ["5qa31A9HySw3T7MKWI9bGg"], "artistPop": [69], "genres": ["alt z", "dance pop", "electropop", "indie cafe pop", "indie poptimism", "pop", "post-teen pop", "social media pop"]}, "3vofXquO3Brq3j4TMKQ19F": {"name": "RBF: Part 1 - Spotify Singles", "coverArt": "https://i.scdn.co/image/ab67616d00001e024535fe4579596486a1d99a06", "artist": ["Julia Wolf"], "artistIds": ["5yvGiZLSWJTPBlZpVbPnEZ"], "artistPop": [51], "genres": ["alt z", "indie electropop"]}, "2mC33mxgLJN3IT65MGN3B0": {"name": "Nothing Else Matters", "coverArt": "https://i.scdn.co/image/ab67616d00001e02ff4bdcee36a5ecfed249168e", "artist": ["Miley Cyrus", "WATT", "Elton John", "Yo-Yo Ma", "Robert Trujillo", "Chad Smith"], "artistIds": ["5YGY8feqx7naU7z4HrwZM6", "4olE3I5QU0dvSR7LIpqTXc", "3PhoLpVuITZKcymswpck5b", "5Dl3HXZjG6ZOWT5cV375lk", "3rROvEsUJJ9y55g1PLaA16", "4DW34vji6G9GgGY0k2mic7"], "artistPop": [84, 64, 84, 68, 54, 54], "genres": ["dance pop", "pop", "post-teen pop", "modern alternative rock", "glam rock", "mellow gold", "piano rock", "classical cello", "classical performance", "rock drums"]}, "2Z4kEzYRGKCKRv9QttvBrW": {"name": "Don't Blame It On Love", "coverArt": "https://i.scdn.co/image/ab67616d00001e02b12dae115b2d07755a1dc5ea", "artist": ["Yuna", "Pink Sweat$"], "artistIds": ["3kHVioJpVxlazAAKQ64pC1", "1W7FNibLa0O0b572tB2w7t"], "artistPop": [60, 75], "genres": ["alternative r&b", "malaysian pop", "bedroom soul", "pop"]}, "4ZqwV1GiYCr98uiO4ZTBv8": {"name": "Bounce (feat. Tion Wayne & Stay Flee Get Lizzy)", "coverArt": "https://i.scdn.co/image/ab67616d00001e02b8fce414e3ee699687a506cb", "artist": ["S1mba", "Tion Wayne", "Stay Flee Get Lizzy"], "artistIds": ["71jSVPQ6yskfyvWeiwvT5s", "7b79bQFziJFedJb75k6hFt", "2oZq6t5DkE2BdGbD6x8RXh"], "artistPop": [63, 76, 55], "genres": ["afroswing", "social media pop", "london rap", "uk hip hop"]}, "0WMBOtNqkWH6FUiXDNJ7kK": {"name": "Letter to My Daughter", "coverArt": "https://i.scdn.co/image/ab67616d00001e02336371fae1909d0a9bf35322", "artist": ["NLE Choppa"], "artistIds": ["0ErzCpIMyLcjPiwT4elrtZ"], "artistPop": [77], "genres": ["memphis hip hop"]}, "7bREivF1RTm0vOYB2wi7nE": {"name": "Distorted Light Beam", "coverArt": "https://i.scdn.co/image/ab67616d00001e02767d8ee8adc64bc8f0d8c39b", "artist": ["Bastille"], "artistIds": ["7EQ0qTo7fWT7DPxmxtSYEc"], "artistPop": [78], "genres": ["metropopolis", "modern rock", "pop", "pop rock", "tropical house"]}, "5OLVjtDBzeHtqGTn5Pwo1B": {"name": "First Time", "coverArt": "https://i.scdn.co/image/ab67616d00001e0238e2aba0717f27aa28381334", "artist": ["Lucy Dacus"], "artistIds": ["07D1Bjaof0NFlU32KXiqUP"], "artistPop": [63], "genres": ["art pop", "bubblegrunge", "indie folk", "indie pop", "indie rock"]}, "5WVWQQpBJqljbZtxo19CxS": {"name": "Calling U Back", "coverArt": "https://i.scdn.co/image/ab67616d00001e02ec93734d42345154b422c8d5", "artist": ["The Mar\u00edas"], "artistIds": ["2sSGPbdZJkaSE2AbcGOACx"], "artistPop": [67], "genres": ["bedroom pop", "indie pop", "la indie"]}, "52wspfpsfPcsw7pw8dnQyM": {"name": "BOBO", "coverArt": "https://i.scdn.co/image/ab67616d00001e02099ca5d319ddd1423bd7ddf8", "artist": ["Mariah Angeliq", "Bad Gyal", "Maria Becerra"], "artistIds": ["0KKUc4amZyvswV2YL6WTar", "4F4pp8NUW08JuXwnoxglpN", "1DxLCyH42yaHKGK3cl5bvG"], "artistPop": [74, 66, 86], "genres": ["latin pop", "rap latina", "reggaeton", "trap latino", "rap catala", "rap latina", "trap catala", "trap latino", "urbano espanol", "pop argentino"]}, "5aKvdpWyjO14xB04CTEpEw": {"name": "In My Bag", "coverArt": "https://i.scdn.co/image/ab67616d00001e023cb656dd067ce27a38b50886", "artist": ["Justine Skye"], "artistIds": ["0jUQSUOcM7lxVn5eVGTkzQ"], "artistPop": [59], "genres": ["alternative r&b", "chill r&b", "indie r&b", "pop", "pop r&b", "post-teen pop", "r&b", "urban contemporary"]}, "6BkYYJzfpG3u4Rs4VLXAie": {"name": "Tragic", "coverArt": "https://i.scdn.co/image/ab67616d00001e02528f3e25c69f53f27bcd57d4", "artist": ["Jazmine Sullivan"], "artistIds": ["7gSjFKpVmDgC2MMsnN8CYq"], "artistPop": [66], "genres": ["alternative r&b", "dance pop", "hip pop", "neo soul", "pop", "pop r&b", "r&b", "urban contemporary"]}, "5LLaPfgP7Ssw1v5aKqdkre": {"name": "Favorite What If", "coverArt": "https://i.scdn.co/image/ab67616d00001e026cff3a7f21aca7e9ff3667eb", "artist": ["Ashley Kutcher"], "artistIds": ["1Zi1c8sWZTy5rDiN3lAuEj"], "artistPop": [54], "genres": ["alt z"]}, "6CRMSbYypKAf9XubEsmvkN": {"name": "Traffic Lights", "coverArt": "https://i.scdn.co/image/ab67616d00001e023ce9e799404362f7e9f89a61", "artist": ["Sara Kays"], "artistIds": ["7Lk9V7E1u5gqSHmtcKlOqH"], "artistPop": [67], "genres": ["alt z", "indie cafe pop", "indie pop", "modern indie pop", "pop", "social media pop"]}, "49rILSmVLmGmknARFACh3N": {"name": "Nothing Scares Me - Spotify Singles", "coverArt": "https://i.scdn.co/image/ab67616d00001e027483574a3eaa8b5c22f67635", "artist": ["Wallice"], "artistIds": ["6d6ts87Fxm1EdULf4CaLw4"], "artistPop": [49], "genres": ["indie pop", "indie r&b"]}, "6clyEvI0vWeNuc2wWUqNLo": {"name": "hey! - Spotify Singles", "coverArt": "https://i.scdn.co/image/ab67616d00001e020110711aebb1e6643bbb81e7", "artist": ["Unusual Demont"], "artistIds": ["5KpmWCJ5NqsY9meqhjwbxR"], "artistPop": [49], "genres": ["indie r&b", "modern alternative pop"]}, "08F29zHZtrUZhtdaroCRKV": {"name": "wussup", "coverArt": "https://i.scdn.co/image/ab67616d00001e02aa92dff8d4545fd7857559d9", "artist": ["bbno$", "Yung Gravy"], "artistIds": ["41X1TR6hrK8Q2ZCpp2EqCz", "2YOYua8FpudSEiB9s88IgQ"], "artistPop": [77, 71], "genres": ["canadian hip hop", "dark trap", "pop rap", "vapor trap", "meme rap", "minnesota hip hop", "pop rap", "social media pop"]}, "5YIAMIFBXGXsyJwJmqUMZo": {"name": "Talk to You", "coverArt": "https://i.scdn.co/image/ab67616d00001e02281f5ab91ee8886da6dbb818", "artist": ["Ricky Montgomery"], "artistIds": ["0ZUvK7zGdXLd78mQr3t1Tw"], "artistPop": [72], "genres": ["alt z", "indie pop", "la indie", "pop"]}, "6gi7qsHSH2JWZsTRHndxqm": {"name": "Rain (from The Suicide Squad)", "coverArt": "https://i.scdn.co/image/ab67616d00001e02d2b7b9661b9fa8feb3aa9ee1", "artist": ["grandson", "Jessie Reyez"], "artistIds": ["4ZgQDCtRqZlhLswVS6MHN4", "3KedxarmBCyFBevnqQHy3P"], "artistPop": [73, 71], "genres": ["modern alternative rock", "modern rock", "rock", "canadian contemporary r&b", "canadian pop", "dance pop", "pop", "post-teen pop", "r&b"]}, "4gWJbaqIKRSxhSjknJ1upH": {"name": "Where the Country Girls At", "coverArt": "https://i.scdn.co/image/ab67616d00001e028b74bde3b94682fff22fcf11", "artist": ["Trace Adkins", "Luke Bryan", "Pitbull"], "artistIds": ["79FMDwzZQxHgSkIYBl3ODU", "0BvkDsjIUla7X0k6CSWh1I", "0TnOYISbd1XYRBk9myaseg"], "artistPop": [64, 78, 84], "genres": ["contemporary country", "country", "country road", "country rock", "modern country rock", "redneck", "contemporary country", "country", "country road", "dance pop", "latin", "miami hip hop", "pop"]}, "2hRDjNbuoqxqHcXj29JJfZ": {"name": "What A Song Can Do", "coverArt": "https://i.scdn.co/image/ab67616d00001e02eb8f7016f81b1fc69dfe9764", "artist": ["Lady A"], "artistIds": ["32WkQRZEVKSzVAAYqukAEA"], "artistPop": [71], "genres": ["contemporary country", "country", "country dawn", "country pop", "country road"]}, "0NAvBMEfXk1ke0RoR4NPni": {"name": "in case you miss me", "coverArt": "https://i.scdn.co/image/ab67616d00001e026b7d1d2c6c4c62b3e7879cef", "artist": ["John K"], "artistIds": ["73eAAfRkS2Vi4hx68oTJJE"], "artistPop": [68], "genres": ["alt z", "dance pop", "electropop", "indie cafe pop", "pop", "post-teen pop"]}, "1RlmAzI27AlIpvoRN3u6Iy": {"name": "avalanche", "coverArt": "https://i.scdn.co/image/ab67616d00001e02e367a60be7b4068938086fc2", "artist": ["Christian French"], "artistIds": ["7naAJDAh7AZnf18YYfQruM"], "artistPop": [63], "genres": ["alt z", "electropop", "pop", "sad rap"]}, "4XsrQYCU60mBHzjFVImgFf": {"name": "Magic", "coverArt": "https://i.scdn.co/image/ab67616d00001e0242764f512ff72feacac8e9b8", "artist": ["Polo & Pan"], "artistIds": ["45yEuthJ9yq1rNXAOpBnqM"], "artistPop": [69], "genres": ["dark disco", "electro-pop francais", "french indie pop", "french indietronica", "new french touch"]}, "5zHRrkIk98Adfqh25kMZFU": {"name": "Love Me Better (with Shift K3Y & Marc E. Bassy)", "coverArt": "https://i.scdn.co/image/ab67616d00001e028e82632bdfb363deb0e661bc", "artist": ["Dillon Francis", "Shift K3Y", "Marc E. Bassy"], "artistIds": ["5R3Hr2cnCCjt220Jmt2xLf", "26OrZl5U3VNGHU9qUj8EcM", "3tQx1LPXbsYjE9VwN1Peaa"], "artistPop": [67, 61, 69], "genres": ["brostep", "dance pop", "edm", "electro house", "electronic trap", "electropop", "house", "moombahton", "pop", "pop dance", "slap house", "tropical house", "deep groove house", "house", "pop dance", "tropical house", "uk dance", "alternative r&b", "pop", "pop rap", "r&b", "rap"]}, "5S7Qy15GJrEf2pWP4nkEzi": {"name": "TELL EM NO", "coverArt": "https://i.scdn.co/image/ab67616d00001e028d58bec6dd6b1854de8302b1", "artist": ["Juicy J", "Pooh Shiesty"], "artistIds": ["5gCRApTajqwbnHHPbr2Fpi", "5F1aAS1duwlzExnPs3l2Xe"], "artistPop": [75, 76], "genres": ["crunk", "dirty south rap", "gangster rap", "hip hop", "memphis hip hop", "pop rap", "rap", "southern hip hop", "trap", "memphis hip hop", "rap", "tennessee hip hop", "trap"]}, "39eLq4w4mJKRmSQOYgmgmL": {"name": "Weekend at Solomon's", "coverArt": "https://i.scdn.co/image/ab67616d00001e02792bb0e1ccab0a3d2b885445", "artist": ["Bfb Da Packman"], "artistIds": ["3C1bStPNVIPmGIrORT5OlF"], "artistPop": [56], "genres": ["flint hip hop"]}, "2n6nWSFaqtTusC2kEzMKeJ": {"name": "Half The Time", "coverArt": "https://i.scdn.co/image/ab67616d00001e0214b2682e65ec825dcc04f053", "artist": ["Cico P", "Kevin Gates"], "artistIds": ["3jAZsSIIA8HLjxR99biJyx", "1gPhS1zisyXr5dHTYZyiMe"], "artistPop": [59, 76], "genres": ["baton rouge rap", "rap", "southern hip hop", "trap"]}, "0Gmjaje0sMUwD5mIHlhlfs": {"name": "LOST YOU", "coverArt": "https://i.scdn.co/image/ab67616d00001e027b369d09906e000a75c0a91a", "artist": ["Snoh Aalegra"], "artistIds": ["1A9o3Ljt67pFZ89YtPPL5X"], "artistPop": [70], "genres": ["alternative r&b", "chill r&b", "indie r&b", "indie soul", "pop", "r&b", "scandinavian r&b", "swedish soul"]}, "2Zqhpc70C1E9rsZpK6b4q4": {"name": "Come As You Are", "coverArt": "https://i.scdn.co/image/ab67616d00001e02e03df97dd0e7d63ab310846a", "artist": ["TOBi", "Baby Rose"], "artistIds": ["0P54cVemq1DCHUfUMlWAoN", "6Z4JcgqrqgysyHIPRtDIHo"], "artistPop": [51, 45], "genres": ["canadian contemporary r&b", "canadian hip hop", "alternative r&b", "chill r&b", "indie r&b"]}, "48awI0zekKygGs7Yz03uNU": {"name": "Love Me Like You Say You Love Me", "coverArt": "https://i.scdn.co/image/ab67616d00001e02f749bc957fd783b693bce24c", "artist": ["KYLE"], "artistIds": ["4qBgvVog0wzW75IQ48mU7v"], "artistPop": [70], "genres": ["pop rap", "rap", "social media pop"]}, "1XpAZlfENlrHalIvuhAp9R": {"name": "Moon", "coverArt": "https://i.scdn.co/image/ab67616d00001e023455e7b067044e3d2a33af5a", "artist": ["Jonah Kagen"], "artistIds": ["5KsRA81UaMVKvLNiwDySfp"], "artistPop": [59], "genres": []}, "1ZlwGA0D3bKRMdhF1mhh4g": {"name": "Goldenboy", "coverArt": "https://i.scdn.co/image/ab67616d00001e024a6373cdb582afdbf5e7aecf", "artist": ["Jake Scott"], "artistIds": ["0DxPHf2flBAcV2SnZPg3SV"], "artistPop": [64], "genres": ["alt z", "indie cafe pop", "indiecoustica", "neo mellow", "pop", "pop rock", "post-teen pop"]}, "4XCDqYCoYUOc468PUKHgiQ": {"name": "Girl Who Didn't Care", "coverArt": "https://i.scdn.co/image/ab67616d00001e02053ec23bfea42290f5432eb4", "artist": ["Tenille Townes"], "artistIds": ["3TyeX0lk4B7k56ukfzEE0z"], "artistPop": [58], "genres": ["alberta country", "contemporary country", "country", "country pop"]}, "48umo4ObD6mUEbQNDyHUr3": {"name": "Lose My Mind", "coverArt": "https://i.scdn.co/image/ab67616d00001e025257460fa7b6c484b16bd57f", "artist": ["Anthony Ramos"], "artistIds": ["660YptcR0hNHJ8iEr1qcse"], "artistPop": [71], "genres": ["hollywood", "show tunes"]}, "7dWlTb1dK0kS0l7wji2Z1w": {"name": "Secret Service", "coverArt": "https://i.scdn.co/image/ab67616d00001e029cecdd3fd8113d5e8e94bdc7", "artist": ["OHGEESY"], "artistIds": ["3ppQEG71r7jVpI8RudzycF"], "artistPop": [70], "genres": ["cali rap", "trap", "underground hip hop", "vapor trap"]}, "6iPG4HyNcGaypR7IgOnuwy": {"name": "Capitol 1", "coverArt": "https://i.scdn.co/image/ab67616d00001e0262544b5ce5e27f04a91c3506", "artist": ["EST Gee"], "artistIds": ["4FlG0V0jhLO4qGpayFOphj"], "artistPop": [70], "genres": ["kentucky hip hop", "rap", "southern hip hop", "trap"]}, "37U6ujT5pW7DYaMVsidIxQ": {"name": "Pound Signs", "coverArt": "https://i.scdn.co/image/ab67616d00001e02ee234e2597b3a75772db831d", "artist": ["Headie One"], "artistIds": ["6UCQYrcJ6wab6gnQ89OJFh"], "artistPop": [71], "genres": ["uk hip hop"]}, "7uD5yn7Ll3XqvaY93FwSQ2": {"name": "Learning Curve", "coverArt": "https://i.scdn.co/image/ab67616d00001e02b7d450f273e8a3f4e6544958", "artist": ["Aitch"], "artistIds": ["2PJEagPIxaBugeMjIyKVXF"], "artistPop": [70], "genres": ["manchester hip hop"]}, "0FXEr1tdiBcLsnLSG8ol2l": {"name": "Call Me Papi (feat. Dawty Music)", "coverArt": "https://i.scdn.co/image/ab67616d00001e020f9827da7fd94904c721cd0d", "artist": ["Feder", "Ofenbach", "Dawty Music"], "artistIds": ["5KnoVkIUGmK0PiDKMjz2LM", "4AKwRarlmsUlLjIwt38NLw", "0E4HZTP1Z1d4gOJmWrkZpe"], "artistPop": [64, 75, 55], "genres": ["francoton", "new french touch", "tropical house", "edm", "new french touch", "pop dance", "tropical house"]}, "3vF1Bk53lUz287NAu5RCpS": {"name": "Heard About Me", "coverArt": "https://i.scdn.co/image/ab67616d00001e02db5c5be17b253bfc7b03b8cc", "artist": ["Dimitri Vegas & Like Mike", "Felix Jaehn", "Nea"], "artistIds": ["73jBynjsVtofjRpdpRAJGk", "4bL2B6hmLlMWnUEZnorEtG", "7nqlScm2smydSRl13eaP8E"], "artistPop": [75, 78, 68], "genres": ["belgian dance", "belgian edm", "big room", "edm", "electro house", "pop dance", "progressive electro house", "tropical house", "dance pop", "edm", "electro house", "german dance", "pop", "pop dance", "pop edm", "pop rap", "tropical house", "scandipop", "swedish pop"]}, "6grvGcs51TJrC7PONyzv3H": {"name": "CHERRY CHAPSTICK (feat. Lolo Zoua\u00ef)", "coverArt": "https://i.scdn.co/image/ab67616d00001e029781b62346b602df53596f5c", "artist": ["REI AMI", "Lolo Zoua\u00ef"], "artistIds": ["6U1dV7aL68N7Gb0Naq34V5", "2qDIR2WlcW3llkGqJWg9VJ"], "artistPop": [61, 55], "genres": ["alt z", "escape room", "modern indie pop", "pop"]}, "0ykb4JkCWsucctJq9XxArc": {"name": "Next", "coverArt": "https://i.scdn.co/image/ab67616d00001e022a87616ccf07b1ffceda9e1b", "artist": ["Olivia Holt"], "artistIds": ["188VINPQh5dyNfLUkevKqf"], "artistPop": [55], "genres": ["alt z", "dance pop", "pop", "post-teen pop", "social media pop"]}, "5mkCV8UG383wuemgDlnjox": {"name": "evol", "coverArt": "https://i.scdn.co/image/ab67616d00001e025fbd9356491b621e3f41a4b3", "artist": ["Mallory Merk"], "artistIds": ["5GHFapUxfP2H2xxuMytwaF"], "artistPop": [33], "genres": ["bedroom soul"]}, "4RV9QxXbBNspwlVSfolDVi": {"name": "Home Sweet Hometown", "coverArt": "https://i.scdn.co/image/ab67616d00001e02d17c1e833cc48c9938d2333f", "artist": ["Jimmie Allen", "LANCO"], "artistIds": ["147nKr9upHZSSxqCzh9j7c", "2lRH2dgU5Kk4Bc5phmII4T"], "artistPop": [66, 58], "genres": ["contemporary country", "country pop", "contemporary country", "country pop"]}, "3MZkNbMbr3mut3EN9JwnMe": {"name": "Boat Names", "coverArt": "https://i.scdn.co/image/ab67616d00001e02b5f67e2a2e6f154748d886ea", "artist": ["Brian Kelley"], "artistIds": ["46c50yWMo9wiTgVe1VxBbQ"], "artistPop": [51], "genres": ["contemporary country"]}, "1p4WB0tCCYcoJKFNwMVUZ4": {"name": "Know It All", "coverArt": "https://i.scdn.co/image/ab67616d00001e023cbfba539a03ad6ab9bcf97f", "artist": ["The Band CAMINO"], "artistIds": ["6d4jrmreCmsenscuieJERc"], "artistPop": [68], "genres": ["electropop", "hopebeat", "indie cafe pop", "indie poptimism", "modern alternative rock", "modern rock", "pop", "pop rock"]}, "721D9lVzlPbMthMDyz3f5y": {"name": "Anton LaVey", "coverArt": "https://i.scdn.co/image/ab67616d00001e02edc7114890800bd22236d3e3", "artist": ["Hobo Johnson"], "artistIds": ["05SdqPzK4m3k1ljK2wrTSP"], "artistPop": [60], "genres": ["emo rap", "sacramento hip hop"]}, "4UyHP4eJhGOIu9xLHDby95": {"name": "Love Letter", "coverArt": "https://i.scdn.co/image/ab67616d00001e02eb58902c17729cac334bc1f2", "artist": ["Scorey"], "artistIds": ["0X3nsc84A9qlFilmlWNwQb"], "artistPop": [61], "genres": ["upstate ny rap"]}, "53WGwcv1i64ZpbcQNlXq6Y": {"name": "Adam's Ribs", "coverArt": "https://i.scdn.co/image/ab67616d00001e02b0ea3840f6afed7077fd39f1", "artist": ["Jensen McRae"], "artistIds": ["11dABkjSoOjcP9p3TFSNRj"], "artistPop": [46], "genres": ["indie pop"]}, "77kcmLEFqsXAeNaOj6orGN": {"name": "A Dream With a Baseball Player", "coverArt": "https://i.scdn.co/image/ab67616d00001e02455b70f98549da64b60fdae1", "artist": ["Faye Webster"], "artistIds": ["5szilpXHcwOqnyKLqGco5j"], "artistPop": [61], "genres": ["art pop", "atlanta indie", "indie folk", "indie pop", "indie rock"]}, "3PHgxKy3nKy0v9KvUtHl8g": {"name": "And We Go Gentle", "coverArt": "https://i.scdn.co/image/ab67616d00001e02da81bffabbcac771ccff4e99", "artist": ["Hiatus Kaiyote"], "artistIds": ["43JlwunhXm1oqdKyOa2Z9Y"], "artistPop": [60], "genres": ["australian r&b", "indie jazz", "indie soul", "shiver pop"]}, "33NsFLfr80OVXNzFgztYyx": {"name": "Weekend Run", "coverArt": "https://i.scdn.co/image/ab67616d00001e022d477e33e6172f960783f6b0", "artist": ["Unknown Mortal Orchestra"], "artistIds": ["1LeVJ5GPeYDOVUjxx1y7Rp"], "artistPop": [65], "genres": ["chillwave", "indie rock", "kiwi rock", "neo-psychedelic", "new rave", "portland hip hop", "psychedelic pop"]}, "4bli6uyPanbB5HzRTbKeDF": {"name": "Japanese Trees", "coverArt": "https://i.scdn.co/image/ab67616d00001e022416b406e0189c838c939bcf", "artist": ["Modest Mouse"], "artistIds": ["1yAwtBaoHLEDWAnWR87hBT"], "artistPop": [66], "genres": ["alternative rock", "double drumming", "indie rock", "modern rock", "rock", "washington indie"]}, "75KnjXtPMCZf60zlEp5m1D": {"name": "Skin", "coverArt": "https://i.scdn.co/image/ab67616d00001e0235e1ba1b6d84673e306b3e89", "artist": ["Beartooth"], "artistIds": ["6vwjIs0tbIiseJMR3pqwiL"], "artistPop": [64], "genres": ["metalcore", "modern rock"]}, "46NgqjSNoXMZEtmJyoeA97": {"name": "The Knack", "coverArt": "https://i.scdn.co/image/ab67616d00001e0277335ddf45a3651579cde851", "artist": ["Mother Mother"], "artistIds": ["0e86yPdC41PGRkLp2Q1Bph"], "artistPop": [76], "genres": ["vancouver indie"]}, "1FudW4lBMbxG1BVP7Ko1DT": {"name": "Heroes", "coverArt": "https://i.scdn.co/image/ab67616d00001e02dadb2297ee7ddfb4b0f92507", "artist": ["Natalie Hemby"], "artistIds": ["32opPqLCT3sF24Aso7wTXw"], "artistPop": [55], "genres": ["country pop"]}, "7kktQmvJ8xLjHzHrBVo8tH": {"name": "Messy Love", "coverArt": "https://i.scdn.co/image/ab67616d00001e022c5a794c712c2532c23faaaf", "artist": ["Nao"], "artistIds": ["7aFTOGFDEqDtJUCziLVsVC"], "artistPop": [63], "genres": ["alternative r&b", "chill r&b", "dance pop", "indie r&b", "indie soul", "neo soul", "pop", "r&b", "uk contemporary r&b"]}, "0aWktqLfsl8QRLNlywINuO": {"name": "tidal wave (feat. Ari Lennox)", "coverArt": "https://i.scdn.co/image/ab67616d00001e02c066dba4835191c55b0f2cf1", "artist": ["Njomza", "Ari Lennox"], "artistIds": ["3zOUpziwcfY2bCh4VyJ4Am", "1vaQ6v3pOFxAIrFoPrAcom"], "artistPop": [54, 66], "genres": ["alternative r&b", "indie r&b", "alternative r&b", "dmv rap", "indie r&b", "indie soul", "neo soul", "pop", "r&b", "urban contemporary"]}, "0zZjAX9aWMb0dgL0uSRZU6": {"name": "Buss It Open (feat. Lakeyah)", "coverArt": "https://i.scdn.co/image/ab67616d00001e02388d0c7f12588108faa16024", "artist": ["Trapboy Freddy", "Lakeyah"], "artistIds": ["2ZF0d4lkHLE6MIbVmpN6nN", "77gMBvQ2frbQAPyCeoYGm7"], "artistPop": [51, 54], "genres": ["deep southern trap", "dfw rap", "houston rap", "trap", "pop r&b"]}, "5li1WsP1RKSlvxKMHRYPWf": {"name": "Hi", "coverArt": "https://i.scdn.co/image/ab67616d00001e0288b826443ca1d5de3d1317dc", "artist": ["Unghetto Mathieu"], "artistIds": ["2crfTbTl8cTxLFidTcd2Tg"], "artistPop": [48], "genres": []}, "32giueourskJhyT2EW2BD7": {"name": "Red Wine", "coverArt": "https://i.scdn.co/image/ab67616d00001e025f57188390a4c5f78959fc8f", "artist": ["Tia Tia"], "artistIds": ["6fbIkBK4DW2IPnlKk9MLWS"], "artistPop": [25], "genres": []}, "5FcT2TuosRkokjn3xyncER": {"name": "Casualidad", "coverArt": "https://i.scdn.co/image/ab67616d00001e02bbb7bfe90695c954eb3d5e8f", "artist": ["Sof\u00eda Reyes", "Pedro Cap\u00f3"], "artistIds": ["0haZhu4fFKt0Ag94kZDiz2", "4QVBYiagIaa6ZGSPMbybpy"], "artistPop": [73, 73], "genres": ["dance pop", "latin", "latin pop", "mexican pop", "pop", "reggaeton", "latin", "latin pop", "puerto rican pop"]}, "6WmiK2assqEPtmqDnn7Dxc": {"name": "What To Do", "coverArt": "https://i.scdn.co/image/ab67616d00001e02b81911c989ee4179af88c0c7", "artist": ["Rotimi"], "artistIds": ["1xBARhKI09ZTmeePVDWMCf"], "artistPop": [65], "genres": ["pop r&b", "r&b", "urban contemporary"]}, "0zdLZywwUVyg8xnzzxgDBP": {"name": "Sweet Ever After (feat. Bear Rinehart of NEEDTOBREATHE)", "coverArt": "https://i.scdn.co/image/ab67616d00001e026598dbd20daed1e8cb31e186", "artist": ["Ellie Holcomb", "Bear Rinehart", "NEEDTOBREATHE"], "artistIds": ["5hNiAUVPCTgcpy8vljCxzs", "1TlTGJuzfnndWJDNxnODzh", "610EjgFatGvVPtib97jQ8G"], "artistPop": [59, 48, 69], "genres": ["anthem worship", "ccm", "indiecoustica", "roots worship", "ccm", "christian alternative rock", "christian indie", "christian music", "folk-pop", "indiecoustica", "neo mellow", "worship"]}, "0deLQzMIEw6l3pWOWz4MkF": {"name": "Addict Of Magic", "coverArt": "https://i.scdn.co/image/ab67616d00001e0231bb54a39c7681c8db1a06f0", "artist": ["Picture This"], "artistIds": ["7jLSEPYCYQ5ssWU3BICqrW"], "artistPop": [62], "genres": ["indie cafe pop", "irish pop"]}, "2gQqknpjQSpBwJOtvTOnqP": {"name": "Closure (feat. BIRDY and Mishaal)", "coverArt": "https://i.scdn.co/image/ab67616d00001e02bb98c3c3f1af9a63fe24369c", "artist": ["Sarcastic Sounds", "Birdy", "Mishaal"], "artistIds": ["1bq8rqNnfrojn0OSAfeNXJ", "2WX2uTcsvV5OnS0inACecP", "2NM1t8dMvgeu9Lfl06574g"], "artistPop": [68, 72, 61], "genres": ["lo-fi beats", "lo-fi chill", "sad lo-fi", "indie cafe pop", "pop", "pop rock", "lo-fi beats", "lo-fi chill", "sad lo-fi", "sad rap"]}, "4Hz1TXZ942m4W0nYuajJ2R": {"name": "Paranoia", "coverArt": "https://i.scdn.co/image/ab67616d00001e02cc79116e82feaeaa6294737c", "artist": ["Finn Askew"], "artistIds": ["0ZYv8jRFp5YAC29bfjaP9X"], "artistPop": [50], "genres": []}, "05PIVjVJ0o8CweX6P91GJ5": {"name": "Nobody", "coverArt": "https://i.scdn.co/image/ab67616d00001e02bf238452f2c3fa91225f3c59", "artist": ["Greyson Chance"], "artistIds": ["0Qnx1MPnHYt3jJCYrRFVwX"], "artistPop": [58], "genres": ["alt z", "dance pop", "electropop", "indie cafe pop", "indie poptimism", "pop", "post-teen pop", "viral pop"]}, "5V6TcpbAtz5Q0HC0G6XJhF": {"name": "Make U Go", "coverArt": "https://i.scdn.co/image/ab67616d00001e0271714c84a21a4ff6c4e63305", "artist": ["Duckwrth"], "artistIds": ["6I3MElirhT5t6Kf7p0hGk9"], "artistPop": [66], "genres": ["alternative r&b", "escape room", "indie r&b", "indie soul", "underground hip hop"]}, "3we91GNGPeGELpZbp8zcsQ": {"name": "Hurt Like Me", "coverArt": "https://i.scdn.co/image/ab67616d00001e02f869246a0df7e72a2f829f09", "artist": ["Saint Bodhi"], "artistIds": ["6X7nWsfLVq8lo1qePztyu5"], "artistPop": [35], "genres": ["alternative r&b"]}, "1e6iopg5dmxbqJ1Mbhypab": {"name": "La Diabla", "coverArt": "https://i.scdn.co/image/ab67616d00001e0260501f0543348ee4bb8c3fd3", "artist": ["Eslabon Armado"], "artistIds": ["0XeEobZplHxzM9QzFQWLiR"], "artistPop": [78], "genres": ["corridos tumbados", "nuevo regional mexicano", "sierreno"]}, "1Ip2hq6bR8Lt3bK0U9DGRt": {"name": "MIAMI/HOLLYWOOD", "coverArt": "https://i.scdn.co/image/ab67616d00001e02fb02fe430e222b5b457d8aaf", "artist": ["GOON DES GARCONS*", "Tan the Terrible"], "artistIds": ["5WyJhpNewRPUahSlrxkOeR", "3qdKFbhwjLWAkIaMFgHPH2"], "artistPop": [44, 15], "genres": []}, "4t55SJWoa8HOrgze5V5zJ7": {"name": "CALLING CALLING\u2026", "coverArt": "https://i.scdn.co/image/ab67616d00001e021063ca5d927fb196b5ee1299", "artist": ["Young Rog"], "artistIds": ["3KS7WL7X3d09RoG0ZJfPuF"], "artistPop": [34], "genres": []}}