{"5fROvzNghPid8mbKNDYvpJ": {"name": "YO VISTO AS\u00cd", "coverArt": "https://i.scdn.co/image/ab67616d00001e02005ee342f4eef2cc6e8436ab", "artist": ["Bad Bunny"], "artistIds": ["4q3ewBCX7sLwd24euuV69X"], "artistPop": [96], "genres": ["latin", "reggaeton", "trap latino"]}, "0QdePZJfBpRIBautuT4FSx": {"name": "Angels Like You", "coverArt": "https://i.scdn.co/image/ab67616d00001e0250061ccded678a361a2009ec", "artist": ["Miley Cyrus"], "artistIds": ["5YGY8feqx7naU7z4HrwZM6"], "artistPop": [84], "genres": ["dance pop", "pop", "post-teen pop"]}, "5Ryu0SlsYjKh78RkJUONFr": {"name": "Flex Up (feat. Future & Playboi Carti)", "coverArt": "https://i.scdn.co/image/ab67616d00001e02789e7bbd2cc0ae4085b4d59f", "artist": ["Lil Yachty", "Future", "Playboi Carti"], "artistIds": ["6icQOAFXDZKsumw3YXyusw", "1RyvyyTE3xzB2ZywiAwp0i", "699OTQXzgjhIYAHMy9RyPD"], "artistPop": [79, 89, 83], "genres": ["atl hip hop", "hip hop", "melodic rap", "pop rap", "rap", "southern hip hop", "trap", "viral rap", "atl hip hop", "pop rap", "rap", "southern hip hop", "trap", "atl hip hop", "hip hop", "plugg", "rap", "trap"]}, "5DVATjQZPVsm5kWbrPmekU": {"name": "LUCID", "coverArt": "https://i.scdn.co/image/ab67616d00001e02bb57d74e709f65720a537849", "artist": ["Rina Sawayama"], "artistIds": ["2KEqzdPS7M5YwGmiuPTdr5"], "artistPop": [64], "genres": ["art pop", "dance pop", "electropop", "escape room", "pop", "post-teen pop"]}, "21aQ9GdgEXK6qeovX0YaKb": {"name": "Caroline", "coverArt": "https://i.scdn.co/image/ab67616d00001e0200be5de8200bf7e1930b5017", "artist": ["Arlo Parks"], "artistIds": ["4kIwETcbpuFgRukE8o7Opx"], "artistPop": [64], "genres": ["indie soul", "uk contemporary r&b"]}, "4ZSGp4CmOIeNSpuLLEGumA": {"name": "mars", "coverArt": "https://i.scdn.co/image/ab67616d00001e021dfd062efabbc51d1eaaebb2", "artist": ["YUNGBLUD"], "artistIds": ["6Ad91Jof8Niiw0lGLLi3NW"], "artistPop": [76], "genres": ["british indie rock", "modern rock", "pop", "rock"]}, "7quWqKzjJwYXF3cqSDSCRL": {"name": "PAIN", "coverArt": "https://i.scdn.co/image/ab67616d00001e02aec261a6dc7952bfb904d096", "artist": ["King Princess"], "artistIds": ["6beUvFUlKliUYJdLOXNj9C"], "artistPop": [65], "genres": ["alt z", "dance pop", "electropop", "indie pop", "indie poptimism", "nyc pop", "pop", "post-teen pop"]}, "2XIc1pqjXV3Cr2BQUGNBck": {"name": "LA NOCHE DE ANOCHE", "coverArt": "https://i.scdn.co/image/ab67616d00001e02005ee342f4eef2cc6e8436ab", "artist": ["Bad Bunny", "ROSAL\u00cdA"], "artistIds": ["4q3ewBCX7sLwd24euuV69X", "7ltDVBr6mKbRvohxheJ9h1"], "artistPop": [96, 79], "genres": ["latin", "reggaeton", "trap latino", "r&b en espanol"]}, "1Si3sqUkvIj6Cz9JYO14OS": {"name": "Smack DVD (feat. Kanye West)", "coverArt": "https://i.scdn.co/image/ab67616d00001e029b5a63c0cdc1d0d6f1f47e68", "artist": ["SAINt JHN", "Kanye West"], "artistIds": ["0H39MdGGX6dbnnQPt6NQkZ", "5K4W6rqBFWDnAN6FQUkS6x"], "artistPop": [76, 97], "genres": ["melodic rap", "pop rap", "rap", "slap house", "trap", "chicago rap", "rap"]}, "6PZaNvcth74ko7Ld0vB8Gm": {"name": "Christmas Blues", "coverArt": "https://i.scdn.co/image/ab67616d00001e02e81f122a9c8a33d8ec607bda", "artist": ["Sabrina Claudio", "The Weeknd"], "artistIds": ["30DhU7BDmF4PH0JVhu8ZRg", "1Xyo4u8uXC1ZmMpatF05PJ"], "artistPop": [66, 93], "genres": ["alternative r&b", "pop", "r&b", "canadian contemporary r&b", "canadian pop", "pop"]}, "5DHSlpd0MX9DfnoAQqolfa": {"name": "Julia (Deep Diving)", "coverArt": "https://i.scdn.co/image/ab67616d00001e023e2d9b0b221ab55f28051f0a", "artist": ["Fred again.."], "artistIds": ["4oLeXFyACqeem2VImYeBFe"], "artistPop": [67], "genres": []}, "37ynsCQ2PUTc9hbWygrbKy": {"name": "football game", "coverArt": "https://i.scdn.co/image/ab67616d00001e02c61a3ef214296f5fe4a9ba49", "artist": ["Sophie Cates"], "artistIds": ["211NQ3AcZqLAiGCqhlxh5k"], "artistPop": [38], "genres": []}, "021LIvL2dzb6FSX1mllbNh": {"name": "Plastic Hearts", "coverArt": "https://i.scdn.co/image/ab67616d00001e0250061ccded678a361a2009ec", "artist": ["Miley Cyrus"], "artistIds": ["5YGY8feqx7naU7z4HrwZM6"], "artistPop": [84], "genres": ["dance pop", "pop", "post-teen pop"]}, "7bFqfMKnKsZJH9FytUXg3E": {"name": "exile (feat. Bon Iver) - the long pond studio sessions", "coverArt": "https://i.scdn.co/image/ab67616d00001e024e265291f29fd8686d3dc3b4", "artist": ["Taylor Swift", "Bon Iver"], "artistIds": ["06HL4z0CvFAxyc27GXpf02", "4LEiUm1SRbFMgfqnQTwUbQ"], "artistPop": [93, 76], "genres": ["pop", "post-teen pop", "eau claire indie", "indie folk", "melancholia"]}, "55QIntmvDd7pYpNKl5AK4s": {"name": "In The Morning", "coverArt": "https://i.scdn.co/image/ab67616d00001e0273632159ed34cea1b9e0be5d", "artist": ["Jennifer Lopez"], "artistIds": ["2DlGxzQSjYe5N6G9nkYghR"], "artistPop": [78], "genres": ["dance pop", "pop", "pop rap", "post-teen pop", "urban contemporary"]}, "0uinQuLSYDMua89kLVVnjv": {"name": "The Parables", "coverArt": "https://i.scdn.co/image/ab67616d00001e028da54461b711e3bee831dcfa", "artist": ["Cordae"], "artistIds": ["0huGjMyP507tBCARyzSkrv"], "artistPop": [70], "genres": ["dmv rap", "hip hop", "pop rap", "rap", "trap", "underground hip hop", "vapor trap"]}, "5Awic3Q2wuEp6LrwPdTVis": {"name": "New Shape", "coverArt": "https://i.scdn.co/image/ab67616d00001e02df85b868375d7bf7a684f1d9", "artist": ["Young T & Bugsey"], "artistIds": ["6M6XXCcO5gI68XpIlrUL3Z"], "artistPop": [66], "genres": ["afroswing", "uk hip hop"]}, "48YdNMIfxIjEWj5P3zoYM1": {"name": "wishlist", "coverArt": "https://i.scdn.co/image/ab67616d00001e02c65f0843ac35295b2cdf2a14", "artist": ["Alaina Castillo"], "artistIds": ["0duLKMlcwhyZgqu8zSSjBp"], "artistPop": [55], "genres": ["alt z", "chill r&b", "pop", "social media pop"]}, "5wV2TAUTKHcKgaEB6XnWDI": {"name": "For Now", "coverArt": "https://i.scdn.co/image/ab67616d00001e028cdade6624acb7517cd49424", "artist": ["Sam Fischer"], "artistIds": ["6L1XC7NrmgWRlwAeLJvVtA"], "artistPop": [72], "genres": ["alt z", "australian pop", "dance pop", "indie cafe pop", "pop", "post-teen pop"]}, "2Rr1INov0ckj7bLTsk9LV1": {"name": "No Time For Tears", "coverArt": "https://i.scdn.co/image/ab67616d00001e02bdedb94e1631ee5523385584", "artist": ["Nathan Dawe", "Little Mix"], "artistIds": ["2gduEC76ry33RVurAvT05p", "3e7awlrlDSwF3iM0WBjGMp"], "artistPop": [66, 83], "genres": ["dance pop", "house", "pop dance", "post-teen pop", "tropical house", "uk dance", "dance pop", "girl group", "pop", "post-teen pop", "talent show", "uk pop"]}, "7D7EH7MGyNHWSkqrszerI1": {"name": "BEB\u00c9", "coverArt": "https://i.scdn.co/image/ab67616d00001e02a82e8d3dc5cea65aca690beb", "artist": ["Camilo", "El Alfa"], "artistIds": ["28gNT5KBp7IjEOQoevXf9N", "2oQX8QiMXOyuqbcZEFsZfm"], "artistPop": [85, 80], "genres": ["colombian pop", "reggaeton colombiano", "dembow", "latin", "rap dominicano", "reggaeton", "trap latino"]}, "4dI5XjW8CrH81a18EKV28p": {"name": "A.I. With The Braids", "coverArt": "https://i.scdn.co/image/ab67616d00001e022764f297e5d5c90cc15b4e46", "artist": ["The Game", "Lil Wayne"], "artistIds": ["0NbfKEOTQCcwd6o7wSDOHI", "55Aa2cqylxrFIXC767Z865"], "artistPop": [73, 88], "genres": ["gangster rap", "hip hop", "pop rap", "rap", "southern hip hop", "trap", "hip hop", "new orleans rap", "pop rap", "rap", "trap"]}, "5KFqBLIITjlM6fhYhBnBzC": {"name": "1995", "coverArt": "https://i.scdn.co/image/ab67616d00001e02dc29366db864d23928c801de", "artist": ["Juicy J", "Logic"], "artistIds": ["5gCRApTajqwbnHHPbr2Fpi", "4xRYI6VqpkE3UwrDrAZL8L"], "artistPop": [75, 81], "genres": ["crunk", "dirty south rap", "gangster rap", "hip hop", "memphis hip hop", "pop rap", "rap", "southern hip hop", "trap", "conscious hip hop", "dmv rap", "hip hop", "pop rap", "rap"]}, "7M0CEpWtTO8XqMz1xPq8YK": {"name": "God", "coverArt": "https://i.scdn.co/image/ab67616d00001e02dd4f159df9e888baea0ddc89", "artist": ["Bladee", "Mechatok"], "artistIds": ["2xvtxDNInKDV4AvGmjw6d1", "4poYOxVqlpDTelhhiJcSrW"], "artistPop": [66, 45], "genres": ["glitchcore", "underground hip hop", "deconstructed club", "escape room", "grimewave", "hyperpop"]}, "0DqJsme3z2r2kPGTti68gf": {"name": "Bones", "coverArt": "https://i.scdn.co/image/ab67616d00001e028924869674da0f0fbe9baa34", "artist": ["MOD SUN"], "artistIds": ["3u2R8st1bb6zfBqNWceRXG"], "artistPop": [64], "genres": ["minnesota hip hop", "pop punk", "pop rap"]}, "1Exlab2o1NffPU8HBzFSnO": {"name": "Teenage Dream", "coverArt": "https://i.scdn.co/image/ab67616d00001e024c1ead952e2db0c5801d3716", "artist": ["Kidd G"], "artistIds": ["5edcHuf8pWH3I00WTorajM"], "artistPop": [62], "genres": ["social media pop"]}, "0u9NVrPqUINrHIFCuPOnYm": {"name": "November Air", "coverArt": "https://i.scdn.co/image/ab67616d00001e02b53dedb71b613a36a2b2b18f", "artist": ["Zach Bryan"], "artistIds": ["40ZNYROS4zLfyyBSs2PGe2"], "artistPop": [68], "genres": ["oklahoma country"]}, "6LOtPFaQM9xBYkoAaPXPYE": {"name": "Big Bunny", "coverArt": "https://i.scdn.co/image/ab67616d00001e026bccb6c615c30a175aed0e5e", "artist": ["Alaska Reid"], "artistIds": ["2CIThLiaeJxWgG5xAgL3p0"], "artistPop": [29], "genres": ["hyperpop"]}, "4k4mhm30I8pOn2k7O19pms": {"name": "Alone", "coverArt": "https://i.scdn.co/image/ab67616d00001e02c978f61715cbd794b0074742", "artist": ["Q"], "artistIds": ["22vqVhfPJab5kkU9txDGX3"], "artistPop": [55], "genres": ["alternative r&b", "chill r&b", "indie r&b"]}, "2Xp806rxZwrhENejH3xHdr": {"name": "Gangsta Party", "coverArt": "https://i.scdn.co/image/ab67616d00001e021721e89ec5adf911f98c6157", "artist": ["Stunna 4 Vegas"], "artistIds": ["44IvvHRk2XF243QLA2VOa8"], "artistPop": [64], "genres": ["southern hip hop", "trap", "viral rap"]}, "0imEg9yCvZUfnCbOqtfzwy": {"name": "Free Me", "coverArt": "https://i.scdn.co/image/ab67616d00001e0257ac399bd8afe9280df475ba", "artist": ["42 Dugg"], "artistIds": ["45gHcnDnMC15sgx3VL7ROG"], "artistPop": [76], "genres": ["detroit trap", "rap", "southern hip hop", "trap"]}, "4VqFPmogUJw9NHBKxUKtiw": {"name": "Trust", "coverArt": "https://i.scdn.co/image/ab67616d00001e02efab602df7942bb34c202f3e", "artist": ["Fivio Foreign"], "artistIds": ["14CHVeJGrR5xgUGQFV5BVM"], "artistPop": [75], "genres": ["brooklyn drill", "new york drill", "rap", "trap"]}, "7MoZgM6AsQaZw14WnKopuy": {"name": "Miedito o Qu\u00e9? (feat. KAROL G)", "coverArt": "https://i.scdn.co/image/ab67616d00001e0291bf841d145c10014e88ea6c", "artist": ["Ovy On The Drums", "Danny Ocean", "KAROL G"], "artistIds": ["3m5qlPf2OkihLz3dRYnkPA", "5H1nN1SzW0qNeUEZvuXjAj", "790FomKkXshlbRYZFtlgla"], "artistPop": [66, 77, 87], "genres": ["colombian pop", "dominican pop", "latin", "latin pop", "reggaeton", "reggaeton colombiano", "trap latino", "latin", "latin pop", "pop venezolano", "reggaeton", "trap latino", "latin", "reggaeton", "reggaeton colombiano", "trap latino"]}, "7tqoqEecKdEM68OrDmG4gr": {"name": "serpent", "coverArt": "https://i.scdn.co/image/ab67616d00001e02a59edc9e4f0a4011edcee592", "artist": ["lilspirit"], "artistIds": ["3VWII9MTZSfIdOXr1DafzL"], "artistPop": [45], "genres": ["chill r&b"]}, "6OJ6FVTIs6NmeZL3bYuUS4": {"name": "Facts", "coverArt": "https://i.scdn.co/image/ab67616d00001e02587d9a9789a843fc9afbe99b", "artist": ["Ama Jones"], "artistIds": ["5hzFTGZcy6Rqme2qNC2vUm"], "artistPop": [24], "genres": []}, "4saRUKobZJ9uNhPADo0H7A": {"name": "You & Me (feat. Claud)", "coverArt": "https://i.scdn.co/image/ab67616d00001e025cb6bd0c497b96e408a6e9af", "artist": ["Quarter-Life Crisis", "Ryan Hemsworth"], "artistIds": ["3qnQaCIYlxiFNyd4oIwuKW", "2CgysNw5B7rFNRtRjQbPZ9"], "artistPop": [31, 44], "genres": []}, "6HsYDl54dthCMdBbT9h9MD": {"name": "Starrcraft", "coverArt": "https://i.scdn.co/image/ab67616d00001e0234454d100a06af51c96a9e6c", "artist": ["The Smashing Pumpkins"], "artistIds": ["40Yq4vzPs9VNUrIBG5Jr2i"], "artistPop": [72], "genres": ["alternative metal", "alternative rock", "grunge", "permanent wave", "pop rock", "rock"]}, "7upm07Y3Fx4AJs5G5OqG1A": {"name": "Houdini", "coverArt": "https://i.scdn.co/image/ab67616d00001e02ae12b0636d8952e3d00469d9", "artist": ["Jade Bird"], "artistIds": ["7D8LuVnlyu91ndcPe70j7S"], "artistPop": [56], "genres": ["folk-pop", "indie folk", "new americana", "uk americana"]}, "62hq7TOGOWftPG2j8XFWlq": {"name": "Teenager", "coverArt": "https://i.scdn.co/image/ab67616d00001e02e047e28335166b38fed56e48", "artist": ["George Alice"], "artistIds": ["2qmz9qPEFq5phZ8bscA2oL"], "artistPop": [41], "genres": []}, "27kcZEJvhkb1rzZS9gCpdA": {"name": "remember the mornings", "coverArt": "https://i.scdn.co/image/ab67616d00001e02f86b8fb3fd8592686ce8401e", "artist": ["Clinton Kane"], "artistIds": ["7okSU80WTrn4LXlyXYbX3P"], "artistPop": [76], "genres": ["alt z", "indie cafe pop", "pop", "post-teen pop"]}, "3ZVYZYIOVCwOnSE7WKRjXV": {"name": "Splash", "coverArt": "https://i.scdn.co/image/ab67616d00001e020678208f00e4111c88958bb9", "artist": ["PUBLIC"], "artistIds": ["4vxaQs6vK54nK89J1VtLex"], "artistPop": [64], "genres": ["indie rockism"]}, "2RunxngjOjMmQmk4AeLJMh": {"name": "nothinglastsforever", "coverArt": "https://i.scdn.co/image/ab67616d00001e02a3db32feff5d4451920bb27d", "artist": ["TOKYO\u2019S REVENGE"], "artistIds": ["5TbLOwv8BNnik3f03NZJlt"], "artistPop": [64], "genres": ["meme rap", "sad rap", "vapor trap", "viral rap"]}, "7MG77R5GjIEWkAhtCdvs6v": {"name": "Social Cues", "coverArt": "https://i.scdn.co/image/ab67616d00001e02741d1045838089ca615342af", "artist": ["Teezo Touchdown"], "artistIds": ["0fGcIStdT1OpFFhOC7Wp36"], "artistPop": [57], "genres": []}, "1ogvLGGpa958nRTH1W9p2v": {"name": "Opp Stoppa", "coverArt": "https://i.scdn.co/image/ab67616d00001e020e71491d00a62dc974daac47", "artist": ["YBN Nahmir"], "artistIds": ["3gGUMEwIX6XodWsYEvKSal"], "artistPop": [68], "genres": ["alabama rap", "pop rap", "rap", "trap", "vapor trap", "viral rap"]}, "3kruSX4Rn8WUGhzFbonCK2": {"name": "Disgusting", "coverArt": "https://i.scdn.co/image/ab67616d00001e02d4fa9f6a1f846c7b2fe2b26a", "artist": ["Shoreline Mafia", "Fenix Flexin", "OHGEESY"], "artistIds": ["4tYSBptyGeVyZsk8JC4JHZ", "63GIj2yhFvX1Bzphb9JgVb", "3ppQEG71r7jVpI8RudzycF"], "artistPop": [70, 67, 70], "genres": ["cali rap", "trap", "underground hip hop", "cali rap", "underground hip hop", "vapor trap", "cali rap", "trap", "underground hip hop", "vapor trap"]}, "4jkQY3kryVNYe4jGJ3nChu": {"name": "So and So", "coverArt": "https://i.scdn.co/image/ab67616d00001e02b056a9b69e6aa94bd72517ad", "artist": ["Saba"], "artistIds": ["7Hjbimq43OgxaBRpFXic4x"], "artistPop": [65], "genres": ["alternative r&b", "chicago rap", "hip hop", "rap", "underground hip hop"]}, "0kuloMBECT7y3E0a5oMduc": {"name": "hide me here", "coverArt": "https://i.scdn.co/image/ab67616d00001e02f4de9b9097b6030e0061fced", "artist": ["caro\u2661"], "artistIds": ["3ypTgZWVLSkBaTjFNjSDE8"], "artistPop": [36], "genres": ["escape room", "hyperpop"]}, "5SEvxpu5ImOFOcXyeM8fbx": {"name": "Dream of You (with R3HAB)", "coverArt": "https://i.scdn.co/image/ab67616d00001e02c11c8a87693f2083114729be", "artist": ["CHUNG HA", "R3HAB"], "artistIds": ["2PSJ6YriU7JsFucxACpU7Y", "6cEuCEZu7PAE9ZSzLLc2oQ"], "artistPop": [66, 78], "genres": ["k-pop", "dance pop", "dutch house", "edm", "electro house", "pop", "pop dance", "progressive electro house", "slap house", "tropical house"]}, "3CC7fyeynJ2RVDUlUDPNXR": {"name": "Everything About You (feat. your friend polly)", "coverArt": "https://i.scdn.co/image/ab67616d00001e020234b8a18693067830194001", "artist": ["Sam Feldt", "your friend polly"], "artistIds": ["20gsENnposVs2I4rQ5kvrf", "7BMiTAo49FakImrjEyEFFN"], "artistPop": [76, 40], "genres": ["dance pop", "edm", "electro house", "pop", "pop dance", "pop edm", "tropical house"]}, "2CFwsFcu75imtAnIOQdGNE": {"name": "COUNT ON U", "coverArt": "https://i.scdn.co/image/ab67616d00001e027132a54667d77e9e87e2e1f4", "artist": ["Magsy"], "artistIds": ["0q3EgthLn8GR4UaqU0iRkn"], "artistPop": [30], "genres": []}, "5Fl5XjveRDIoqTz10QlLsG": {"name": "Hold Me", "coverArt": "https://i.scdn.co/image/ab67616d00001e02c6af8fadb2eddaf15efab4ae", "artist": ["Joshua Henry"], "artistIds": ["2WHbNs4WT5ZN7rbjDqbyEE"], "artistPop": [36], "genres": []}, "6AWhP5q51tpjZKsRZvUGig": {"name": "Already On It (feat. VanJess)", "coverArt": "https://i.scdn.co/image/ab67616d00001e02e22fc0846ea326d81f173726", "artist": ["Jae Stephens", "VanJess"], "artistIds": ["4HiLipaDjOwRkhJlk5s1uT", "0Ek89uaJyo6NfWK22awFvI"], "artistPop": [45, 59], "genres": ["alternative r&b", "indie r&b", "alternative r&b", "chill r&b", "indie r&b", "indie soul", "pop r&b", "r&b"]}, "1qDLTUxg7xyylgtyNleurw": {"name": "Walk (feat. Lil Baby & 42 Dugg)", "coverArt": "https://i.scdn.co/image/ab67616d00001e02f5aebf727e4b42e0799a2145", "artist": ["Rylo Rodriguez", "Lil Baby", "42 Dugg"], "artistIds": ["0gg11prPP6OqtUvBcKnPpq", "5f7VJjfbwm532GiveGC0ZK", "45gHcnDnMC15sgx3VL7ROG"], "artistPop": [61, 91, 76], "genres": ["alabama rap", "atl trap", "tennessee hip hop", "trap", "atl hip hop", "atl trap", "rap", "trap", "detroit trap", "rap", "southern hip hop", "trap"]}, "714q4SngPOIQdbqOGPSEBZ": {"name": "No Limit", "coverArt": "https://i.scdn.co/image/ab67616d00001e02338da8a80143cc57ae9e706e", "artist": ["Hotboii"], "artistIds": ["220xv2aB3dsGxaJI1gGs7l"], "artistPop": [64], "genres": ["florida rap"]}, "71S4nqYIr0BqGcjj7iXM0J": {"name": "My Dad's Fault (with Aaron May & jetsonmade)", "coverArt": "https://i.scdn.co/image/ab67616d00001e027c68f8e7226aa8cfd89a6343", "artist": ["OMB Bloodbath", "Aaron May", "jetsonmade"], "artistIds": ["791JV2CttYVOeGa9F6Kdu3", "2rwALQ1SXdfUWPUd6WOfYS", "0UcXjTpzt0DmIwPSNwlJfF"], "artistPop": [51, 62, 65], "genres": ["houston rap", "hip hop", "rap", "underground hip hop", "dream smp"]}, "5WApEWjvyWKP0zu6zmIjxS": {"name": "Graveyard Shift (feat. slowthai)", "coverArt": "https://i.scdn.co/image/ab67616d00001e02b33819549094e9a9cc121d7e", "artist": ["AJ Tracey", "slowthai"], "artistIds": ["4Xi6LSfFqv26XgP9NKN26U", "3r1XkJ7vCs8kHBSzGvPLdP"], "artistPop": [73, 66], "genres": ["grime", "uk hip hop", "ukg revival", "hip hop", "rap", "uk alternative hip hop", "uk hip hop", "underground hip hop"]}, "64EDGnUytmCV7TfOo67810": {"name": "90's Love", "coverArt": "https://i.scdn.co/image/ab67616d00001e02a8f520a58790e872d0007e2e", "artist": ["NCT U"], "artistIds": ["3paGCCtX1Xr4Gx53mSeZuQ"], "artistPop": [68], "genres": ["k-pop", "k-pop boy group"]}, "4fLqyJzGa4BMozLjhVwNQF": {"name": "Doin\u2019 It Again", "coverArt": "https://i.scdn.co/image/ab67616d00001e022f29862c210e88ad96c50055", "artist": ["Eyelar"], "artistIds": ["3u4qXYRgHgU7YtjZt9sduX"], "artistPop": [54], "genres": ["uk pop"]}, "39w3i9HZdeABnKgeH9PMvH": {"name": "Boundary Street", "coverArt": "https://i.scdn.co/image/ab67616d00001e0228d2b77a5302a7ad333b80b2", "artist": ["Will Joseph Cook"], "artistIds": ["3YO2a6i2cfdFbgxk2HDfPe"], "artistPop": [51], "genres": ["indie pop", "kent indie", "modern alternative pop"]}, "4LPiZEE28GPCQPES6Xxy5A": {"name": "Kids Fallin' In Love", "coverArt": "https://i.scdn.co/image/ab67616d00001e021d17e3c38ff286e0caac3ea7", "artist": ["DOPE LEMON"], "artistIds": ["7oZLKL1GjYiaAgssXsLmW8"], "artistPop": [62], "genres": []}, "1WHUSiJSNgGxi9YGS1J4xe": {"name": "Man Made", "coverArt": "https://i.scdn.co/image/ab67616d00001e02c13a073f5a933e2c652e8aa3", "artist": ["Granger Smith"], "artistIds": ["4sTFGCigAQIUiEy8wSSQNF"], "artistPop": [61], "genres": ["contemporary country", "country", "country road", "modern country rock", "redneck", "texas country"]}, "6IBS5gOzRlnjFLUeH5pYjZ": {"name": "BOZOS", "coverArt": "https://i.scdn.co/image/ab67616d00001e024803ce22a803ac5493cad35d", "artist": ["Tobe Nwigwe", "Big K.R.I.T."], "artistIds": ["3Qh89pgJeZq6d8uM1bTot3", "0CKa42Jqrc9fSFbDjePaXP"], "artistPop": [53, 62], "genres": ["christian hip hop", "houston rap", "alternative hip hop", "conscious hip hop", "dirty south rap", "gangster rap", "hip hop", "houston rap", "mississippi hip hop", "pop rap", "rap", "southern hip hop", "trap", "underground hip hop"]}, "2VEXVaHzsULkCets2pN3rn": {"name": "Every 4", "coverArt": "https://i.scdn.co/image/ab67616d00001e028ba2e399e1913ef6b05044d7", "artist": ["KenTheMan"], "artistIds": ["6o4O5GX5kOWAGXtZUedxo3"], "artistPop": [51], "genres": ["houston rap", "pop r&b"]}, "1M7uameaPY3xlxMde3WLFl": {"name": "CAUTIOUS (feat. Tay Keith)", "coverArt": "https://i.scdn.co/image/ab67616d00001e02b1ab991569ec70908f530cb9", "artist": ["Foogiano", "Tay Keith"], "artistIds": ["5iyTbismzdvyjpjIuhKRvX", "5xkFVS6IwwgHEAaRzXc9U3"], "artistPop": [60, 60], "genres": ["southern hip hop", "trap", "memphis hip hop"]}, "5HuG4b24vH8smIUX9ODQAu": {"name": "Plus 10 (feat. Jack Harlow)", "coverArt": "https://i.scdn.co/image/ab67616d00001e02ec32ebb942fc9de2ef175078", "artist": ["Seddy Hendrinx", "Jack Harlow"], "artistIds": ["4TYOMrAFzxu8wO0yLIpOm4", "2LIk90788K0zvyj2JJVwkJ"], "artistPop": [45, 88], "genres": ["florida rap", "deep underground hip hop", "kentucky hip hop", "pop rap", "rap"]}, "5iSmWab5TvaHaWwJyVSf5i": {"name": "Thank U", "coverArt": "https://i.scdn.co/image/ab67616d00001e022d02989d729c788c1475d544", "artist": ["TheHxliday"], "artistIds": ["2e3LzbZx1VP4wBNFCaxZVD"], "artistPop": [50], "genres": ["sad rap", "vapor trap"]}, "0ziKS5POrDUb0K3xaVlecI": {"name": "Pi\u00e9nsalo", "coverArt": "https://i.scdn.co/image/ab67616d00001e02881324022aa36967f08c6b40", "artist": ["Nobeat"], "artistIds": ["3TKS1JzWOLAnicuOCOyVlW"], "artistPop": [50], "genres": ["reggaeton colombiano"]}, "4Cie6S6uFF16rrVSERAdgx": {"name": "O Stranger", "coverArt": "https://i.scdn.co/image/ab67616d00001e021de7d9f0bc09acc38e725cf7", "artist": ["Sundara Karma"], "artistIds": ["4fgXfJCQnK6c44u4KzAtQP"], "artistPop": [53], "genres": ["english indie rock", "modern alternative rock", "modern rock", "reading indie", "rock"]}, "3rrMpeJpLwtkCYyMK6VpzR": {"name": "Chills", "coverArt": "https://i.scdn.co/image/ab67616d00001e02fac9e7a2c1580e17de7abd6a", "artist": ["GRANDMA"], "artistIds": ["2eYwIt8heUiqcnd0Tmkizk"], "artistPop": [38], "genres": []}, "5WZxsuZkA0NTwd7TzDduiC": {"name": "SUCKAPUNCH - Edit", "coverArt": "https://i.scdn.co/image/ab67616d00001e0215a1a63760899ccfcbac2eae", "artist": ["You Me At Six"], "artistIds": ["1kNQXvepPjaPgUfeDAF2h6"], "artistPop": [62], "genres": ["modern alternative rock", "modern rock", "neon pop punk", "pop emo", "pop punk", "rock"]}, "7yjLdEv8sRozkE9CejRi7v": {"name": "Missing the Mark", "coverArt": "https://i.scdn.co/image/ab67616d00001e02dc7a876b6df97ebf0728ae87", "artist": ["Aquilo"], "artistIds": ["26GHRG8x1F4AzbCKzUaIbw"], "artistPop": [59], "genres": ["indie anthem-folk", "indie cafe pop", "vapor soul"]}, "7KxFCQHFflx0ZlY9SPT5nW": {"name": "When We're Gone", "coverArt": "https://i.scdn.co/image/ab67616d00001e02813d632484d40a541d0b5708", "artist": ["Mesto", "Justin Mylo"], "artistIds": ["0RViEWnZO2VhmY4oI0PhF9", "7MFJyevu6jq0shwDuVLymu"], "artistPop": [58, 51], "genres": ["dutch edm", "edm", "electro house", "future house", "pop dance", "pop edm", "edm", "electro house", "pop dance", "pop edm", "sky room"]}, "2WlQndCclH7hhLMu6Q1rIM": {"name": "Exotica (feat. Mind Enterprises) - Edit", "coverArt": "https://i.scdn.co/image/ab67616d00001e028c7d22b215b90ca3666e840b", "artist": ["Purple Disco Machine", "Mind Enterprises"], "artistIds": ["2WBJQGf1bT1kxuoqziH5g4", "5pN1DJhPFDKso4OtC0QhnB"], "artistPop": [73, 41], "genres": ["deep house", "disco house", "house", "tropical house"]}, "7zGgSb3Hc5DKsAUU1ZsbPu": {"name": "Headhunna", "coverArt": "https://i.scdn.co/image/ab67616d00001e02a80aba3eeeea63fba9e68be2", "artist": ["Rahli"], "artistIds": ["6WwVzGJQWr2jU3iBgl8WPm"], "artistPop": [27], "genres": []}, "2WjUhZx6UhseVACTwAdYmH": {"name": "Dope Boyz & Trap Godz", "coverArt": "https://i.scdn.co/image/ab67616d00001e0294c32726d9b270e84bb4fd90", "artist": ["Young Scooter", "2 Chainz", "Rick Ross", "Zaytoven"], "artistIds": ["4cmA2QDPdzh8W2ytpyUGes", "17lzZA2AlOHwCwFALHttmp", "1sBkRIssrMs1AbVkOJbc7a", "1mceaxtjWdEmwoDVAlkC41"], "artistPop": [55, 80, 81, 54], "genres": ["atl trap", "dirty south rap", "drill", "gangster rap", "houston rap", "rap", "southern hip hop", "trap", "atl hip hop", "gangster rap", "hip hop", "pop rap", "rap", "southern hip hop", "trap", "dirty south rap", "gangster rap", "hip hop", "pop rap", "rap", "southern hip hop", "trap", "atl hip hop", "atl trap", "dirty south rap", "gangster rap", "houston rap", "melodic rap", "rap", "southern hip hop", "trap", "vapor trap"]}, "3jkelGvXTCGBjWGzLmYAYj": {"name": "You Got Me (feat. Frut)", "coverArt": "https://i.scdn.co/image/ab67616d00001e02d8510c5b4128f4ce8f7d3513", "artist": ["Austin Mahone", "Frut"], "artistIds": ["04abdnqPQe2N4fjztDea6z", "3cIA01BY1KiU2Z8afTigEs"], "artistPop": [61, 14], "genres": ["dance pop", "pop", "post-teen pop", "viral pop"]}, "2tVkFxyePqB0o4Y4SYKV0Q": {"name": "Breath", "coverArt": "https://i.scdn.co/image/ab67616d00001e0277353828d735462a188a6301", "artist": ["GOT7"], "artistIds": ["6nfDaffa50mKtEOwR8g4df"], "artistPop": [67], "genres": ["k-pop", "k-pop boy group"]}, "5CrJqWWU45zlY3TwEaED6q": {"name": "Solid Gold", "coverArt": "https://i.scdn.co/image/ab67616d00001e02051acbcd940f1ece7f77d49d", "artist": ["Sheppard"], "artistIds": ["6VxCmtR7S3yz4vnzsJqhSV"], "artistPop": [64], "genres": ["australian indie", "australian pop", "folk-pop", "modern rock", "pop rock"]}, "6plPdesevYyvSPqIbNo5wA": {"name": "Personal", "coverArt": "https://i.scdn.co/image/ab67616d00001e02f63ad5133c666a5924dce36c", "artist": ["Lil Chawley"], "artistIds": ["20y82mJP18DUKtskoowe8k"], "artistPop": [28], "genres": []}, "13PXUvvgSzNASB3ThaKQJ5": {"name": "No Love", "coverArt": "https://i.scdn.co/image/ab67616d00001e02e31611082f780a93602cf989", "artist": ["Lil Kee"], "artistIds": ["21UqznWenhsInMOKxpVPBd"], "artistPop": [36], "genres": ["atl trap"]}, "4cauC1JRVgve0DiK2ECPrH": {"name": "Time Flow", "coverArt": "https://i.scdn.co/image/ab67616d00001e02e90ad65c5c3e5f94cfa38ef7", "artist": ["Rae Rae"], "artistIds": ["0c2cwdOEbkz41H31NHXaMH"], "artistPop": [35], "genres": []}, "2vfl8V78ai2lyCyFn1cPWx": {"name": "Ros\u00e9", "coverArt": "https://i.scdn.co/image/ab67616d00001e023d197fe39ea86e8b4ac05f28", "artist": ["Call Me Loop"], "artistIds": ["6NEekR0i3JC1r4BntSjskE"], "artistPop": [42], "genres": ["uk pop"]}, "1Mtbvca7DOQQSMKHvNzsuY": {"name": "Where's That Girl?", "coverArt": "https://i.scdn.co/image/ab67616d00001e02de632aaa64931c7f3da32f22", "artist": ["Abigail Barlow", "Ariza"], "artistIds": ["5rw6jWzcS6bQimR39VPBXu", "4hfAjEKTAFTmJvGQCGTED5"], "artistPop": [60, 46], "genres": ["alt z", "modern indie pop", "la pop"]}, "7LJa5dkgMgEZjKwYfq5aCn": {"name": "No Choice", "coverArt": "https://i.scdn.co/image/ab67616d00001e0229479fb05a979bda740ebb84", "artist": ["DC Young Fly", "Fetty Wap"], "artistIds": ["6eXSPW6KeL9Wlv7d1CnqK8", "6PXS4YHDkKvl1wkIl4V8DL"], "artistPop": [39, 73], "genres": ["new jersey rap", "pop rap", "rap", "southern hip hop", "trap"]}, "3MnCnBxIDgkcS8gfZ5PKoa": {"name": "Toxic (feat. Luh Kel)", "coverArt": "https://i.scdn.co/image/ab67616d00001e029a410bbc07bdf7beeab1e9c9", "artist": ["LBS Kee'vin", "Luh Kel"], "artistIds": ["7CnxjDbOLSjMEAcyehjztA", "24CgJHK6T7C5OmUbiLLMjJ"], "artistPop": [42, 65], "genres": ["florida rap", "pop r&b", "st louis rap"]}, "5Gztof5fRVx6kCcGPoEN4q": {"name": "First Year", "coverArt": "https://i.scdn.co/image/ab67616d00001e022b1344d4de6671fac0bbcd46", "artist": ["Slatt Zy", "Pooh Shiesty"], "artistIds": ["2PCrvJNRI8qGLtz9QwL7fq", "5F1aAS1duwlzExnPs3l2Xe"], "artistPop": [45, 76], "genres": ["tennessee hip hop", "memphis hip hop", "rap", "tennessee hip hop", "trap"]}, "6VZMIyzOupI4vA68RaUgXb": {"name": "Poco", "coverArt": "https://i.scdn.co/image/ab67616d00001e02eb79191f96e6d8a68f2fc125", "artist": ["Reik", "Christian Nodal"], "artistIds": ["0vR2qb8m9WHeZ5ByCbimq2", "0XwVARXT135rw8lyw1EeWP"], "artistPop": [82, 83], "genres": ["latin", "latin arena pop", "latin pop", "mexican pop", "mariachi", "nuevo regional mexicano", "ranchera", "regional mexican"]}, "1R8N3HYvfzEEHekrgV3Kte": {"name": "Time Machine", "coverArt": "https://i.scdn.co/image/ab67616d00001e028507777e0e13ab02fc40abac", "artist": ["Painted Shield"], "artistIds": ["7kmm4Wi3pbsCHHIYqgYgX9"], "artistPop": [25], "genres": []}, "78NUK5RYdPd11iUZk6j4ys": {"name": "Inappropriate", "coverArt": "https://i.scdn.co/image/ab67616d00001e025fcc7acc3e468c5663e8d2a4", "artist": ["ZAND"], "artistIds": ["0zCrrgklotTrkkJDNUAury"], "artistPop": [40], "genres": ["alt z", "indie poptimism"]}, "3o1XbNGt1aQoKCuZEn8zYk": {"name": "H8 Lovin", "coverArt": "https://i.scdn.co/image/ab67616d00001e020798d830f5c84534e876986f", "artist": ["VEN"], "artistIds": ["2xPLp9tmXTHLlyiIl5KFJ2"], "artistPop": [10], "genres": []}, "2dcKLgm3TCKtUF3Z4vUBQf": {"name": "Words That We Said", "coverArt": "https://i.scdn.co/image/ab67616d00001e02214e08c319d2f85f550f9021", "artist": ["C. James"], "artistIds": ["77Y0VaGhTLxtpZ0nLbD2oD"], "artistPop": [24], "genres": []}, "3fRcZb7KUm09Eopeu34uUK": {"name": "Scandalous - Remix", "coverArt": "https://i.scdn.co/image/ab67616d00001e025ab456081b8c5cd285c9e668", "artist": ["Wallie the Sensei", "42 Dugg"], "artistIds": ["6cUpFVxDYWed9WxtC4QgC5", "45gHcnDnMC15sgx3VL7ROG"], "artistPop": [44, 76], "genres": ["cali rap", "detroit trap", "rap", "southern hip hop", "trap"]}, "7bUgkElvOK9jkph6stj7JA": {"name": "GOAT FREESTYLE (feat. Sleepy Hallow)", "coverArt": "https://i.scdn.co/image/ab67616d00001e025b93903e7cc9a9d3bf58d175", "artist": ["Eli Fross", "Sleepy Hallow"], "artistIds": ["6Vy1VMVCyTgbcmA1iz0QFg", "6EPlBSH2RSiettczlz7ihV"], "artistPop": [52, 82], "genres": ["brooklyn drill", "brooklyn drill", "nyc rap"]}, "3WEdMF9YYE4fI7XclTEtUu": {"name": "Cake", "coverArt": "https://i.scdn.co/image/ab67616d00001e02d7fd1900c98d0f7275d9e074", "artist": ["GLDI"], "artistIds": ["1xVj7bQtWHPyupYOBCoslj"], "artistPop": [12], "genres": []}, "2Qtb3C6r1RJAkMzBY3aSKr": {"name": "Break Up Song", "coverArt": "https://i.scdn.co/image/ab67616d00001e024dbf48812e3cc1f7d7ae1106", "artist": ["Anna Straker"], "artistIds": ["4irCZ5mqRsmTXEEbMvO2VZ"], "artistPop": [34], "genres": ["indie electropop"]}, "2G8eh8xA9e3idRI1gD5Khs": {"name": "motel 6", "coverArt": "https://i.scdn.co/image/ab67616d00001e02b0b60cde529f95ad1e004a18", "artist": ["Jades Goudreault"], "artistIds": ["1LFfKkCrn95l1ZuxCNa3yN"], "artistPop": [40], "genres": ["alt z", "la pop"]}, "5zWWZ396QAbTLrVfJEG4s2": {"name": "Magpie", "coverArt": "https://i.scdn.co/image/ab67616d00001e02379fb5cde702759e67f089de", "artist": ["Denis Coleman"], "artistIds": ["2GeBEYu1QdpAG6xEDf8PQt"], "artistPop": [36], "genres": []}}