{"0bBd6K5X4W7t9GyXcaVOA7": {"name": "Sigue", "coverArt": "https://i.scdn.co/image/ab67616d00001e028717b3ce89ee66bfb1133700", "artist": ["J Balvin", "Ed Sheeran"], "artistIds": ["1vyhD5VmyZ7KMfW5gqLgo5", "6eUKZXaKkcviH0Ku9w2n3V"], "artistPop": [93, 96], "genres": ["latin", "reggaeton", "reggaeton colombiano", "trap latino", "pop", "uk pop"]}, "5x8NgG7Ya18m9wafOvvWYk": {"name": "Lost and Found Freestyle 2019 (with Tyler, The Creator & Nigo)", "coverArt": "https://i.scdn.co/image/ab67616d00001e023c5fdcf8a1ea2d226e277460", "artist": ["A$AP Rocky", "Tyler, The Creator", "Nigo"], "artistIds": ["13ubrt8QOOCPljQ2FL1Kca", "4V8LLVI7PbaPR0K2TGSxFF", "2rAnv6brcXaglLZBB4XXEn"], "artistPop": [86, 90, 71], "genres": ["east coast hip hop", "hip hop", "rap", "trap", "hip hop", "rap"]}, "50eJOxJiGmJ7PBZaTKpje1": {"name": "make up sex (feat. blackbear)", "coverArt": "https://i.scdn.co/image/ab67616d00001e02b4683d9ac3c5f14a71523c84", "artist": ["Machine Gun Kelly", "blackbear"], "artistIds": ["6TIYQ3jFPwQSRmorSezPxX", "2cFrymmkijnjDg9SS92EPM"], "artistPop": [88, 86], "genres": ["ohio hip hop", "pop rap", "electropop", "pop", "pop rap"]}, "2bdqU7C4softKNcMYDFi96": {"name": "chaotic", "coverArt": "https://i.scdn.co/image/ab67616d00001e02962dffe5cc5a5118d0620b76", "artist": ["Tate McRae"], "artistIds": ["45dkTj5sMRSjrmBSBeiHym"], "artistPop": [84], "genres": ["alt z", "pop", "post-teen pop"]}, "2kxytjpDPwjZGqVLH8eWkr": {"name": "Humble Quest", "coverArt": "https://i.scdn.co/image/ab67616d00001e024e78f6837899f1c2d3e96e4e", "artist": ["Maren Morris"], "artistIds": ["6WY7D3jk8zTrHtmkqqo5GI"], "artistPop": [78], "genres": ["contemporary country", "country", "pop", "texas country"]}, "0oGl8U34a4tiAZPj5MMI2e": {"name": "Child of God", "coverArt": "https://i.scdn.co/image/ab67616d00001e0273446fd9f5875dc5f6249661", "artist": ["Chance the Rapper"], "artistIds": ["1anyVhU62p31KFi8MEzkbf"], "artistPop": [80], "genres": ["chicago rap", "conscious hip hop", "hip hop", "pop rap", "rap"]}, "3Lf16tRdqj4H7MBtCSztDS": {"name": "Sunshine (feat. Lil Wayne & Childish Gambino)", "coverArt": "https://i.scdn.co/image/ab67616d00001e02a370f3451d599b7cf7d14916", "artist": ["Latto", "Lil Wayne", "Childish Gambino"], "artistIds": ["3MdXrJWsbVzdn6fe5JYkSQ", "55Aa2cqylxrFIXC767Z865", "73sIBHcqh3Z3NyqHKZ7FOL"], "artistPop": [74, 91, 81], "genres": ["pop", "pop r&b", "pop rap", "r&b", "trap queen", "hip hop", "new orleans rap", "pop rap", "rap", "trap", "atl hip hop", "hip hop", "rap"]}, "77OK2W45f7DEYgUEQs00PY": {"name": "Highway Boys", "coverArt": "https://i.scdn.co/image/ab67616d00001e028bdd70d79e9b026c64a3fb84", "artist": ["Zach Bryan"], "artistIds": ["40ZNYROS4zLfyyBSs2PGe2"], "artistPop": [76], "genres": ["oklahoma country"]}, "48AJSd42lXpicsGqcgopof": {"name": "X \u00daLTIMA VEZ", "coverArt": "https://i.scdn.co/image/ab67616d00001e0242b84b2b0aa47bc162b29522", "artist": ["Daddy Yankee", "Bad Bunny"], "artistIds": ["4VMYDCV2IEDYJArk749S6m", "4q3ewBCX7sLwd24euuV69X"], "artistPop": [91, 100], "genres": ["latin", "latin hip hop", "reggaeton", "trap latino", "latin", "reggaeton", "trap latino"]}, "3zQ61IRdlSbEyYQlwQZZxS": {"name": "We Go Up (feat. Fivio Foreign)", "coverArt": "https://i.scdn.co/image/ab67616d00001e027f408c4e678603a8bfea8a27", "artist": ["Nicki Minaj", "Fivio Foreign"], "artistIds": ["0hCNtLu0JehylgoiP8L4Gh", "14CHVeJGrR5xgUGQFV5BVM"], "artistPop": [90, 79], "genres": ["dance pop", "hip pop", "pop", "pop rap", "queens hip hop", "brooklyn drill", "new york drill", "rap", "trap"]}, "0IMUFRaM2W3wKNM1CSQ4Zm": {"name": "No Love (with SZA & Cardi B) - Extended Version", "coverArt": "https://i.scdn.co/image/ab67616d00001e0228bd647538c42ef1c0736b17", "artist": ["Summer Walker", "SZA", "Cardi B"], "artistIds": ["57LYzLEk2LcFghVwuWbcuS", "7tYKF4w9nC0nq9CsPZTHyP", "4kYSro6naA4h99UJvo89HB"], "artistPop": [82, 87, 85], "genres": ["pop", "r&b", "pop", "r&b", "dance pop", "pop", "pop rap", "rap"]}, "4qo8MT581bE5mDm7FGi5qB": {"name": "Selfish Girl", "coverArt": "https://i.scdn.co/image/ab67616d00001e02e3a5026339c28deea57a4a8d", "artist": ["Charli XCX"], "artistIds": ["25uiPmTg16RbhZWAqwLBy5"], "artistPop": [83], "genres": ["art pop", "candy pop", "dance pop", "electropop", "metropopolis", "pop", "uk pop"]}, "5aXTfpNOqLj35ydEiLio67": {"name": "Follow", "coverArt": "https://i.scdn.co/image/ab67616d00001e02bcf3d01f9ceedb03a00aba25", "artist": ["Martin Garrix", "Zedd"], "artistIds": ["60d24wfXkVzDSfLS6hyCjZ", "2qxJFvFYMEDqd7ui6kSAcq"], "artistPop": [81, 80], "genres": ["dance pop", "dutch edm", "edm", "pop", "pop dance", "progressive house", "tropical house", "complextro", "dance pop", "edm", "electro house", "electropop", "german techno", "pop", "pop dance", "pop rap", "tropical house"]}, "1Cg51Jk6EoXBQ0KiwzWJfm": {"name": "Playboy", "coverArt": "https://i.scdn.co/image/ab67616d00001e02a5fb785c3cc197c8951de912", "artist": ["Fireboy DML"], "artistIds": ["75VKfyoBlkmrJFDqo1o2VY"], "artistPop": [77], "genres": ["afro dancehall"]}, "2avRIlZPDXdDOdPIgCcKq3": {"name": "Tamagotchi", "coverArt": "https://i.scdn.co/image/ab67616d00001e02dcd9c59828fec0249498bc98", "artist": ["Omar Apollo"], "artistIds": ["5FxD8fkQZ6KcsSYupDVoSO"], "artistPop": [71], "genres": ["alternative r&b", "bedroom pop", "bedroom soul", "chill r&b", "indie r&b", "pop", "r&b"]}, "1upVvXlWQUwAPuLN3oh8lk": {"name": "Talk", "coverArt": "https://i.scdn.co/image/ab67616d00001e020f36079f1801980c665989b1", "artist": ["beabadoobee"], "artistIds": ["35l9BRT7MXmM8bv2WDQiyB"], "artistPop": [75], "genres": ["bedroom pop", "bubblegrunge", "indie pop"]}, "1aXWzWjj5Lchfm44Uet9nZ": {"name": "Naked", "coverArt": "https://i.scdn.co/image/ab67616d00001e02ae120f86151f5b19d63e291e", "artist": ["FINNEAS"], "artistIds": ["37M5pPGs6V1fchFJSgCguX"], "artistPop": [75], "genres": ["alt z", "electropop", "la indie", "pop"]}, "3I3O8aazwBKkXN6RNjY06L": {"name": "In My Head (feat. Travis Barker)", "coverArt": "https://i.scdn.co/image/ab67616d00001e024246465dc88b306702d8c09b", "artist": ["24kGoldn", "Travis Barker"], "artistIds": ["6fWVd57NKTalqvmjRd2t8Z", "4exLIFE8sISLr28sqG1qNX"], "artistPop": [81, 79], "genres": ["cali rap", "pop rap", "rap rock"]}, "0aMOalD335v1hsSXmLURzz": {"name": "Time N Affection", "coverArt": "https://i.scdn.co/image/ab67616d00001e02ffa52727feedfd1935d160c4", "artist": ["Rema", "Chris Brown"], "artistIds": ["46pWGuE3dSwY3bMMXGBvVS", "7bXgB6jMjp9ATFy66eO08Z"], "artistPop": [73, 90], "genres": ["nigerian pop", "dance pop", "pop", "pop rap", "r&b", "rap"]}, "72EaWichAXl7tTulGwxCKO": {"name": "Waterfall", "coverArt": "https://i.scdn.co/image/ab67616d00001e02778883ea73e18340aea2fc28", "artist": ["Disclosure", "RAYE"], "artistIds": ["6nS5roXSAGhTGr34W6n7Et", "5KKpBU5eC2tJDzf0wmlRp2"], "artistPop": [78, 77], "genres": ["edm", "house", "pop", "uk dance", "dance pop", "edm", "pop", "pop dance", "post-teen pop", "tropical house", "uk contemporary r&b", "uk dance", "uk pop"]}, "0ZAPRZcbR0htDzrhfiOina": {"name": "NO HOTEL", "coverArt": "https://i.scdn.co/image/ab67616d00001e02325156af9855e351b32d88a5", "artist": ["Lykke Li"], "artistIds": ["6oBm8HB0yfrIc9IHbxs6in"], "artistPop": [73], "genres": ["art pop", "electropop", "pop", "swedish electropop", "swedish indie pop", "swedish pop"]}, "78zWCikDMYzFpXAdqANPrD": {"name": "3 outfits", "coverArt": "https://i.scdn.co/image/ab67616d00001e023f6fb7eacf6ce52a5264fe7a", "artist": ["Tai Verdes"], "artistIds": ["2kCO8LXN1usaOPL3iEE28I"], "artistPop": [76], "genres": ["modern indie pop"]}, "5viz8trU1uh1pngW0hWr3l": {"name": "Give Me The Reason", "coverArt": "https://i.scdn.co/image/ab67616d00001e02619923d1278de7d2511c92f3", "artist": ["James Bay"], "artistIds": ["4EzkuveR9pLvDVFNx6foYD"], "artistPop": [76], "genres": ["modern rock", "neo mellow", "pop", "pop rock"]}, "6ps0RcnIrPoiMd9vfcA9KB": {"name": "neverletyougo", "coverArt": "https://i.scdn.co/image/ab67616d00001e021981434110f563cde5cc7163", "artist": ["ROLE MODEL"], "artistIds": ["1dy5WNgIKQU6ezkpZs4y8z"], "artistPop": [68], "genres": ["alt z", "bedroom pop", "indie pop", "pop"]}, "2gpQi3hbcUAcEG8m2dlgfB": {"name": "Plan A", "coverArt": "https://i.scdn.co/image/ab67616d00001e027e1179e64539bedc938933ef", "artist": ["Paulo Londra"], "artistIds": ["3vQ0GE3mI0dAaxIMYe5g7z"], "artistPop": [83], "genres": ["argentine hip hop", "trap argentino", "trap latino"]}, "38umMmZQdeoOG7Zojor4g3": {"name": "ANGOSTURA", "coverArt": "https://i.scdn.co/image/ab67616d00001e0219aff2da63b211d75341e8eb", "artist": ["keshi"], "artistIds": ["3pc0bOVB5whxmD50W79wwO"], "artistPop": [78], "genres": ["chill r&b", "pop"]}, "3p4YmRsO7aOu8PUbwdN3OB": {"name": "I Be", "coverArt": "https://i.scdn.co/image/ab67616d00001e025285bb1b284807e97b537c16", "artist": ["Key Glock"], "artistIds": ["0RESbWvOMyua0yuyVrztJ5"], "artistPop": [79], "genres": ["hip hop", "memphis hip hop", "rap", "southern hip hop", "tennessee hip hop", "trap"]}, "0WFOl7P9gowO92fuI0eJIZ": {"name": "Stars In The Sky - From Sonic The Hedgehog 2", "coverArt": "https://i.scdn.co/image/ab67616d00001e02cdbb5fea4421e625705c16cd", "artist": ["Kid Cudi"], "artistIds": ["0fA0VVWsXO9YnASrzqfmYu"], "artistPop": [86], "genres": ["hip hop", "ohio hip hop", "rap"]}, "5bVFeC0hVdaA29A1V6hIqY": {"name": "Bring It On Home to Me", "coverArt": "https://i.scdn.co/image/ab67616d00001e0293f378a9a1bed50491d01fb9", "artist": ["Michael Bubl\u00e9"], "artistIds": ["1GxkXlMwML1oSg5eLPiAz3"], "artistPop": [78], "genres": ["adult standards", "canadian pop", "jazz pop", "lounge"]}, "6OYly4TGeYQFNXrt6Qh1JA": {"name": "Better Version", "coverArt": "https://i.scdn.co/image/ab67616d00001e02affc9eb4caffdf9eeeb64eee", "artist": ["Sabrina Claudio"], "artistIds": ["30DhU7BDmF4PH0JVhu8ZRg"], "artistPop": [68], "genres": ["alternative r&b", "chill r&b", "pop", "r&b"]}, "29lLqXN6gPZv4Ol92YmkRn": {"name": "Kis\u00e9", "coverArt": "https://i.scdn.co/image/ab67616d00001e028f51695fb0bf04237af2d922", "artist": ["Lous and The Yakuza"], "artistIds": ["2HPiMwJktBXqakN0hnON2R"], "artistPop": [58], "genres": ["belgian pop"]}, "2DyiZvzSxkf1N6fvcfEKEO": {"name": "Troubles [Feat. T-Pain]", "coverArt": "https://i.scdn.co/image/ab67616d00001e02e017a5da4e602646a583b94d", "artist": ["Denzel Curry", "T-Pain"], "artistIds": ["6fxyWrfmjcbj5d12gXeiNV", "3aQeKQSyrW4qWr35idm0cy"], "artistPop": [78, 82], "genres": ["dark trap", "drill", "hip hop", "miami hip hop", "rap", "underground hip hop", "dance pop", "hip hop", "pop", "pop rap", "r&b", "rap", "southern hip hop", "urban contemporary"]}, "5NMWPokmUZIX1ySu7YLF74": {"name": "Free The Shiners", "coverArt": "https://i.scdn.co/image/ab67616d00001e02661fae15e8bd98240abbb2bc", "artist": ["42 Dugg", "EST Gee"], "artistIds": ["45gHcnDnMC15sgx3VL7ROG", "4FlG0V0jhLO4qGpayFOphj"], "artistPop": [77, 72], "genres": ["detroit trap", "pop rap", "rap", "southern hip hop", "trap", "kentucky hip hop", "rap", "southern hip hop", "trap"]}, "6sQ1IeoCqOF3RjpCitYDWq": {"name": "Trip", "coverArt": "https://i.scdn.co/image/ab67616d00001e027f8c82afe8926bcb72d95c87", "artist": ["Yung Lean"], "artistIds": ["67lytN32YpUxiSeWlKfHJ3"], "artistPop": [76], "genres": ["psychedelic hip hop", "underground hip hop"]}, "0LKu09Iq053CEUZ5ktQEWc": {"name": "Mojando Asientos (feat. Feid)", "coverArt": "https://i.scdn.co/image/ab67616d00001e0219e7de260e7873b5a6681006", "artist": ["Maluma", "Feid"], "artistIds": ["1r4hJ1h58CWwUQe3MxPuau", "2LRoIwlKmHjgvigdNGBHNo"], "artistPop": [89, 84], "genres": ["latin", "reggaeton", "reggaeton colombiano", "trap latino", "colombian pop", "latin", "pop reggaeton", "reggaeton", "reggaeton colombiano", "trap latino"]}, "26wuBc04catG1QQyYupr35": {"name": "Love Letter (feat. The Knocks)", "coverArt": "https://i.scdn.co/image/ab67616d00001e0209a0bbc3d95df9684bf0dd0c", "artist": ["ODESZA", "The Knocks"], "artistIds": ["21mKp7DqtSNHhCAU2ugvUw", "2x7EATekOPhFGRx3syMGEC"], "artistPop": [73, 70], "genres": ["chillwave", "ninja", "alternative dance", "edm", "indie poptimism", "indietronica", "nu disco", "tropical house"]}, "2oBMZYteeO8DyXV9gDx6Za": {"name": "Feel My Rhythm", "coverArt": "https://i.scdn.co/image/ab67616d00001e028c4a282e84a53c1c8acf129a", "artist": ["Red Velvet"], "artistIds": ["1z4g3DjTBBZKhvAroFlhOM"], "artistPop": [78], "genres": ["k-pop", "k-pop girl group"]}, "3HQrxN0bBKxWIKRmgjUq06": {"name": "Next Time", "coverArt": "https://i.scdn.co/image/ab67616d00001e0206fd134975bb79bda3fb72be", "artist": ["JESSIA"], "artistIds": ["6DdbeAeBlrYj8bNToZv4TY"], "artistPop": [59], "genres": ["alt z"]}, "2w9nvs1ByWUGkED4M0ug34": {"name": "Unloving You", "coverArt": "https://i.scdn.co/image/ab67616d00001e0228aec13f7c4b762c5c9433f4", "artist": ["Anson Seabra"], "artistIds": ["2jHp7gQArCQrlMvdrIVFCg"], "artistPop": [73], "genres": ["alt z", "gen z singer-songwriter", "pop"]}, "2K036A2TOlSr13Ej8s6ODk": {"name": "Never Go Wrong", "coverArt": "https://i.scdn.co/image/ab67616d00001e02f0d3d41d900cee11215b17e4", "artist": ["Nicky Youre", "david hugo"], "artistIds": ["7qmpXeNz2ojlMl2EEfkeLs", "0IErJSgNHRD1DAH0X7yHvn"], "artistPop": [67, 56], "genres": ["pop", "alt z", "chill r&b", "modern indie pop"]}, "4jU4Go8TPo3bkvRQSYbp8x": {"name": "Disappointment (feat. Rxseboy)", "coverArt": "https://i.scdn.co/image/ab67616d00001e0282fb865fb9b10bfef16d9419", "artist": ["Sarcastic Sounds", "Rxseboy"], "artistIds": ["1bq8rqNnfrojn0OSAfeNXJ", "1ScHz7wPPxVTEKsc9g3Z0c"], "artistPop": [71, 69], "genres": ["lo-fi beats", "lo-fi chill", "sad lo-fi", "aesthetic rap", "sad lo-fi", "sad rap"]}, "5wkEdciZkVGiasumRPReSV": {"name": "Marvelous", "coverArt": "https://i.scdn.co/image/ab67616d00001e02e3860c66d41f495a9559a439", "artist": ["Wallows"], "artistIds": ["0NIPkIjTV8mB795yEIiPYL"], "artistPop": [76], "genres": ["indie pop", "modern rock", "pop"]}, "4rXfbIpiDnGxZYIflm8LSQ": {"name": "Killing Me", "coverArt": "https://i.scdn.co/image/ab67616d00001e02eeb50d89d4791cd5cddd8fb9", "artist": ["COIN"], "artistIds": ["0ZxZlO7oWCSYMXhehpyMvE"], "artistPop": [71], "genres": ["indie pop", "indie poptimism", "modern alternative rock", "modern rock", "pop", "pop rock"]}, "2iDnZkKM40F9u9b44Y6Zc7": {"name": "The Garden of Eden", "coverArt": "https://i.scdn.co/image/ab67616d00001e02a4f047b7aa71b7367dc672f6", "artist": ["Weezer"], "artistIds": ["3jOstUTkEu2JkjvRdBA5Gu"], "artistPop": [77], "genres": ["alternative rock", "modern power pop", "modern rock", "permanent wave", "rock"]}, "3wjD1rkZVPjXAlNtYhJNEB": {"name": "Break From It", "coverArt": "https://i.scdn.co/image/ab67616d00001e02fad52c5099ae4a39d59f1308", "artist": ["Sheff G"], "artistIds": ["1tG7s7S4sq2eFFW0QZyLbm"], "artistPop": [75], "genres": ["brooklyn drill", "new york drill", "nyc rap"]}, "1hze2kmg5hKQjGOcHCE5OM": {"name": "Shine", "coverArt": "https://i.scdn.co/image/ab67616d00001e021ef38195f01a83d968244c2c", "artist": ["Koffee"], "artistIds": ["1gWjcmBsveEYMxOZ0VRi32"], "artistPop": [68], "genres": ["dancehall", "modern reggae"]}, "659179UI47crJGFp0RrCwU": {"name": "To Love A Man", "coverArt": "https://i.scdn.co/image/ab67616d00001e022bc44c8104524585f3e369bc", "artist": ["Celeste"], "artistIds": ["49HlOY4gkHqsYG9GCuhkcc"], "artistPop": [66], "genres": ["british soul"]}, "2AuvCgODcdFVPHdErDoQuY": {"name": "sad disco", "coverArt": "https://i.scdn.co/image/ab67616d00001e024212dae2063bc00016de3d85", "artist": ["mxmtoon"], "artistIds": ["0HthCchcL0kVLHTr113Vk1"], "artistPop": [72], "genres": ["alt z", "bedroom pop", "indie pop", "pop"]}, "2kpOZP2szJea4TExBH2DJu": {"name": "Marching Band", "coverArt": "https://i.scdn.co/image/ab67616d00001e02fb5b8fa94bca76b7da753967", "artist": ["Surf Mesa", "Nitti Gritti"], "artistIds": ["1lmU3giNF3CSbkVSQmLpHQ", "21AUdblPrTRzkvJn8FGrlk"], "artistPop": [69, 62], "genres": ["tropical house", "dubstep", "edm", "electro house", "electronic trap"]}, "4HBaBg9EzXkTspFJ3y3uE0": {"name": "It's Only Love, Nobody Dies", "coverArt": "https://i.scdn.co/image/ab67616d00001e02fc59f417792c2d99379abe87", "artist": ["Sofia Carson"], "artistIds": ["7bp2lSdh12wcA8LyB1srfJ"], "artistPop": [70], "genres": ["dance pop", "pop", "post-teen pop", "social media pop"]}, "5jpqyokFLz5Atb9Ve6f0FH": {"name": "Not the One", "coverArt": "https://i.scdn.co/image/ab67616d00001e02845937785d17cf265d678b60", "artist": ["Red Hot Chili Peppers"], "artistIds": ["0L8ExT028jH3ddEcZwqJJ5"], "artistPop": [86], "genres": ["alternative rock", "funk metal", "funk rock", "permanent wave", "rock"]}, "1KX30hHDvpBRvm3JXxtYEY": {"name": "Tunnel of You", "coverArt": "https://i.scdn.co/image/ab67616d00001e0247be61102b0e3113592fc884", "artist": ["Cannons"], "artistIds": ["7FtCyCJCJaxabYO7Uyda5B"], "artistPop": [66], "genres": ["vapor soul"]}, "7cuXfrCsbCOfHIj6iZUn3P": {"name": "Jersey", "coverArt": "https://i.scdn.co/image/ab67616d00001e02d20f3b2cccbf47dfb21bc479", "artist": ["Barrie"], "artistIds": ["1pHO6SCEw9tuRx0IVMFL0g"], "artistPop": [50], "genres": ["brooklyn indie", "indie pop", "vapor soul"]}, "3NfykbNWo0nDR4aLdenRaO": {"name": "Complicated - Spotify Singles", "coverArt": "https://i.scdn.co/image/ab67616d00001e02b54d18723cef87b8eee947ba", "artist": ["Del Water Gap"], "artistIds": ["0xPoVNPnxIIUS1vrxAYV00"], "artistPop": [62], "genres": ["deep new americana", "indie pop", "modern rock"]}, "3e0Fsepl4cEuiuB71jTpLe": {"name": "Take It Easy", "coverArt": "https://i.scdn.co/image/ab67616d00001e02b1cf2470a32927df0619baf8", "artist": ["Jensen McRae"], "artistIds": ["11dABkjSoOjcP9p3TFSNRj"], "artistPop": [52], "genres": ["gen z singer-songwriter", "indie pop"]}, "5D5GaTQzhnRCewTB4yMnIk": {"name": "DEATH FANTASY", "coverArt": "https://i.scdn.co/image/ab67616d00001e02f86553be029e84fd1d070fb7", "artist": ["Kilo Kish", "Miguel"], "artistIds": ["7lsnwlX6puQ7lcpSEpJbZE", "360IAlyVv4PCEVjgyMZrxK"], "artistPop": [55, 81], "genres": ["alternative r&b", "art pop", "electropop", "escape room", "dance pop", "pop", "r&b", "urban contemporary"]}, "3b3TFgnFPhUSk8lvHdO6lX": {"name": "Acid in My Blood", "coverArt": "https://i.scdn.co/image/ab67616d00001e02f343dcf874374bbe6f235c4f", "artist": ["Channel Tres"], "artistIds": ["4cUkGQyhLFqKHBtL58HYVp"], "artistPop": [66], "genres": ["indie soul", "la pop"]}, "2RXhmevjfxVlM9Kd7h0fhZ": {"name": "Hoochie Mama", "coverArt": "https://i.scdn.co/image/ab67616d00001e02e5fdc577cd4e93c2c78ad374", "artist": ["Buddy"], "artistIds": ["6PDLwWvgYNMfBRLqC1h5cJ"], "artistPop": [67], "genres": ["alternative r&b", "cali rap", "underground hip hop"]}, "23lerLvvPlJqcFB8ZEDkov": {"name": "No Love (feat. Sleepy Hallow)", "coverArt": "https://i.scdn.co/image/ab67616d00001e02349a88d5dbd802e435b486c9", "artist": ["Fredo Bang", "Sleepy Hallow"], "artistIds": ["4yTmEo2clwWq2jwelvqgVv", "6EPlBSH2RSiettczlz7ihV"], "artistPop": [66, 81], "genres": ["baton rouge rap", "southern hip hop", "trap", "brooklyn drill", "nyc rap"]}, "4wrhAoRQfmv35znEXDip7X": {"name": "up again", "coverArt": "https://i.scdn.co/image/ab67616d00001e021ff50880d690956973261246", "artist": ["mike."], "artistIds": ["5G9kmDLg3OeUyj8KVBLzbu"], "artistPop": [74], "genres": ["indie pop rap", "pop rap", "rhode island rap"]}, "5QOKsL8sdbosNPxDFJNPQz": {"name": "Last Call", "coverArt": "https://i.scdn.co/image/ab67616d00001e02e04fc9e2797cd675e1e58dbf", "artist": ["Jamie Miller"], "artistIds": ["2LkkwxA19J8C52wPQl5bG6"], "artistPop": [71], "genres": ["pop soul"]}, "5TbZEYpwXya5oNqGJbiIQx": {"name": "evergone", "coverArt": "https://i.scdn.co/image/ab67616d00001e0275ea35a2eb7b4d0f91189595", "artist": ["Christina Perri"], "artistIds": ["7H55rcKCfwqkyDFH9wpKM6"], "artistPop": [75], "genres": ["dance pop", "neo mellow", "pop", "pop rock", "post-teen pop", "viral pop"]}, "2jQrCn5lMF1tnICJ0sv1qZ": {"name": "Tiebreaker", "coverArt": "https://i.scdn.co/image/ab67616d00001e02728e980527a9cfa51d93f128", "artist": ["The Head And The Heart"], "artistIds": ["0n94vC3S9c3mb2HyNAOcjg"], "artistPop": [68], "genres": ["folk-pop", "indie folk", "modern rock", "new americana", "pop rock", "seattle indie", "stomp and holler"]}, "2jaNHcSRgPvtMXu5rboE7T": {"name": "Rolex\u00ae On A Redneck", "coverArt": "https://i.scdn.co/image/ab67616d00001e0219b891fe862665a7a74555ec", "artist": ["Brantley Gilbert", "Jason Aldean"], "artistIds": ["5q8HGNo0BjLWaTAhRtbwxa", "3FfvYsEGaIb52QPXhg4DcH"], "artistPop": [70, 79], "genres": ["contemporary country", "country", "country road", "modern country rock", "redneck", "contemporary country", "country", "country road"]}, "1116cRlf1zVJXVI2fUUwFD": {"name": "Up There Down Here", "coverArt": "https://i.scdn.co/image/ab67616d00001e021a8a75da0ffa6ea588c18dca", "artist": ["Jake Owen"], "artistIds": ["1n2pb9Tsfe4SwAjmUac6YT"], "artistPop": [70], "genres": ["contemporary country", "country", "country road", "modern country rock"]}, "2HdEtRBwROKFsTiX2VTLCq": {"name": "Cry (with Aluna)", "coverArt": "https://i.scdn.co/image/ab67616d00001e02056b540ec537cf8f85a5f8dc", "artist": ["Louis The Child", "Aluna"], "artistIds": ["7wg1qvie3KqDNQbAkTdbX0", "5ITI6SEoUZMIXXkzCfr4oE"], "artistPop": [70, 66], "genres": ["edm", "electropop", "pop", "pop dance", "tropical house", "edm", "electro house", "house", "pop dance", "tropical house"]}, "0Z30x3kCY22L0ZOEB4gHS2": {"name": "Nothing Gives Me Pleasure", "coverArt": "https://i.scdn.co/image/ab67616d00001e026e2d3daebb78f8d33332c241", "artist": ["Girlpool"], "artistIds": ["3BYXi96LqI8TwNljFKE0DZ"], "artistPop": [48], "genres": ["anti-folk", "bubblegrunge", "indie pop", "indie punk"]}, "35PUhhwZL4HhmuqgOeFcfg": {"name": "Shotgun", "coverArt": "https://i.scdn.co/image/ab67616d00001e02e36441649b5baafb9044d2f4", "artist": ["Soccer Mommy"], "artistIds": ["4wXchxfTTggLtzkoUhO86Q"], "artistPop": [59], "genres": ["art pop", "bubblegrunge", "indie pop", "indie rock", "small room"]}, "6wl5IN0HxYpqPJiG9ipWHG": {"name": "BAD bad", "coverArt": "https://i.scdn.co/image/ab67616d00001e020ba962e9285362f3dbec3df0", "artist": ["Fana Hues"], "artistIds": ["4yJHrytMK7mqtKsXVGaBNg"], "artistPop": [63], "genres": ["alternative r&b", "chill r&b", "indie r&b", "indie soul"]}, "4zXuYQNDmw3dlauyc8q3Kd": {"name": "We'll Never Have Sex", "coverArt": "https://i.scdn.co/image/ab67616d00001e02a6ab37b64dcecad21b9f53c8", "artist": ["Leith Ross"], "artistIds": ["4nxKz1dRYXnsGzN1lUURtG"], "artistPop": [55], "genres": ["indie pop"]}, "2DhYQXK6ZkOTB1665GTagQ": {"name": "Nothing", "coverArt": "https://i.scdn.co/image/ab67616d00001e02282bed596b49b305b7e48f8e", "artist": ["Catie Turner"], "artistIds": ["3nYYI90ObxhjLjdxaoXGSa"], "artistPop": [63], "genres": ["alt z", "gen z singer-songwriter", "indie pop", "pop"]}, "4EH3tlC7Ns1ahBtnPAXmP9": {"name": "You're Almost There", "coverArt": "https://i.scdn.co/image/ab67616d00001e02c72268dd5e4705005d5a863f", "artist": ["ASTN"], "artistIds": ["7zkwepHPyac6tCYl0fL0co"], "artistPop": [67], "genres": ["bedroom soul", "chill r&b", "pop"]}, "5yL2dV8sTkIgMEArGQiBdT": {"name": "Loveless (with Teddy Swims)", "coverArt": "https://i.scdn.co/image/ab67616d00001e022dbf2f3127bcccdde71c54e4", "artist": ["TELYKast", "Teddy Swims"], "artistIds": ["7vWC03wqXwUqjPON8hc1tz", "33qOK5uJ8AR2xuQQAhHump"], "artistPop": [63, 64], "genres": ["pop edm"]}, "7mXNYEVh9FW72c12qBaO3p": {"name": "Only You", "coverArt": "https://i.scdn.co/image/ab67616d00001e02ab0541076c6545ebde9085be", "artist": ["Alesso", "Sentinel"], "artistIds": ["4AVFqumd2ogHFlRbKIjp1t", "2GPNLOJ6KU8G9VyrLsz1Sw"], "artistPop": [80, 43], "genres": ["dance pop", "edm", "electro house", "pop", "pop dance", "tropical house"]}, "5D5YcH3dr3b53fi0F8cVsU": {"name": "I Can't Drive", "coverArt": "https://i.scdn.co/image/ab67616d00001e0247cb14336d833b174bc27e06", "artist": ["Crawlers"], "artistIds": ["2xtmoxSauQs0TQFUoHmbfy"], "artistPop": [59], "genres": ["indie pop", "warrington indie"]}, "2AcqLCNbnnomBQpRzK5lUj": {"name": "character", "coverArt": "https://i.scdn.co/image/ab67616d00001e02db1123bc3e02cf8462cc77fa", "artist": ["Blessing"], "artistIds": ["57bDO2vmzu955G1W6EsYth"], "artistPop": [32], "genres": []}, "2B97yOwPdVbkrg84pnyu33": {"name": "Backboard", "coverArt": "https://i.scdn.co/image/ab67616d00001e023d5e685a60c0d77ea57e35d5", "artist": ["Baird"], "artistIds": ["7GdGZWPHxDEu0ppvLoB4GO"], "artistPop": [50], "genres": ["baltimore indie", "collage pop", "indie r&b"]}, "3WKralGDklxTjxcMkGKx2g": {"name": "Toot It Up (with Flo Milli)", "coverArt": "https://i.scdn.co/image/ab67616d00001e02e30b99904fef3a1c159974c9", "artist": ["Sally Sossa", "Flo Milli"], "artistIds": ["58q28H7IgX06YXkPvUtGgR", "08PvCOlef4xdOr20jFSTPd"], "artistPop": [54, 69], "genres": ["dance pop", "pop", "r&b", "viral rap"]}, "1Okha0BLoXlC6iXrIWLVFk": {"name": "Caliber", "coverArt": "https://i.scdn.co/image/ab67616d00001e02d07290c19f7788a0b580e4f6", "artist": ["Coco Jones"], "artistIds": ["4DHLoiIqFYYFjH09WduvFd"], "artistPop": [48], "genres": ["post-teen pop"]}, "1uB095Io7q4aYT2BOhYjWA": {"name": "Mama Please Don't Worry", "coverArt": "https://i.scdn.co/image/ab67616d00001e0280dcb41ed8b71d4c61ae55be", "artist": ["Matisyahu"], "artistIds": ["5eyMzR1hYiEZtN2c9ly2kw"], "artistPop": [61], "genres": ["reggae fusion"]}, "6mP7CeP3ZjmRNSBRlQGhyQ": {"name": "Hate Me", "coverArt": "https://i.scdn.co/image/ab67616d00001e021ddb4c085c75b7df17549023", "artist": ["Rose Betts"], "artistIds": ["3DYAP9CXyfNiM2nlu09w4i"], "artistPop": [42], "genres": ["indie anthem-folk"]}, "1KrLtIuOgZ1QiIxBqGb4NF": {"name": "AT LEAST I'M GOOD AT IT", "coverArt": "https://i.scdn.co/image/ab67616d00001e02e9839499753f6150baa55a2a", "artist": ["NERIAH"], "artistIds": ["1dUrqVHcv2FCXxlIqzIbiG"], "artistPop": [33], "genres": []}, "3lQeU943lFCg95XDi8De7Y": {"name": "Go Home", "coverArt": "https://i.scdn.co/image/ab67616d00001e028109f0279a81b1de2d2dc901", "artist": ["Eli Derby"], "artistIds": ["6Zyna13TkHdrEc4NFljS9u"], "artistPop": [53], "genres": []}, "6QSHeRgzDS2pxTkgZg8dwl": {"name": "posed2be", "coverArt": "https://i.scdn.co/image/ab67616d00001e024353156e8329e6b5c1df1ad4", "artist": ["KA$HDAMI"], "artistIds": ["4YEl33ar2WlUSF94Yh9CCf"], "artistPop": [68], "genres": ["aesthetic rap", "pluggnb"]}, "1Eiyvi5LpfJOsVo5kHCWpQ": {"name": "Pay Me To Speak", "coverArt": "https://i.scdn.co/image/ab67616d00001e024ff7e217b4073abbd56f669c", "artist": ["Stunna 4 Vegas"], "artistIds": ["44IvvHRk2XF243QLA2VOa8"], "artistPop": [65], "genres": ["trap"]}, "6oq3j9MoTRXrphekijMsuw": {"name": "say it twice", "coverArt": "https://i.scdn.co/image/ab67616d00001e02175befcd700fe3c9b825b0be", "artist": ["danny orange"], "artistIds": ["0uEtD5ztXw2PYCyLwOK3QT"], "artistPop": [30], "genres": []}, "6Dmca0w2vystNfHuqZcyll": {"name": "23", "coverArt": "https://i.scdn.co/image/ab67616d00001e02e412b3f03c70fd34e6c028b4", "artist": ["Wilfred"], "artistIds": ["7dZa7l5PsnUBItVQFPp6ym"], "artistPop": [32], "genres": []}, "4cIswgWpaDW4YzLi5MF5Mj": {"name": "Royal Blue", "coverArt": "https://i.scdn.co/image/ab67616d00001e027e20ff9fa10d118fcc2c9ee0", "artist": ["Kev Kelly"], "artistIds": ["22lCk3MpDZxA7Hb52b0Ecd"], "artistPop": [23], "genres": []}, "07OnuLnONfO6tyukgyB2qh": {"name": "Somebody Like You", "coverArt": "https://i.scdn.co/image/ab67616d00001e021165841eda12496fcab9b544", "artist": ["Bree Runway"], "artistIds": ["58hqTaCiqGrMsNmmm3qL7w"], "artistPop": [58], "genres": ["alternative r&b", "dance pop", "electropop", "escape room", "pop", "post-teen pop"]}, "1r5Wy0mdNNjrQ4ZDsfeluz": {"name": "Envy", "coverArt": "https://i.scdn.co/image/ab67616d00001e02b27b3e723bf45c2025282e26", "artist": ["Ogi"], "artistIds": ["60nDKjd690Luygtd3Fm0Cu"], "artistPop": [36], "genres": []}, "1cCB9LEPx68LUmMV86P9Js": {"name": "If We Ever Break Up", "coverArt": "https://i.scdn.co/image/ab67616d00001e02d81e7341eb03a8d6733481e4", "artist": ["David Unlayao"], "artistIds": ["3OxjY9y8bls3YdSjGk7khk"], "artistPop": [16], "genres": []}, "6YbQXUNroKs9qofA8gttor": {"name": "Tom Barrett", "coverArt": "https://i.scdn.co/image/ab67616d00001e02db514058bc606248740f593b", "artist": ["Ian Noe"], "artistIds": ["2TEpPi5SFalflhpcQHq3lB"], "artistPop": [51], "genres": ["alternative country", "deep new americana", "kentucky indie", "kentucky roots", "new americana", "roots americana"]}, "0nnLkKVp5uL2o1mCSPD45x": {"name": "Far Side of the World", "coverArt": "https://i.scdn.co/image/ab67616d00001e029bec1785477648a86a6b9402", "artist": ["Holden Miller", "Jake Fine"], "artistIds": ["1SsWCyijEv548QDkKcclDG", "43Bw9eMbgU3flCZxlk238n"], "artistPop": [33, 39], "genres": []}, "6hMjfF1z1DpkPVUWxbHp5Q": {"name": "Baby Blackout", "coverArt": "https://i.scdn.co/image/ab67616d00001e02d22b20401ab708046feabc4f", "artist": ["Daisy Grenade"], "artistIds": ["3Pj6dfWTnH3sYHctX0EZMH"], "artistPop": [15], "genres": []}, "4zgeUfI4LpFKqhcCOR1wqd": {"name": "For The Low", "coverArt": "https://i.scdn.co/image/ab67616d00001e02e8c7e84e514c9bda020dd138", "artist": ["Mnnyyz"], "artistIds": ["4sTu12jqFnXvdGIdu9THCM"], "artistPop": [19], "genres": []}, "5CMbGpsgU08DmddR82oXXk": {"name": "DEA", "coverArt": "https://i.scdn.co/image/ab67616d00001e02da6ad59ed41c639bf9be3f2f", "artist": ["Unfoonk", "Young Stoner Life"], "artistIds": ["2f6hqWBFjqS1EUHMS1JOFB", "1xr2G8Hlx4QWmT9HaUbmoO"], "artistPop": [44, 72], "genres": ["hip hop", "rap", "trap"]}, "0Tmh90l0RvTR0lZMWSey2i": {"name": "505", "coverArt": "https://i.scdn.co/image/ab67616d00001e02de8e763df1c3c6475a4b500f", "artist": ["Coast Contra"], "artistIds": ["4xZTKft62AsF0SC3rAuYwJ"], "artistPop": [45], "genres": []}, "3gKY1wkjy7wRbgiK4Um8dz": {"name": "don't call me", "coverArt": "https://i.scdn.co/image/ab67616d00001e027748f8e69c34a9b7ff5c353a", "artist": ["Pino"], "artistIds": ["58DUKFTIbamsxqTHfoofpu"], "artistPop": [28], "genres": []}}