{"1qCmZnC1FUpNgOydIzqIPC": {"name": "Bad Child", "coverArt": "https://i.scdn.co/image/ab67616d00001e0284e212809b0783573e739d88", "artist": ["Tones And I"], "artistIds": ["2NjfBq1NflQcKSeiDooVjY"], "artistPop": [77], "genres": ["australian pop", "pop"]}, "7wsmIIm0xWmtP7TmACXkJn": {"name": "Oprah\u2019s Bank Account (Lil Yachty & DaBaby feat. Drake)", "coverArt": "https://i.scdn.co/image/ab67616d00001e025b7b1b505bb07d16608b8ed0", "artist": ["Lil Yachty", "DaBaby", "Drake"], "artistIds": ["6icQOAFXDZKsumw3YXyusw", "4r63FhuTkUYltbVAg5TQnk", "3TVXtAsR1Inumwj472S9r4"], "artistPop": [79, 89, 100], "genres": ["atl hip hop", "hip hop", "melodic rap", "pop rap", "rap", "trap", "viral rap", "north carolina hip hop", "rap", "canadian hip hop", "canadian pop", "hip hop", "pop rap", "rap", "toronto rap"]}, "1PL4eTnRS9bdjDtPJrmj3Y": {"name": "Flux Capacitor", "coverArt": "https://i.scdn.co/image/ab67616d00001e02dc25254953d3e29508b27363", "artist": ["Jay Electronica"], "artistIds": ["0TkqXdyWLsssJH7okthMPQ"], "artistPop": [57], "genres": ["alternative hip hop", "conscious hip hop", "hardcore hip hop", "hip hop", "psychedelic hip hop", "rap", "southern hip hop", "underground hip hop"]}, "6ikDZX0oc8EKGj2vdMAEDv": {"name": "Didn't I", "coverArt": "https://i.scdn.co/image/ab67616d00001e0208ac645145d2959e46ae2b7f", "artist": ["OneRepublic"], "artistIds": ["5Pwc4xIPtQLFEnJriah9YJ"], "artistPop": [84], "genres": ["dance pop", "piano rock", "pop", "pop rock"]}, "7rpNuuoMbid56XkDsx2FjE": {"name": "Black And White", "coverArt": "https://i.scdn.co/image/ab67616d00001e023d13e91ce05c4e9b3e7201b7", "artist": ["Niall Horan"], "artistIds": ["1Hsdzj7Dlq2I7tHP7501T4"], "artistPop": [80], "genres": ["dance pop", "pop", "post-teen pop"]}, "56uXDJRCuoS7abX3SkzHKQ": {"name": "Myron", "coverArt": "https://i.scdn.co/image/ab67616d00001e02dea510881ec1e506485303e4", "artist": ["Lil Uzi Vert"], "artistIds": ["4O15NlyKLIASxsJ0PrXPfz"], "artistPop": [88], "genres": ["melodic rap", "philly rap", "rap", "trap"]}, "0HIj0uo7zaFIpkzUIkDlmL": {"name": "FREAK", "coverArt": "https://i.scdn.co/image/ab67616d00001e022bff8b7afd5b18cc2b09e73a", "artist": ["Tyga", "Megan Thee Stallion"], "artistIds": ["5LHRHt1k9lMyONurDHEdrp", "181bsRPaVXVlUKXrxwZfHK"], "artistPop": [84, 86], "genres": ["dance pop", "hip hop", "pop rap", "rap", "southern hip hop", "trap", "houston rap", "pop", "pop rap", "trap queen"]}, "0wsfdPl7p3yKjQBmHQsaDn": {"name": "Worry About Me (feat. blackbear)", "coverArt": "https://i.scdn.co/image/ab67616d00001e0272fbd3c76ce00bbdbc37b8e2", "artist": ["Ellie Goulding", "blackbear"], "artistIds": ["0X2BH1fck6amBIoJhDVmmJ", "2cFrymmkijnjDg9SS92EPM"], "artistPop": [80, 84], "genres": ["dance pop", "edm", "electropop", "indietronica", "metropopolis", "pop", "post-teen pop", "uk pop", "pop", "pop rap"]}, "3zzrKCO0OA85eemnlQnQ7c": {"name": "Forever", "coverArt": "https://i.scdn.co/image/ab67616d00001e024cbb6b5a1ba8fe6640141b5f", "artist": ["FLETCHER"], "artistIds": ["5qa31A9HySw3T7MKWI9bGg"], "artistPop": [69], "genres": ["alt z", "dance pop", "electropop", "indie cafe pop", "indie poptimism", "pop", "post-teen pop", "social media pop"]}, "5cHPAqi6V5JPMy0vqS4lK6": {"name": "Stuck Together (feat. Lil Baby)", "coverArt": "https://i.scdn.co/image/ab67616d00001e02848634e622ea023c50181b5f", "artist": ["Rich The Kid", "Lil Baby"], "artistIds": ["1pPmIToKXyGdsCF6LmqLmI", "5f7VJjfbwm532GiveGC0ZK"], "artistPop": [73, 91], "genres": ["atl hip hop", "hip hop", "melodic rap", "plugg", "pop rap", "rap", "southern hip hop", "trap", "atl hip hop", "atl trap", "rap", "trap"]}, "0Li1OuXXfi7950ilZUFGkF": {"name": "Cardigan", "coverArt": "https://i.scdn.co/image/ab67616d00001e0245190a074bef3e8ce868b60c", "artist": ["Don Toliver"], "artistIds": ["4Gso3d4CscCijv0lmajZWs"], "artistPop": [83], "genres": ["rap", "trap"]}, "4cI2rd2D44mBjwUVFxTkUZ": {"name": "Caution - Radio Edit", "coverArt": "https://i.scdn.co/image/ab67616d00001e02821f9ed6ab928153f2219512", "artist": ["The Killers"], "artistIds": ["0C0XlULifJtAgn6ZNCW2eu"], "artistPop": [79], "genres": ["dance rock", "modern rock", "permanent wave", "rock"]}, "7ydjUPZFQVYZ54NLmoISfG": {"name": "How To Be Lonely", "coverArt": "https://i.scdn.co/image/ab67616d00001e029ff582d5aaf97ffc3e8555a7", "artist": ["Rita Ora"], "artistIds": ["5CCwRZC6euC8Odo6y9X8jr"], "artistPop": [77], "genres": ["dance pop", "edm", "electropop", "pop", "pop rap", "post-teen pop", "tropical house", "uk pop"]}, "4nlvKIIetOWGIMyhjQXgOZ": {"name": "The Difference", "coverArt": "https://i.scdn.co/image/ab67616d00001e02a8d74e789b99484e0e169001", "artist": ["Flume", "Toro y Moi"], "artistIds": ["6nxWCVXbOlEVRexSbLsTer", "6O4EGCCb6DoIiR6B1QCQgp"], "artistPop": [73, 64], "genres": ["australian dance", "australian electropop", "australian indie", "downtempo", "edm", "alternative dance", "alternative r&b", "chillwave", "electronica", "indie soul", "indietronica", "new rave"]}, "1bxa0TPdBMHPeZFHe0adCw": {"name": "Don't Slack (from Trolls World Tour)", "coverArt": "https://i.scdn.co/image/ab67616d00001e0263e47080f4fe8f127e86ceee", "artist": ["Anderson .Paak", "Justin Timberlake"], "artistIds": ["3jK9MiCrA42lLAdMGUZpwa", "31TPClRtHm23RisEBtV3X7"], "artistPop": [82, 80], "genres": ["escape room", "dance pop", "pop"]}, "11MNmZqWEYAzIbrOQGSTCE": {"name": "i don't think i love you anymore - Recorded at Electric Lady Studios NYC", "coverArt": "https://i.scdn.co/image/ab67616d00001e026af6ff696f7be0fb0eff5420", "artist": ["Alaina Castillo"], "artistIds": ["0duLKMlcwhyZgqu8zSSjBp"], "artistPop": [55], "genres": ["alt z", "chill r&b", "pop", "social media pop"]}, "76nqCfJOcFFWBJN32PAksn": {"name": "Kings & Queens", "coverArt": "https://i.scdn.co/image/ab67616d00001e02455b66109a326b6ffb3f169b", "artist": ["Ava Max"], "artistIds": ["4npEfmQ6YuiwW1GpUmaq3F"], "artistPop": [82], "genres": ["dance pop", "pop"]}, "1Zm9qGPQkTAOBiVpGSnJUq": {"name": "Toxic", "coverArt": "https://i.scdn.co/image/ab67616d00001e02533986fe9b78edab6f2a614d", "artist": ["Kehlani"], "artistIds": ["0cGUm45nv7Z6M6qdXYQGTX"], "artistPop": [79], "genres": ["dance pop", "pop", "pop rap", "post-teen pop", "r&b"]}, "27u3KzXKq5iAwC3X8rl8i1": {"name": "Stone Cold", "coverArt": "https://i.scdn.co/image/ab67616d00001e0234625899dbfea5da1471a2f4", "artist": ["Deb Never", "Kenny Beats"], "artistIds": ["55EarwWraRQY9diMo9Oeul", "1rHOtdmGNr5vcYNw5v7QGC"], "artistPop": [53, 66], "genres": ["indie r&b", "modern indie pop", "trap", "underground hip hop"]}, "4S2uhQE8L9V6p7rj7SiauJ": {"name": "Suicidal (Remix) [feat. Juice WRLD]", "coverArt": "https://i.scdn.co/image/ab67616d00001e02b458693b51ec72c6a1e9c8e4", "artist": ["YNW Melly", "Juice WRLD"], "artistIds": ["1cNDP5yjU5vjeR8qMf4grg", "4MCBfE4596Uoi2O4DtmEMz"], "artistPop": [79, 92], "genres": ["melodic rap", "trap", "chicago rap", "melodic rap"]}, "7wUI9IJZFCeFfh33Li4MYv": {"name": "Bullets With Names (feat. Young Thug, RJMrLA & Lil Duke)", "coverArt": "https://i.scdn.co/image/ab67616d00001e0221811b3f9bdbf7dfc7f3af0a", "artist": ["Machine Gun Kelly", "Young Thug", "RJMrLA", "Lil Duke"], "artistIds": ["6TIYQ3jFPwQSRmorSezPxX", "50co4Is1HCEo8bhOyUWKpn", "6kQWPGBItT0oMCHZy3M9DN", "06Qf6vq8AVIpE9XIw8LAsY"], "artistPop": [85, 88, 58, 54], "genres": ["ohio hip hop", "pop rap", "atl hip hop", "atl trap", "gangster rap", "hip hop", "melodic rap", "pop rap", "rap", "trap", "cali rap", "west coast trap", "atl trap", "trap", "vapor trap"]}, "2aWVaW1p2kUc5yuKwBmRJi": {"name": "I WANNA SEE SOME ASS (feat. jetsonmade)", "coverArt": "https://i.scdn.co/image/ab67616d00001e0205a448540b069450ccfba889", "artist": ["jetsonmade", "Jack Harlow"], "artistIds": ["0UcXjTpzt0DmIwPSNwlJfF", "2LIk90788K0zvyj2JJVwkJ"], "artistPop": [65, 88], "genres": ["dream smp", "deep underground hip hop", "kentucky hip hop", "pop rap", "rap"]}, "5Pj5LI8U5UfaGEEBsyr18N": {"name": "Levi High (feat. DaBaby)", "coverArt": "https://i.scdn.co/image/ab67616d00001e029081cecb66c16b0872722d92", "artist": ["DaniLeigh", "DaBaby"], "artistIds": ["0XIKGBo9PnK1ApI5tZA60d", "4r63FhuTkUYltbVAg5TQnk"], "artistPop": [64, 89], "genres": ["pop", "pop r&b", "pop rap", "r&b", "rap latina", "north carolina hip hop", "rap"]}, "68c2dYpVep8JlwOAenGrRL": {"name": "WAKING UP DOWN", "coverArt": "https://i.scdn.co/image/ab67616d00001e02d61cfa52d579575cc0d83617", "artist": ["Yaeji"], "artistIds": ["2RqrWplViWHSGLzlhmDcbt"], "artistPop": [55], "genres": ["art pop", "escape room", "experimental house"]}, "0lJUgk3RcGxHHVys3amdif": {"name": "Jealous", "coverArt": "https://i.scdn.co/image/ab67616d00001e02c8b736c8c847c1fc462e4c6a", "artist": ["Lennon Stella"], "artistIds": ["1cZQSpDsxgKIX2yW5OR9Ot"], "artistPop": [70], "genres": ["alt z", "canadian pop", "dance pop", "electropop", "indie cafe pop", "pop", "post-teen pop", "social media pop"]}, "1PgfRXFbqNK2S97sRmhn0n": {"name": "quiet motions", "coverArt": "https://i.scdn.co/image/ab67616d00001e02db8439ab258a4c3c5ae881ad", "artist": ["mxmtoon"], "artistIds": ["0HthCchcL0kVLHTr113Vk1"], "artistPop": [70], "genres": ["alt z", "bedroom pop", "electropop", "indie pop", "pop", "social media pop"]}, "23RTebU5woj5YZgKi9xuZm": {"name": "Stay Alive", "coverArt": "https://i.scdn.co/image/ab67616d00001e02b8f90da4df89322d2ed43e41", "artist": ["Mustafa"], "artistIds": ["1zkKkDDra0jlsiJYz57P3P"], "artistPop": [47], "genres": ["chill pop"]}, "1fm1PmtAvxXe98n8xOcKnJ": {"name": "Morocco (feat. 6LACK)", "coverArt": "https://i.scdn.co/image/ab67616d00001e02bc421849b8b249dcbefd24a8", "artist": ["Alina Baraz", "6LACK"], "artistIds": ["6hfwwpXqZPRC9CsKI7qtv1", "4IVAbR2w4JJNJDDRFP3E83"], "artistPop": [68, 79], "genres": ["alternative r&b", "etherpop", "pop", "post-teen pop", "r&b", "alternative r&b", "atl hip hop", "hip hop", "melodic rap", "pop rap", "r&b", "rap", "trap"]}, "7yewACUEo8jX7oLhSaNzBs": {"name": "CROWN", "coverArt": "https://i.scdn.co/image/ab67616d00001e02a4bd1820c34c24c2f6a31514", "artist": ["CHIKA"], "artistIds": ["6UtYvUtXnmg5EtllDFlWp8"], "artistPop": [54], "genres": ["alabama rap", "alternative r&b", "indie r&b"]}, "0ySgIyZHnCBV9UFk36T8Ce": {"name": "mememe", "coverArt": "https://i.scdn.co/image/ab67616d00001e021b89cbef65ba1c11f00abb2f", "artist": ["bbno$", "lentra"], "artistIds": ["41X1TR6hrK8Q2ZCpp2EqCz", "484bfoveqgHfx2VhNY4zzT"], "artistPop": [77, 64], "genres": ["canadian hip hop", "dark trap", "pop rap", "vapor trap", "canadian hip hop"]}, "6ymh1cwisz2QJIuscyNsNk": {"name": "Bammer (feat. Mustard)", "coverArt": "https://i.scdn.co/image/ab67616d00001e0251754e8f6ae5556c8a6ddfd3", "artist": ["Wiz Khalifa", "Mustard"], "artistIds": ["137W8MRPWKqSmrBGDBFSop", "0YinUQ50QDB7ZxSCLyQ40k"], "artistPop": [84, 76], "genres": ["dance pop", "hip hop", "pittsburgh rap", "pop rap", "rap", "southern hip hop", "trap", "cali rap", "hip hop", "pop rap", "rap", "southern hip hop", "trap"]}, "62uolmVjOio9xIfwDM1ZvC": {"name": "All Star (with Lil Tjay)", "coverArt": "https://i.scdn.co/image/ab67616d00001e022bc92df808bf68e6610513b3", "artist": ["Lil Tecca", "Lil Tjay"], "artistIds": ["4Ga1P7PMIsmqEZqhYZQgDo", "6jGMq4yGs7aQzuGsMgVgZR"], "artistPop": [83, 84], "genres": ["melodic rap", "rap", "trap", "brooklyn drill", "melodic rap", "nyc rap"]}, "4XNIVgbkrOTI0ONro31EB4": {"name": "Forfeit. (ft. Lucky Daye)", "coverArt": "https://i.scdn.co/image/ab67616d00001e0247dde3862bf6a91f419f66aa", "artist": ["Kiana Led\u00e9", "Lucky Daye"], "artistIds": ["7jZMxhsB8djyIbYmoiJSTs", "5Vuvs6Py2JRU7WiFDVsI7J"], "artistPop": [68, 67], "genres": ["alternative r&b", "chill r&b", "dance pop", "pop", "pop r&b", "post-teen pop", "r&b", "urban contemporary", "alternative r&b", "chill r&b", "indie r&b", "pop r&b", "r&b"]}, "7LnMXWyLZriXLgOmFv3WAO": {"name": "the world is flat and this is the edge//", "coverArt": "https://i.scdn.co/image/ab67616d00001e0274beb8df3ef3d429d0742efb", "artist": ["KennyHoopla"], "artistIds": ["5ObBtv5VunwwhQaXXnUrsM"], "artistPop": [60], "genres": ["modern rock"]}, "5jkbw3FDS3bSSb4oLKYbjf": {"name": "Freak (feat. REI AMI)", "coverArt": "https://i.scdn.co/image/ab67616d00001e0209545e98d9172b05b28f5c0a", "artist": ["Sub Urban", "REI AMI"], "artistIds": ["7gXb99Sf9nNmpNYeAgIQFG", "6U1dV7aL68N7Gb0Naq34V5"], "artistPop": [74, 61], "genres": ["modern indie pop", "alt z", "escape room", "modern indie pop"]}, "6iAbvkrFdaUM3T3JcXRG7G": {"name": "Give Me Strength [edit]", "coverArt": "https://i.scdn.co/image/ab67616d00001e02f1bc2ecd90d3dd28704f7819", "artist": ["Love Regenerator", "Calvin Harris"], "artistIds": ["05KDKIpxshxrB9BMewaCBW", "7CajNmpbOovFoOoasH2HaY"], "artistPop": [57, 85], "genres": ["edm", "house", "dance pop", "edm", "electro house", "house", "pop", "progressive house", "uk dance"]}, "0LUpKcgDmq08XoS4nSjIde": {"name": "TU AMIGA (with Justin Quiles & Dylan Fuentes feat. Lennox & Llane)", "coverArt": "https://i.scdn.co/image/ab67616d00001e028e8f8ec5679e6a12a2eecd56", "artist": ["Tainy", "Justin Quiles", "Dylan Fuentes", "Lennox", "Llane"], "artistIds": ["0GM7qgcRCORpGnfcN2tCiB", "14zUHaJZo1mnYtn6IBRaRP", "4Wcscw7z9AAE6y7qWdIAin", "7BOLXRhKCofrP6ESS7Owuo", "7A02nc5WKMBLqSKXxGZ4o8"], "artistPop": [81, 85, 57, 54, 60], "genres": ["latin", "latin hip hop", "latin pop", "pop reggaeton", "reggaeton", "reggaeton flow", "trap latino", "latin", "reggaeton", "trap latino", "reggaeton colombiano", "dominican pop", "latin pop", "reggaeton colombiano"]}, "6NhS5LwYbJ6xD7BGvlWRJO": {"name": "One Margarita", "coverArt": "https://i.scdn.co/image/ab67616d00001e02c2a11891f48798bb10ba75ac", "artist": ["Luke Bryan"], "artistIds": ["0BvkDsjIUla7X0k6CSWh1I"], "artistPop": [78], "genres": ["contemporary country", "country", "country road"]}, "1EGaWKAyOZIt6fFTrfPTw6": {"name": "Inside Out", "coverArt": "https://i.scdn.co/image/ab67616d00001e024f61a0a1a21243c1bd88f62b", "artist": ["Grouplove"], "artistIds": ["3kVUvbeRdcrqQ3oHk5hPdx"], "artistPop": [69], "genres": ["indie pop", "indie rock", "indietronica", "la indie", "modern alternative rock", "modern rock", "pop rock", "rock", "stomp and holler"]}, "02IzyNFIbOqr7HruSSPXuI": {"name": "Maria", "coverArt": "https://i.scdn.co/image/ab67616d00001e02d11188025d684f93f8cc1260", "artist": ["Two Feet"], "artistIds": ["5sWHDYs0csV6RS48xBl0tH"], "artistPop": [74], "genres": ["indie poptimism", "modern rock", "pop"]}, "7wrBKecywD6TUuHQl3wjmj": {"name": "Man", "coverArt": "https://i.scdn.co/image/ab67616d00001e028523c9c35238527dd754793d", "artist": ["JoJo"], "artistIds": ["5xuNBZoM7z1Vv8IQ6uM0p6"], "artistPop": [64], "genres": ["dance pop", "hip pop", "pop", "pop r&b", "pop rap", "post-teen pop", "r&b", "urban contemporary"]}, "4tmyQGiQ8SjfrLXyjFrAoL": {"name": "Stuck On You", "coverArt": "https://i.scdn.co/image/ab67616d00001e02c387ba7f742a346f8b702c6c", "artist": ["RAC", "Phil Good"], "artistIds": ["4AGwPDdh1y8hochNzHy5HC", "3MDqk7o9WcL4FSvlyyGjRv"], "artistPop": [63, 50], "genres": ["alternative dance", "chillwave", "electropop", "indie poptimism", "indietronica", "metropopolis", "modern rock", "shimmer pop", "vapor soul", "electropop", "indie electropop", "la pop"]}, "2gqt5wkwLgaP2ZEfqasBIL": {"name": "u n eye", "coverArt": "https://i.scdn.co/image/ab67616d00001e022ed2f3f63d0a6f54ff31cd28", "artist": ["Boy In Space"], "artistIds": ["0xu4jAQQv7ZAqvFGdc9HgP"], "artistPop": [61], "genres": ["alt z", "electropop", "indie cafe pop", "pop", "sad rap"]}, "0gWbAFRcUyZKdfUxEOuOiD": {"name": "Por Primera Vez", "coverArt": "https://i.scdn.co/image/ab67616d00001e02653ffc209fd026e94a80d3f3", "artist": ["Camilo", "Evaluna Montaner"], "artistIds": ["28gNT5KBp7IjEOQoevXf9N", "52qzWdNUp6ebjcNsvgZSiC"], "artistPop": [85, 69], "genres": ["colombian pop", "reggaeton colombiano", "latin viral pop", "pop venezolano"]}, "7qbjS6uKZlv7K08CNcEqYR": {"name": "Where You Wanna Be", "coverArt": "https://i.scdn.co/image/ab67616d00001e02d6a5d32c43ff20cdedb15769", "artist": ["R3HAB", "Elena Temnikova"], "artistIds": ["6cEuCEZu7PAE9ZSzLLc2oQ", "6lPJV4RlngIEnb6OzcwMDL"], "artistPop": [78, 49], "genres": ["dance pop", "dutch house", "edm", "electro house", "pop", "pop dance", "progressive electro house", "slap house", "tropical house", "europop", "russian dance pop", "russian pop"]}, "2vDxrqUKTkgSxn7x3JYms9": {"name": "SICKO", "coverArt": "https://i.scdn.co/image/ab67616d00001e02c8bd1833466a4b4671e3e5ef", "artist": ["Felix Jaehn", "GASHI", "FAANGS"], "artistIds": ["4bL2B6hmLlMWnUEZnorEtG", "0JOxt5QOwq0czoJxvSc5hS", "2UlXIWBLOjskz5esa7ec2j"], "artistPop": [78, 66, 50], "genres": ["dance pop", "edm", "electro house", "german dance", "pop", "pop dance", "pop edm", "pop rap", "tropical house", "pop rap", "trap soul"]}, "7eJbnuLHzBp948ybtKDyQn": {"name": "Weekend (feat. Lil Baby)", "coverArt": "https://i.scdn.co/image/ab67616d00001e02114d4baf36355a5047e9afb5", "artist": ["Blueface", "Lil Baby"], "artistIds": ["3Fl1V19tmjt57oBdxXKAjJ", "5f7VJjfbwm532GiveGC0ZK"], "artistPop": [75, 91], "genres": ["cali rap", "trap", "atl hip hop", "atl trap", "rap", "trap"]}, "21WTCDU55iW0z2kzXq9R8B": {"name": "Big Drip (feat. Lil Baby & Quavo) - Remix", "coverArt": "https://i.scdn.co/image/ab67616d00001e02636b1687750248687c0be335", "artist": ["Fivio Foreign", "Lil Baby", "Quavo"], "artistIds": ["14CHVeJGrR5xgUGQFV5BVM", "5f7VJjfbwm532GiveGC0ZK", "0VRj0yCOv2FXJNP47XQnx5"], "artistPop": [75, 91, 81], "genres": ["brooklyn drill", "new york drill", "rap", "trap", "atl hip hop", "atl trap", "rap", "trap", "atl hip hop", "hip hop", "melodic rap", "pop rap", "rap", "southern hip hop", "trap"]}, "73OTmqCIE7YJCsFBGlgEkZ": {"name": "Volar (feat. Susan Diaz & Victor Cardenas)", "coverArt": "https://i.scdn.co/image/ab67616d00001e02bded3a8a78256932d45e70e1", "artist": ["Lele Pons", "Susan D\u00edaz", "Victor Cardenas"], "artistIds": ["6i3DxIlAqnDkwELLw4aVrx", "6Oq5iunq4z5E4yAdNpWAjk", "00CMSJdbf36zOzKB3z8JrR"], "artistPop": [68, 48, 61], "genres": ["latin pop", "viral pop"]}, "4Y6JrjSIEKVup4tmCSyHD0": {"name": "Sink", "coverArt": "https://i.scdn.co/image/ab67616d00001e02ebad08efb57af7069e27259b", "artist": ["Maya B", "SAINt JHN"], "artistIds": ["1xcOqHjfEmCPz6C9qSPtOf", "0H39MdGGX6dbnnQPt6NQkZ"], "artistPop": [36, 76], "genres": ["melodic rap", "pop rap", "rap", "slap house", "trap"]}, "0D5EqXh9jZv546NSSgVFwY": {"name": "Something Restless", "coverArt": "https://i.scdn.co/image/ab67616d00001e02604da1875e47223e61068a1e", "artist": ["Felly"], "artistIds": ["2848adRcxvgWNRcz1g1tQD"], "artistPop": [57], "genres": ["pop rap", "underground hip hop"]}, "3pkyAjxvgOEkeo6naW7JcL": {"name": "Lonely After", "coverArt": "https://i.scdn.co/image/ab67616d00001e021a423b9b67363505c344270c", "artist": ["Yumi Zouma"], "artistIds": ["4tPyCwWrsvZ8OKYl7QRavL"], "artistPop": [51], "genres": ["chillwave", "christchurch indie", "electropop", "indie pop", "indie poptimism", "nz pop", "vapor soul"]}, "7EFDyHsuKyKmWkwNH3W0M2": {"name": "Mutual Love", "coverArt": "https://i.scdn.co/image/ab67616d00001e02e437304aa92de7812fbc6581", "artist": ["Shallou", "Zachary Knowles"], "artistIds": ["7C3Cbtr2PkH2l4tOGhtCsk", "5BxcZnUcETSt90VlbsdugI"], "artistPop": [64, 56], "genres": ["electropop", "indie poptimism", "new french touch", "tropical house", "vapor soul", "alt z", "bedroom soul", "chill pop", "chill r&b", "electropop", "indie cafe pop", "pop"]}, "7AAMDhzVpaQi6kqjPXSkXi": {"name": "everything i wanted - Recorded live at Abbey Road Studios, London", "coverArt": "https://i.scdn.co/image/ab67616d00001e02e846c0e544ed680d3021beed", "artist": ["Georgia"], "artistIds": ["06knYh538h5SI7OAEF8ek3"], "artistPop": [55], "genres": ["electropop", "uk alternative pop"]}, "7s4BGlxiD9fb0KkY6JgQtu": {"name": "21", "coverArt": "https://i.scdn.co/image/ab67616d00001e02dbd7edf192becdbb2042a7f8", "artist": ["Yung Pinch"], "artistIds": ["61qMnYXa1GxSBoV3IiYKjZ"], "artistPop": [62], "genres": ["emo rap", "melodic rap", "oc rap", "pop rap", "rap", "sad rap", "trap", "underground hip hop", "vapor trap"]}, "2bxEpkw9f7EAMC8SoeiUvU": {"name": "Tunnel Vision", "coverArt": "https://i.scdn.co/image/ab67616d00001e02347c8edfa2b72ffde4be23b3", "artist": ["Mozzy"], "artistIds": ["4AA474G2hRfrHyGrfyDseO"], "artistPop": [68], "genres": ["cali rap", "sacramento hip hop", "trap"]}, "5ZZ57u80znSdFlYrAwFf7B": {"name": "Lottery", "coverArt": "https://i.scdn.co/image/ab67616d00001e02051eeb5e25ac4bb3dcd6f4bf", "artist": ["Dinah Jane"], "artistIds": ["59KQTERLpPa7M0F25fRH6V"], "artistPop": [43], "genres": ["dance pop", "pop", "post-teen pop"]}, "0QealAgAGEdsdV8UGmWfNK": {"name": "bummer", "coverArt": "https://i.scdn.co/image/ab67616d00001e020aea5c40fe5f62b906b5a149", "artist": ["renforshort"], "artistIds": ["3GYvf7puxwkr51EYoD9E7D"], "artistPop": [57], "genres": ["alt z", "canadian pop", "indie pop", "pop", "social media pop"]}, "0g9iiJI75QxsqFzNput2Q5": {"name": "EGO", "coverArt": "https://i.scdn.co/image/ab67616d00001e02ecba375b8ab28ea917fb395e", "artist": ["Gia Woods"], "artistIds": ["6T56xtTEllGW17snjAZLNP"], "artistPop": [41], "genres": ["alt z", "indie electropop", "indie poptimism"]}, "111fU7H63Z9mK1BO8aM3HY": {"name": "Type 2", "coverArt": "https://i.scdn.co/image/ab67616d00001e0295c4f05aada861378d91a959", "artist": ["Rence"], "artistIds": ["3VJTtTgub426X1NuzcyAOb"], "artistPop": [52], "genres": ["pop rap"]}, "6NBIVEBrIcrxI9SMfSPNHl": {"name": "Pink Dust", "coverArt": "https://i.scdn.co/image/ab67616d00001e02bd90853b2c5bdb175cf935f2", "artist": ["A.CHAL"], "artistIds": ["0pkwrPVI8UyXtPkavyJoZ4"], "artistPop": [55], "genres": ["canadian hip hop", "trap soul"]}, "6ybwSWdAlamz8i4Y9lCWRa": {"name": "Pop It", "coverArt": "https://i.scdn.co/image/ab67616d00001e02c9683caec7a632067421c133", "artist": ["DJ ESCO", "Doe Boy"], "artistIds": ["2J0JN7EFN10G1Tty6hX0AN", "6aLoJJxz7MV2iZ423S8tJC"], "artistPop": [48, 56], "genres": ["atl hip hop", "atl trap", "rap", "southern hip hop", "trap", "vapor trap", "atl hip hop", "atl trap", "ohio hip hop", "rap", "southern hip hop", "trap", "underground hip hop", "vapor trap"]}, "1gXd3PJEtFFXWsCMhoeAtj": {"name": "Confident", "coverArt": "https://i.scdn.co/image/ab67616d00001e02ce04a25feedb0a5a2d393d0c", "artist": ["Ace Hood"], "artistIds": ["31HjiqargV4NAw4GZqUale"], "artistPop": [65], "genres": ["dirty south rap", "gangster rap", "miami hip hop", "pop rap", "rap", "southern hip hop", "trap"]}, "2l4vijNKVIn9qGcRmZJXbb": {"name": "HOME RUN (feat. raychel jay)", "coverArt": "https://i.scdn.co/image/ab67616d00001e028592bc722007d387b2bc702f", "artist": ["Shawn Wasabi", "raychel jay"], "artistIds": ["1DLKitfb8fshL0DtCecRpY", "7zjhhasa5SAMXbDcbmhkoj"], "artistPop": [58, 39], "genres": ["future bass", "social media pop"]}, "6DKhTmfXl4z3DvFuuq8s8k": {"name": "Stay All Night", "coverArt": "https://i.scdn.co/image/ab67616d00001e02d4688c712bbfb134052413b9", "artist": ["ALMA"], "artistIds": ["6c0mTNAxJxlp9HpKTUZwA8"], "artistPop": [62], "genres": ["dance pop", "pop"]}, "6iZVQLI9gs9kFRnmbQLzHO": {"name": "Something Comforting", "coverArt": "https://i.scdn.co/image/ab67616d00001e024df9a24ee1827559b911efb2", "artist": ["Porter Robinson"], "artistIds": ["3dz0NnIZhtKKeXZxLOxCam"], "artistPop": [65], "genres": ["complextro", "edm", "progressive electro house"]}, "6HbXhn1ozap6E7PxtdzaZ0": {"name": "Bedhead (feat. Anna Clendening)", "coverArt": "https://i.scdn.co/image/ab67616d00001e02583e9583355947237d4da339", "artist": ["Shoffy", "Anna Clendening"], "artistIds": ["4wO0kHiOwf8l9VMJJN9HmG", "2y9j8qUwBMGPYPQJJxmYzD"], "artistPop": [58, 61], "genres": ["alternative r&b", "chill pop", "chill r&b", "electropop", "indie cafe pop", "indie poptimism", "la pop", "pop", "alt z", "indie cafe pop", "pop", "social media pop", "viral pop"]}, "6hdZwlouH9O1l0RGIUDH7I": {"name": "Feel That Way", "coverArt": "https://i.scdn.co/image/ab67616d00001e024d2a2e3a64f132dded91acfd", "artist": ["Caitlyn Smith"], "artistIds": ["3uikSah4dwqwuk0EidFI4R"], "artistPop": [56], "genres": ["contemporary country", "country pop"]}, "4AtMk3bpZNUtipRNy50MBO": {"name": "Brightside", "coverArt": "https://i.scdn.co/image/ab67616d00001e020d243abac325a185af9fa452", "artist": ["Arrested Youth"], "artistIds": ["4UhExRgMW9QR7oNmTI2lPG"], "artistPop": [58], "genres": ["modern alternative rock", "modern rock", "rock"]}, "6RVfUzvTSESecF5ESmVRh8": {"name": "I Believe In You (feat. Francis and The Lights)", "coverArt": "https://i.scdn.co/image/ab67616d00001e02c72d95a6549c1e6e3cb166ec", "artist": ["Kacy Hill", "Francis and the Lights"], "artistIds": ["4dYQmk5ma04mZ1KJ9KkAQK", "23EA28263XvtIrXuySX6oI"], "artistPop": [61, 54], "genres": ["electropop", "indie pop", "la pop", "modern alternative pop", "vapor soul", "alternative r&b"]}, "4c9opTcbXuZ8DAbdVF8Kya": {"name": "Empty Room", "coverArt": "https://i.scdn.co/image/ab67616d00001e02e55895d46724580b17c381e6", "artist": ["POORSTACY"], "artistIds": ["7vSY9HEreOqb1Llar3UC38"], "artistPop": [61], "genres": ["emo rap", "melodic rap"]}, "4v9dyadSlrEcPmUgLrm6As": {"name": "Selfish", "coverArt": "https://i.scdn.co/image/ab67616d00001e028ed675af1478ed3d67b41cb1", "artist": ["Jimi Somewhere"], "artistIds": ["5rXanKVc707nhQmW1Is2pB"], "artistPop": [40], "genres": ["norwegian indie"]}, "52vVxJeUJUPMkETpTfhHO5": {"name": "Kerosene!", "coverArt": "https://i.scdn.co/image/ab67616d00001e02b75a4f76e55bc057408b7c52", "artist": ["Yves Tumor"], "artistIds": ["0qu422H5MOoQxGjd4IzHbS"], "artistPop": [59], "genres": ["art pop", "escape room", "experimental r&b"]}, "6dWTbTnetFvbRVvUGH43jK": {"name": "Lightning", "coverArt": "https://i.scdn.co/image/ab67616d00001e02c99e605ed98cb17bc3152c06", "artist": ["Orion Sun"], "artistIds": ["2efrqekWSHlvhATD50AG3m"], "artistPop": [54], "genres": ["alternative r&b", "bedroom pop", "chill r&b", "indie pop", "indie r&b", "indie soul"]}, "1EOfAIDwTq1CXHllp45V44": {"name": "Grind (feat. Yoshi Flower)", "coverArt": "https://i.scdn.co/image/ab67616d00001e0247c93a9223c73dc8ea6344f5", "artist": ["Soleima", "Yoshi Flower"], "artistIds": ["71le7jtjw9hq389Fnvi6XM", "0rAt7V95LWbRPvWQFd21il"], "artistPop": [40, 44], "genres": ["danish electropop", "danish pop", "detroit indie"]}, "4DybX9mYVZdDXE5RTSCd5w": {"name": "Sidewalk", "coverArt": "https://i.scdn.co/image/ab67616d00001e020b82aa93ea8d6a297f0f2734", "artist": ["Jucee Froot"], "artistIds": ["7BtDOCA9U1krM87JITg6bF"], "artistPop": [45], "genres": ["trap queen"]}, "6yFiwigz6J44MOF7k0Fp1h": {"name": "Serve", "coverArt": "https://i.scdn.co/image/ab67616d00001e021a5cfb09bdd7e09525f9b0f4", "artist": ["Symba"], "artistIds": ["06S3fr7xEES7e3QPXhu3ay"], "artistPop": [45], "genres": []}, "1h8clHnwcEIQqqUeelThfT": {"name": "Greedy", "coverArt": "https://i.scdn.co/image/ab67616d00001e02afd7269f0ad82717877d0593", "artist": ["Guapdad 4000"], "artistIds": ["0NcPKaSNIHAM2RfioH9vMT"], "artistPop": [62], "genres": ["cali rap", "oakland hip hop", "scam rap", "trap soul", "underground hip hop", "vapor trap"]}, "2MQ6RyRPq3eAq0kNKINcTf": {"name": "Bleach", "coverArt": "https://i.scdn.co/image/ab67616d00001e02fc6290c6868b35bd186cd04b", "artist": ["Lil West", "Brevin Kim"], "artistIds": ["59dLTffLsw2ljmCiD8O1JX", "7lU8Gtn7moZmPqqu4oPkEh"], "artistPop": [43, 43], "genres": ["melodic rap", "boston hip hop", "sad rap"]}, "5Vth7eImumlAyhsW8PqqAM": {"name": "Naked", "coverArt": "https://i.scdn.co/image/ab67616d00001e02f15af64cbad45e76c710518b", "artist": ["Bickle"], "artistIds": ["1xFMeZFEf4ZUfuKwrfs5lB"], "artistPop": [44], "genres": ["modern indie pop"]}, "62o7TZLXgrzPM86hbCc1UH": {"name": "I Wanna Ride", "coverArt": "https://i.scdn.co/image/ab67616d00001e02b8c3e04fb7b927e5ce0da89e", "artist": ["Porches"], "artistIds": ["2JzhQYGos3RqV7MT5fWeek"], "artistPop": [48], "genres": ["art pop", "chillwave", "indie pop", "indie rock"]}, "7doJTm33FOrVlGJVybeM5T": {"name": "Music to Clean the House to", "coverArt": "https://i.scdn.co/image/ab67616d00001e02c005fdeaeb39bd30c8ade370", "artist": ["Nick Leng"], "artistIds": ["2fR4D8OveDTHMvCvm7paAO"], "artistPop": [48], "genres": ["vapor soul"]}, "2JHsbuNQZto27S2I1KD8Cg": {"name": "Sinkin' Down", "coverArt": "https://i.scdn.co/image/ab67616d00001e02a4b96cb868a3ebab1e148f89", "artist": ["SoMo"], "artistIds": ["5AtWO8IEnjhRLzaVVQxFUs"], "artistPop": [62], "genres": ["dance pop", "pop", "pop r&b", "post-teen pop", "r&b"]}, "3RkNztZ3gXFdZNfcFsDhH3": {"name": "Thug Thizzle", "coverArt": "https://i.scdn.co/image/ab67616d00001e029f5dca9e308910eaaf1aab12", "artist": ["Haiti Babii"], "artistIds": ["6NQgMwGc3jvdwGZKUbhhHi"], "artistPop": [50], "genres": ["cali rap"]}, "76dOASErZycYpHO8g1hbyv": {"name": "Good Day", "coverArt": "https://i.scdn.co/image/ab67616d00001e020b210a2f1bf5abe04084b307", "artist": ["Kierra Luv", "Ray Moon"], "artistIds": ["43ISMgWvv7dp1psp30iGbC", "5IzVaOvAEIPpFK8r3ajj7J"], "artistPop": [26, 26], "genres": ["trap queen"]}, "3RHviSu4FGNTp343vXFAov": {"name": "By My Side (with SONIA)", "coverArt": "https://i.scdn.co/image/ab67616d00001e02c58ae07057b04c62b4a64440", "artist": ["Black Atlass", "SONIA"], "artistIds": ["7AbKOHOvn27dK0FOiboAno", "29mFfyTK9p5UIV5OW6owEj"], "artistPop": [54, 29], "genres": ["canadian contemporary r&b", "trap soul"]}, "4DEldV3wQKjbMRhVw64bg6": {"name": "Raro", "coverArt": "https://i.scdn.co/image/ab67616d00001e0288b53e1b28df86c7faa01fcd", "artist": ["Nacho", "Chyno Miranda", "Chino & Nacho"], "artistIds": ["2ayNSoKPCRAfjp6hQ76hRu", "1VrWc8r4AjrR8YfT0vlsc7", "5NS0854TqZQVoRmJKSWtFZ"], "artistPop": [69, 57, 66], "genres": ["dominican pop", "latin", "latin pop", "pop venezolano", "reggaeton", "trap latino", "latin", "latin pop", "pop reggaeton", "electro latino", "latin", "latin hip hop", "latin pop", "trap latino", "tropical"]}, "0lPZ8UNB5bmvhn7ba8faJi": {"name": "Mine", "coverArt": "https://i.scdn.co/image/ab67616d00001e023b1b7c9b00b304fce8c6db45", "artist": ["Felix Cartal", "Sophie Simmons"], "artistIds": ["6roDXEmZ6AARdOUv6x5U2v", "7AOCUMe3rKW4o3uADBNwVy"], "artistPop": [61, 53], "genres": ["canadian electronic", "dance pop", "edm", "electro house", "electropop", "indie poptimism", "pop", "pop dance", "pop edm", "tropical house", "la pop"]}, "69PxR7QYOpwZU1KqfpzJUI": {"name": "Coming Apart", "coverArt": "https://i.scdn.co/image/ab67616d00001e0250c09bd4e66b9457789c7f72", "artist": ["Joywave"], "artistIds": ["1UfzhwcOR4yfX7yHTPfC9m"], "artistPop": [59], "genres": ["indie poptimism", "indie rock", "indietronica", "modern alternative rock", "modern rock", "rochester ny indie", "rock", "shimmer pop"]}, "4WkwaDueMMiU1bKHh31B6C": {"name": "Alter Ego", "coverArt": "https://i.scdn.co/image/ab67616d00001e02da1c8be606e79040855aebb6", "artist": ["KALEO"], "artistIds": ["7jdFEYD2LTYjfwxOdlVjmc"], "artistPop": [71], "genres": ["icelandic indie", "icelandic rock", "modern alternative rock", "modern rock"]}, "0zbdH9Afp9GNC9IGBrmctp": {"name": "Hometown", "coverArt": "https://i.scdn.co/image/ab67616d00001e0293b7692b341619b6827078c8", "artist": ["Logan Mize"], "artistIds": ["7tje8UB3cuR1ZfeJx2U38T"], "artistPop": [58], "genres": ["contemporary country", "country pop", "country road", "modern country rock"]}, "6290tINYizQ2bc3QF6p8gA": {"name": "Twinkle Twinkle", "coverArt": "https://i.scdn.co/image/ab67616d00001e02c7d5fa6453609632b0aebc60", "artist": ["Margo Price"], "artistIds": ["09yvLritEUxHrzx5TlFvbl"], "artistPop": [45], "genres": ["alternative country", "folk", "indie folk", "nashville americana", "new americana", "outlaw country", "roots americana", "roots rock"]}, "03CoGS6w3l5xr1fPhsJcnp": {"name": "Amber", "coverArt": "https://i.scdn.co/image/ab67616d00001e02c472c1deebc18a3e40647ca4", "artist": ["Alaska Reid"], "artistIds": ["2CIThLiaeJxWgG5xAgL3p0"], "artistPop": [29], "genres": ["hyperpop"]}, "6iDsD6x15Rf8uqDkULBUXQ": {"name": "z", "coverArt": "https://i.scdn.co/image/ab67616d00001e02f57d8a51dbc049dfb8a9cadc", "artist": ["GAYLE"], "artistIds": ["2VSHKHBTiXWplO8lxcnUC9"], "artistPop": [46], "genres": []}, "0fcIe0sYlVov4340jyIkqc": {"name": "Take My Hand", "coverArt": "https://i.scdn.co/image/ab67616d00001e02ac673fc97a93c99191e7b1a3", "artist": ["Lastlings"], "artistIds": ["0M7GyeyRi2fG8c1LdP4jhi"], "artistPop": [51], "genres": ["alternative dance", "vapor soul"]}, "5pYrZOZMYd8SzOZPXFiNmD": {"name": "Love Always", "coverArt": "https://i.scdn.co/image/ab67616d00001e0276598fa7be9aa49b019e61e4", "artist": ["MAJ"], "artistIds": ["2k6fdnEIyk7t8Mfg6SoRg1"], "artistPop": [46], "genres": []}, "75WiU8LUTMcZgdTcwf0gvg": {"name": "Hood Poet", "coverArt": "https://i.scdn.co/image/ab67616d00001e024565b5704f512f57d3a1c940", "artist": ["Dee Watkins"], "artistIds": ["5cNn5kF2qKIOtBQJ2z4FM3"], "artistPop": [55], "genres": ["florida rap", "vapor trap"]}, "1T6jmemLmMW9oS6neWsHag": {"name": "Used To Lames", "coverArt": "https://i.scdn.co/image/ab67616d00001e0296d52c9a50cf9ffbf946ab9d", "artist": ["Sy Ari Da Kid"], "artistIds": ["5ZI5pbnKxA6Qy1fVNsjCp0"], "artistPop": [51], "genres": ["pop r&b", "trap", "trap soul"]}, "5g1cZSRsYCydAw5gapzqDa": {"name": "The Goal Line", "coverArt": "https://i.scdn.co/image/ab67616d00001e022a368dceb914c8305555ea32", "artist": ["ALLBLACK"], "artistIds": ["1cutd8e41XvxXnFPOFIxMD"], "artistPop": [55], "genres": ["cali rap", "hyphy", "west coast trap"]}}