{"1xcOYJxDa5pObgxY1r0I9c": {"name": "I'm Sorry", "coverArt": "https://i.scdn.co/image/ab67616d00001e02d5f1bbe527fa685633339add", "artist": ["Lil Uzi Vert"], "artistIds": ["4O15NlyKLIASxsJ0PrXPfz"], "artistPop": [88], "genres": ["melodic rap", "philly rap", "rap", "trap"]}, "5RsKelNxucrDxgMbZ3vd3W": {"name": "Young & Alive", "coverArt": "https://i.scdn.co/image/ab67616d00001e0237d909d7a469c9223e512135", "artist": ["Bazzi"], "artistIds": ["4GvEc3ANtPPjt1ZJllr5Zl"], "artistPop": [77], "genres": ["dance pop", "electropop", "pop", "pop rap", "post-teen pop"]}, "1E3VQQWFQAPJkXfYHjqWoI": {"name": "Captain Hook", "coverArt": "https://i.scdn.co/image/ab67616d00001e0220fbc17fcb9376bc76a1b510", "artist": ["Megan Thee Stallion"], "artistIds": ["181bsRPaVXVlUKXrxwZfHK"], "artistPop": [86], "genres": ["houston rap", "pop", "pop rap", "trap queen"]}, "2IHLaN6wwYKQ3S24NsQqpA": {"name": "I Love Me", "coverArt": "https://i.scdn.co/image/ab67616d00001e0281f82d9c1d6278a167aae855", "artist": ["Demi Lovato"], "artistIds": ["6S2OmqARrzebs0tKUEyXyp"], "artistPop": [82], "genres": ["dance pop", "pop", "post-teen pop"]}, "3ksNHUNCTP6Pan8rjFnmtw": {"name": "Never Worn White", "coverArt": "https://i.scdn.co/image/ab67616d00001e02ff569cf0c02071d352847a47", "artist": ["Katy Perry"], "artistIds": ["6jJ0s89eD6GaHleKKya26X"], "artistPop": [84], "genres": ["dance pop", "pop", "post-teen pop"]}, "5raTDhlbxFDnpn89bxArdH": {"name": "That Way", "coverArt": "https://i.scdn.co/image/ab67616d00001e02d1b3297079c3a3978b4d5fa9", "artist": ["Lil Uzi Vert"], "artistIds": ["4O15NlyKLIASxsJ0PrXPfz"], "artistPop": [88], "genres": ["melodic rap", "philly rap", "rap", "trap"]}, "63wx9vdskaXbYxyDx4oJCZ": {"name": "B.S. (feat. H.E.R.)", "coverArt": "https://i.scdn.co/image/ab67616d00001e02b87ac71d440973d20f4c8473", "artist": ["Jhen\u00e9 Aiko", "H.E.R."], "artistIds": ["5ZS223C6JyBfXasXxrRqOk", "3Y7RZ31TRPVadSFVy1o8os"], "artistPop": [79, 78], "genres": ["alternative r&b", "dance pop", "pop", "pop rap", "r&b", "urban contemporary", "alternative r&b", "dance pop", "pop", "r&b"]}, "6NfrH0ANGmgBXyxgV2PeXt": {"name": "La Dif\u00edcil", "coverArt": "https://i.scdn.co/image/ab67616d00001e02548f7ec52da7313de0c5e4a0", "artist": ["Bad Bunny"], "artistIds": ["4q3ewBCX7sLwd24euuV69X"], "artistPop": [96], "genres": ["latin", "reggaeton", "trap latino"]}, "1ShHhJlzaLuoZbJ3aP4z0m": {"name": "Invisible Things", "coverArt": "https://i.scdn.co/image/ab67616d00001e026047672696efe2a146cf309e", "artist": ["Lauv"], "artistIds": ["5JZ7CnR6gTvEMKX4g70Amv"], "artistPop": [80], "genres": ["dance pop", "electropop", "pop", "post-teen pop"]}, "2UBUE9bD7ZwuSrH4svJAOS": {"name": "ocean waves", "coverArt": "https://i.scdn.co/image/ab67616d00001e0219a848e66eb3d45cbbccfdfa", "artist": ["Alaina Castillo"], "artistIds": ["0duLKMlcwhyZgqu8zSSjBp"], "artistPop": [55], "genres": ["alt z", "chill r&b", "pop", "social media pop"]}, "4BR0bp4qHX1lcBM2HtnoIm": {"name": "Gaslighter", "coverArt": "https://i.scdn.co/image/ab67616d00001e022c5b6344a576ef422fe5986e", "artist": ["The Chicks"], "artistIds": ["25IG9fa7cbdmCIy3OnuH57"], "artistPop": [68], "genres": ["country", "country dawn"]}, "3JjY4IgdeK1w8qMBm0yWyw": {"name": "Past Life", "coverArt": "https://i.scdn.co/image/ab67616d00001e028ca6c083142136d8e258080f", "artist": ["Trevor Daniel"], "artistIds": ["7uaIm6Pw7xplS8Dy06V6pT"], "artistPop": [72], "genres": ["alternative r&b", "melodic rap", "pop rap"]}, "7GwYENSg87oERcW0Wacd6m": {"name": "SKYBOX", "coverArt": "https://i.scdn.co/image/ab67616d00001e02fd2e59964377c48a0ee0d4a3", "artist": ["Gunna"], "artistIds": ["2hlmm7s2ICUX0LVIhVFlZQ"], "artistPop": [87], "genres": ["atl hip hop", "hip hop", "melodic rap", "rap", "trap"]}, "438wODjSTL2jgn1nePaNew": {"name": "SUGAR (Remix) [feat. Dua Lipa]", "coverArt": "https://i.scdn.co/image/ab67616d00001e0275749984b974abb6354b18e7", "artist": ["BROCKHAMPTON", "Dua Lipa"], "artistIds": ["1Bl6wpkWCQ4KVgnASpvzzA", "6M2wZ9GZgrQXHCFfjv46we"], "artistPop": [73, 91], "genres": ["boy band", "hip hop", "rap", "dance pop", "pop", "uk pop"]}, "4N9hEsqYoTqJiN2vDpsWTg": {"name": "ROSIE", "coverArt": "https://i.scdn.co/image/ab67616d00001e02d2b2a8bb3f1cd1e7b3478134", "artist": ["LoveLeo"], "artistIds": ["0JDVDA5aG4Y2wXylqghzC6"], "artistPop": [53], "genres": ["modern indie pop"]}, "6goVVcwzy7RtZdytF5XADW": {"name": "The Book of You & I", "coverArt": "https://i.scdn.co/image/ab67616d00001e02c8ce1137883d843fc09b2ef3", "artist": ["Alec Benjamin"], "artistIds": ["5IH6FPUwQTxPSXurCrcIov"], "artistPop": [78], "genres": ["alt z", "dream smp", "electropop", "pop"]}, "4JOkWaNiPjycCHgYuiJjzy": {"name": "The Steps", "coverArt": "https://i.scdn.co/image/ab67616d00001e028decdcccf8d27473dfc98ed2", "artist": ["HAIM"], "artistIds": ["4Ui2kfOqGujY81UcPrb5KE"], "artistPop": [68], "genres": ["art pop", "dance pop", "indie pop", "metropopolis", "pop rock"]}, "3PgxWUQc4HJoQMj5Kp5Mcd": {"name": "Lover - Recorded at Air Studios, London", "coverArt": "https://i.scdn.co/image/ab67616d00001e02d31262de3fc693f90eee9940", "artist": ["Niall Horan", "FLETCHER"], "artistIds": ["1Hsdzj7Dlq2I7tHP7501T4", "5qa31A9HySw3T7MKWI9bGg"], "artistPop": [80, 69], "genres": ["dance pop", "pop", "post-teen pop", "alt z", "dance pop", "electropop", "indie cafe pop", "indie poptimism", "pop", "post-teen pop", "social media pop"]}, "3wxISiy8s2huunhxBkTEhX": {"name": "What Are You Gonna Tell Her?", "coverArt": "https://i.scdn.co/image/ab67616d00001e0261c51539f98502d968d56655", "artist": ["Mickey Guyton"], "artistIds": ["6nfN5B7Jmi853SHa9106Hz"], "artistPop": [52], "genres": ["contemporary country", "country pop"]}, "4nbWUMaUdc2PbTZjFKJrAb": {"name": "Fucked Myself Up", "coverArt": "https://i.scdn.co/image/ab67616d00001e0292920063c6fd7bb2bcd83160", "artist": ["merci, mercy"], "artistIds": ["524oC8NzSWvqPbwiRkYSLH"], "artistPop": [43], "genres": ["australian alternative pop"]}, "5PtGchZh3CKBpY9CSUfY3C": {"name": "fwb", "coverArt": "https://i.scdn.co/image/ab67616d00001e029c072bd483f4d8b4811a6c4b", "artist": ["brakence"], "artistIds": ["4kqFrZkeqDfOIEqTWqbOOV"], "artistPop": [58], "genres": ["emo rap", "glitchcore", "sad rap"]}, "5rKgSnmHVbR4tVErBVDjgf": {"name": "ANKLES", "coverArt": "https://i.scdn.co/image/ab67616d00001e02ed610f9a2b2dbb0872b27206", "artist": ["Jessie Reyez"], "artistIds": ["3KedxarmBCyFBevnqQHy3P"], "artistPop": [71], "genres": ["canadian contemporary r&b", "canadian pop", "dance pop", "pop", "post-teen pop", "r&b"]}, "42wYsI2BUS9ABUnY9wZcGT": {"name": "Red", "coverArt": "https://i.scdn.co/image/ab67616d00001e028a6d451705a58360708a7a9c", "artist": ["Rich The Kid"], "artistIds": ["1pPmIToKXyGdsCF6LmqLmI"], "artistPop": [73], "genres": ["atl hip hop", "hip hop", "melodic rap", "plugg", "pop rap", "rap", "southern hip hop", "trap"]}, "0N4s2P0nc1H53QaDEG0Wo6": {"name": "XS", "coverArt": "https://i.scdn.co/image/ab67616d00001e02578b9f1e435cb0891c66116e", "artist": ["Rina Sawayama"], "artistIds": ["2KEqzdPS7M5YwGmiuPTdr5"], "artistPop": [64], "genres": ["art pop", "dance pop", "electropop", "escape room", "pop", "post-teen pop"]}, "3XQMmtEzVDkYeKmHDqEm2S": {"name": "Tricky (feat. Sabrina Carpenter)", "coverArt": "https://i.scdn.co/image/ab67616d00001e026d8f9e79b4e3975d4028f078", "artist": ["Shoffy", "Sabrina Carpenter"], "artistIds": ["4wO0kHiOwf8l9VMJJN9HmG", "74KM79TiuVKeVCqs8QtB0B"], "artistPop": [58, 74], "genres": ["alternative r&b", "chill pop", "chill r&b", "electropop", "indie cafe pop", "indie poptimism", "la pop", "pop", "alt z", "dance pop", "electropop", "pop", "post-teen pop", "viral pop"]}, "5wrmiwRiM8v52XuVElTm0k": {"name": "Every Color (with Foster The People)", "coverArt": "https://i.scdn.co/image/ab67616d00001e02e9998b34085b1c9766ce2022", "artist": ["Louis The Child", "Foster The People"], "artistIds": ["7wg1qvie3KqDNQbAkTdbX0", "7gP3bB2nilZXLfPHJhMdvc"], "artistPop": [69, 75], "genres": ["edm", "electropop", "pop", "tropical house", "indietronica", "modern alternative rock", "modern rock", "pop rock", "rock"]}, "5AvHQ9KocZxwgKZaaOp7ZN": {"name": "Spring Break (feat. Rich The Kid)", "coverArt": "https://i.scdn.co/image/ab67616d00001e02e1ec7be58e850a33e49e5ced", "artist": ["AJ Mitchell", "Rich The Kid"], "artistIds": ["6dn6x1XOng3LOAnfTjUn77", "1pPmIToKXyGdsCF6LmqLmI"], "artistPop": [67, 73], "genres": ["alt z", "dance pop", "electropop", "indie cafe pop", "pop", "post-teen pop", "social media pop", "atl hip hop", "hip hop", "melodic rap", "plugg", "pop rap", "rap", "southern hip hop", "trap"]}, "50a20Ehut5BdEaiOoAdlQj": {"name": "Bang (feat. DaBaby)", "coverArt": "https://i.scdn.co/image/ab67616d00001e02d24b59d383125cac4df46863", "artist": ["Blacc Zacc", "DaBaby"], "artistIds": ["2VdDGrsKkzCfR9AG6w5O92", "4r63FhuTkUYltbVAg5TQnk"], "artistPop": [40, 89], "genres": ["deep southern trap", "south carolina hip hop", "north carolina hip hop", "rap"]}, "0oH0OIeKJSAT5bdFkbz20A": {"name": "Havin My Way (feat. Lil Durk)", "coverArt": "https://i.scdn.co/image/ab67616d00001e022530140d1a5866c6c666f84c", "artist": ["Lil Skies", "Lil Durk"], "artistIds": ["7d3WFRME3vBY2cgoP38RDo", "3hcs9uc56yIGFCSy9leWe7"], "artistPop": [75, 87], "genres": ["melodic rap", "pop rap", "rap", "trap", "chicago drill", "chicago rap", "drill", "hip hop", "rap", "trap"]}, "48P1N8CkOMbdaOLZgwDo4x": {"name": "NTE", "coverArt": "https://i.scdn.co/image/ab67616d00001e02f7f8fb4ddc1676d9bcaa566f", "artist": ["Buscabulla"], "artistIds": ["0MoaBi6dSquXp6rrlqlF8R"], "artistPop": [50], "genres": ["latintronica", "puerto rican indie"]}, "4kNmT6S6CMcMsNSNPBMHPE": {"name": "Give Me Another Chance", "coverArt": "https://i.scdn.co/image/ab67616d00001e02ecf1b476ae81665eeb05f4c2", "artist": ["Empress Of"], "artistIds": ["5QuBVnBPEzwYvFrgBbwpmU"], "artistPop": [57], "genres": ["alternative r&b", "art pop", "electropop", "escape room", "etherpop", "shiver pop"]}, "17kleFbwU5STT8AiR1EXOT": {"name": "One Last Time", "coverArt": "https://i.scdn.co/image/ab67616d00001e02ffe01323afb22efd3861e1a6", "artist": ["Alesso", "DubVision"], "artistIds": ["4AVFqumd2ogHFlRbKIjp1t", "3XINWZaloea97SIRiyTJxX"], "artistPop": [77, 60], "genres": ["dance pop", "edm", "electro house", "pop", "pop dance", "progressive electro house", "tropical house", "big room", "edm", "electro house", "pop dance", "pop edm", "progressive electro house", "progressive house", "tropical house"]}, "42bWFPqxckohFU7cieGW4j": {"name": "Halfway Dead (feat. Global Dan & Travis Barker)", "coverArt": "https://i.scdn.co/image/ab67616d00001e02bf2f1003089c80c8979749d0", "artist": ["Steve Aoki", "Travis Barker", "Global Dan"], "artistIds": ["77AiFEVeAVj2ORpC85QVJs", "4exLIFE8sISLr28sqG1qNX", "1lzugG0lqNh9nP6Fp2zG3c"], "artistPop": [76, 79, 51], "genres": ["dance pop", "edm", "electro house", "pop", "pop dance", "tropical house", "rap rock", "emo rap", "melodic rap", "sad rap", "vapor trap"]}, "69vlMrzHwATKzupwNcUPyK": {"name": "La Santa", "coverArt": "https://i.scdn.co/image/ab67616d00001e02548f7ec52da7313de0c5e4a0", "artist": ["Bad Bunny", "Daddy Yankee"], "artistIds": ["4q3ewBCX7sLwd24euuV69X", "4VMYDCV2IEDYJArk749S6m"], "artistPop": [96, 87], "genres": ["latin", "reggaeton", "trap latino", "latin", "latin hip hop", "reggaeton", "trap latino"]}, "476NGZcdCf4GM4evCS4i2L": {"name": "Only One", "coverArt": "https://i.scdn.co/image/ab67616d00001e02817b4839d416399fc3004374", "artist": ["Austin McBroom"], "artistIds": ["6UqB7oAlyhuv2zXZTeUlSA"], "artistPop": [28], "genres": []}, "0KiNOg34ipQmDaLPBkx5hM": {"name": "Thief In The Night", "coverArt": "https://i.scdn.co/image/ab67616d00001e029ca54f6fcb81f1e95ed01fa0", "artist": ["Rod Wave"], "artistIds": ["45TgXXqMDdF8BkjA83OM7z"], "artistPop": [78], "genres": ["florida rap"]}, "5z14e4rPImlgk40W33dt0U": {"name": "Nikes On", "coverArt": "https://i.scdn.co/image/ab67616d00001e02b1d40f40ef2d158ce51b9235", "artist": ["Healy"], "artistIds": ["2Yhge9MsE7qKcV0eWsuuHM"], "artistPop": [57], "genres": ["alternative r&b", "indie r&b", "memphis hip hop"]}, "6e3ASsTnmBCD9Xc8yozBDu": {"name": "crowded room", "coverArt": "https://i.scdn.co/image/ab67616d00001e02ccdee0376f51a217ee04ccbe", "artist": ["Christian French"], "artistIds": ["7naAJDAh7AZnf18YYfQruM"], "artistPop": [63], "genres": ["alt z", "electropop", "pop", "sad rap"]}, "5fmRajOaD1KjoVRnJkVanc": {"name": "Tryin' My Best, Los Angeles", "coverArt": "https://i.scdn.co/image/ab67616d00001e02ec3512ab81f40ea396642a85", "artist": ["Mandy Moore"], "artistIds": ["2LJxr7Pt3JnP60eLxwbDOu"], "artistPop": [65], "genres": ["dance pop", "hollywood", "movie tunes", "post-teen pop"]}, "3sAmWiJrwZkF8FSgpiM8QA": {"name": "In My Veins", "coverArt": "https://i.scdn.co/image/ab67616d00001e02df3add9950e7fba6bdc2f928", "artist": ["Lauren Alaina"], "artistIds": ["1v3tdpIdBSW14rHUfiEVOv"], "artistPop": [69], "genres": ["contemporary country", "country", "country dawn", "country pop", "country road", "modern country rock"]}, "3gy8PSkBSyvPyWZazgQn0F": {"name": "Loyal Brave True - From \"Mulan\"", "coverArt": "https://i.scdn.co/image/ab67616d00001e025328d76e6a4483697744dee1", "artist": ["Christina Aguilera"], "artistIds": ["1l7ZsJRRS8wlW3WfJfPfNS"], "artistPop": [79], "genres": ["dance pop", "pop", "pop rap", "post-teen pop"]}, "54nwCwKlRSl29ndEBFVaGl": {"name": "Belong", "coverArt": "https://i.scdn.co/image/ab67616d00001e02ee0cfd834ffbf778d8045560", "artist": ["X Ambassadors"], "artistIds": ["3NPpFNZtSTHheNBaWC82rB"], "artistPop": [74], "genres": ["indie poptimism", "modern alternative rock", "modern rock", "pop", "pop rock", "rock", "stomp pop"]}, "3Okn9JMBSQYbIo3xvIoEs6": {"name": "Still Alive", "coverArt": "https://i.scdn.co/image/ab67616d00001e02a41efd971d404d5015103712", "artist": ["flora cash"], "artistIds": ["6GpcBKNmZDIrRzYkPJu7Wd"], "artistPop": [64], "genres": ["indie pop", "scandipop", "swedish indie folk"]}, "5PJG9oWJf6oL8bVeUadimQ": {"name": "Holy Moly (feat. NLE Choppa)", "coverArt": "https://i.scdn.co/image/ab67616d00001e02241b0f66b378a19422042dfd", "artist": ["Blueface", "NLE Choppa"], "artistIds": ["3Fl1V19tmjt57oBdxXKAjJ", "0ErzCpIMyLcjPiwT4elrtZ"], "artistPop": [75, 77], "genres": ["cali rap", "trap", "memphis hip hop"]}, "4G2FeVunF8S4ukNfPaYAHQ": {"name": "Swim", "coverArt": "https://i.scdn.co/image/ab67616d00001e02e52e20ebe0a559e97d629e19", "artist": ["88GLAM"], "artistIds": ["2I9SLklAOG0vdMiUUMNxRl"], "artistPop": [57], "genres": ["canadian hip hop", "canadian trap", "melodic rap", "rap", "southern hip hop", "toronto rap", "trap", "trap soul", "underground hip hop", "vapor trap"]}, "73yBNFLSWTTLZiPd9BDeER": {"name": "JEEP", "coverArt": "https://i.scdn.co/image/ab67616d00001e0276755b96f2154b795a13cb5b", "artist": ["JAHMED"], "artistIds": ["0VvNvCZj4gZJZVsnIm99GJ"], "artistPop": [38], "genres": ["indie hip hop"]}, "2Ydl4YxqE82OD3A1LGFWBc": {"name": "Touchy Feely", "coverArt": "https://i.scdn.co/image/ab67616d00001e021dd5ff659c6a88643af729d3", "artist": ["Ro James"], "artistIds": ["7r2oyrNc0YjSC7hZL87V0Y"], "artistPop": [50], "genres": ["alternative r&b", "pop r&b", "r&b"]}, "0TMVnFtjys5PcluGQi7BPA": {"name": "Lemon Drop", "coverArt": "https://i.scdn.co/image/ab67616d00001e021db31609291ab2d0836450b1", "artist": ["Absofacto"], "artistIds": ["7gAYvcQFmAruyvwGjxrSUr"], "artistPop": [61], "genres": ["indie psych-pop", "shimmer psych"]}, "0SbW63HV52Q5xuSIJu1uOj": {"name": "I Don\u2019t Mind", "coverArt": "https://i.scdn.co/image/ab67616d00001e026a33d2309186cf4a2f3babc1", "artist": ["Kleerup", "Yumi Zouma"], "artistIds": ["2YL0l5fnyHE9FEf1bwFGCc", "4tPyCwWrsvZ8OKYl7QRavL"], "artistPop": [48, 51], "genres": ["electropop", "metropopolis", "swedish alternative rock", "swedish electropop", "swedish pop", "chillwave", "christchurch indie", "electropop", "indie pop", "indie poptimism", "nz pop", "vapor soul"]}, "71YKvjk57xURhhN9jJbuOu": {"name": "Today and Tomorrow (From Disney's Stargirl)", "coverArt": "https://i.scdn.co/image/ab67616d00001e02b2a375ab3500d21999ad62fc", "artist": ["Grace VanderWaal"], "artistIds": ["3YdT8QvV4QvY4DfVJhxdcZ"], "artistPop": [59], "genres": ["pop", "post-teen pop"]}, "5nBL22w3vv2fcRjLF22lfS": {"name": "Dear God", "coverArt": "https://i.scdn.co/image/ab67616d00001e025cb67135bec39d084ab4712c", "artist": ["Phantogram"], "artistIds": ["1l9d7B8W0IHy3LqWsxP2SH"], "artistPop": [69], "genres": ["chillwave", "electropop", "indie pop", "indie rock", "indietronica", "metropopolis", "modern rock"]}, "778JDHI6qfgQ1HBEKP1FZu": {"name": "Daydream", "coverArt": "https://i.scdn.co/image/ab67616d00001e0204c7e27c115b563d4a6cae3e", "artist": ["The Aces"], "artistIds": ["2AmfMGi3WZMxqFDHissIAe"], "artistPop": [55], "genres": ["alt z", "electropop", "indie pop", "indie poptimism", "pop"]}, "6iTHsvN6Mi2xaQ0igLNvTD": {"name": "Are You Feeling Sad?", "coverArt": "https://i.scdn.co/image/ab67616d00001e02541e78f99d65fd16899447c7", "artist": ["Little Dragon", "Kali Uchis"], "artistIds": ["6Tyzp9KzpiZ04DABQoedps", "1U1el3k54VvEUzo3ybLPlM"], "artistPop": [64, 81], "genres": ["alternative dance", "alternative r&b", "art pop", "chillwave", "downtempo", "electronica", "electropop", "gothenburg indie", "indie soul", "indietronica", "new rave", "swedish electropop", "swedish synthpop", "trip hop", "colombian pop", "pop"]}, "2r5AwzCIgWw57ZYXuSIji6": {"name": "Perfume", "coverArt": "https://i.scdn.co/image/ab67616d00001e0212d29a26d375ab36b4a1945d", "artist": ["Dalex", "Justin Quiles", "Sech"], "artistIds": ["0KPX4Ucy9dk82uj4GpKesn", "14zUHaJZo1mnYtn6IBRaRP", "77ziqFxp5gaInVrF2lj4ht"], "artistPop": [80, 85, 88], "genres": ["latin", "r&b en espanol", "reggaeton", "trap latino", "latin", "reggaeton", "trap latino", "latin", "panamanian pop", "reggaeton", "trap latino"]}, "3htJKHlAjUoRmNLheJ8uTV": {"name": "Tantrum", "coverArt": "https://i.scdn.co/image/ab67616d00001e029ee25a36c6fe0c2841fff542", "artist": ["Ashnikko"], "artistIds": ["3PyJHH2wyfQK3WZrk9rpmP"], "artistPop": [75], "genres": ["electropop", "escape room", "pop"]}, "64Z06MpbtmhbOWFCyF2wCh": {"name": "PRESSURE", "coverArt": "https://i.scdn.co/image/ab67616d00001e028699ad401ce16880447cb782", "artist": ["$NOT"], "artistIds": ["5IbEL2xjRtKsunfmsahLuO"], "artistPop": [77], "genres": ["aesthetic rap", "florida rap", "underground hip hop"]}, "6s217EV3dBFueoUeccnQuP": {"name": "Darkness", "coverArt": "https://i.scdn.co/image/ab67616d00001e024391b782b6ffd49ef8327b4e", "artist": ["POORSTACY"], "artistIds": ["7vSY9HEreOqb1Llar3UC38"], "artistPop": [61], "genres": ["emo rap", "melodic rap"]}, "3oQYe7FdyIzyQXZtoO0TPc": {"name": "Flowers On A Grave", "coverArt": "https://i.scdn.co/image/ab67616d00001e0243b093d6df20c4366715b930", "artist": ["Bush"], "artistIds": ["78SHxLdtysAXgywQ4vE0Oa"], "artistPop": [63], "genres": ["alternative metal", "alternative rock", "grunge", "modern rock", "nu metal", "pop rock", "post-grunge", "rock"]}, "7hM9ShrZMCV7xYOQwqBnNb": {"name": "Dead Weight", "coverArt": "https://i.scdn.co/image/ab67616d00001e025034dd9acb4af8a3588e1bf1", "artist": ["PVRIS"], "artistIds": ["6oFs3qk4VepIVFdoD4jmsy"], "artistPop": [63], "genres": ["electropop", "modern alternative rock", "modern rock", "pixie", "pop", "pop emo", "pop punk", "rock"]}, "2lxW1CHmEhVZc9d94IdxwJ": {"name": "Alone With You (feat. AlunaGeorge)", "coverArt": "https://i.scdn.co/image/ab67616d00001e02353a31612948f03bdc6ae2c7", "artist": ["Kito", "AlunaGeorge"], "artistIds": ["3FLUBwpAnaIlIKeaBfsxFe", "2VAnyOxzJuSAj7XIuEOT38"], "artistPop": [64, 66], "genres": ["electra", "pop dance", "electropop", "house", "pop", "tropical house"]}, "0LY0ljkJmuCSK3bK050yhG": {"name": "Here Tonight", "coverArt": "https://i.scdn.co/image/ab67616d00001e022800027f433a07e31d6b092c", "artist": ["Christian Paul"], "artistIds": ["1Bfi1Jw2HGVbOEjOdtApOe"], "artistPop": [25], "genres": []}, "2X43P0Y1xzMFbrNVCvxNQo": {"name": "Pick Me Up", "coverArt": "https://i.scdn.co/image/ab67616d00001e02202272de60663c2e15d0886e", "artist": ["Lola Young"], "artistIds": ["67FB4n52MgexGQIG8s0yUH"], "artistPop": [38], "genres": ["uk pop"]}, "6gJ2H930mAD1zRqmoFiE4W": {"name": "Hold It Together", "coverArt": "https://i.scdn.co/image/ab67616d00001e029201fecf333d3ef48c35953a", "artist": ["The Mar\u00edas"], "artistIds": ["2sSGPbdZJkaSE2AbcGOACx"], "artistPop": [67], "genres": ["bedroom pop", "indie pop", "la indie"]}, "1JbyI2lfSIBR93qjpsw9XR": {"name": "Going Out Of My Way (feat. Mr Eazi)", "coverArt": "https://i.scdn.co/image/ab67616d00001e02a34b789bc75dcd0644db732f", "artist": ["M.O", "Mr Eazi"], "artistIds": ["6Ur6METz02CC9zcJWDFicC", "4TAoP0f9OuWZUesao43xUW"], "artistPop": [53, 68], "genres": ["afroswing", "dance pop", "girl group", "house", "pop dance", "post-teen pop", "tropical house", "uk dance", "uk hip hop", "afro dancehall", "afropop", "ghanaian hip hop", "nigerian pop", "swedish dancehall"]}, "5A7HofQTNx0B7eENRfBSdv": {"name": "12345 (GET REAL)", "coverArt": "https://i.scdn.co/image/ab67616d00001e0271c0bdd210df632d9e207b91", "artist": ["Leven Kali"], "artistIds": ["5YZ5AExR68U3ZblH6HcO6B"], "artistPop": [57], "genres": ["alternative r&b", "chill r&b", "indie r&b", "indie soul", "r&b"]}, "4GUAL8VIVt9qTV3a1M0RNk": {"name": "Money In The Bank (feat. Kelvyn Colt)", "coverArt": "https://i.scdn.co/image/ab67616d00001e025cc48e144a5d4a72224fbb3c", "artist": ["Kranium", "Kelvyn Colt"], "artistIds": ["1LKo6ZA3RNvKtLa6zDu32S", "3VV2TXkXYDYSUvtRRER3Wo"], "artistPop": [62, 61], "genres": ["basshall", "dancehall", "german hip hop"]}, "41cmC5V2ilq3NxKMq2MZTn": {"name": "Mascara", "coverArt": "https://i.scdn.co/image/ab67616d00001e028b6a6154a136bf3705389a70", "artist": ["Day Sulan"], "artistIds": ["5wrJuArO5sOmhl2QJ1Z0sk"], "artistPop": [40], "genres": []}, "0LbtrQe8L3j78PTKOLLMd0": {"name": "3am in London", "coverArt": "https://i.scdn.co/image/ab67616d00001e0213246f2dabe1f6823642a391", "artist": ["Ebenezer"], "artistIds": ["2vik8lyw8WiALKMJK7C3hn"], "artistPop": [49], "genres": ["trap soul", "uk hip hop"]}, "3D04oKUEeimHklfpJwvL2T": {"name": "Big Dawg Status", "coverArt": "https://i.scdn.co/image/ab67616d00001e0256534f1eef872c2e4f612688", "artist": ["RARE Sound", "K CAMP", "True Story Gee"], "artistIds": ["5gOJdgcftvP4TwPu0oRSfP", "5bgfj5zUoWpyeVatGDjn6H", "6fMLt27jSiBVuciQOYZGwm"], "artistPop": [36, 67, 41], "genres": ["atl hip hop", "hip hop", "melodic rap", "pop r&b", "pop rap", "r&b", "rap", "southern hip hop", "trap", "atl trap"]}, "0BAQjCC9gfqOebxpmonHKz": {"name": "Everytime", "coverArt": "https://i.scdn.co/image/ab67616d00001e0243a2074d6aae7987416ff087", "artist": ["Medasin", "Naomi Wild"], "artistIds": ["62vbsDRAq0qHdezaCOzB0T", "5EBlHXi71tDXnFtroEh7Rg"], "artistPop": [59, 57], "genres": ["edm", "electronic trap", "future bass", "indie soul", "vapor soul", "vapor twitch", "indie electropop"]}, "7Bcenw3L04NpnXVcPDig4j": {"name": "Andy", "coverArt": "https://i.scdn.co/image/ab67616d00001e021be90868f199963b8b7e3827", "artist": ["Huron John"], "artistIds": ["3CfbFUXY5EE7NmKE4n1Q3v"], "artistPop": [46], "genres": ["bedroom pop", "indie pop", "indie r&b", "modern alternative pop"]}, "4qJptAjwx2y7nZCOeXsSC9": {"name": "Isabella", "coverArt": "https://i.scdn.co/image/ab67616d00001e024cf8f54f1ec077a28ded1d47", "artist": ["Hamilton Leithauser"], "artistIds": ["3ZXXJ9nO1Dn9B0AJ25eAQY"], "artistPop": [47], "genres": ["indie rock", "stomp and holler"]}, "2Nh201cURlNgpcMDnDlNaL": {"name": "New Shoes", "coverArt": "https://i.scdn.co/image/ab67616d00001e023b76cb4bea25b5821d1909e3", "artist": ["Overcoats"], "artistIds": ["2pst3pDewxsl4kJERuDZpp"], "artistPop": [46], "genres": ["electropop", "indie pop", "nyc pop", "vapor soul"]}, "3wiYQN5AIxo4YcKsseWoTW": {"name": "My Year", "coverArt": "https://i.scdn.co/image/ab67616d00001e0258f399759cfa10af8f2ae8f0", "artist": ["MORGAN"], "artistIds": ["7ltW5jYRnGOE4O1vcgW2DI"], "artistPop": [51], "genres": []}, "7cNPfdxKBdizzGDkk1Dgrd": {"name": "Rose Bowl", "coverArt": "https://i.scdn.co/image/ab67616d00001e02f75e3cb5ec5f0318ae048ca6", "artist": ["Rexx Life Raj"], "artistIds": ["5rDXcEIODl8TgGTgrntnjX"], "artistPop": [59], "genres": ["alternative r&b", "cali rap", "trap soul", "underground hip hop"]}, "0q2oWiBXy3dY5gBZGBcEg9": {"name": "Stop Spinnin", "coverArt": "https://i.scdn.co/image/ab67616d00001e029a7235874071a807c39e1936", "artist": ["NoCap"], "artistIds": ["4PNHuWkk4ee6R8WEhFVPf5"], "artistPop": [64], "genres": ["alabama rap", "atl trap", "trap"]}, "6yZtnfTC5LvPitEejvCpp0": {"name": "I TRIED (feat. OSHUN)", "coverArt": "https://i.scdn.co/image/ab67616d00001e021972886b2cf9436de7a4df6a", "artist": ["CJ Fly", "Statik Selektah", "OSHUN"], "artistIds": ["41yEdWozNYEzA2RfgYQHgr", "5v0XTlB9FqNvfBfnw8n5b0", "3sGyf3EDcvQ4PB9AGIg84M"], "artistPop": [52, 55, 41], "genres": ["underground hip hop", "alternative hip hop", "boom bap", "boston hip hop", "hardcore hip hop", "hip hop", "underground hip hop", "afrofuturism", "alternative r&b", "escape room", "psychedelic hip hop"]}, "2pV5NSQv57GvWiV3JwJWbV": {"name": "Where Are You Going?", "coverArt": "https://i.scdn.co/image/ab67616d00001e02acd326eb3433cf376b7ec8a2", "artist": ["Jutes"], "artistIds": ["53fzjsJnjEKkA6TdncuIM4"], "artistPop": [51], "genres": ["emo rap", "sad rap", "trap soul"]}, "2HzoSBdq66iBoJXnnh1Tsq": {"name": "Antisocialist", "coverArt": "https://i.scdn.co/image/ab67616d00001e02a016f78c26ea478dde484b45", "artist": ["Asking Alexandria"], "artistIds": ["1caBfBEapzw8z2Qz9q0OaQ"], "artistPop": [68], "genres": ["melodic metalcore", "metalcore", "trancecore", "uk metalcore"]}, "4qf4kwYfjRrIQeLcxNtF6N": {"name": "Youth", "coverArt": "https://i.scdn.co/image/ab67616d00001e022db7ec946523a5823391ed37", "artist": ["Grouplove"], "artistIds": ["3kVUvbeRdcrqQ3oHk5hPdx"], "artistPop": [69], "genres": ["indie pop", "indie rock", "indietronica", "la indie", "modern alternative rock", "modern rock", "pop rock", "rock", "stomp and holler"]}, "7Js9n3gIsuCaCblkqk5KEW": {"name": "Drinks - From \"Promising Young Woman\" Soundtrack", "coverArt": "https://i.scdn.co/image/ab67616d00001e02aca938e1cf309b1e3bbf6c28", "artist": ["Cyn"], "artistIds": ["0lPhSdyfILTWuDUWJRyAk7"], "artistPop": [53], "genres": ["alt z", "electropop", "indie electropop", "indie pop", "indie poptimism", "la pop", "pop"]}, "0uDsj6KuyEjlFoqQvBcpD4": {"name": "Sometimes", "coverArt": "https://i.scdn.co/image/ab67616d00001e0208202472ec1339b49e72377e", "artist": ["Kodaline"], "artistIds": ["4BxCuXFJrSWGi1KHcVqaU4"], "artistPop": [73], "genres": ["irish pop", "modern rock", "pop", "pop rock"]}, "7vESBZrpzaPfjD2wRgeR93": {"name": "Pawn Shop", "coverArt": "https://i.scdn.co/image/ab67616d00001e02bedfcbdd30a673719bba5415", "artist": ["Brandy Clark"], "artistIds": ["5vMAKlvvMNSRQRYCAvpG6S"], "artistPop": [41], "genres": ["contemporary country", "country pop", "queer country"]}, "2WDY2kjGeNmhb8UwKmixJi": {"name": "Dynamite", "coverArt": "https://i.scdn.co/image/ab67616d00001e02f9969e500a9a9586cd837f22", "artist": ["Saint Sister"], "artistIds": ["7ufZdjYTNe1vzA9Z6Fek14"], "artistPop": [44], "genres": ["irish indie"]}, "2aUZZTOHxWKvhfskruOZaD": {"name": "Jungle", "coverArt": "https://i.scdn.co/image/ab67616d00001e029c08a3db59c2923dd9af5c04", "artist": ["Millie Turner"], "artistIds": ["53GC8IrnkJXGO7znOiv4tD"], "artistPop": [44], "genres": ["uk alternative pop"]}, "3hBGPNpqGIottIxjxRkYYA": {"name": "Somebody Loves You", "coverArt": "https://i.scdn.co/image/ab67616d00001e02a9a451e0299d1ce6b2afc3b1", "artist": ["White Panda", "Jocelyn Alice"], "artistIds": ["1mOUOvOOaoTF2b3kDjrety", "7iymigONRODGl6XJIprcuF"], "artistPop": [45, 46], "genres": ["indie pop rap", "mashup", "canadian electropop"]}, "66LNyfDQyuCVgczVJEdbRl": {"name": "Day N' Night", "coverArt": "https://i.scdn.co/image/ab67616d00001e02873bf8737c9a20f67a44362c", "artist": ["VAVO", "ZHIKO"], "artistIds": ["44re77WwNG34C182Jq3WIK", "0zr2hUrgdQC7g7v2fpd166"], "artistPop": [50, 52], "genres": ["pop edm"]}, "587xp1Yt8CAPzbHsAuN5nD": {"name": "No Te Vayas", "coverArt": "https://i.scdn.co/image/ab67616d00001e02344e7b1b8bbaf76e1ed52e22", "artist": ["Carlos Vives"], "artistIds": ["4vhNDa5ycK0ST968ek7kRr"], "artistPop": [76], "genres": ["champeta", "colombian pop", "latin", "latin pop", "tropical", "vallenato"]}, "1UblArVRpNN3f54Cgv9y8G": {"name": "Shut Up (feat. Lil Keed & Lil Gotit)", "coverArt": "https://i.scdn.co/image/ab67616d00001e02299dd4e10457b62bd2f9723c", "artist": ["Yung Mal", "Lil Keed", "Lil Gotit"], "artistIds": ["6m0MLa2Q5RwIF8R7nwQkQ2", "3uJx5SnOM59Li7lCxA3b29", "4ke9HXbejpYVMhbOjSa4le"], "artistPop": [50, 63, 55], "genres": ["atl trap", "memphis hip hop", "trap", "vapor trap", "melodic rap", "rap", "southern hip hop", "trap", "vapor trap", "atl trap", "rap", "southern hip hop", "trap", "vapor trap"]}, "4t5ZbujxaI7WXjzTiUMu8y": {"name": "Upper Hand", "coverArt": "https://i.scdn.co/image/ab67616d00001e02afe3ea00f885b50679e08bd8", "artist": ["LBS Kee'vin"], "artistIds": ["7CnxjDbOLSjMEAcyehjztA"], "artistPop": [42], "genres": ["florida rap"]}, "5zEkwk2ej4eZMd4UUXgyC0": {"name": "Givin' Body", "coverArt": "https://i.scdn.co/image/ab67616d00001e020b7cb1fdd1f79f5d658ddfcd", "artist": ["DonMonique"], "artistIds": ["2QcGQ2p4IU6Nyyg3gden98"], "artistPop": [24], "genres": ["escape room", "trap queen"]}, "1TWayLyzvhhPjzdBcvfcHv": {"name": "No Go", "coverArt": "https://i.scdn.co/image/ab67616d00001e02435ffc3f6945b799460ab4bf", "artist": ["Xavier Weeks"], "artistIds": ["1I87BJvTcv6gia06HaBl9e"], "artistPop": [51], "genres": ["melodic rap"]}, "4PA0G74tNcrcdwY6BQjrKK": {"name": "i need a vacation", "coverArt": "https://i.scdn.co/image/ab67616d00001e02fcfae7162971867e01cacf01", "artist": ["Johan Lenox", "Rence"], "artistIds": ["1KuV6xtFnLPsneN3yBrjFj", "3VJTtTgub426X1NuzcyAOb"], "artistPop": [43, 52], "genres": ["pop rap"]}, "1Pw3u15CWQUVPiN1XbBYsH": {"name": "SCARRED UP", "coverArt": "https://i.scdn.co/image/ab67616d00001e020f15f0bd89d822b352484e8b", "artist": ["Daniyel"], "artistIds": ["4Zgs72EVDddJE8pa3oGC4L"], "artistPop": [45], "genres": []}, "08D3zofNf3OwOSCAk50UFs": {"name": "Black Licorice", "coverArt": "https://i.scdn.co/image/ab67616d00001e02c64b1537b973ac24b943fd6f", "artist": ["Peach Pit"], "artistIds": ["6fC2AcsQtd9h4BWELbbire"], "artistPop": [65], "genres": ["indie pop", "modern alternative rock", "modern rock", "vancouver indie"]}, "2i936rjkrW37wjkjFJgNcH": {"name": "the first one", "coverArt": "https://i.scdn.co/image/ab67616d00001e0233e2e4090dc08ad822d88746", "artist": ["carobae", "James Droll"], "artistIds": ["2HysMkOtaumKooHYAlE7wd", "3lPtB78D5puSWQ7ltAafQw"], "artistPop": [46, 43], "genres": ["alt z", "indie cafe pop", "indie electropop"]}, "6tmvxHYeUUEsVFkHZlwoeD": {"name": "Stand By Me", "coverArt": "https://i.scdn.co/image/ab67616d00001e029b33f789293ddd816cace081", "artist": ["John Newman"], "artistIds": ["34v5MVKeQnIo0CWYMbbrPf"], "artistPop": [72], "genres": []}, "7iCJH10nI3XcZis5XLJcPk": {"name": "the shepherd", "coverArt": "https://i.scdn.co/image/ab67616d00001e02522d810c720a0800fffc685d", "artist": ["Lauren Auder"], "artistIds": ["5rxf4rjZ5lyhKt7DWM5dLL"], "artistPop": [31], "genres": ["baroque pop"]}}