{"61KpQadow081I2AsbeLcsb": {"name": "deja vu", "coverArt": "https://i.scdn.co/image/ab67616d00001e025a61e19eaffec620c1899c47", "artist": ["Olivia Rodrigo"], "artistIds": ["1McMsnEElThX1knmY4oliG"], "artistPop": [93], "genres": ["pop"]}, "0BI0hfbmqybnd3TezrDME3": {"name": "Met Him Last Night (feat. Ariana Grande)", "coverArt": "https://i.scdn.co/image/ab67616d00001e027379008b8d76b2c65323fed7", "artist": ["Demi Lovato", "Ariana Grande"], "artistIds": ["6S2OmqARrzebs0tKUEyXyp", "66CXWjxzNUsdJxJ2JdwvnR"], "artistPop": [82, 92], "genres": ["dance pop", "pop", "post-teen pop", "dance pop", "pop", "post-teen pop"]}, "1dg3qy5DjoJodawfOCgrTP": {"name": "Run It Up (feat. Offset & Moneybagg Yo)", "coverArt": "https://i.scdn.co/image/ab67616d00001e025af0305457ff290e06dcc4c2", "artist": ["Lil Tjay", "Offset", "Moneybagg Yo"], "artistIds": ["6jGMq4yGs7aQzuGsMgVgZR", "4DdkRBBYG6Yk9Ka8tdJ9BW", "3tJoFztHeIJkJWMrx0td2f"], "artistPop": [84, 80, 79], "genres": ["brooklyn drill", "melodic rap", "nyc rap", "atl hip hop", "hip hop", "pop rap", "rap", "southern hip hop", "trap", "hip hop", "memphis hip hop", "rap", "southern hip hop", "tennessee hip hop", "trap"]}, "4KIkADzoVm3A10E9qyjsQ5": {"name": "4 Da Gang (with Roddy Ricch)", "coverArt": "https://i.scdn.co/image/ab67616d00001e026c0d7a083b347a0f51217d50", "artist": ["42 Dugg", "Roddy Ricch"], "artistIds": ["45gHcnDnMC15sgx3VL7ROG", "757aE44tKEUQEqRuT6GnEB"], "artistPop": [76, 83], "genres": ["detroit trap", "rap", "southern hip hop", "trap", "melodic rap", "rap", "trap"]}, "1kdixtbMh0JUWlvSDmfM9I": {"name": "COUNT ON ME", "coverArt": "https://i.scdn.co/image/ab67616d00001e029d7c620c1169772ee31fa172", "artist": ["BROCKHAMPTON"], "artistIds": ["1Bl6wpkWCQ4KVgnASpvzzA"], "artistPop": [73], "genres": ["boy band", "hip hop", "rap"]}, "6MIBYuOl9utcgCkhcnwh4K": {"name": "Ali", "coverArt": "https://i.scdn.co/image/ab67616d00001e02587f1261496ec8aecd56388c", "artist": ["Mustafa"], "artistIds": ["1zkKkDDra0jlsiJYz57P3P"], "artistPop": [48], "genres": ["chill pop"]}, "0CtFIDCGTfn34IBYKkApU3": {"name": "Space", "coverArt": "https://i.scdn.co/image/ab67616d00001e02af26fb6e036f661e02278a65", "artist": ["AUDREY NUNA"], "artistIds": ["0Wwji82sLA0Hcvtuak3omb"], "artistPop": [56], "genres": ["alternative r&b", "chill r&b", "indie r&b", "modern indie pop"]}, "26NyJM0Y3eXi4h07V7zQCC": {"name": "Big Boss Rabbit", "coverArt": "https://i.scdn.co/image/ab67616d00001e02545dc34cf8c19770570d6342", "artist": ["Freddie Gibbs"], "artistIds": ["0Y4inQK6OespitzD6ijMwb"], "artistPop": [70], "genres": ["alternative hip hop", "hip hop", "indiana hip hop", "rap", "southern hip hop", "underground hip hop"]}, "0BkyTpyhncIxJMmYPZZOcV": {"name": "NOHO (feat. ICECOLDBISHOP)", "coverArt": "https://i.scdn.co/image/ab67616d00001e0252d87f528524b1dfd3be9649", "artist": ["AG Club", "ICECOLDBISHOP"], "artistIds": ["22KyrgRdE2K6aB5wtZls3c", "04zbRSHjzlQYvV31SW7qZ4"], "artistPop": [55, 41], "genres": ["alternative r&b", "indie hip hop", "indie r&b", "underground hip hop", "indie hip hop"]}, "3UHPGOkUcE4hE7sqBF4Snt": {"name": "Film out", "coverArt": "https://i.scdn.co/image/ab67616d00001e0234938530af5d2d98acf174fc", "artist": ["BTS"], "artistIds": ["3Nrfpe0tUJi4K4DXYWgMUX"], "artistPop": [95], "genres": ["k-pop", "k-pop boy group"]}, "0PKAijroHpnEtdY20bkGdr": {"name": "ghost town (voice memo)", "coverArt": "https://i.scdn.co/image/ab67616d00001e025b6327459f5454a084d656f0", "artist": ["Chloe George"], "artistIds": ["5VZn4mB8pS40aE0kujdX2Y"], "artistPop": [57], "genres": []}, "7J4VKp49Uh2r84SK5pUa0A": {"name": "Envidioso", "coverArt": "https://i.scdn.co/image/ab67616d00001e0242d0f5eca436c96c152cc3f8", "artist": ["Ozuna", "Ovi"], "artistIds": ["1i8SpTcr7yvPOmcqrbnVXY", "4o0NtnL2m0lzZmEdRas1qv"], "artistPop": [88, 69], "genres": ["latin", "puerto rican pop", "reggaeton", "trap latino", "corridos tumbados", "nuevo regional mexicano", "trap latino"]}, "7yOEBtOgzkgN52pfM7SOnm": {"name": "gold fronts (feat. Lil Wayne)", "coverArt": "https://i.scdn.co/image/ab67616d00001e02d95b36800cd977559d5af4b0", "artist": ["Foushe\u00e9", "Lil Wayne"], "artistIds": ["6trIghKwHRUyxwvm66HLHH", "55Aa2cqylxrFIXC767Z865"], "artistPop": [68, 88], "genres": ["indie r&b", "hip hop", "new orleans rap", "pop rap", "rap", "trap"]}, "1cURTWQdBWRjUaJI6Fdbsg": {"name": "Woah Man", "coverArt": "https://i.scdn.co/image/ab67616d00001e021aca9649a7635771d9cc114a", "artist": ["Dayglow"], "artistIds": ["6eJa3zG1QZLRB3xgRuyxbm"], "artistPop": [70], "genres": ["austindie", "indie pop", "modern rock"]}, "0mKQl9k1EErmEPk11aWZEl": {"name": "Closure", "coverArt": "https://i.scdn.co/image/ab67616d00001e025b1a0252937e0a123de76451", "artist": ["Hayd"], "artistIds": ["1adGvsK8A0XG2D18ufk7fZ"], "artistPop": [59], "genres": ["alt z", "indie cafe pop", "sad rap"]}, "4jjI9eHfSHtsmacfjeZvhc": {"name": "LazyBaby", "coverArt": "https://i.scdn.co/image/ab67616d00001e02241eb2ccfaac2cd0e3427d10", "artist": ["Dove Cameron"], "artistIds": ["2W8yFh0Ga6Yf3jiayVxwkE"], "artistPop": [68], "genres": ["pop", "post-teen pop", "social media pop"]}, "16X7VHcGISwJ93ott9RHeC": {"name": "Awake (with Mahalia)", "coverArt": "https://i.scdn.co/image/ab67616d00001e024c3d378fed1d439365105ea2", "artist": ["Chiiild", "Mahalia"], "artistIds": ["2YqJwmohaNjg9lg51flSax", "16rCzZOMQX7P8Kmn5YKexI"], "artistPop": [56, 66], "genres": ["alternative r&b", "indie r&b", "alternative r&b", "chill r&b", "dance pop", "indie anthem-folk", "indie r&b", "indie soul", "pop", "r&b", "uk contemporary r&b"]}, "1ah7QJ4UsxhGedu7QhmX44": {"name": "Cold Blood", "coverArt": "https://i.scdn.co/image/ab67616d00001e02756e959a9217702b4929fc74", "artist": ["Junior Varsity"], "artistIds": ["27tsCOGutD6wmFnv4eKWMp"], "artistPop": [42], "genres": []}, "0jvAU48GbRMFL68yenByaz": {"name": "Black Rum", "coverArt": "https://i.scdn.co/image/ab67616d00001e0214757d79c4fc4c0f668879d2", "artist": ["Cake Pop", "Dylan Brady", "Ravenna Golden", "Lewis Grant"], "artistIds": ["4MpQ6BLMo0fDNTZhY7ohRJ", "2Cm6C9PNHioyjRKBfO7n9N", "27Od4Wz93nItXglC5t5GuC", "5hn4bbaAkdXOwk8160xTpj"], "artistPop": [37, 63, 40, 47], "genres": ["escape room", "glitchcore", "hyperpop", "escape room", "hyperpop", "hyperpop"]}, "6YWb0lUmagrO04aiv7WYWn": {"name": "Righteous Reapers (feat. Sykobob, WizDaWizard & Wam SpinThaBin)", "coverArt": "https://i.scdn.co/image/ab67616d00001e023576acfe7e1850199fc2e674", "artist": ["Kodak Black", "Sykobob", "Wam SpinThaBin", "WizDaWizard"], "artistIds": ["46SHBwWsqBkxI7EeeBEQG7", "0wg4bzZcOSvVaFYvgCvzT8", "1vljqWKOCEBTIA9mhCaCCt", "4p8ivLWn8hpHM5uLhYiMix"], "artistPop": [81, 47, 38, 45], "genres": ["florida rap", "hip hop", "melodic rap", "miami hip hop", "rap", "southern hip hop", "trap", "florida rap"]}, "254NA3jUt7zCu0fU4tksil": {"name": "Successful", "coverArt": "https://i.scdn.co/image/ab67616d00001e023c8d4811ec12034113fc78a5", "artist": ["Young M.A"], "artistIds": ["7LvoDJUNGnOrPdGRzVtOJ9"], "artistPop": [67], "genres": ["lgbtq+ hip hop", "nyc rap", "pop rap", "rap", "trap"]}, "5RmSunLqeDqNWww8LWhAiK": {"name": "WACHA", "coverArt": "https://i.scdn.co/image/ab67616d00001e02691048a345204f6643f1ca67", "artist": ["KHEA", "Duki"], "artistIds": ["4m6ubhNsdwF4psNf3R8kwR", "1bAftSH8umNcGZ0uyV7LMg"], "artistPop": [78, 85], "genres": ["argentine hip hop", "trap argentino", "trap latino", "trap triste", "argentine hip hop", "trap argentino", "trap latino", "trap triste"]}, "4unEJMppi4oB9yoYRnTnq7": {"name": "The Melting Of The Sun", "coverArt": "https://i.scdn.co/image/ab67616d00001e026ed83047bbf2f6c9851488b2", "artist": ["St. Vincent"], "artistIds": ["7bcbShaqKdcyjnmv4Ix8j6"], "artistPop": [66], "genres": ["art pop", "electropop", "etherpop", "freak folk", "indie pop", "indie rock", "metropopolis"]}, "4LkCyp4LxvfLUWbRz1em5y": {"name": "I Eat Boys", "coverArt": "https://i.scdn.co/image/ab67616d00001e02562c2044dcefa9da747986cf", "artist": ["chloe moriondo"], "artistIds": ["3P4vW5tzQvmuoNaFQqzy9q"], "artistPop": [64], "genres": ["alt z", "bedroom pop", "indie pop"]}, "3zSd6aaPHeaSmDSZfQ1G3m": {"name": "In the Water (with Quinn XCII)", "coverArt": "https://i.scdn.co/image/ab67616d00001e02ad86f6e4112ff035781722d4", "artist": ["CAL", "Quinn XCII"], "artistIds": ["4VmI5ZXt5FnlYIA8xHCLGH", "3ApUX1o6oSz321MMECyIYd"], "artistPop": [48, 74], "genres": ["electropop", "indie pop rap", "pop", "pop rap"]}, "1lze3IAaen7SA4s9V3T6TF": {"name": "Click Up", "coverArt": "https://i.scdn.co/image/ab67616d00001e0277d07d8b93298ddb2b67583e", "artist": ["Fredo Bang"], "artistIds": ["4yTmEo2clwWq2jwelvqgVv"], "artistPop": [63], "genres": ["baton rouge rap", "southern hip hop", "trap"]}, "5gNWNrmx8AtVpcfdYqir1v": {"name": "back together", "coverArt": "https://i.scdn.co/image/ab67616d00001e0237b0fe372f88059b977a777c", "artist": ["Toosii"], "artistIds": ["6BH1xcDkwbbyrLMUKECsW1"], "artistPop": [67], "genres": ["north carolina hip hop", "pop r&b"]}, "5YSWtx5drmDZHP2weqJtAG": {"name": "To The Money (feat. Flo Milli & 8AE)", "coverArt": "https://i.scdn.co/image/ab67616d00001e02268247010b5feeac1dad1cc8", "artist": ["NEZ", "Flo Milli", "8AE"], "artistIds": ["2Mwy2BwAUT3WU1cZa3pvEW", "08PvCOlef4xdOr20jFSTPd", "1HX4A36aOWZMFx5eRHKIz1"], "artistPop": [45, 69, 26], "genres": ["dance pop", "pop", "pop rap", "r&b", "social media pop", "viral rap"]}, "7IhWJM8cN04zRQ2PNM91xc": {"name": "Stay Mine", "coverArt": "https://i.scdn.co/image/ab67616d00001e020ba36962a0a6e92ff8d6399e", "artist": ["Timmy Trumpet", "Afrojack"], "artistIds": ["0CbeG1224FS58EUx4tPevZ", "4D75GcNG95ebPtNvoNVXhz"], "artistPop": [75, 76], "genres": ["australian dance", "big room", "edm", "melbourne bounce", "melbourne bounce international", "pop dance", "big room", "dance pop", "dutch house", "edm", "electro house", "pop dance", "tropical house"]}, "1C5YO3ItmCjO2lUtLQmYYO": {"name": "What's Wrong", "coverArt": "https://i.scdn.co/image/ab67616d00001e020e1cf3246aaa2a88932c0a90", "artist": ["half\u2022alive"], "artistIds": ["7sOR7gk6XUlGnxj3p9F54k"], "artistPop": [62], "genres": ["alt z", "indie pop", "modern alternative rock", "modern rock"]}, "2pbjwvnOZv7poZfeGlCieM": {"name": "World Is Fucked", "coverArt": "https://i.scdn.co/image/ab67616d00001e0265b3d7e7baf29ac069d780d1", "artist": ["WizTheMc"], "artistIds": ["3ebS2RuCq8QeLyndUDmgB5"], "artistPop": [58], "genres": ["canadian contemporary r&b", "pop rap"]}, "4m311PrEtKHZzy1JAsDCq1": {"name": "Zuccenberg", "coverArt": "https://i.scdn.co/image/ab67616d00001e025be481ed6ea66bb59e41d21e", "artist": ["Tommy Cash", "$uicideboy$", "Diplo"], "artistIds": ["44XzG6GoJZNtkIGW19hsUK", "1VPmR4DJC1PlOtd0IADAO0", "5fMUXHkw8R8eOP2RNVYEZX"], "artistPop": [60, 85, 82], "genres": ["estonian hip hop", "dark trap", "new orleans rap", "underground hip hop", "bmore", "dance pop", "edm", "electro house", "house", "moombahton", "ninja", "pop", "pop dance", "tropical house"]}, "1WJhQBhJGuDxp5LR2os4Za": {"name": "Sip It", "coverArt": "https://i.scdn.co/image/ab67616d00001e021b9b1278957b287586b3e9fb", "artist": ["Iggy Azalea", "Tyga"], "artistIds": ["5yG7ZAZafVaAlMTeBybKAL", "5LHRHt1k9lMyONurDHEdrp"], "artistPop": [74, 84], "genres": ["australian hip hop", "dance pop", "hip pop", "pop", "pop rap", "post-teen pop", "dance pop", "hip hop", "pop rap", "rap", "southern hip hop", "trap"]}, "2WnwtFaG8NT97no7rXcSqK": {"name": "Made For This (feat. Lil Eazzyy)", "coverArt": "https://i.scdn.co/image/ab67616d00001e02753afc8f5351a064cdfce733", "artist": ["3xbravo", "Lil Eazzyy"], "artistIds": ["0lPZJTNurUF05u2JHm48cH", "0rpUnzu4JIoRkKkGvdcm7b"], "artistPop": [42, 61], "genres": ["indie hip hop", "chicago rap"]}, "2yJgLxRS3qzh8MwPogWG7d": {"name": "Diamond Eyes (feat. Sia)", "coverArt": "https://i.scdn.co/image/ab67616d00001e02247465e7d4307766a9ea9fc2", "artist": ["Eddie Benjamin", "Sia"], "artistIds": ["1AaSeUFzwt47HhkGtWE1xn", "5WUlDfRSoLAfcVSX1WnrxN"], "artistPop": [40, 86], "genres": ["modern indie pop", "australian dance", "australian pop", "pop"]}, "1CdihC3UElHj1Ul7XvC2Tu": {"name": "love on you.", "coverArt": "https://i.scdn.co/image/ab67616d00001e027c21e548534d0c6be22343c0", "artist": ["Olivia Holt"], "artistIds": ["188VINPQh5dyNfLUkevKqf"], "artistPop": [55], "genres": ["alt z", "dance pop", "pop", "post-teen pop", "social media pop"]}, "3QDQyIW4SgoGxDosNGLByc": {"name": "How It Goes", "coverArt": "https://i.scdn.co/image/ab67616d00001e02c6f0d73d596cd9eed8f2bee8", "artist": ["Emilee"], "artistIds": ["4ArPQ1Opcksbbf3CPwEjWE"], "artistPop": [67], "genres": ["social media pop"]}, "20Q1NJcsDQthZNs1g3T6e7": {"name": "Young Lies", "coverArt": "https://i.scdn.co/image/ab67616d00001e0286e15bb84be6b6d70cf69da5", "artist": ["Pot\u00e9", "Damon Albarn"], "artistIds": ["4mHvZlo1KyW4kW3F1FE1q5", "0O98jlCaPzvsoei6U5jfEL"], "artistPop": [39, 51], "genres": ["downtempo", "solo wave"]}, "7Kr4CM8SH2JI8Ecz2quate": {"name": "Yeah Kool (feat. Lil Uzi Vert)", "coverArt": "https://i.scdn.co/image/ab67616d00001e02473b84654b2aee3ce6c350c5", "artist": ["FXXXXY", "Lil Uzi Vert"], "artistIds": ["0SSE0sdoX2FYoo4xQtJmvX", "4O15NlyKLIASxsJ0PrXPfz"], "artistPop": [38, 88], "genres": ["melodic rap", "philly rap", "rap", "trap"]}, "6LcnvbHMT0qZDKZuUZaqt2": {"name": "Pop It (feat. Megan Thee Stallion)", "coverArt": "https://i.scdn.co/image/ab67616d00001e0209004b0db2a54c8008cf0b92", "artist": ["Bankroll Freddie", "Megan Thee Stallion"], "artistIds": ["20vLls6BmcHB0zEwpB91O2", "181bsRPaVXVlUKXrxwZfHK"], "artistPop": [47, 86], "genres": ["arkansas hip hop", "atl trap", "trap", "houston rap", "pop", "pop rap", "trap queen"]}, "0qfg4TaHFru8ybkMmTzfxb": {"name": "SUPERSTAR", "coverArt": "https://i.scdn.co/image/ab67616d00001e029c2d014f2e277de78f5456b9", "artist": ["Dro Kenji"], "artistIds": ["46fHMu9KxdQwcGV9xI1L9R"], "artistPop": [59], "genres": ["sad rap"]}, "1Z2kJTfeaEDXsJ0FcYtwvU": {"name": "Always & Forever", "coverArt": "https://i.scdn.co/image/ab67616d00001e0203668bdd26288fbca04d70ef", "artist": ["Joseph Black"], "artistIds": ["7sPFCTilT1dZsqcDXzOiQf"], "artistPop": [50], "genres": ["viral rap"]}, "7mV2INVLXxfqjtEn4zPDel": {"name": "THAT'S ON YOU!", "coverArt": "https://i.scdn.co/image/ab67616d00001e02378bdde60b9cdb9763873e34", "artist": ["REI AMI"], "artistIds": ["6U1dV7aL68N7Gb0Naq34V5"], "artistPop": [61], "genres": ["alt z", "escape room", "modern indie pop"]}, "3HMsXNChCvgMHlwfrsUJtC": {"name": "Hope They Love You", "coverArt": "https://i.scdn.co/image/ab67616d00001e0212d827511be4a391a3fc6923", "artist": ["Wingtip"], "artistIds": ["1Eie0tY91rpi7Y0jtIOXzI"], "artistPop": [52], "genres": ["electropop", "indie electropop", "indie poptimism", "nyc pop"]}, "0krnQme22s9WqbuUq940fg": {"name": "Second Base", "coverArt": "https://i.scdn.co/image/ab67616d00001e023dc07d460a9b7eeab0ac81ac", "artist": ["Forrest Nolan"], "artistIds": ["3M8UUCqb0mIEn5S2lO13yv"], "artistPop": [50], "genres": []}, "2THZwpPhj4kg1RmUp5WgiD": {"name": "The Men Who Rule the World", "coverArt": "https://i.scdn.co/image/ab67616d00001e0227b4aec3f8a1527b93bfb6a4", "artist": ["Garbage"], "artistIds": ["6S0GHTqz5sxK5f9HtLXn9q"], "artistPop": [61], "genres": ["alternative dance", "alternative rock", "dance pop", "dance rock", "electronic rock", "lilith", "permanent wave", "pop rock", "rock"]}, "08CVVZ9HYOXzPRAIV0w8nq": {"name": "Skinny", "coverArt": "https://i.scdn.co/image/ab67616d00001e024e4078fe4960a58d6bfeaf45", "artist": ["KALEO"], "artistIds": ["7jdFEYD2LTYjfwxOdlVjmc"], "artistPop": [71], "genres": ["icelandic indie", "icelandic rock", "modern alternative rock", "modern rock"]}, "2XbtAowMkaRMktJFII7h0Y": {"name": "Sorry I Am", "coverArt": "https://i.scdn.co/image/ab67616d00001e02244162092293b6eec5e99b42", "artist": ["Del Water Gap"], "artistIds": ["0xPoVNPnxIIUS1vrxAYV00"], "artistPop": [56], "genres": ["deep new americana", "indie cafe pop", "indie pop", "modern rock"]}, "42y1R39jgfNb8tNtNNoYMZ": {"name": "Look", "coverArt": "https://i.scdn.co/image/ab67616d00001e0245c5690462817f283be03352", "artist": ["Doss"], "artistIds": ["7bQLFALIEawxhkyFiiLVhM"], "artistPop": [54], "genres": ["art pop", "deconstructed club", "dream trance", "electropop", "escape room", "hyperpop"]}, "6U9XV3WFi4Lo89SHxFpyNg": {"name": "Nextra", "coverArt": "https://i.scdn.co/image/ab67616d00001e0257fac78598ca39d72b85fc75", "artist": ["deadmau5"], "artistIds": ["2CIMQHirSU0MQqyYHq0eOx"], "artistPop": [68], "genres": ["canadian electronic", "edm", "electro house", "pop dance", "progressive house"]}, "4e54PAuILqrhjr2ryuMvdq": {"name": "PURRITO APA", "coverArt": "https://i.scdn.co/image/ab67616d00001e02485b5abff4319207d79f7aa2", "artist": ["Feid", "ICON"], "artistIds": ["2LRoIwlKmHjgvigdNGBHNo", "0SSbTivuMrvdqgCt7ln6jD"], "artistPop": [79, 55], "genres": ["colombian pop", "latin", "pop reggaeton", "reggaeton", "reggaeton colombiano", "trap latino", "reggaeton colombiano"]}, "36eeh1rlxM8Rq5uFTMog6t": {"name": "rosas (d\u00edmelo)", "coverArt": "https://i.scdn.co/image/ab67616d00001e02ceaf18d4c8a562552e7c11ea", "artist": ["Girl Ultra"], "artistIds": ["7i1CyQ1fogh4bkj3EPj3ls"], "artistPop": [51], "genres": ["cdmx indie", "r&b en espanol"]}, "4Ot0dM7CB4gr9hVu6Hos3Z": {"name": "Raw", "coverArt": "https://i.scdn.co/image/ab67616d00001e02cb6d772e4f1b848ed52ff9f6", "artist": ["Leo Bhanji"], "artistIds": ["6O5GOlHxncbRRAntqtIYMP"], "artistPop": [33], "genres": []}, "778YrY41qmRV4Sc8qzb1nK": {"name": "Rih", "coverArt": "https://i.scdn.co/image/ab67616d00001e0275ce264cbba6047de93759ec", "artist": ["Kenny Mason"], "artistIds": ["4mwdnO2jZrMmMVrjcHsZBv"], "artistPop": [55], "genres": ["atl hip hop", "indie hip hop", "underground hip hop"]}, "3JRFhq8N3N8sBlm6Y8upPm": {"name": "TV Boy", "coverArt": "https://i.scdn.co/image/ab67616d00001e029c3826f9e05e2413e1c70cee", "artist": ["Westside Gunn"], "artistIds": ["0ABk515kENDyATUdpCKVfW"], "artistPop": [65], "genres": ["alternative hip hop", "boom bap", "buffalo hip hop", "hip hop", "rap", "underground hip hop", "upstate ny rap"]}, "3eiSVdBXmbE7Kk5DKjEiyJ": {"name": "Easy", "coverArt": "https://i.scdn.co/image/ab67616d00001e02c759953452cdce7c37fb46b5", "artist": ["Lakeyah"], "artistIds": ["77gMBvQ2frbQAPyCeoYGm7"], "artistPop": [54], "genres": ["pop r&b"]}, "0G2OvqpvifsIHALlLqB5NG": {"name": "4U", "coverArt": "https://i.scdn.co/image/ab67616d00001e0267f219263633cf63f1ace580", "artist": ["Pi\u2019erre Bourne"], "artistIds": ["3x3jSlhyv5CiCZDZlaTq0M"], "artistPop": [68], "genres": ["hip hop", "melodic rap", "rap", "trap", "underground hip hop", "vapor trap"]}, "0oskPlVmx6H6HOQifoBNvL": {"name": "HOT HOT", "coverArt": "https://i.scdn.co/image/ab67616d00001e02a68f80b47fba348e1bbcb760", "artist": ["Bree Runway"], "artistIds": ["58hqTaCiqGrMsNmmm3qL7w"], "artistPop": [57], "genres": ["alternative r&b", "dance pop", "electropop", "escape room", "hyperpop", "pop", "post-teen pop"]}, "6hb4aV6tyjZr3HyhHQ5mSq": {"name": "Love 2 Hard (feat. Tauren Wells)", "coverArt": "https://i.scdn.co/image/ab67616d00001e026d97bd24774afc0cb72c0da0", "artist": ["Emily Weisband", "Tauren Wells"], "artistIds": ["1am9EW2QubqpkCbg29vu5n", "3SKza3YPBri1k43LB1Tqy4"], "artistPop": [40, 63], "genres": ["alt z", "country pop", "nashville singer-songwriter", "ccm", "christian music", "world worship"]}, "38OP7Qad0x4tEZzYVBuidm": {"name": "Move It to the Side", "coverArt": "https://i.scdn.co/image/ab67616d00001e021d10e33c3da09abc175f3d99", "artist": ["John-Robert"], "artistIds": ["5zlnl1lFTTaETmaKci4V6j"], "artistPop": [45], "genres": ["virginia indie"]}, "0bBffVvTN9DIpLijsvf1e2": {"name": "Look Around", "coverArt": "https://i.scdn.co/image/ab67616d00001e02244f05db66445aca1f641cd7", "artist": ["Trousdale"], "artistIds": ["26DvqLYszG0oIOeelTF5kE"], "artistPop": [46], "genres": []}, "7soytjcUjILuKuBDNHTPiy": {"name": "amsterdam", "coverArt": "https://i.scdn.co/image/ab67616d00001e02939507005635f1d01685a0d6", "artist": ["Emma Bale"], "artistIds": ["1vlR56ECqMAOA2mUTcTgPV"], "artistPop": [48], "genres": ["belgian pop"]}, "0RQpg3Q0QOxp6gqDpE8uWH": {"name": "o shit!", "coverArt": "https://i.scdn.co/image/ab67616d00001e0282fd53b257cb44f125f3a2a9", "artist": ["lentra"], "artistIds": ["484bfoveqgHfx2VhNY4zzT"], "artistPop": [64], "genres": ["canadian hip hop"]}, "0RcKrEJIn4OhDGsaTW7g9K": {"name": "In N Out (feat. TheHxliday & Rico Nasty)", "coverArt": "https://i.scdn.co/image/ab67616d00001e0214e64ee8d67e847491855f69", "artist": ["Jasiah", "Rico Nasty", "TheHxliday"], "artistIds": ["7502fDxg339jvGV08Jd4R0", "2OaHYHb2XcFPvqL3VsyPzU", "2e3LzbZx1VP4wBNFCaxZVD"], "artistPop": [64, 69, 50], "genres": ["dark trap", "ohio hip hop", "underground hip hop", "vapor trap", "viral rap", "dance pop", "dmv rap", "escape room", "pop", "pop rap", "trap queen", "sad rap", "vapor trap"]}, "7pvBzsA4X3qR9kiD7R0z5O": {"name": "Opp Boyz", "coverArt": "https://i.scdn.co/image/ab67616d00001e025c405f08d183c36778e0ce41", "artist": ["Yungeen Ace"], "artistIds": ["7hj7ffJe6UkF1gsMpuweSI"], "artistPop": [64], "genres": ["florida rap", "melodic rap", "trap"]}, "6OAVNamnIffTBi1S3VCLNS": {"name": "DOUBLE DUTCH", "coverArt": "https://i.scdn.co/image/ab67616d00001e02553da3afbbc21d2b23f761d9", "artist": ["Charmaine"], "artistIds": ["5cie6OioF2WHr2KflhcQGT"], "artistPop": [40], "genres": ["trap queen"]}, "2nc452OXQtAGdDDcKBCWpl": {"name": "You Don't Want Me", "coverArt": "https://i.scdn.co/image/ab67616d00001e0230db7f41c9294abe20b8ba2b", "artist": ["Tassia Zappia"], "artistIds": ["7bXqujdpOq3rBiEmUF6M5k"], "artistPop": [31], "genres": []}, "3rTG1NFg7J4tMDwzWPap7d": {"name": "American Dream", "coverArt": "https://i.scdn.co/image/ab67616d00001e02211acf0295ac65c8189dc9f0", "artist": ["Canaan Smith"], "artistIds": ["0q2lY1ZzFckzciuoMtUvck"], "artistPop": [53], "genres": ["contemporary country", "country", "country pop", "country road", "modern country rock"]}, "4G7r8qFRhNmoXR3wWqxzL2": {"name": "Where The Soul Never Dies", "coverArt": "https://i.scdn.co/image/ab67616d00001e02e7da9ec74903856ac31732e2", "artist": ["Leslie Jordan", "Dolly Parton"], "artistIds": ["7rYLqyGeyCnraP6vBfhfFn", "32vWCbZh0xZ4o9gkz4PsEU"], "artistPop": [27, 73], "genres": ["classic country pop", "country", "country dawn"]}, "4xpTjwZPnpB4FO8EJh0trf": {"name": "Salt, Lime & Tequila", "coverArt": "https://i.scdn.co/image/ab67616d00001e02fa982e7320ceac4d7ef5967c", "artist": ["Ryan Griffin"], "artistIds": ["7dMEBGtGI6O7PoTEucAaBT"], "artistPop": [49], "genres": ["contemporary country", "country pop"]}, "2XvjJCTvgmV9rd4ZHImBfc": {"name": "Temporary", "coverArt": "https://i.scdn.co/image/ab67616d00001e020882a4c668ef6206d33fbf07", "artist": ["Bailey Bryan"], "artistIds": ["2YcTXkrGXpftY9AR0BKEz0"], "artistPop": [48], "genres": ["alt z", "country pop", "social media pop"]}, "61rw9CwRmH3Z0OMwwDICqP": {"name": "Long Way Down", "coverArt": "https://i.scdn.co/image/ab67616d00001e02e7b684d8bde9bb74556e5777", "artist": ["Joshua Speers"], "artistIds": ["7KlIBAc2EPCSzwvrLftuch"], "artistPop": [29], "genres": ["modern alternative pop"]}, "1SAF9h8xdE1YV02Dbgrn2L": {"name": "I'm So Bored", "coverArt": "https://i.scdn.co/image/ab67616d00001e02032ae3232234f38a5be120e3", "artist": ["Sarah and the Sundays"], "artistIds": ["1vnh2cDW2CgA5M1ya95mZG"], "artistPop": [47], "genres": ["connecticut indie"]}, "4biS5ffVT5Fz1hBOODMBne": {"name": "Reflections (feat. Jamila Woods)", "coverArt": "https://i.scdn.co/image/ab67616d00001e0273296963091fc8a8932d3336", "artist": ["oddCouple", "Jamila Woods"], "artistIds": ["4SNPCk41ou9AgQeMBIEZqi", "4UodukR17NIQfNu5uaqm9B"], "artistPop": [23, 53], "genres": ["afrofuturism", "alternative r&b", "escape room", "indie soul"]}, "7FdPNzOaG7FnIXiFm53cq4": {"name": "Can't Let You Go (feat. Nick Grant)", "coverArt": "https://i.scdn.co/image/ab67616d00001e027b5cdd312cbec887d99ef15d", "artist": ["Terrace Martin", "Nick Grant"], "artistIds": ["7MNEVabc4cs19CbzAFZmXz", "2QOP6zKx1d0gGEtuuXOvJ3"], "artistPop": [62, 41], "genres": ["alternative r&b", "indie jazz", "indie soul", "neo soul", "atl hip hop"]}, "3ZW48z429TwTJlEN9vxs8u": {"name": "Mystery", "coverArt": "https://i.scdn.co/image/ab67616d00001e0268969493efcbffe3a4b19801", "artist": ["Ralph Castelli"], "artistIds": ["4o16FybIZV7WPD7tOl7PUd"], "artistPop": [56], "genres": ["alaska indie"]}, "1d33DkTz1z9ssK9OIudpub": {"name": "Yea Yup", "coverArt": "https://i.scdn.co/image/ab67616d00001e020a14f3d7ff0b1bf87ac234c3", "artist": ["Fedd the God", "Wiz Khalifa"], "artistIds": ["23tQKPyz9GU1ZuCjH7X9Hw", "137W8MRPWKqSmrBGDBFSop"], "artistPop": [45, 84], "genres": ["dance pop", "hip hop", "pittsburgh rap", "pop rap", "rap", "southern hip hop", "trap"]}, "5ybZNG4saSghgCiTP2GUKe": {"name": "omomo punk", "coverArt": "https://i.scdn.co/image/ab67616d00001e02e5c2cc9cc907aaf3373344de", "artist": ["Warren Hue"], "artistIds": ["4qcKNkdxUidhvUByB2eQ6g"], "artistPop": [64], "genres": ["chill r&b"]}, "3HopXEwE96WWXPP4OK78wW": {"name": "I Know a Place", "coverArt": "https://i.scdn.co/image/ab67616d00001e02aafbfaabe849cb5147e6c1a5", "artist": ["Chevy"], "artistIds": ["0lhcAgqzhRZuhHTXJsilSc"], "artistPop": [57], "genres": []}, "4QZYTmGqtEHngxs10Rd9qB": {"name": "I Follow", "coverArt": "https://i.scdn.co/image/ab67616d00001e0256db07e6c81493535c6e46dd", "artist": ["Loi"], "artistIds": ["574qIjE9UTvfSvtnIrdLaE"], "artistPop": [46], "genres": []}, "6oWWx1qrQWkWcABWF4DF7N": {"name": "We Need You (feat. V. Rose)", "coverArt": "https://i.scdn.co/image/ab67616d00001e02e8e9298a5fe68b06d3842902", "artist": ["Propaganda", "DJ Mal-Ski", "V. Rose"], "artistIds": ["7wGizTRCLYwsLnTuCBbJ6t", "0k4zCHqnp7ICf5IUBvhViS", "2OHB0NOUxQ4MgM1BwEJSom"], "artistPop": [38, 25, 43], "genres": ["christian hip hop", "christian trap", "christian hip hop", "christian pop", "christian trap"]}, "0tHyT6Dfdo5JUo8JbqocLJ": {"name": "One More Hour", "coverArt": "https://i.scdn.co/image/ab67616d00001e024284d54fa56568bda1c91905", "artist": ["Flock of Dimes"], "artistIds": ["1TTfuOdEtj8lin2zR4OWmP"], "artistPop": [44], "genres": ["art pop", "baltimore indie", "bubblegrunge", "freak folk", "indie folk", "indie pop", "indie rock", "stomp and holler"]}, "3ZJJ5P4T0XWEFHu0GlZZZe": {"name": "Weekend", "coverArt": "https://i.scdn.co/image/ab67616d00001e02bb2c9a1ca6baf18e836c6dd1", "artist": ["Nebu Kiniza"], "artistIds": ["5lCY3tqdQxbeg5igSlObaT"], "artistPop": [58], "genres": ["melodic rap", "plugg", "trap", "trap soul", "vapor trap"]}, "5b9qArPaYpmfQiDy1NyOnk": {"name": "I Get That", "coverArt": "https://i.scdn.co/image/ab67616d00001e0224ccdd3bf9ba7dc77b0186b1", "artist": ["Desiigner"], "artistIds": ["7pFeBzX627ff0VnN6bxPR4"], "artistPop": [68], "genres": ["pop rap", "rap", "trap", "viral trap"]}, "3meMRyObkfDSRpT23GtkSj": {"name": "Day 1 Starter (feat. Remble)", "coverArt": "https://i.scdn.co/image/ab67616d00001e0228248ffe3e297df874ef636a", "artist": ["GirlzLuhDev", "Remble"], "artistIds": ["4cKveAV460eVfkuTgtcVtP", "65s98MYZ4xFpgKlUYS5XKw"], "artistPop": [47, 66], "genres": ["cali rap", "cali rap"]}, "2TwB7aK39tnZBQjBPgcbCj": {"name": "Spider", "coverArt": "https://i.scdn.co/image/ab67616d00001e029448197f00ccb91ff0685681", "artist": ["HOSHI"], "artistIds": ["6nWKAdMv1BDq1zHfZzkdbR"], "artistPop": [47], "genres": ["k-pop"]}, "67SY2X4lUKzFhVbE1TONiE": {"name": "Anybody But You", "coverArt": "https://i.scdn.co/image/ab67616d00001e029305a779edac733bfc49f33b", "artist": ["Malia Civetz"], "artistIds": ["7yVXoYjAE7rrkQ28aGBgUo"], "artistPop": [48], "genres": ["la pop"]}, "7poupEIC9Waxze2OHxiV5r": {"name": "PORCELAIN", "coverArt": "https://i.scdn.co/image/ab67616d00001e02d68dd49ff7df10cbc03e639b", "artist": ["morgxn"], "artistIds": ["034u8Qcs47NHkRQXaWkLXW"], "artistPop": [51], "genres": ["indie poptimism", "la pop", "modern alternative rock"]}, "3MDvTlw29vBKnqDn0MRwqI": {"name": "You're Dead to Me, I Hope You Fail", "coverArt": "https://i.scdn.co/image/ab67616d00001e021970f406a30cbb0d5b0cee17", "artist": ["iamnotshane"], "artistIds": ["3jN7f9X0EmFnsbRS6nl6as"], "artistPop": [45], "genres": []}, "3r9CbJJKdAQ1Djfu932w22": {"name": "Feel The Heat", "coverArt": "https://i.scdn.co/image/ab67616d00001e02dbfd682147fdfd923c65f529", "artist": ["AmyElle"], "artistIds": ["1z1V8o4cq5VNtAU05T2q4W"], "artistPop": [39], "genres": []}, "5zm5Ra1DVCmujK882R7QSP": {"name": "Angelito", "coverArt": "https://i.scdn.co/image/ab67616d00001e025bd8d05b2f09174cede348b3", "artist": ["Ovy On The Drums", "Be\u00e9le", "Bad Milk"], "artistIds": ["3m5qlPf2OkihLz3dRYnkPA", "7a0XAaPaK2aDSqa8p3QnC7", "5rMUEBZwYHovrlnuzggrVR"], "artistPop": [66, 72, 48], "genres": ["colombian pop", "dominican pop", "latin", "latin pop", "reggaeton", "reggaeton colombiano", "trap latino", "reggaeton colombiano"]}, "1odkZf5VDfsINEIRQ2GYW8": {"name": "Dance", "coverArt": "https://i.scdn.co/image/ab67616d00001e02cdcfd5121aacc33aacd8cd92", "artist": ["Foxes"], "artistIds": ["7qRll6DYV06u2VuRPAVqug"], "artistPop": [63], "genres": ["dance pop", "electropop", "indie poptimism", "metropopolis", "post-teen pop", "uk pop"]}, "1nTsUGle3BRdSpY1tnbsNc": {"name": "Lola", "coverArt": "https://i.scdn.co/image/ab67616d00001e02b63a9c3b1424d9d30b8d1228", "artist": ["Lilith Czar"], "artistIds": ["2tMZ37dVy1DzZjXXCjhgFq"], "artistPop": [42], "genres": []}, "3dpq9duXCd1E5wbOjIL4DG": {"name": "Girl Go", "coverArt": "https://i.scdn.co/image/ab67616d00001e02762e93a5159c494a6decee51", "artist": ["Chrissy Metz"], "artistIds": ["1UxVEV7mxsSuRZG7niH70a"], "artistPop": [37], "genres": []}, "1BdqRVyZeZrCWnbR5zsUz5": {"name": "Where Have You Gone", "coverArt": "https://i.scdn.co/image/ab67616d00001e0243ff9e0b6be9f57988d2b871", "artist": ["Alan Jackson"], "artistIds": ["4mxWe1mtYIYfP040G38yvS"], "artistPop": [74], "genres": ["contemporary country", "country", "country road"]}, "4eueZY9o9Z8oia25YdActL": {"name": "Witness", "coverArt": "https://i.scdn.co/image/ab67616d00001e02ff21c6d78e32933ae71cd999", "artist": ["Rosie Darling"], "artistIds": ["6kDXH8d9LugUAsHIozzDAI"], "artistPop": [52], "genres": ["alt z"]}, "6qGBgJ2IOSd9Cw8EQXbuuR": {"name": "monster v.2", "coverArt": "https://i.scdn.co/image/ab67616d00001e02ba737812f148a1c1e10c1abb", "artist": ["Tom Odell"], "artistIds": ["2txHhyCwHjUEpJjWrEyqyX"], "artistPop": [73], "genres": ["chill pop", "pop"]}, "0yig7Mn3nsz17bRgyeameH": {"name": "En Realidad", "coverArt": "https://i.scdn.co/image/ab67616d00001e02d96e04996b0ff9fe2581fe03", "artist": ["\u00c1ngela Aguilar"], "artistIds": ["3abT87tqQ4Q5PA5nw6CYyH"], "artistPop": [70], "genres": ["mariachi", "nuevo regional mexicano", "ranchera", "regional mexican"]}, "1EXlrwfb7ikamp4vUCJ5Y9": {"name": "Shades of Us", "coverArt": "https://i.scdn.co/image/ab67616d00001e0242bd0f416ad3a6c9f0f28c3e", "artist": ["Quadeca"], "artistIds": ["3zz52ViyCBcplK0ftEVPSS"], "artistPop": [60], "genres": ["pop rap", "social media pop"]}, "4zfjkqJRJghGXUIq3Cosks": {"name": "Inhaled", "coverArt": "https://i.scdn.co/image/ab67616d00001e023ec2a571fa840e8a0a449107", "artist": ["Ahmad Anonimis"], "artistIds": ["3wnsNFtqQ75UEUAN3PwkPH"], "artistPop": [27], "genres": []}}