{"0x4Kmsd1YLB9emO8thJ62U": {"name": "Llorando en un Ferrari", "coverArt": "https://i.scdn.co/image/ab67616d00001e021fbb8aa211472dc81f4e4ebc", "artist": ["Anuel AA"], "artistIds": ["2R21vXR83lH98kGeO99Y66"], "artistPop": [89], "genres": ["latin", "reggaeton", "reggaeton flow", "trap boricua", "trap latino"]}, "2AaJeBEq3WLcfFW1y8svDf": {"name": "By Your Side", "coverArt": "https://i.scdn.co/image/ab67616d00001e0214df311689f6b89f552f3eb2", "artist": ["Rod Wave"], "artistIds": ["45TgXXqMDdF8BkjA83OM7z"], "artistPop": [79], "genres": ["florida rap"]}, "2zpZkOV7sD9C4Cv0cukoHV": {"name": "Always Been You", "coverArt": "https://i.scdn.co/image/ab67616d00001e02850d60e4994039980cf6ce2d", "artist": ["Jessie Murph"], "artistIds": ["2yLzlEFtIS0Q9UkyBZdQA7"], "artistPop": [63], "genres": ["alt z"]}, "0SRBovIdW5xMxuw7ZR9pHz": {"name": "Another day in America (with Ozuna)", "coverArt": "https://i.scdn.co/image/ab67616d00001e024278fa0164671afebf91441a", "artist": ["Kali Uchis", "Ozuna"], "artistIds": ["1U1el3k54VvEUzo3ybLPlM", "1i8SpTcr7yvPOmcqrbnVXY"], "artistPop": [84, 89], "genres": ["colombian pop", "pop", "latin", "puerto rican pop", "reggaeton", "trap latino"]}, "0zqBZqm5czQ3A4EoSdKFHj": {"name": "Man On The Moon", "coverArt": "https://i.scdn.co/image/ab67616d00001e02df9a35baaa98675256b35177", "artist": ["Alan Walker", "Benjamin Ingrosso"], "artistIds": ["7vk5e3vY1uw9plTHJAMwjN", "7jEEE187pVG6InOxn03oA5"], "artistPop": [84, 65], "genres": ["electro house", "swedish pop"]}, "0cNAaZbkK61jCej9BP1NoJ": {"name": "Go", "coverArt": "https://i.scdn.co/image/ab67616d00001e02adf87c642c315721edf83acb", "artist": ["$NOT"], "artistIds": ["5IbEL2xjRtKsunfmsahLuO"], "artistPop": [78], "genres": ["aesthetic rap", "florida rap", "underground hip hop", "vapor trap"]}, "1eM4fra8uJEPwnuqleb0Xd": {"name": "Can't Complain (feat. Reaper)", "coverArt": "https://i.scdn.co/image/ab67616d00001e026fa20778163231716ea732f8", "artist": ["42 Dugg", "Reaper"], "artistIds": ["45gHcnDnMC15sgx3VL7ROG", "2NsqUvmzQwpQZDgtGZjEqx"], "artistPop": [75, 35], "genres": ["detroit trap", "pop rap", "rap", "southern hip hop", "trap"]}, "7vMDFGBs0CTEkENk2dyCnc": {"name": "Destroy Myself Just For You", "coverArt": "https://i.scdn.co/image/ab67616d00001e02f3a0f6cef69ce12b4a237ace", "artist": ["Montell Fish"], "artistIds": ["5nvWOyAkfNgVLKESq4fOj2"], "artistPop": [67], "genres": ["pittsburgh rap"]}, "109mkG2S2huV1S5xFRbJgF": {"name": "OUTRUN MYSELF (with Travis Barker)", "coverArt": "https://i.scdn.co/image/ab67616d00001e02ecd4349f1915e9938b4cb1ae", "artist": ["Jack Kays", "Travis Barker"], "artistIds": ["24qqDoA4BBXVnPOdHBjT54", "4exLIFE8sISLr28sqG1qNX"], "artistPop": [59, 77], "genres": ["cincinnati rap", "emo rap", "pop rap", "sad lo-fi", "sad rap", "rap rock"]}, "2wmZFiWL7MKt2vQe6DPanz": {"name": "Grateful", "coverArt": "https://i.scdn.co/image/ab67616d00001e029fc66dde833bdcf9707613c2", "artist": ["Kota the Friend"], "artistIds": ["2AfU5LYBVCiCtuCCfM7uVX"], "artistPop": [67], "genres": ["hip hop", "rap", "underground hip hop"]}, "4dzBqc5t2GWJKpGqUoTbrU": {"name": "2gether", "coverArt": "https://i.scdn.co/image/ab67616d00001e02717bc6f6bbe001f73e9d9596", "artist": ["Mura Masa"], "artistIds": ["5Q81rlcTFh3k6DQJXPdsot"], "artistPop": [66], "genres": ["channel islands indie", "vapor soul"]}, "5MG69A9XyXDbBbeOxdR3Tl": {"name": "don't miss me", "coverArt": "https://i.scdn.co/image/ab67616d00001e027a87a5c655d19748b4aef723", "artist": ["Claire Rosinkranz"], "artistIds": ["3V0ZQW0dNuVaFtbVYgSI24"], "artistPop": [66], "genres": ["alt z", "indie pop", "modern indie pop", "pop"]}, "6FRxFke9VsjXmibGgSeKki": {"name": "Sweet Talker", "coverArt": "https://i.scdn.co/image/ab67616d00001e024cfe5cdd428a45bc334a8d6b", "artist": ["Years & Years", "Galantis"], "artistIds": ["5vBSrE1xujD2FXYRarbAXc", "4sTQVOfp9vEMCemLw50sbu"], "artistPop": [72, 78], "genres": ["dance pop", "edm", "electropop", "gauze pop", "pop", "pop dance", "tropical house", "dance pop", "edm", "electro house", "pop", "pop dance", "tropical house"]}, "2H5uvk1o7ZpEHtclzN91Fh": {"name": "Midas Touch", "coverArt": "https://i.scdn.co/image/ab67616d00001e02ceba50148dc1f755e08339cf", "artist": ["AURORA"], "artistIds": ["1WgXqy2Dd70QQOU7Ay074N"], "artistPop": [75], "genres": ["art pop", "norwegian pop"]}, "0rsTDgGRlXKuzSAxcdb4Ns": {"name": "Borracho", "coverArt": "https://i.scdn.co/image/ab67616d00001e02577954ad5b7c1a2ac94bc93d", "artist": ["Sech", "DJ Khaled"], "artistIds": ["77ziqFxp5gaInVrF2lj4ht", "0QHgL1lAIqAw0HtD7YldmP"], "artistPop": [88, 79], "genres": ["latin", "panamanian pop", "reggaeton", "trap latino", "dirty south rap", "hip hop", "miami hip hop", "pop", "pop rap", "rap", "southern hip hop", "trap"]}, "2TXPpyvAghVDKSBeyEuUEH": {"name": "Chose Me", "coverArt": "https://i.scdn.co/image/ab67616d00001e02ce2542ece063b64e8f8413f9", "artist": ["Blueface", "Blxst"], "artistIds": ["3Fl1V19tmjt57oBdxXKAjJ", "4qXC0i02bSFstECuXP2ZpL"], "artistPop": [73, 75], "genres": ["cali rap", "trap", "pop rap"]}, "2SGlRbQZwOID4xScKqF0lC": {"name": "Shame", "coverArt": "https://i.scdn.co/image/ab67616d00001e025050737f2eb63f9195fa843c", "artist": ["midwxst"], "artistIds": ["7CGSp2GbiOpLPSq61qjxf8"], "artistPop": [58], "genres": ["glitchcore", "hyperpop", "vapor trap"]}, "7sdWbnUGRzpWJmupEpXJiP": {"name": "Talk Quiet", "coverArt": "https://i.scdn.co/image/ab67616d00001e02742ebf6e37f4f42ab1bfb2d3", "artist": ["Ama Lou"], "artistIds": ["2tAqnHDAgnGtjnlzyoa38L"], "artistPop": [52], "genres": ["alternative r&b", "chill r&b", "uk contemporary r&b"]}, "71AHzuaLWkVxt5UrCmLvOB": {"name": "Forever Young", "coverArt": "https://i.scdn.co/image/ab67616d00001e02b39efe528baec751f63456c9", "artist": ["Kurtis Wells"], "artistIds": ["2HOnhVnbETGW5Q9TVdZm0S"], "artistPop": [41], "genres": []}, "1eefRCECiFkeCI7QgcadsC": {"name": "Losers", "coverArt": "https://i.scdn.co/image/ab67616d00001e020dca647387a45f5c62500b23", "artist": ["Sipper"], "artistIds": ["2BjcWnk7C01aHhp59HqUED"], "artistPop": [49], "genres": ["indie pop"]}, "5OwLlkNv9SisPU2ERTks0t": {"name": "IDC", "coverArt": "https://i.scdn.co/image/ab67616d00001e02a91dfba76c8abfa77d1728e2", "artist": ["daine"], "artistIds": ["4lyCoxLN0aW7nJy5rec0tG"], "artistPop": [43], "genres": ["chill pop", "escape room", "glitchcore", "hyperpop"]}, "21xzFXSL2XkZ2mIzDDAqTK": {"name": "God Must Hate Me", "coverArt": "https://i.scdn.co/image/ab67616d00001e024e7bc8268e60de61fcf70fd0", "artist": ["Catie Turner"], "artistIds": ["3nYYI90ObxhjLjdxaoXGSa"], "artistPop": [56], "genres": ["alt z", "gen z singer-songwriter"]}, "7bie6DewBFHLRD1tsGUYoW": {"name": "Boujee On A Budget", "coverArt": "https://i.scdn.co/image/ab67616d00001e02e3b0a97ef36c58a702e912a8", "artist": ["Robyn Ottolini"], "artistIds": ["2mAb9JDF63azaglqA7c9bb"], "artistPop": [52], "genres": ["alt z", "contemporary country", "country pop"]}, "4G4patpYxsF6ovHZOX9wgR": {"name": "Human (feat. Echoes)", "coverArt": "https://i.scdn.co/image/ab67616d00001e021f903731aea694cc58a4ca19", "artist": ["John Summit", "Echoes"], "artistIds": ["7kNqXtgeIwFtelmRjWv205", "1rCTBiRPF2eFtDQ1hQOOKr"], "artistPop": [66, 39], "genres": ["brazilian edm", "deep groove house", "deep house", "edm", "electro house", "house", "pop dance"]}, "46BIpPudYCyNxUTz4f2E8k": {"name": "Can't Get Over You (feat. Aloe Blacc)", "coverArt": "https://i.scdn.co/image/ab67616d00001e02814b6a3ab001e13527a9a8c5", "artist": ["Gabry Ponte", "Aloe Blacc"], "artistIds": ["5ENS85nZShljwNgg4wFD7D", "0id62QV2SZZfvBn9xpmuCl"], "artistPop": [77, 70], "genres": ["eurodance", "europop", "italo dance", "slap house", "pop soul", "r&b"]}, "35uEOfCn8GbfqzVwlrgwDI": {"name": "Roberto C (feat. Unknown T)", "coverArt": "https://i.scdn.co/image/ab67616d00001e02098c6ebfbb80847dcff06c70", "artist": ["Young T & Bugsey", "Unknown T"], "artistIds": ["6M6XXCcO5gI68XpIlrUL3Z", "3iAhNz3e31lBuXYOsqGsf3"], "artistPop": [65, 66], "genres": ["afroswing", "nottingham hip hop", "uk hip hop", "uk alternative hip hop", "uk drill", "uk hip hop"]}, "3g50cwym5wl6tx7enp56pR": {"name": "AMAZING GR4CE", "coverArt": "https://i.scdn.co/image/ab67616d00001e025ca15a1532e82242492d2d6b", "artist": ["TOKYO\u2019S REVENGE"], "artistIds": ["5TbLOwv8BNnik3f03NZJlt"], "artistPop": [64], "genres": ["meme rap", "sad rap", "vapor trap", "viral rap"]}, "3RfTeIrWS8LNrfHYwechtt": {"name": "Sunroof", "coverArt": "https://i.scdn.co/image/ab67616d00001e025b6c2018f91357bbf9d79e1e", "artist": ["Nicky Youre", "dazy"], "artistIds": ["7qmpXeNz2ojlMl2EEfkeLs", "38PzLQE4GW8o7A18oGhi0x"], "artistPop": [41, 38], "genres": []}, "2VRoErVJijjMKChlEAqcmv": {"name": "Precious", "coverArt": "https://i.scdn.co/image/ab67616d00001e02dbead13d7e8add315a7d2d93", "artist": ["Cain Culto"], "artistIds": ["7IFepbBZvGSOYFzTk5Shub"], "artistPop": [33], "genres": []}, "0XnAfkZNXFJ1C4d91r5isB": {"name": "LONDON'S BURNING", "coverArt": "https://i.scdn.co/image/ab67616d00001e02bef1f3b3417fef84e937587f", "artist": ["Poppy Ajudha"], "artistIds": ["6oPQiSj92N4mk5jXLtX1bl"], "artistPop": [52], "genres": ["indie jazz", "indie soul", "uk contemporary r&b"]}, "1BCBzCwhOZ3MEfOybVmoRs": {"name": "Rich Girl", "coverArt": "https://i.scdn.co/image/ab67616d00001e029361cddb9b9946b658b5dae7", "artist": ["TCTS", "CHAMELEON LIME WHOOPIEPIE"], "artistIds": ["1mFGfrveXbpolppPgO29Io", "1uP5mPkWII7Tcxp7xtqPmj"], "artistPop": [58, 38], "genres": ["deep groove house", "house", "pop dance", "uk dance", "japanese alternative pop", "japanese r&b"]}, "5ccFbjZQVu69LioeB8lAPt": {"name": "Got A Lil Older (with Hurricane Wisdom)", "coverArt": "https://i.scdn.co/image/ab67616d00001e02e47e9db503784402e3d3fbfd", "artist": ["SpotemGottem", "Hurricane Wisdom"], "artistIds": ["3Y2MLcrD3ZQXRXmtn4fZQx", "4PooHx6BstbetDtBMrLyV7"], "artistPop": [64, 33], "genres": ["florida rap", "viral rap"]}, "4lyhbrXClLAza4bFA21ir0": {"name": "Midtown", "coverArt": "https://i.scdn.co/image/ab67616d00001e02f93db96a7706b119ecad937b", "artist": ["Duki"], "artistIds": ["1bAftSH8umNcGZ0uyV7LMg"], "artistPop": [85], "genres": ["argentine hip hop", "trap argentino", "trap latino", "trap triste"]}, "7zN7l6yep9kPdBJeevfPvY": {"name": "Shady Intentions (feat. Tori Levett)", "coverArt": "https://i.scdn.co/image/ab67616d00001e028a572a0e89cd393919b4e77a", "artist": ["NGHTMRE", "Zeds Dead", "Tori Levett"], "artistIds": ["76M2Ekj8bG8W7X2nbx2CpF", "67qogtRNI0GjUr8PlaG6Zh", "0VXSswAMDSlObSftPEkPqL"], "artistPop": [65, 65, 39], "genres": ["bass trap", "brostep", "edm", "electro house", "electronic trap", "pop dance", "vapor twitch", "brostep", "canadian electronic", "dubstep", "edm", "electro house", "electronic trap", "progressive electro house", "vapor twitch"]}, "2ZvxyrNMYKMTazLQI2v9BX": {"name": "Traps", "coverArt": "https://i.scdn.co/image/ab67616d00001e022bb689e4f59d54637c63ad89", "artist": ["Bloc Party"], "artistIds": ["3MM8mtgFzaEJsqbjZBSsHJ"], "artistPop": [63], "genres": ["alternative dance", "alternative rock", "dance-punk", "indie rock", "modern rock", "new rave", "rock"]}, "6UXU0TkzArLcCdJBhVKczv": {"name": "Milk", "coverArt": "https://i.scdn.co/image/ab67616d00001e0238ca3814f34fb27d4fb45e90", "artist": ["Allie X"], "artistIds": ["0wnYgCeP013HkKoOyC5V32"], "artistPop": [61], "genres": ["alt z", "art pop", "canadian electropop", "canadian pop", "dance pop", "electropop", "escape room", "indie pop", "indie poptimism", "metropopolis", "pop", "post-teen pop", "vapor soul"]}, "1yCrrZwlYPS3AqQHsJvFlu": {"name": "You're Not Harry Styles", "coverArt": "https://i.scdn.co/image/ab67616d00001e0251e927e3ea806d53c9207741", "artist": ["Dylan"], "artistIds": ["4LOM7NzyrZvlGSYPFDsnTk"], "artistPop": [55], "genres": ["alt z", "uk pop"]}, "6gSgXKY7p3KE8VlcipZeRX": {"name": "I Smoke Weed (feat. Ashland Craft & Brothers Osborne)", "coverArt": "https://i.scdn.co/image/ab67616d00001e0295980850e2b64fb9b8b2fd8f", "artist": ["HIXTAPE", "Ashland Craft", "Brothers Osborne"], "artistIds": ["4SbuhLih8eWLmqFzzmM3AK", "5C5yczYHPeBi5PrwxfksLP", "39NR3AUhpbbqKM33vWn2fp"], "artistPop": [61, 55, 67], "genres": ["contemporary country", "contemporary country", "country pop", "contemporary country", "country", "country road", "modern country rock", "modern southern rock"]}, "3iJDynPzFTxo9gRbA8yxiu": {"name": "Haunted House", "coverArt": "https://i.scdn.co/image/ab67616d00001e02eeb06665854071078d97fff5", "artist": ["Matt Schuster"], "artistIds": ["4HNYqvVDimiWSfGfSyGJGD"], "artistPop": [42], "genres": []}, "46uPN63Jgen8ohoiBXFTAa": {"name": "I Hope You Change Your Mind", "coverArt": "https://i.scdn.co/image/ab67616d00001e02e985df71dee2f4ba968d3d04", "artist": ["Donovan Woods"], "artistIds": ["4SOtk3HtPYKqxnVuxNBMti"], "artistPop": [61], "genres": ["acoustic pop", "canadian singer-songwriter", "deep new americana", "indie folk", "indiecoustica", "neo mellow", "new americana", "stomp and holler"]}, "6N1Nrd9oHFRAHsrEZPkxAR": {"name": "Tractor", "coverArt": "https://i.scdn.co/image/ab67616d00001e024d99870c381f131901495b28", "artist": ["Tom Rosenthal"], "artistIds": ["1AgxgADPuRIW1wyaA4OKcB"], "artistPop": [71], "genres": ["british singer-songwriter"]}, "0fJyqGqEJ2ljF9OVOhZi2K": {"name": "Head Low", "coverArt": "https://i.scdn.co/image/ab67616d00001e02acc129c82fc1aaa69c7714ec", "artist": ["Pritty"], "artistIds": ["1vJZhbUzq6DxjIxtikFk1v"], "artistPop": [32], "genres": []}, "6RYV733fPx4WpZnf8RP29Z": {"name": "won't you take me far?", "coverArt": "https://i.scdn.co/image/ab67616d00001e02b4ba21899511b61341426fa6", "artist": ["beaux"], "artistIds": ["6aw3gb4KA0sfz1Vac4JNaj"], "artistPop": [35], "genres": []}, "0o8iO4tGwKdxRePgMo9Qrw": {"name": "love sux", "coverArt": "https://i.scdn.co/image/ab67616d00001e022cd251dc35a71810650aa2e7", "artist": ["JXN"], "artistIds": ["571VxoWCBMPacek7MmocqU"], "artistPop": [38], "genres": []}, "5xVzZrsCSErbaF2t1oQbRg": {"name": "SHAMPOO", "coverArt": "https://i.scdn.co/image/ab67616d00001e02e97ab72500829f63b25ed4c4", "artist": ["Jack Omstead"], "artistIds": ["3o9Z1zKnJEIuPtu20rQ8Br"], "artistPop": [35], "genres": []}, "5fhXtKQWLg6pjE4Ca02hgd": {"name": "Cotidiano", "coverArt": "https://i.scdn.co/image/ab67616d00001e0224a1c9c09a0fb4dc2c44ef27", "artist": ["KEVVO"], "artistIds": ["4QrBoWLm2WNlPdbFhmlaUZ"], "artistPop": [69], "genres": ["perreo", "reggaeton", "reggaeton flow", "trap latino"]}, "1Q5RDs6bhY1LCM6UcwUSrK": {"name": "The Realest", "coverArt": "https://i.scdn.co/image/ab67616d00001e02f1c44e0682a055786b8e0f7a", "artist": ["Quando Rondo"], "artistIds": ["4IprNlQiJZUUJhDl0fL2SL"], "artistPop": [66], "genres": ["melodic rap", "pop rap", "trap"]}, "22PC5q1uB3WutWJSfVsoWm": {"name": "Uptown", "coverArt": "https://i.scdn.co/image/ab67616d00001e02154f65b0de34abf04af3a148", "artist": ["French The Kid"], "artistIds": ["4k1cMkJjG3UCRptckbpAnC"], "artistPop": [64], "genres": ["chill drill", "uk hip hop"]}, "1SYgrU6nz3GfhNG4RVzTVT": {"name": "JUST SAY IT", "coverArt": "https://i.scdn.co/image/ab67616d00001e025878962d845775550296b0d7", "artist": ["KILLBOY"], "artistIds": ["3lPSkTq1kiSuxDcr996Nlm"], "artistPop": [42], "genres": ["gen z singer-songwriter"]}, "3PUaD0ghcL0160tlyDYlCg": {"name": "Are You Okay?", "coverArt": "https://i.scdn.co/image/ab67616d00001e02603f34dd0e7f1e2bcbb2088a", "artist": ["Grace Aimi"], "artistIds": ["2m3H3Dr0tGC1Fdmq4AV3iX"], "artistPop": [35], "genres": []}, "23KrgrkSQN9rY3DWbklgMc": {"name": "Old Flame", "coverArt": "https://i.scdn.co/image/ab67616d00001e02ab0bf6d94b4229f01546a9e0", "artist": ["Sody"], "artistIds": ["01y8iBZYk8aeNfPsuTVrAt"], "artistPop": [63], "genres": ["alt z", "pop", "uk pop"]}, "7sRjDSJ5Vp3xC669buQVGi": {"name": "Why Do I Call", "coverArt": "https://i.scdn.co/image/ab67616d00001e025db11f97be780f0c2363b7de", "artist": ["Nicky Romero"], "artistIds": ["5ChF3i92IPZHduM7jN3dpg"], "artistPop": [68], "genres": ["big room", "dance pop", "dutch edm", "dutch house", "edm", "electro house", "pop dance", "pop edm", "progressive electro house", "progressive house", "tropical house"]}, "3MVrUfY3fYjR1kIK1wvbHN": {"name": "On My Mind (with JC Stewart)", "coverArt": "https://i.scdn.co/image/ab67616d00001e0217cfde21439d865db4f3e239", "artist": ["Jonasu", "JC Stewart"], "artistIds": ["7u4ayw4QFEsolPxZgnPAMT", "2TAqN8fwfaKauvviN4pOsv"], "artistPop": [65, 62], "genres": ["dutch edm", "alt z", "australian pop", "indie anthem-folk", "uk pop"]}, "200W1xYziXxzTc7QRpDcPA": {"name": "Alright", "coverArt": "https://i.scdn.co/image/ab67616d00001e028a190135ff1f9b1104a07c77", "artist": ["Yung Pinch", "Bighead"], "artistIds": ["61qMnYXa1GxSBoV3IiYKjZ", "47rYP3OnFecFuino5DXte1"], "artistPop": [63, 41], "genres": ["emo rap", "melodic rap", "oc rap", "pop rap", "rap", "sad rap", "trap", "underground hip hop", "vapor trap"]}, "0aKKQztjz16LcdBt6EPlop": {"name": "Drop Top", "coverArt": "https://i.scdn.co/image/ab67616d00001e02748d7002fddce7fd1f845ce6", "artist": ["Damien"], "artistIds": ["6zQRQ2jsbICny41g2fVT5U"], "artistPop": [53], "genres": ["sad lo-fi", "sad rap"]}, "0xtGl4YmdyMKLwel40EjTe": {"name": "Cool", "coverArt": "https://i.scdn.co/image/ab67616d00001e02101bb6989fbc4ddab4b892f4", "artist": ["MIYA MIYA"], "artistIds": ["62T4eJZxaNKzBzm8qbNnBy"], "artistPop": [50], "genres": ["uk pop"]}, "23YEYWyUfpbMftiLrXwCG0": {"name": "Want What I Can't Have", "coverArt": "https://i.scdn.co/image/ab67616d00001e020d7e7bc675659ad82f9d3548", "artist": ["Ivy Adara"], "artistIds": ["43G7qlx7v7OGJJrUTXIqLq"], "artistPop": [49], "genres": ["alt z", "electropop", "indie electropop", "social media pop"]}, "0NXP4ludZAzYM7Z8IHZu0X": {"name": "Black Boots And Leather Rebellion", "coverArt": "https://i.scdn.co/image/ab67616d00001e0207a42677a04a10fd8328a5ec", "artist": ["Lowell"], "artistIds": ["3MJ2o2vTovueQARKmOzHls"], "artistPop": [45], "genres": ["canadian electropop", "queercore"]}, "4GHyhLS0P1RCB4oGoZReF5": {"name": "bad4me", "coverArt": "https://i.scdn.co/image/ab67616d00001e02dddf930c05aae7e9171bfca2", "artist": ["Rnla", "Julia Alexa"], "artistIds": ["5lKJ1MdVwexXUEEUFLI4l9", "0Tw99NzcM3Y2t7Q2q88Xss"], "artistPop": [53, 51], "genres": ["lo-fi chill", "sad lo-fi", "sad rap", "lo-fi chill", "sad lo-fi"]}, "5HJtZ0LgiKvvJAyfBf8MsF": {"name": "What's Not To Like", "coverArt": "https://i.scdn.co/image/ab67616d00001e02efb542cb8312bd0b5b63ee38", "artist": ["Lime Cordiale", "Idris Elba"], "artistIds": ["6yrtCy4XJHXM6tczo4RlTs", "0Dc2rdPzleezxhvQhQbXuS"], "artistPop": [63, 59], "genres": ["australian pop", "uk tech house"]}, "5epDtUg4s8do8chclldxpZ": {"name": "lie lie lie", "coverArt": "https://i.scdn.co/image/ab67616d00001e0246c7180b19cc5c0c427ff0ca", "artist": ["MICO"], "artistIds": ["0wajW5BBnk40YAhJdTkrrG"], "artistPop": [48], "genres": ["chill r&b"]}, "4Y5xx6F2NhaxJ0D5fzgKXB": {"name": "finding rhythm", "coverArt": "https://i.scdn.co/image/ab67616d00001e0242b93251936346ac89006f69", "artist": ["NEIL FRANCES", "GRAE"], "artistIds": ["587PA35pRGL1JwQr6idJbb", "0H307pF74X7H7kXOmDyYGU"], "artistPop": [61, 46], "genres": ["indie soul", "modern indie pop"]}, "6SzZkHnTey3zSPZwSxP2wK": {"name": "closed doors", "coverArt": "https://i.scdn.co/image/ab67616d00001e0230b0e65d1380e190e07e6813", "artist": ["emie nathan"], "artistIds": ["6vFlOaLfKZPqqJuJ3YWhAB"], "artistPop": [38], "genres": []}, "64dKA6K5d1O94Cfj9QmdFA": {"name": "DAT THING LIKE ME", "coverArt": "https://i.scdn.co/image/ab67616d00001e02eed38710846eaf148b3f60eb", "artist": ["Ash Olsen"], "artistIds": ["0ttXrMwLh27nHwox4z8BYx"], "artistPop": [32], "genres": ["norwegian pop"]}, "0MQUjsUL8dHWd0LcjwQrfF": {"name": "Never Say", "coverArt": "https://i.scdn.co/image/ab67616d00001e02745cf8e93f9b4600026a405f", "artist": ["Jac Ross"], "artistIds": ["172Nbc7kz4JhcCor54l9Sr"], "artistPop": [32], "genres": []}, "44qxpRkE9t5xutQB6zCpTF": {"name": "somebody", "coverArt": "https://i.scdn.co/image/ab67616d00001e02af7db5efc7353fe4bbdbdf06", "artist": ["Grace Davies"], "artistIds": ["55VbVrjmAWcvCknVFfPzvK"], "artistPop": [49], "genres": ["uk pop"]}, "5gTdQQ9QGjEIQ6wD1PpFPC": {"name": "Floodgates", "coverArt": "https://i.scdn.co/image/ab67616d00001e023fd91f2666d8009609349b83", "artist": ["Jome"], "artistIds": ["4rUMcxwZhidyj6FTbMSXse"], "artistPop": [50], "genres": ["folk-pop"]}, "08PBBh7rPrqlFqeoNgHy2A": {"name": "Here", "coverArt": "https://i.scdn.co/image/ab67616d00001e023e61cb2e762bfc6043259621", "artist": ["rosi"], "artistIds": ["0fPzadE1XVPbRVP5qzes6r"], "artistPop": [29], "genres": []}, "1QYff3eiMnTtCyCmLIUrmp": {"name": "Strangers Again (feat. Pamungkas)", "coverArt": "https://i.scdn.co/image/ab67616d00001e0291a4250efa1c426a875f267f", "artist": ["Oslo Ibrahim", "Pamungkas"], "artistIds": ["58tCW7poCEjQCqJTaeVsSF", "7d86ERlvO5UG44j7Va0Y0C"], "artistPop": [47, 71], "genres": ["indonesian indie", "indonesian pop", "indonesian r&b", "indonesian pop", "indonesian singer-songwriter"]}, "4sRsYjHV23tb9B0wQC6iah": {"name": "Wish I could party all the time!", "coverArt": "https://i.scdn.co/image/ab67616d00001e02dc91601e808eecc7514f13c5", "artist": ["Madelline"], "artistIds": ["7t6dcfG1BhMh3LTAXhxmeL"], "artistPop": [29], "genres": []}, "1i1RYy42uVr7KBCpA5Gjym": {"name": "Bff <3", "coverArt": "https://i.scdn.co/image/ab67616d00001e02a7428940841eb72f26feea5e", "artist": ["DEKKO"], "artistIds": ["6ZvYYrrfpb1Z7kICDyxWQE"], "artistPop": [59], "genres": ["reggaeton colombiano", "trap latino"]}, "2Ozl64tN9EPrmy7DK2aI8p": {"name": "Tell Me (feat. Clean Bandit, Wes Nelson, Stefflon Don & Unknown T)", "coverArt": "https://i.scdn.co/image/ab67616d00001e029470dfd556b7928e256b54ef", "artist": ["Steel Banglez", "Clean Bandit", "Wes Nelson", "Stefflon Don", "Unknown T"], "artistIds": ["6k970rXaWAWVfWMjqWtFNI", "6MDME20pz9RveH9rEXvrOM", "4ktBrNjagCGftyuBLJkATq", "2ExGrw6XpbtUAJHTLtUXUD", "3iAhNz3e31lBuXYOsqGsf3"], "artistPop": [56, 79, 69, 70, 66], "genres": ["afroswing", "birmingham grime", "grime", "london rap", "uk hip hop", "dance pop", "edm", "pop", "pop dance", "tropical house", "uk dance", "uk funky", "dancehall", "pop", "pop rap", "uk dancehall", "uk hip hop", "uk alternative hip hop", "uk drill", "uk hip hop"]}, "3UKy5x73Q5RmQaQqsYXgzT": {"name": "gl4mour", "coverArt": "https://i.scdn.co/image/ab67616d00001e0285733ded58049bcb50f00512", "artist": ["aldrch", "torr", "poptropicaslutz!"], "artistIds": ["3WYrAQad51Rnd8BqODF4Em", "6fq8lpmabNBMPao92rMw3m", "08DN8ZbOSeuTELiQjc4Jl8"], "artistPop": [34, 30, 41], "genres": ["future bass"]}, "46UfhxhqrIKqZT2yzzBxHT": {"name": "555", "coverArt": "https://i.scdn.co/image/ab67616d00001e0201bfc1c3a046fce523b1e344", "artist": ["CMTEN"], "artistIds": ["3ReVTyprRfKmKquryr9UeA"], "artistPop": [55], "genres": ["glitchcore", "hyperpop"]}, "6PgWRZ1k4DiCnkUK6FvCfV": {"name": "WHO DIED AND MADE YOU KING? - Feat. Shungudzo", "coverArt": "https://i.scdn.co/image/ab67616d00001e026b0638eedb9c9422b44137d0", "artist": ["Jaguar Jonze", "Shungudzo"], "artistIds": ["0QClnkSUCnc9chv8MLyTaR", "1zC5fndU0aEvINmBra2M3T"], "artistPop": [33, 52], "genres": ["brisbane indie", "la pop"]}, "7jUBdj0rkiwkBoxKcnjgko": {"name": "Bob James Freestyle", "coverArt": "https://i.scdn.co/image/ab67616d00001e024a73fd04f0967222640ebdc2", "artist": ["Ghostface Killah", "Raekwon"], "artistIds": ["6FD0unjzGQhX3b6eMccMJe", "2yQf6b8hxahZaT5dHlWaB1"], "artistPop": [69, 71], "genres": ["alternative hip hop", "east coast hip hop", "gangster rap", "hardcore hip hop", "hip hop", "rap", "southern hip hop", "alternative hip hop", "east coast hip hop", "gangster rap", "hardcore hip hop", "hip hop", "rap", "southern hip hop"]}, "4X5BMohLOh7Wt8RyAYHPaL": {"name": "Trenches to Mansions (feat. Scorey)", "coverArt": "https://i.scdn.co/image/ab67616d00001e029e3e2fa51d487260a283a609", "artist": ["Yung Boi Rob", "Scorey"], "artistIds": ["5jqi5NyahqZXK2Ew5axbQe", "0X3nsc84A9qlFilmlWNwQb"], "artistPop": [32, 61], "genres": ["upstate ny rap"]}, "1QujH597HNGHN6MWIbilTV": {"name": "Love&Adoration", "coverArt": "https://i.scdn.co/image/ab67616d00001e020a979a964b304d3dc054b229", "artist": ["Madison Ryann Ward"], "artistIds": ["6eAUAR4N9NOpirukqdIzVI"], "artistPop": [55], "genres": ["alternative r&b", "chill r&b"]}, "7Jyjdmar8F7w05l8gahqQo": {"name": "U Up? (feat. Stondon Massey)", "coverArt": "https://i.scdn.co/image/ab67616d00001e0206650790882f3bfe471feb49", "artist": ["Young Bombs", "Stondon Massey"], "artistIds": ["4LKB1IkCINDDjEX8iS7glI", "6y8vvulbTKAEVwcq6gmzyV"], "artistPop": [56, 24], "genres": ["pop dance", "pop edm"]}, "5Tjcef6tLynjsqUj9rlVr4": {"name": "Don't Let Me Lose You", "coverArt": "https://i.scdn.co/image/ab67616d00001e020e5535fdd45eadea7e7f0873", "artist": ["Liv Dawson"], "artistIds": ["7i8fq2gFSVgPdWVXOlDEx7"], "artistPop": [43], "genres": ["indie electropop", "uk pop"]}, "214eImoHDFo0vb3WL2Amk4": {"name": "Fine By Me", "coverArt": "https://i.scdn.co/image/ab67616d00001e025d9d86b98cebd5edb3b02ed3", "artist": ["morgen"], "artistIds": ["6jadsn0j1QjrlJTMiaUJYF"], "artistPop": [26], "genres": []}, "1LQ1PCZsbIxz2uhkGNct9p": {"name": "Something I'll Never Get Back", "coverArt": "https://i.scdn.co/image/ab67616d00001e02710a2e8cb419cc41134a1d5b", "artist": ["Kaylee Bell"], "artistIds": ["4J3TXBvAMckFbTxqxNYpDj"], "artistPop": [44], "genres": ["australian country", "contemporary country", "country pop"]}, "7z0gciFKF0ZCgD6prjzDPY": {"name": "Familiar Sound", "coverArt": "https://i.scdn.co/image/ab67616d00001e02a6850d3b31c89db67c802566", "artist": ["Jon Bryant"], "artistIds": ["2gzH4rGNFJeNg13yv2uI4L"], "artistPop": [47], "genres": ["indie anthem-folk", "indie folk", "indiecoustica"]}, "4dYfbAx7QCRPQZ27MJLRAv": {"name": "it's a long way home", "coverArt": "https://i.scdn.co/image/ab67616d00001e02e48ff0c812afba17479d57ab", "artist": ["love-sadKID", "Erameld"], "artistIds": ["75AKgMMrk1CG5sURNvyX9s", "7onTqmjsNs182OQexatI7N"], "artistPop": [57, 38], "genres": ["lo-fi rap", "meme rap"]}, "5EoWb1Ib9bevzSp3Uhko9w": {"name": "Hard To Replace", "coverArt": "https://i.scdn.co/image/ab67616d00001e02f1b2c4d9abea07f9c240e567", "artist": ["YSN Fab", "Luh Kel"], "artistIds": ["4e7DLHD3L0VvT1ubv5oq0w", "24CgJHK6T7C5OmUbiLLMjJ"], "artistPop": [52, 65], "genres": ["canadian hip hop", "sad rap", "winnipeg hip hop", "pop r&b", "st louis rap"]}, "1L1BWkb8FCKQg1V6UiQlT5": {"name": "Dreaming Of This Day", "coverArt": "https://i.scdn.co/image/ab67616d00001e02b6485a46a7ef5bab26f7c4cd", "artist": ["Chillinit"], "artistIds": ["5TUXXyB6ZKCdd0vQx6yR2J"], "artistPop": [63], "genres": ["aussie drill", "australian trap"]}, "73IXs3h1OUIecDOAoYvH15": {"name": "Destructible", "coverArt": "https://i.scdn.co/image/ab67616d00001e02f428d245790d578880e0c379", "artist": ["Siiickbrain"], "artistIds": ["1oPEr1Ci8sWOYj8SSh2VPE"], "artistPop": [51], "genres": []}, "1n57AukEXifaY4B0CYnui1": {"name": "Just Breathing", "coverArt": "https://i.scdn.co/image/ab67616d00001e02e7df58d34672403633afe752", "artist": ["NEFFEX"], "artistIds": ["3z97WMRi731dCvKklIf2X6"], "artistPop": [76], "genres": []}, "3xThx06ANxb5a4ftqJcJWO": {"name": "Eyes for U (feat. Conor Maynard & Gia Koka)", "coverArt": "https://i.scdn.co/image/ab67616d00001e02664a3841fbc604debca62aee", "artist": ["Karma Child", "Conor Maynard", "Gia Koka"], "artistIds": ["4BThBqcTzRGFRvbddMykk7", "6mU8ucezzms5I2kNH6HNlu", "71WExccCBN2mw0klSzfYzz"], "artistPop": [59, 73, 60], "genres": ["dance pop", "pop", "post-teen pop", "uk pop", "viral pop"]}, "62UTBl5LVd6HOCFvT57Axt": {"name": "18 & Over", "coverArt": "https://i.scdn.co/image/ab67616d00001e0203fe9fd8ab4e8da5eb7e4cc0", "artist": ["Nia Archives"], "artistIds": ["7BMR0fwtEvzGtK4rNGdoiQ"], "artistPop": [48], "genres": ["uk alternative hip hop"]}, "1md4HSE2DTmnCn9kpm8mFM": {"name": "Pieces", "coverArt": "https://i.scdn.co/image/ab67616d00001e02e303962b3c774e3748911e97", "artist": ["AVAION", "VIZE", "Leony"], "artistIds": ["5oJvmyeWzyeahRtjup3Oys", "09agIJMxCD2k87ys9Al0f0", "2NpPlwwDVYR5dIj0F31EcC"], "artistPop": [63, 76, 72], "genres": ["dance pop", "edm", "german dance", "pop dance", "slap house", "tropical house"]}, "46d67vPhehiB0xlvfa7zn7": {"name": "Take A Chance", "coverArt": "https://i.scdn.co/image/ab67616d00001e024f3953a61b6406267473a579", "artist": ["SERA"], "artistIds": ["3Anj5rCWtYTgRvV7pdq6GE"], "artistPop": [49], "genres": []}, "2LwsXVerV20K7adtb6t2mh": {"name": "How Can I Get Your Love?", "coverArt": "https://i.scdn.co/image/ab67616d00001e0218239713a494e7145ba70900", "artist": ["Katie Tupper"], "artistIds": ["4uReB9HwMdEgwDXredJoVW"], "artistPop": [42], "genres": []}, "0tig7XFHhhSErWaXdeq5Oj": {"name": "Second Hand Love (feat. Ruben)", "coverArt": "https://i.scdn.co/image/ab67616d00001e0232c2317ba738c4b292e8d029", "artist": ["Julie Bergan", "Ruben"], "artistIds": ["2Tg0aF5cbZktYFzgR1iAKv", "0x3PXj1WnuW7YsBxQK57xM"], "artistPop": [63, 63], "genres": ["norwegian pop", "norwegian pop", "tropical house"]}, "21KH3KOkTjqPM0lCoba0UC": {"name": "This Time", "coverArt": "https://i.scdn.co/image/ab67616d00001e02a321124a31330be95aed67b4", "artist": ["Nina Kraviz"], "artistIds": ["1oZmFNkGAT93yD1xX4vTRE"], "artistPop": [51], "genres": ["electra", "russian electronic", "russian techno"]}, "6D2whKQXHFzQtqPa5BXwPP": {"name": "The Great Hope Design", "coverArt": "https://i.scdn.co/image/ab67616d00001e0246f5d1e050d0ccd9fbaf441c", "artist": ["Sevdaliza"], "artistIds": ["5MraexJKZDrQYzS98kNwie"], "artistPop": [55], "genres": ["art pop", "electropop", "escape room", "persian electronic"]}, "3VXma8GMcltIzrS58otxOK": {"name": "Back On My Love", "coverArt": "https://i.scdn.co/image/ab67616d00001e02a23fc357ced7082c2869745d", "artist": ["Pure Shores"], "artistIds": ["42CdKQR7lo8cgIyufa0DQr"], "artistPop": [22], "genres": []}, "4Zh9zZmEBoDLTKQRjXwict": {"name": "Dancing with my phone", "coverArt": "https://i.scdn.co/image/ab67616d00001e02dfcf6d72e22bd972dfdcad84", "artist": ["HYBS"], "artistIds": ["4mr4X9nJC8DPlNukWbgAaI"], "artistPop": [49], "genres": []}, "0al81Dn0GProyhQ9gO2v2I": {"name": "Tequila Sunrise", "coverArt": "https://i.scdn.co/image/ab67616d00001e029005ee900eefe27ff3de1608", "artist": ["MAX BARSKIH"], "artistIds": ["5zXGVPJHUzQPUXKA7AlTi5"], "artistPop": [54], "genres": ["russian dance pop", "russian pop", "ukrainian pop"]}, "5gLD1OoBB5fLNlDWY3mrlP": {"name": "El Valor De Un Var\u00f3n", "coverArt": "https://i.scdn.co/image/ab67616d00001e02826e4199db866984b4fdd1b5", "artist": ["El Fantasma", "Los Dos Carnales"], "artistIds": ["0my6Pg4I28dVcZLSpAkqhv", "25UNJbwGZSQKvz5cPLWlv3"], "artistPop": [78, 78], "genres": ["banda", "corrido", "nuevo regional mexicano", "regional mexican", "corrido", "norteno", "nuevo regional mexicano", "regional mexican"]}}