{"2gpWyfu7eZ01zzncHpxOtA": {"name": "Moth To A Flame (with The Weeknd)", "coverArt": "https://i.scdn.co/image/ab67616d00001e02c3ee50b0720f476670e16407", "artist": ["Swedish House Mafia", "The Weeknd"], "artistIds": ["1h6Cn3P4NGzXbaXidqURXs", "1Xyo4u8uXC1ZmMpatF05PJ"], "artistPop": [71, 94], "genres": ["dance pop", "edm", "electro house", "pop", "pop dance", "progressive electro house", "canadian contemporary r&b", "canadian pop", "pop"]}, "0LlFMKD7MAHwOqkIBsHui6": {"name": "Scorpio", "coverArt": "https://i.scdn.co/image/ab67616d00001e02b34bfa4979239a3adcffc959", "artist": ["Moneybagg Yo"], "artistIds": ["3tJoFztHeIJkJWMrx0td2f"], "artistPop": [80], "genres": ["hip hop", "memphis hip hop", "rap", "southern hip hop", "tennessee hip hop", "trap"]}, "2lBExcAjBgX7Jb480goU9B": {"name": "Stars Align (with Drake)", "coverArt": "https://i.scdn.co/image/ab67616d00001e027861c51cd7b88da69f7c4843", "artist": ["Majid Jordan", "Drake"], "artistIds": ["4HzKw8XcD0piJmDrrPRCYk", "3TVXtAsR1Inumwj472S9r4"], "artistPop": [69, 100], "genres": ["alternative r&b", "canadian contemporary r&b", "pop", "r&b", "trap soul", "canadian hip hop", "canadian pop", "hip hop", "rap", "toronto rap"]}, "12MHScs4Y5gDdxy0eQYCkr": {"name": "Always Love You", "coverArt": "https://i.scdn.co/image/ab67616d00001e02ae151cb7dc67f38e23ba27d8", "artist": ["Elton John", "Young Thug", "Nicki Minaj"], "artistIds": ["3PhoLpVuITZKcymswpck5b", "50co4Is1HCEo8bhOyUWKpn", "0hCNtLu0JehylgoiP8L4Gh"], "artistPop": [88, 91, 89], "genres": ["glam rock", "mellow gold", "piano rock", "atl hip hop", "atl trap", "gangster rap", "melodic rap", "pop rap", "rap", "trap", "dance pop", "hip pop", "pop", "pop rap", "queens hip hop"]}, "6IPNp9PfaEqrzotY47TIWy": {"name": "SG (with Ozuna, Megan Thee Stallion & LISA of BLACKPINK)", "coverArt": "https://i.scdn.co/image/ab67616d00001e02f69fb7ccd31f20f317b4bd12", "artist": ["DJ Snake", "Ozuna", "Megan Thee Stallion", "LISA"], "artistIds": ["540vIaP2JwjQb9dm3aArA4", "1i8SpTcr7yvPOmcqrbnVXY", "181bsRPaVXVlUKXrxwZfHK", "5L1lO4eRHmJ7a0Q6csE5cT"], "artistPop": [82, 90, 86, 83], "genres": ["dance pop", "edm", "electronic trap", "pop", "pop dance", "pop rap", "latin", "puerto rican pop", "reggaeton", "trap latino", "houston rap", "pop", "trap queen", "k-pop"]}, "63XL3zq0ygCIpcsTmNLLM7": {"name": "Name Ring Bell", "coverArt": "https://i.scdn.co/image/ab67616d00001e02ae93b7e4d345b7d9519f398d", "artist": ["Wale"], "artistIds": ["67nwj3Y5sZQLl72VNUHEYE"], "artistPop": [77], "genres": ["dance pop", "gangster rap", "hip hop", "pop", "pop rap", "r&b", "rap", "southern hip hop", "trap", "urban contemporary"]}, "64EQj1J59L8sGw9FtzxcSW": {"name": "Strub Tha Ground (Feat. Yung Miami)", "coverArt": "https://i.scdn.co/image/ab67616d00001e02a4169ae8dfa92cf3e33c791c", "artist": ["Quavo", "Yung Miami"], "artistIds": ["0VRj0yCOv2FXJNP47XQnx5", "5lbW0rNhFyCiSlClBMYbki"], "artistPop": [82, 0], "genres": ["atl hip hop", "hip hop", "melodic rap", "pop rap", "rap", "southern hip hop", "trap"]}, "25GyyK9CyZRiDCsPY51fIT": {"name": "Not In The Mood (feat. Fivio Foreign & Kay Flock)", "coverArt": "https://i.scdn.co/image/ab67616d00001e025d3f0c9813fbd472618124a3", "artist": ["Lil Tjay", "Fivio Foreign", "Kay Flock"], "artistIds": ["6jGMq4yGs7aQzuGsMgVgZR", "14CHVeJGrR5xgUGQFV5BVM", "2AMeiDbfU2vonrTkpXDKUu"], "artistPop": [85, 75, 55], "genres": ["brooklyn drill", "melodic rap", "nyc rap", "brooklyn drill", "new york drill", "rap", "trap", "new york drill"]}, "3dKMVCShHl7cT4IMoxj8x0": {"name": "Halfway", "coverArt": "https://i.scdn.co/image/ab67616d00001e02bd4ea6d1e0735428e4bc8911", "artist": ["Mimi Webb"], "artistIds": ["3GxKJzJK4LpsYGXQrw77wz"], "artistPop": [73], "genres": ["alt z", "gen z singer-songwriter", "pop", "uk pop"]}, "1RPsOAaHaRu8JlVdeaciuL": {"name": "If You Lie Down With Me", "coverArt": "https://i.scdn.co/image/ab67616d00001e02f2c7c7479b7fb9e6b3ed303b", "artist": ["Lana Del Rey"], "artistIds": ["00FQb4jTyendYWaN8pK0wa"], "artistPop": [85], "genres": ["art pop", "pop"]}, "6RBfz4bNLNzvt37HycN1Xf": {"name": "Present", "coverArt": "https://i.scdn.co/image/ab67616d00001e02836db2f8371727a6da92977f", "artist": ["Khalid"], "artistIds": ["6LuN9FCkKOj5PcnpouEgny"], "artistPop": [89], "genres": ["pop", "pop r&b"]}, "1LJYn86ysceH708AIkw0VZ": {"name": "CAN'T TOUCH THIS", "coverArt": "https://i.scdn.co/image/ab67616d00001e02c094ded90acaff53f113265b", "artist": ["BIA"], "artistIds": ["6veh5zbFpm31XsPdjBgPER"], "artistPop": [73], "genres": ["escape room", "pop", "r&b", "rap latina", "trap queen"]}, "5tmxPmmXvgJPU7bIukFX8p": {"name": "Nothing Feels Better", "coverArt": "https://i.scdn.co/image/ab67616d00001e02a2348f2b72a8f371c5304f05", "artist": ["Pink Sweat$"], "artistIds": ["1W7FNibLa0O0b572tB2w7t"], "artistPop": [76], "genres": ["bedroom soul", "chill r&b", "pop"]}, "39LAVN7bpAOvpCwA06dvWZ": {"name": "IDONTWANNATALKTOYOU! (with renforshort)", "coverArt": "https://i.scdn.co/image/ab67616d00001e022d69d7cb3d6b689e06817253", "artist": ["347aidan", "renforshort"], "artistIds": ["0bBz5bRBkExaej2HxtVfCw", "3GYvf7puxwkr51EYoD9E7D"], "artistPop": [72, 58], "genres": ["sad rap", "alt z", "canadian pop", "indie pop", "pop", "social media pop"]}, "6LN15vwkSE1ZiA8IdBjl7k": {"name": "ONE PUNCH", "coverArt": "https://i.scdn.co/image/ab67616d00001e02e3ddc84da0e77626a8ff6e26", "artist": ["Aries"], "artistIds": ["3hOdow4ZPmrby7Q1wfPLEy"], "artistPop": [64], "genres": ["emo rap", "pop rap", "sad rap"]}, "0mWXMQ8hrrAJfxN7LG2Wsk": {"name": "I Don't Wanna Leave", "coverArt": "https://i.scdn.co/image/ab67616d00001e02ec4a97f6c8b0c29711590d66", "artist": ["R\u00dcF\u00dcS DU SOL"], "artistIds": ["5Pb27ujIyYb33zBqVysBkj"], "artistPop": [73], "genres": ["australian electropop", "indietronica"]}, "7fjNxhYa8qXGhrrJhY3hZL": {"name": "Bound (with Blood Orange)", "coverArt": "https://i.scdn.co/image/ab67616d00001e027e1d024966ea372d867a6e86", "artist": ["Wet", "Blood Orange"], "artistIds": ["2i9uaNzfUtuApAjEf1omV8", "6LEeAFiJF8OuPx747e1wxR"], "artistPop": [58, 65], "genres": ["alternative r&b", "brooklyn indie", "electropop", "indie electropop", "indie pop", "indie poptimism", "nyc pop", "pop", "vapor soul", "alternative r&b", "art pop", "chillwave", "electropop", "escape room", "indie soul", "metropopolis"]}, "2fooMOezILHFlxkCqq3RRm": {"name": "Rockland", "coverArt": "https://i.scdn.co/image/ab67616d00001e0226a2ea6ac80fcf38df361abe", "artist": ["Gracie Abrams"], "artistIds": ["4tuJ0bMpJh08umKkEXKUI5"], "artistPop": [69], "genres": ["alt z", "indie pop", "pop"]}, "4NM72r7orR4QPkgox7astH": {"name": "No Bad Days", "coverArt": "https://i.scdn.co/image/ab67616d00001e024e01a2c9e5fa8fe43b60958c", "artist": ["Bastille"], "artistIds": ["7EQ0qTo7fWT7DPxmxtSYEc"], "artistPop": [79], "genres": ["metropopolis", "modern rock", "pop", "pop rock", "tropical house"]}, "1kGhjFgl6A68ZAYvtw2UDK": {"name": "Pa Mis Muchachas (feat. Nathy Peluso)", "coverArt": "https://i.scdn.co/image/ab67616d00001e027699b7a2ed0c80811937ba5d", "artist": ["Christina Aguilera", "Becky G", "Nicki Nicole", "Nathy Peluso"], "artistIds": ["1l7ZsJRRS8wlW3WfJfPfNS", "4obzFoKoKRHIphyHzJ35G3", "2UZIAOlrnyZmyzt1nuXr9y", "3VHAySZQPlfGlNLslzXYpN"], "artistPop": [80, 83, 78, 75], "genres": ["dance pop", "pop", "post-teen pop", "dance pop", "latin", "latin pop", "latin viral pop", "pop", "rap latina", "reggaeton", "trap latino", "argentine hip hop", "r&b argentino", "trap argentino", "trap latino", "r&b en espanol", "rap latina"]}, "6q22MMzXPNnw3mCvxCJYUK": {"name": "Show You", "coverArt": "https://i.scdn.co/image/ab67616d00001e02a4983dd8b7d3af2018655ece", "artist": ["Kota the Friend"], "artistIds": ["2AfU5LYBVCiCtuCCfM7uVX"], "artistPop": [68], "genres": ["hip hop", "rap", "underground hip hop"]}, "4QwLwqDbnxV0Tx5wXXoR9F": {"name": "STREETS ALONE (feat. A$AP Rocky)", "coverArt": "https://i.scdn.co/image/ab67616d00001e02c01d9aed28327dc4e908249e", "artist": ["Maxo Kream", "A$AP Rocky"], "artistIds": ["6xS5PpBWaVYraexEkEjjXv", "13ubrt8QOOCPljQ2FL1Kca"], "artistPop": [67, 84], "genres": ["hip hop", "houston rap", "melodic rap", "rap", "southern hip hop", "trap", "underground hip hop", "vapor trap", "east coast hip hop", "hip hop", "rap", "trap"]}, "2hwUHHqLSEue41V952MtD2": {"name": "Halloweenie IV: Innards", "coverArt": "https://i.scdn.co/image/ab67616d00001e02ce0e29dce9a4dd333d934567", "artist": ["Ashnikko"], "artistIds": ["3PyJHH2wyfQK3WZrk9rpmP"], "artistPop": [76], "genres": ["alt z", "electropop", "escape room", "pop"]}, "6AdxrIYy5CT1LLzLYAQOwy": {"name": "I Can't Make You Love Me - Spotify Singles", "coverArt": "https://i.scdn.co/image/ab67616d00001e0252b17b62b5c9bf8cc3a8703c", "artist": ["Joy Oladokun"], "artistIds": ["7rrTqtOUOwva4sgTx9C9F9"], "artistPop": [62], "genres": ["indie folk", "indiecoustica", "la pop", "neo mellow"]}, "31gcyn6Mhb8JM26hcSyuk2": {"name": "Growing Old Young", "coverArt": "https://i.scdn.co/image/ab67616d00001e028a0ea241db21a86f6b5f1c0e", "artist": ["Tenille Arts"], "artistIds": ["0gSAxSvAApQc71cTpoXDFu"], "artistPop": [64], "genres": ["canadian contemporary country", "contemporary country", "country pop"]}, "7y6VwyqLwW5wLAepl4idOB": {"name": "Rodeo Clown", "coverArt": "https://i.scdn.co/image/ab67616d00001e028dbdac761ce552c2ac7d69e1", "artist": ["Dijon"], "artistIds": ["0knGpCTbmG4ctl1wzYRZs4"], "artistPop": [59], "genres": ["alternative r&b", "bedroom soul", "chill r&b", "indie r&b"]}, "4au9zOGq4UoV03sLuXFZZI": {"name": "HEADSTART", "coverArt": "https://i.scdn.co/image/ab67616d00001e02abb69dc94a58df6814b68732", "artist": ["Ritt Momney"], "artistIds": ["7MPGCB854Qo4alYMOPkBka"], "artistPop": [67], "genres": ["bedroom pop", "indie pop"]}, "4RJ2tHMoFQbUus12u1hB5l": {"name": "Bestie", "coverArt": "https://i.scdn.co/image/ab67616d00001e0243e23d79e3e6e7a7f2e73fcb", "artist": ["Culture Jam", "A Boogie Wit da Hoodie", "Capella Grey"], "artistIds": ["3NbMf2TTL0tcjISP5AFgzf", "31W5EY0aAly4Qieq6OFu6I", "59HbaJ5E8ud7FNLGqUN1KH"], "artistPop": [51, 84, 69], "genres": ["melodic rap", "rap", "trap"]}, "0jitsmziKMI9MpzENnB0Tc": {"name": "Hurts Like This", "coverArt": "https://i.scdn.co/image/ab67616d00001e02dcf331e276b993d87ed9850b", "artist": ["ILLENIUM", "BANNERS"], "artistIds": ["45eNHdiiabvmbp4erw26rg", "4qWnlmXWuGv2TtuxtIWlJX"], "artistPop": [77, 72], "genres": ["edm", "melodic dubstep", "pop", "pop dance", "tropical house", "indie poptimism", "modern rock", "pop", "pop rock"]}, "7s7m8L8NcIYzgw0qmoghA8": {"name": "Taking Me Back", "coverArt": "https://i.scdn.co/image/ab67616d00001e025f3793cb6bdd0b6ba418165c", "artist": ["Jack White"], "artistIds": ["4FZ3j1oH43e7cukCALsCwf"], "artistPop": [60], "genres": ["alternative rock", "blues rock", "garage rock", "garage rock revival", "indie rock", "modern blues rock", "modern rock", "punk blues", "rock"]}, "3DS5qjkZLta7vu6U1nLj35": {"name": "DIRTY!", "coverArt": "https://i.scdn.co/image/ab67616d00001e02f5e8d756cdeece01e0b1b44e", "artist": ["JPEGMAFIA"], "artistIds": ["6yJ6QQ3Y5l0s0tn7b0arrO"], "artistPop": [65], "genres": ["alternative hip hop", "escape room", "experimental hip hop", "hip hop", "industrial hip hop", "rap", "underground hip hop"]}, "17XfU3AFgKjl4GvDOZ54Q5": {"name": "What A Life", "coverArt": "https://i.scdn.co/image/ab67616d00001e02a7a574f48ef51fbec3a759a1", "artist": ["Big Sean", "Hit-Boy"], "artistIds": ["0c173mlxpT3dSFRgMO8XPh", "6q3p11nP1p80Ey6LrOOSed"], "artistPop": [82, 63], "genres": ["detroit hip hop", "hip hop", "pop", "pop rap", "rap", "southern hip hop", "trap", "cali rap"]}, "0fQfJFfngYfG26560HLMLN": {"name": "Dynamite", "coverArt": "https://i.scdn.co/image/ab67616d00001e02694a0e564824a3fd495ce8d5", "artist": ["Sean Paul", "Sia"], "artistIds": ["3Isy6kedDrgPYoTS1dazA9", "5WUlDfRSoLAfcVSX1WnrxN"], "artistPop": [82, 87], "genres": ["dance pop", "dancehall", "pop", "pop rap", "australian dance", "australian pop", "pop"]}, "1vzLCOukxhUA26QnqACxVL": {"name": "Just A Notion", "coverArt": "https://i.scdn.co/image/ab67616d00001e02526bc7da3dc018d66212ec07", "artist": ["ABBA"], "artistIds": ["0LcJLqbBmaGUft1e9Mm8HV"], "artistPop": [83], "genres": ["europop", "swedish pop"]}, "1CCg5eneaazLRigi19sHe3": {"name": "Friends Don't Let Friends", "coverArt": "https://i.scdn.co/image/ab67616d00001e0285a3521d7d368cbb6709cf27", "artist": ["Lady A", "Carly Pearce", "Thomas Rhett", "Darius Rucker"], "artistIds": ["32WkQRZEVKSzVAAYqukAEA", "4sIl4BTo9l9KqEi0Y3RE72", "6x2LnllRG5uGarZMsD4iO8", "7FY5V3XMwlNBPitEjXowHQ"], "artistPop": [72, 68, 77, 70], "genres": ["contemporary country", "country", "country dawn", "country pop", "country road", "contemporary country", "country", "country pop", "contemporary country", "country", "country road", "modern country rock", "contemporary country", "country", "country road"]}, "3ADDLOa2NjjLFQ7g2FTiYx": {"name": "My Mother Wants Me Dead", "coverArt": "https://i.scdn.co/image/ab67616d00001e025cdeab2995dace5167fc6650", "artist": ["carolesdaughter"], "artistIds": ["2hiq2iBnUik3mrOfEgRSpB"], "artistPop": [62], "genres": ["alt z"]}, "0HeiYo9WwMT8ujirrWzarf": {"name": "SOMEBODY", "coverArt": "https://i.scdn.co/image/ab67616d00001e026ca58463f6ae71fe4ed8e93d", "artist": ["keshi"], "artistIds": ["3pc0bOVB5whxmD50W79wwO"], "artistPop": [75], "genres": ["chill r&b", "pop"]}, "48yXA9OSJ02608WYnTo4ps": {"name": "ARE YOU LETTING GO? (feat. BENEE)", "coverArt": "https://i.scdn.co/image/ab67616d00001e02e25f2068c4d42ed4be58cb9a", "artist": ["Dreamer Boy", "BENEE"], "artistIds": ["1UJKiAI4Evnhh1ExDse25D", "0Cp8WN4V8Tu4QJQwCN5Md4"], "artistPop": [53, 71], "genres": ["alternative r&b", "chill r&b", "indie pop", "indie r&b", "nashville indie", "alt z", "nz pop", "pop"]}, "6o8tRLnKNSVoBHCTfiFdBA": {"name": "Looks Like Me", "coverArt": "https://i.scdn.co/image/ab67616d00001e028ed6a88dfd37db6a7a943aa1", "artist": ["Dean Lewis"], "artistIds": ["3QSQFmccmX81fWCUSPTS7y"], "artistPop": [76], "genres": ["australian pop", "pop", "pop rock"]}, "6p4KCy1eh253tyYdSa1TSx": {"name": "SOS", "coverArt": "https://i.scdn.co/image/ab67616d00001e02fd6745f548c85e2140a28b82", "artist": ["James Arthur"], "artistIds": ["4IWBUUAFIplrNtaOHcJPRM"], "artistPop": [83], "genres": ["pop", "talent show", "uk pop"]}, "4sOjKbpa7RLZVRNxcO26eb": {"name": "Bruxelles je t\u2019aime", "coverArt": "https://i.scdn.co/image/ab67616d00001e02e9c65016c4e00deda2ac9e19", "artist": ["Ang\u00e8le"], "artistIds": ["3QVolfxko2UyCOtexhVTli"], "artistPop": [69], "genres": ["belgian pop", "variete francaise"]}, "3ZptYblxFPhvIJ0RRRozk9": {"name": "Tiptoeing", "coverArt": "https://i.scdn.co/image/ab67616d00001e0250fb3c99fcbb7c29c1bdd9ee", "artist": ["Hope Tala"], "artistIds": ["74CcYmmNeHKe5PrZaISk8e"], "artistPop": [58], "genres": ["alternative r&b", "chill r&b", "indie r&b", "indie soul"]}, "6XmT8fIEfcS3ZSVEz00U7m": {"name": "Neo Surf", "coverArt": "https://i.scdn.co/image/ab67616d00001e02f0415627de0c4cce287ce2a5", "artist": ["GENER8ION", "070 Shake"], "artistIds": ["5xXSrTidFvVRJmiam2Zh1o", "12Zk1DFhCbHY6v3xep2ZjI"], "artistPop": [26, 67], "genres": ["escape room", "metropopolis", "alternative r&b", "new jersey rap"]}, "5QQnZy5qLl2qIiu9aYp20Z": {"name": "Equal in the Darkness", "coverArt": "https://i.scdn.co/image/ab67616d00001e02c9c0934e4e60662df02e4ccb", "artist": ["Steve Aoki", "Jolin Tsai", "MAX"], "artistIds": ["77AiFEVeAVj2ORpC85QVJs", "1r9DuPTHiQ7hnRRZ99B8nL", "1bqxdqvUtPWZri43cKHac8"], "artistPop": [78, 62, 74], "genres": ["dance pop", "edm", "electro house", "pop", "pop dance", "pop rap", "tropical house", "mandopop", "taiwan pop", "dance pop", "electropop", "pop", "post-teen pop", "viral pop"]}, "6mkvEG10ftOIKrMZHVRMiY": {"name": "Who You Are", "coverArt": "https://i.scdn.co/image/ab67616d00001e02d84a5ef6d8f3ba718235a873", "artist": ["Craig David", "MNEK"], "artistIds": ["2JyWXPbkqI5ZJa3gwqVa0c", "7uMh23xWiuR7zsNkuNcm2G"], "artistPop": [68, 75], "genres": ["british soul", "dance pop", "pop rap", "r&b", "urban contemporary", "uk contemporary r&b", "uk dance"]}, "0WfQLUjyg5wn0zWxsOda07": {"name": "Cosas De La Vida", "coverArt": "https://i.scdn.co/image/ab67616d00001e020d18d7033bfeef4839e348c1", "artist": ["Paloma Mami"], "artistIds": ["7rOlQwf8OuFLFQp4aydjBt"], "artistPop": [67], "genres": ["latin pop", "reggaeton chileno", "trap chileno"]}, "2LvbYwfsRvGYnRytG573iW": {"name": "Luigi (feat. Chief Keef)", "coverArt": "https://i.scdn.co/image/ab67616d00001e0282237c52b511377a98ee77ff", "artist": ["2KBABY", "Chief Keef"], "artistIds": ["4mkjpWbFO45SyaHiM9GOVE", "15iVAtD3s3FsQR4w1v6M0P"], "artistPop": [62, 76], "genres": ["kentucky hip hop", "chicago bop", "chicago drill", "chicago rap", "drill", "hip hop", "pop rap", "rap", "southern hip hop", "trap", "underground hip hop"]}, "5vOjw16B0J9XLbvOGLkWxb": {"name": "The Truth", "coverArt": "https://i.scdn.co/image/ab67616d00001e027c6c35be84d03d1b2d674478", "artist": ["Fetty Wap"], "artistIds": ["6PXS4YHDkKvl1wkIl4V8DL"], "artistPop": [74], "genres": ["new jersey rap", "pop rap", "rap", "southern hip hop", "trap"]}, "2UbdtdpOW3URCTqKsPATJg": {"name": "Fresh Water", "coverArt": "https://i.scdn.co/image/ab67616d00001e02c404c1438262c4c678473bd8", "artist": ["Felly"], "artistIds": ["2848adRcxvgWNRcz1g1tQD"], "artistPop": [59], "genres": ["pop rap", "underground hip hop"]}, "5IvLhgNPWzi9fu9cINVsf9": {"name": "Easy On Them Turns", "coverArt": "https://i.scdn.co/image/ab67616d00001e0275b6d0484945b21a03359bef", "artist": ["Baird"], "artistIds": ["7GdGZWPHxDEu0ppvLoB4GO"], "artistPop": [46], "genres": ["baltimore indie", "collage pop", "indie r&b"]}, "3hJLnSftUXXFXZFg03w0Gu": {"name": "Flower in the Dark", "coverArt": "https://i.scdn.co/image/ab67616d00001e02a6e81d317723b9bf14d02d38", "artist": ["Fiji Blue"], "artistIds": ["1e7K8jD3wRuQfnwDAOeGqe"], "artistPop": [67], "genres": ["chill pop", "chill r&b", "electropop", "pop"]}, "5s0R5zybi2MKaJxf0og3hM": {"name": "THREE STRIKES (feat. Khalid)", "coverArt": "https://i.scdn.co/image/ab67616d00001e024951f1cf3d136b31aee11046", "artist": ["HONNE", "Khalid"], "artistIds": ["0Vw76uk7P8yVtTClWyOhac", "6LuN9FCkKOj5PcnpouEgny"], "artistPop": [72, 89], "genres": ["chill r&b", "pop", "uk pop", "pop", "pop r&b"]}, "2zAzuCsqsZkSkozxTXqtSn": {"name": "Alive", "coverArt": "https://i.scdn.co/image/ab67616d00001e02744b75bb121052bedeb01b56", "artist": ["Yot Club"], "artistIds": ["6FugQjLquBF4JzATRN70bR"], "artistPop": [71], "genres": ["bedroom pop", "indie pop"]}, "7EJVLdcpC2lqg8Y9T5NnX8": {"name": "When She Comes Around", "coverArt": "https://i.scdn.co/image/ab67616d00001e022dfa9d81d74369674a8a990d", "artist": ["No Rome"], "artistIds": ["6auWB5YAlcKaHyrbTH66nd"], "artistPop": [57], "genres": ["indie pop", "indietronica"]}, "1JdScfytE2eaLeVJ7a7KUQ": {"name": "High Tide", "coverArt": "https://i.scdn.co/image/ab67616d00001e02868e341ee5f2f4767bd52e38", "artist": ["Shallou"], "artistIds": ["7C3Cbtr2PkH2l4tOGhtCsk"], "artistPop": [65], "genres": ["electropop", "indie poptimism", "new french touch", "tropical house", "vapor soul"]}, "7yhFvfZtC4DomCU4Lpe0cr": {"name": "Catching A Dream", "coverArt": "https://i.scdn.co/image/ab67616d00001e028859870ab064ccd07f912671", "artist": ["Jonah Kagen"], "artistIds": ["5KsRA81UaMVKvLNiwDySfp"], "artistPop": [60], "genres": []}, "5JG7dSDKuy5tSM77KLnCzY": {"name": "All my favorite songs", "coverArt": "https://i.scdn.co/image/ab67616d00001e0282cbf0c321831aa1156aa23e", "artist": ["ROSIE"], "artistIds": ["2bp65KnFOIsIosBoqPzvNL"], "artistPop": [58], "genres": ["alt z"]}, "6fBN1a9LcsB3QohnijExpz": {"name": "Hurt Like That", "coverArt": "https://i.scdn.co/image/ab67616d00001e0263d440cd2391dbd5b38b6665", "artist": ["Katelyn Tarver"], "artistIds": ["6i8Tae6takoQos2JZ4vdRn"], "artistPop": [55], "genres": ["alt z", "post-teen pop", "viral pop"]}, "1s7jZkEqW1T84f3VyIT29g": {"name": "Bad Posture", "coverArt": "https://i.scdn.co/image/ab67616d00001e02ea3e8d62a0a2167acd94f01f", "artist": ["Abby Anderson"], "artistIds": ["0WicR9iYAPd0Bi7i3bz9MB"], "artistPop": [45], "genres": ["contemporary country", "country pop"]}, "5lV39Mj6PNBE3wIA77ojN9": {"name": "In Color", "coverArt": "https://i.scdn.co/image/ab67616d00001e026b159c9b71253b912d630417", "artist": ["My Morning Jacket"], "artistIds": ["43O3c6wewpzPKwVaGEEtBM"], "artistPop": [61], "genres": ["alternative rock", "blues rock", "indie folk", "indie rock", "jam band", "louisville indie", "melancholia", "modern rock", "new americana", "rock", "roots rock", "stomp and holler"]}, "7rRYiBxeudiHMNmgptnne9": {"name": "Tides", "coverArt": "https://i.scdn.co/image/ab67616d00001e025f45a9cb2b0a297f76ae49d5", "artist": ["Bonobo", "Jamila Woods"], "artistIds": ["0cmWgDlu9CwTgxPhf403hb", "4UodukR17NIQfNu5uaqm9B"], "artistPop": [66, 54], "genres": ["downtempo", "electronica", "jazztronica", "ninja", "nu jazz", "trip hop", "afrofuturism", "alternative r&b", "escape room", "indie soul"]}, "1CdvKSImZbNo7AJSHb2pBG": {"name": "Let Me Go (with Ne-Yo)", "coverArt": "https://i.scdn.co/image/ab67616d00001e02113d755c91141b899b3dc14d", "artist": ["Benny Benassi", "Ne-Yo"], "artistIds": ["4Ws2otunReOa6BbwxxpCt6", "21E3waRsmPlU7jZsS13rcj"], "artistPop": [66, 81], "genres": ["edm", "electro house", "pop dance", "dance pop", "pop", "r&b", "urban contemporary"]}, "67Ca21PiqjzovVSAwBMwUf": {"name": "IDK WHAT TO TELL YOU", "coverArt": "https://i.scdn.co/image/ab67616d00001e02b5ad131c8bca02e2051e6cf1", "artist": ["Bktherula"], "artistIds": ["6OjtkJDlAZzlzAydEn78cK"], "artistPop": [59], "genres": ["vapor trap", "viral rap"]}, "0wRpsc7jtLA8V0COFkwtYG": {"name": "BIG", "coverArt": "https://i.scdn.co/image/ab67616d00001e0289eb26688fa557ba184aa838", "artist": ["Kendra Jae"], "artistIds": ["1KcnqRVBBJ2FUZMQUn3k5P"], "artistPop": [44], "genres": []}, "6LnEoRQKMcaFTR5UvaKuBy": {"name": "Rock with you", "coverArt": "https://i.scdn.co/image/ab67616d00001e025ac2a400576ac7f35aa7428b", "artist": ["SEVENTEEN"], "artistIds": ["7nqOGRxlXj7N2JYbgNEjYH"], "artistPop": [77], "genres": ["k-pop", "k-pop boy group"]}, "6tRzqvMtnfDZY80WRh4csu": {"name": "Tie a Cherry", "coverArt": "https://i.scdn.co/image/ab67616d00001e0222e1a4d9a2016a78d8aa9924", "artist": ["CL"], "artistIds": ["0tzSBCPJZmHTdOA3ZV2mN3"], "artistPop": [67], "genres": ["k-pop"]}, "4okcOFaWiH7Zl22gIRIA7M": {"name": "Ruthless", "coverArt": "https://i.scdn.co/image/ab67616d00001e02b27812fd7b142cf08159ed0d", "artist": ["Cannons"], "artistIds": ["7FtCyCJCJaxabYO7Uyda5B"], "artistPop": [63], "genres": ["vapor soul"]}, "2KhrOCk3xdBDYI3xYOn2vK": {"name": "Autumn", "coverArt": "https://i.scdn.co/image/ab67616d00001e02738ce0b11ea04417d6ed5ed0", "artist": ["Lani Rose"], "artistIds": ["7bdI7Q9ffxcej6cfVUktvb"], "artistPop": [46], "genres": ["chill pop"]}, "0qd44jugFi3s8CC8N8l3Bc": {"name": "oops", "coverArt": "https://i.scdn.co/image/ab67616d00001e02d137650ec8d072508435af1c", "artist": ["808vic"], "artistIds": ["0kzNGCruksB28DRbqhEfPM"], "artistPop": [40], "genres": []}, "4241yTRttQpIbbP5w45k8p": {"name": "Feels Like I'm Flying", "coverArt": "https://i.scdn.co/image/ab67616d00001e02f5f142a3b25031015fee6c6f", "artist": ["Yeek"], "artistIds": ["5BhFZpE8kUGZJiKOsYjLQM"], "artistPop": [59], "genres": ["alternative r&b", "indie r&b"]}, "5UnmxlzQL3yEJfNsonGAF1": {"name": "Fortunate", "coverArt": "https://i.scdn.co/image/ab67616d00001e02db67a068b87643cd46974cef", "artist": ["Cozz"], "artistIds": ["5oFkj1qSlyBUmV5d6Edgtq"], "artistPop": [56], "genres": ["underground hip hop"]}, "3sZXQlzV9AGDy97HSAxvpk": {"name": "Million Dollar Moment", "coverArt": "https://i.scdn.co/image/ab67616d00001e02a9e9076acbed8ddcced253f9", "artist": ["Wiz Khalifa"], "artistIds": ["137W8MRPWKqSmrBGDBFSop"], "artistPop": [86], "genres": ["dance pop", "hip hop", "pittsburgh rap", "pop rap", "rap", "southern hip hop", "trap"]}, "0Be7sopyKMv8Y8npsUkax2": {"name": "Tacones Rojos", "coverArt": "https://i.scdn.co/image/ab67616d00001e02f789b02ba6655a1f03d17b9f", "artist": ["Sebastian Yatra"], "artistIds": ["07YUOmWljBTXwIseAUd9TW"], "artistPop": [84], "genres": ["colombian pop", "latin", "reggaeton", "reggaeton colombiano"]}, "4JlbNN3jRVy0agVxF2K5DA": {"name": "Do It Anyway (with Icona Pop)", "coverArt": "https://i.scdn.co/image/ab67616d00001e0257013dd553120072e8eacf30", "artist": ["DVBBS", "Icona Pop"], "artistIds": ["5X4LWwbUFNzPkEas04uU82", "1VBflYyxBhnDc9uVib98rw"], "artistPop": [69, 70], "genres": ["canadian electronic", "dance pop", "edm", "electro house", "pop", "pop dance", "pop edm", "progressive electro house", "slap house", "tropical house", "candy pop", "dance pop", "edm", "electropop", "metropopolis", "pop", "pop dance", "swedish electropop", "swedish synthpop"]}, "3gdiyrJ3d1FGnYnCrVKwph": {"name": "Hurt Again", "coverArt": "https://i.scdn.co/image/ab67616d00001e02cc1967cea0eab36583476f2a", "artist": ["Jillian Rossi"], "artistIds": ["2u2MvYsk6gZY0Khn9SAMeO"], "artistPop": [53], "genres": ["alt z", "gen z singer-songwriter"]}, "4qWkiOllvD29aTNR9ezpLB": {"name": "Boys", "coverArt": "https://i.scdn.co/image/ab67616d00001e02cbeee3734bed945e50e214f2", "artist": ["Hippo Campus"], "artistIds": ["1btWGBz4Uu1HozTwb2Lm8A"], "artistPop": [66], "genres": ["indie pop", "indie poptimism", "minneapolis indie", "modern alternative rock", "modern rock", "pop rock"]}, "4vaEOyy9MYJIsa8YvaxCD6": {"name": "Prada", "coverArt": "https://i.scdn.co/image/ab67616d00001e02e191eb99fbfdc4f37422abd2", "artist": ["August Royals"], "artistIds": ["75lrknh4n2savTcDGbMchq"], "artistPop": [31], "genres": []}, "0qTvCYCKnLjEjm2rXatkKb": {"name": "Be Free", "coverArt": "https://i.scdn.co/image/ab67616d00001e023bd28cdc7036a53881eab0dd", "artist": ["NEIL FRANCES"], "artistIds": ["587PA35pRGL1JwQr6idJbb"], "artistPop": [62], "genres": ["indie soul"]}, "5I1uNW4VfFTY0zrwzF0igS": {"name": "Prester John", "coverArt": "https://i.scdn.co/image/ab67616d00001e0285b7178cec59edf04af3bcd9", "artist": ["Animal Collective"], "artistIds": ["4kwxTgCKMipBKhSnEstNKj"], "artistPop": [54], "genres": ["alternative dance", "alternative rock", "art pop", "art rock", "baltimore indie", "chillwave", "dream pop", "experimental pop", "freak folk", "indie pop", "indie rock", "modern rock", "new rave", "noise pop"]}, "1rwzTr6y9yOPzNlO92AnUc": {"name": "There Must Be a Song Like You", "coverArt": "https://i.scdn.co/image/ab67616d00001e0208a69cf2ed7eedf5b5486901", "artist": ["Helado Negro"], "artistIds": ["69qhRLDvsWJOhWGXXQ0lQQ"], "artistPop": [52], "genres": ["art pop", "deep latin alternative", "freak folk"]}, "6rtP4KRJr7iY8X4wV0oeen": {"name": "Crown Vic (Black Cloud)", "coverArt": "https://i.scdn.co/image/ab67616d00001e02054d4325e943360c423f9e6f", "artist": ["joe p"], "artistIds": ["3pIwImfumJioKb0zHHP61x"], "artistPop": [52], "genres": ["asbury park indie"]}, "1HmdMV6AP2ZA01JdgZFf44": {"name": "What For?", "coverArt": "https://i.scdn.co/image/ab67616d00001e025b29c6b7a95f06efcc9d7bc4", "artist": ["Sam Ezeh"], "artistIds": ["5Ys0Puc1F5jOw7EpmhMSTK"], "artistPop": [46], "genres": ["indie r&b"]}, "1mHcikpSNzkFdhYNctCsJy": {"name": "Not For Me", "coverArt": "https://i.scdn.co/image/ab67616d00001e022907085177e3a525205f3723", "artist": ["Sarah Proctor"], "artistIds": ["7uz8DZsGBlVbCVpACJGfNl"], "artistPop": [38], "genres": []}, "3Sov5oiUCNxw1SvljM31V9": {"name": "The Woman I've Become", "coverArt": "https://i.scdn.co/image/ab67616d00001e02448525d02ebae7c972e218cc", "artist": ["Jessie James Decker"], "artistIds": ["0GzIauSfKRc5BlNXpTWAGz"], "artistPop": [52], "genres": ["contemporary country", "country pop"]}, "4VjFgo853p4of6maSkmjfB": {"name": "Heavyweight", "coverArt": "https://i.scdn.co/image/ab67616d00001e023e27e0eff6215e468d7efef1", "artist": ["Kassi Ashton"], "artistIds": ["1LCsAfmP4l13EYtzDaLMAg"], "artistPop": [34], "genres": ["country pop"]}, "2956I0IdLAutaSEmwhSPii": {"name": "When It Ends", "coverArt": "https://i.scdn.co/image/ab67616d00001e025fd343b08a955e61ee55c161", "artist": ["Avery Lynch", "JORDY"], "artistIds": ["7aO285xSsCbjy0q9zEqXEk", "0p9SPN0Vhv6aDRZCz4W13E"], "artistPop": [53, 55], "genres": ["alt z", "gen z singer-songwriter", "alt z", "electropop", "gen z singer-songwriter"]}, "4JYBmZcCjPOUg5cofekIYX": {"name": "Hurt Me", "coverArt": "https://i.scdn.co/image/ab67616d00001e029f3275bf994f29a47f857cb6", "artist": ["Suriel Hess"], "artistIds": ["5MLIxVYkY4Fc2dwdaYSS8G"], "artistPop": [45], "genres": []}, "776uQXP7W3PhaLF7OoieS3": {"name": "Money Showers", "coverArt": "https://i.scdn.co/image/ab67616d00001e02cc45f4d4a96a35778e7e3060", "artist": ["NorthSideBenji"], "artistIds": ["2EzNKTHTCUaHUkKaNFUH8d"], "artistPop": [54], "genres": ["canadian hip hop", "toronto rap"]}, "5GY5lINO7OJH4fBLlqnEUD": {"name": "Red Steps", "coverArt": "https://i.scdn.co/image/ab67616d00001e022f9876e95ad16cfba09425b7", "artist": ["Never Broke Again", "P Yungin"], "artistIds": ["5YyTs9tUWqcdI9kIQb85P2", "2kxNIMdmDtVtHDAWluq0eN"], "artistPop": [51, 37], "genres": []}, "2Q4MRMnSAMckugCtR5jgXT": {"name": "Problem\u00f3n", "coverArt": "https://i.scdn.co/image/ab67616d00001e020c483ba5c79887df7530cee2", "artist": ["Alvaro Diaz", "Rauw Alejandro"], "artistIds": ["5J7rXWjtn5HzUkJ4Jet8Fr", "1mcTU81TzQhprhouKaTkpq"], "artistPop": [64, 93], "genres": ["trap boricua", "trap latino", "urbano espanol", "puerto rican pop", "trap latino"]}, "4eIyZcuHRAF4novYFxThwe": {"name": "By My Side", "coverArt": "https://i.scdn.co/image/ab67616d00001e02ab35e7915ab6c0ca37a44d64", "artist": ["A7S"], "artistIds": ["5Wg2b4Mp42gicxEeDNawf7"], "artistPop": [76], "genres": ["scandipop"]}, "6OMsBEvyWUh45xLPBMDqHU": {"name": "Weird 2 Me", "coverArt": "https://i.scdn.co/image/ab67616d00001e02423be8203c8bb9498c60607c", "artist": ["Sally Sossa"], "artistIds": ["58q28H7IgX06YXkPvUtGgR"], "artistPop": [57], "genres": []}, "2zygYAKcdpXreppZmBHc0g": {"name": "Pallbearers", "coverArt": "https://i.scdn.co/image/ab67616d00001e020b7cda41ce0c0514d6f6897f", "artist": ["Kuttem Reese"], "artistIds": ["23vk8FQSjesEtpErniqki4"], "artistPop": [45], "genres": ["florida rap"]}, "4lBztfjw0N2wc9dnVpXZ4S": {"name": "Paper Cup", "coverArt": "https://i.scdn.co/image/ab67616d00001e028e66dd2c0bc0ac0981e45259", "artist": ["dexter"], "artistIds": ["3bAdh9KH0kxlwrfz7Uh5Aa"], "artistPop": [43], "genres": []}, "0ez6JelKTHlTaZlJEufmfd": {"name": "Jungle", "coverArt": "https://i.scdn.co/image/ab67616d00001e02e434e4881cb300b6d72fc2d1", "artist": ["Jada Kingdom"], "artistIds": ["2FgooFaZzZy6PUyJImk0kG"], "artistPop": [49], "genres": ["dancehall", "modern reggae"]}, "41KAtJNYolmfn4bJfscpk4": {"name": "tic tic (with Haleek Maul)", "coverArt": "https://i.scdn.co/image/ab67616d00001e0200c39f5e17d26550d257e3e9", "artist": ["Dua Saleh", "Haleek Maul"], "artistIds": ["2DGBzoOLcKLK3eWxFyugdB", "1z3a08VnheTF9dwweVtFa3"], "artistPop": [49, 22], "genres": ["alternative r&b", "escape room", "indie r&b", "minnesota hip hop", "sudanese pop", "barbadian pop"]}, "4kg0eZZJDc6Fp2KHEbYcXg": {"name": "Crowd Surf", "coverArt": "https://i.scdn.co/image/ab67616d00001e02084e96a091b568931a0ed03a", "artist": ["Wabie"], "artistIds": ["3wOQaMNQU0rbzWyGXIudmE"], "artistPop": [55], "genres": ["bedroom pop"]}, "10IbUW87Q8kTs3ySisuLVc": {"name": "Zombie", "coverArt": "https://i.scdn.co/image/ab67616d00001e02b0bcca455f83b31f1bbd173c", "artist": ["Siiickbrain"], "artistIds": ["1oPEr1Ci8sWOYj8SSh2VPE"], "artistPop": [51], "genres": []}, "5JwIQFCkl8MqKW2DW7mDoq": {"name": "Homo Sapien", "coverArt": "https://i.scdn.co/image/ab67616d00001e0209200b91262d6924921b17e7", "artist": ["Parquet Courts"], "artistIds": ["23NIwARd4vPbxt3wwNnJ6k"], "artistPop": [57], "genres": ["alternative rock", "brooklyn indie", "denton tx indie", "freak folk", "garage psych", "indie rock", "modern alternative rock", "modern rock", "neo-psychedelic", "noise pop"]}}