{"3vAn0qZzdyuHamcrpkfiX3": {"name": "How You Like That", "coverArt": "https://i.scdn.co/image/ab67616d00001e02310b505203a3fc8a952ed010", "artist": ["BLACKPINK"], "artistIds": ["41MozSoPIsD1dJM0CLPjZF"], "artistPop": [84], "genres": ["k-pop", "k-pop girl group"]}, "6WbTTAGKrQtCQvmc5BuYfh": {"name": "Girls in the Hood", "coverArt": "https://i.scdn.co/image/ab67616d00001e02526508b0ea45482aecd5814a", "artist": ["Megan Thee Stallion"], "artistIds": ["181bsRPaVXVlUKXrxwZfHK"], "artistPop": [86], "genres": ["houston rap", "pop", "pop rap", "trap queen"]}, "07twUUK8jWUCVsrSoEgbLW": {"name": "Back At It (feat. Lil Baby)", "coverArt": "https://i.scdn.co/image/ab67616d00001e027a120c63d12dec194026fcf9", "artist": ["Lil Mosey", "Lil Baby"], "artistIds": ["5zctI4wO9XSKS8XwcnqEHk", "5f7VJjfbwm532GiveGC0ZK"], "artistPop": [76, 91], "genres": ["melodic rap", "rap", "rap conscient", "trap", "vapor trap", "atl hip hop", "atl trap", "rap", "trap"]}, "3D8sT8D3f5egWSQnF0fbqu": {"name": "Chicken Tenders", "coverArt": "https://i.scdn.co/image/ab67616d00001e02116ea45a2037cd44e431a732", "artist": ["Dominic Fike"], "artistIds": ["6USv9qhCn6zfxlBQIYJ9qs"], "artistPop": [73], "genres": ["alternative pop rock", "pop"]}, "0l4AReW2LuX0yStPfgQgSR": {"name": "Giants", "coverArt": "https://i.scdn.co/image/ab67616d00001e029710b86c55dcf85736d4f551", "artist": ["Dermot Kennedy"], "artistIds": ["5KNNVgR6LBIABRIomyCwKJ"], "artistPop": [77], "genres": ["folk-pop", "irish pop", "pop"]}, "5tVbKij7vNLI0psFkkzyew": {"name": "Gasoline", "coverArt": "https://i.scdn.co/image/ab67616d00001e0207006f24b69d2c9d35d9f2f7", "artist": ["HAIM"], "artistIds": ["4Ui2kfOqGujY81UcPrb5KE"], "artistPop": [68], "genres": ["art pop", "dance pop", "indie pop", "metropopolis", "pop rock"]}, "7fsNNSLGG8Wi0nFbufCU6L": {"name": "Know My Rights (feat. Lil Baby)", "coverArt": "https://i.scdn.co/image/ab67616d00001e027d7b13ed9c6aa99e96344a5d", "artist": ["6LACK", "Lil Baby"], "artistIds": ["4IVAbR2w4JJNJDDRFP3E83", "5f7VJjfbwm532GiveGC0ZK"], "artistPop": [79, 91], "genres": ["alternative r&b", "atl hip hop", "hip hop", "melodic rap", "pop rap", "r&b", "rap", "trap", "atl hip hop", "atl trap", "rap", "trap"]}, "2MbdDtCv5LUVjYy9RuGTgC": {"name": "WHATS POPPIN (feat. DaBaby, Tory Lanez & Lil Wayne) - Remix", "coverArt": "https://i.scdn.co/image/ab67616d00001e02b5f0a8d46cef9647548c64dc", "artist": ["Tory Lanez", "Jack Harlow", "DaBaby", "Lil Wayne"], "artistIds": ["2jku7tDXc6XoB6MO2hFuqg", "2LIk90788K0zvyj2JJVwkJ", "4r63FhuTkUYltbVAg5TQnk", "55Aa2cqylxrFIXC767Z865"], "artistPop": [81, 88, 89, 88], "genres": ["canadian hip hop", "canadian trap", "hip hop", "melodic rap", "pop rap", "r&b", "rap", "toronto rap", "trap", "deep underground hip hop", "kentucky hip hop", "pop rap", "rap", "north carolina hip hop", "rap", "hip hop", "new orleans rap", "pop rap", "rap", "trap"]}, "5jQjEMneCQ265nbeQV5nrd": {"name": "System", "coverArt": "https://i.scdn.co/image/ab67616d00001e022aac6873dfdbef4d6c0364d2", "artist": ["Curtis Waters"], "artistIds": ["2JbE7jUIGtpXSzytnyMg6U"], "artistPop": [60], "genres": []}, "1BLoghXkY06sQvHdJ1vOWO": {"name": "Clear Bones", "coverArt": "https://i.scdn.co/image/ab67616d00001e022e6d0d9fbf01cd8fa7367dd9", "artist": ["Jean Dawson"], "artistIds": ["7vNNmjV14SKQzlQAEg0BXP"], "artistPop": [50], "genres": ["modern indie pop"]}, "50wetCP0Nsx5sIaFHCYlCe": {"name": "Love Somebody", "coverArt": "https://i.scdn.co/image/ab67616d00001e02eee7e34ad337bec64d585ce6", "artist": ["Lauv"], "artistIds": ["5JZ7CnR6gTvEMKX4g70Amv"], "artistPop": [80], "genres": ["dance pop", "electropop", "pop", "post-teen pop"]}, "1UNs8AlFM8c0uAkSyjIW3P": {"name": "Girlfriend", "coverArt": "https://i.scdn.co/image/ab67616d00001e02eeb1236a7d65549de3657457", "artist": ["Charlie Puth"], "artistIds": ["6VuMaDnrHyPL1p4EHjYLi7"], "artistPop": [80], "genres": ["dance pop", "pop", "post-teen pop", "viral pop"]}, "4P6IttK2PRBjyr3fm0pP7t": {"name": "Past Life (with Selena Gomez)", "coverArt": "https://i.scdn.co/image/ab67616d00001e021fc7c9cc08cd97258af886e9", "artist": ["Trevor Daniel", "Selena Gomez"], "artistIds": ["7uaIm6Pw7xplS8Dy06V6pT", "0C8ZW7ezQVs4URX5aX7Kqx"], "artistPop": [72, 84], "genres": ["alternative r&b", "melodic rap", "pop rap", "dance pop", "pop", "post-teen pop"]}, "1b5bD9RZ2KFv34O9Dn5NNr": {"name": "Drop A Tear (feat. Lil Baby)", "coverArt": "https://i.scdn.co/image/ab67616d00001e02750d9fe0a5648ad5fde3a44e", "artist": ["Bankrol Hayden", "Lil Baby"], "artistIds": ["0Yr4BBpK2dkCp2UsrJ9LZN", "5f7VJjfbwm532GiveGC0ZK"], "artistPop": [68, 91], "genres": ["melodic rap", "pop rap", "sad rap", "social media pop", "atl hip hop", "atl trap", "rap", "trap"]}, "3rDZ6pStaJhzk1mXjDyOfR": {"name": "I Cry", "coverArt": "https://i.scdn.co/image/ab67616d00001e020f60f17f1c7f96e1efa89a04", "artist": ["Usher"], "artistIds": ["23zg3TcAtWQy7J6upgbUnj"], "artistPop": [81], "genres": ["atl hip hop", "dance pop", "pop", "r&b", "south carolina hip hop", "urban contemporary"]}, "1hv5qektVlfqlu1P858s5G": {"name": "Bet", "coverArt": "https://i.scdn.co/image/ab67616d00001e02680f7aff18376de523d7dea5", "artist": ["UMI"], "artistIds": ["4ClziihVpBeFXNyDH83Lde"], "artistPop": [64], "genres": ["alternative r&b", "bedroom soul", "chill r&b", "indie r&b", "pop", "r&b"]}, "6SWZ5b6AEsa6eLfGhVFMf6": {"name": "tattoo", "coverArt": "https://i.scdn.co/image/ab67616d00001e02c3dcdf42520825a902560986", "artist": ["boyband"], "artistIds": ["4OxvOPeLvZWDxihwqtOC4D"], "artistPop": [33], "genres": ["indie hip hop"]}, "1bKhbFn3isNTQR9dU0sWqL": {"name": "Wonderful", "coverArt": "https://i.scdn.co/image/ab67616d00001e029857c2d077b8a8e7b8a00007", "artist": ["Burna Boy"], "artistIds": ["3wcj11K77LjEY1PkEazffa"], "artistPop": [77], "genres": ["afro dancehall", "dancehall", "nigerian hip hop", "nigerian pop"]}, "5pJxu65FHLDUenDc6ZhpY3": {"name": "Had Enough", "coverArt": "https://i.scdn.co/image/ab67616d00001e0271cbcb27637f0236a9a923ec", "artist": ["G-Eazy"], "artistIds": ["02kJSzxNuaWGqwubyUba0Z"], "artistPop": [81], "genres": ["hip hop", "indie pop rap", "oakland hip hop", "pop rap", "rap"]}, "0z745VvMjQZnLjnZon4OHu": {"name": "Watch Yo Homie", "coverArt": "https://i.scdn.co/image/ab67616d00001e0215d17ace2bfb5525344e1586", "artist": ["Lil Durk"], "artistIds": ["3hcs9uc56yIGFCSy9leWe7"], "artistPop": [87], "genres": ["chicago drill", "chicago rap", "drill", "hip hop", "rap", "trap"]}, "08bDGEzsYd9ebCc7p23X4j": {"name": "Trust Nobody", "coverArt": "https://i.scdn.co/image/ab67616d00001e02df50767381e36b3c173b0375", "artist": ["DJ Snake"], "artistIds": ["540vIaP2JwjQb9dm3aArA4"], "artistPop": [80], "genres": ["dance pop", "edm", "electronic trap", "pop", "pop dance", "pop rap"]}, "1xNknVNOolLB4oQeEtNBX2": {"name": "Hello Hello Hello", "coverArt": "https://i.scdn.co/image/ab67616d00001e020e68fefa1408603f54a4d664", "artist": ["Remi Wolf"], "artistIds": ["0NB5HROxc8dDBXpkIi1v3d"], "artistPop": [67], "genres": ["alternative r&b", "indie pop", "indie r&b", "modern alternative pop"]}, "6QJ4076MU6G60JOsClmexk": {"name": "Alien", "coverArt": "https://i.scdn.co/image/ab67616d00001e02f5aa9c7804a7370ade00afb7", "artist": ["Rema"], "artistIds": ["46pWGuE3dSwY3bMMXGBvVS"], "artistPop": [67], "genres": []}, "7LfjF1auPMDBtsPXJuXpON": {"name": "Overkill", "coverArt": "https://i.scdn.co/image/ab67616d00001e0276184aee202eb9eb1e0c61af", "artist": ["Holly Humberstone"], "artistIds": ["0nnYdIpahs41QiZ9MWp5Wx"], "artistPop": [62], "genres": ["alt z", "indie cafe pop", "indie pop", "modern alternative pop", "uk pop"]}, "5inDa3sWj8zqJBOdj7Bjqc": {"name": "Hey Stupid, I Love You", "coverArt": "https://i.scdn.co/image/ab67616d00001e029a80008aef66fa8fdf79fcad", "artist": ["JP Saxe"], "artistIds": ["66W9LaWS0DPdL7Sz8iYGYe"], "artistPop": [72], "genres": ["alt z", "canadian contemporary r&b", "indie cafe pop", "pop", "pop rock", "post-teen pop"]}, "7FXh2KJzU0WUv6TPoaN9EA": {"name": "Deer", "coverArt": "https://i.scdn.co/image/ab67616d00001e0231baab7f1798190195dcd6f9", "artist": ["Peach Tree Rascals"], "artistIds": ["0imE3buPhAowREqCrr4CYe"], "artistPop": [64], "genres": ["alternative r&b", "chill r&b", "indie r&b", "pop"]}, "6TNWeqDnqdqIQWYMWZmzTA": {"name": "Fire Drill", "coverArt": "https://i.scdn.co/image/ab67616d00001e02f4d9b40a06ae18de713a57bc", "artist": ["Melanie Martinez"], "artistIds": ["63yrD80RY3RNEM2YDpUpO8"], "artistPop": [79], "genres": ["alt z", "electropop", "pop"]}, "28kQpvvEWh77dIeDZ1AEu7": {"name": "Blue Diamonds", "coverArt": "https://i.scdn.co/image/ab67616d00001e02b5898c827e097b1d4e9e7194", "artist": ["Young Dolph"], "artistIds": ["3HiuzBlSW7pGDXlSFMhO2g"], "artistPop": [72], "genres": ["gangster rap", "hip hop", "memphis hip hop", "rap", "southern hip hop", "tennessee hip hop", "trap"]}, "3qRv6M9TyPVTeeTSjXBj9C": {"name": "Dime Pa Que", "coverArt": "https://i.scdn.co/image/ab67616d00001e02786e271f0fb5c25125333e4d", "artist": ["Natanael Cano", "Lil Tecca"], "artistIds": ["0elWFr7TW8piilVRYJUe4P", "4Ga1P7PMIsmqEZqhYZQgDo"], "artistPop": [79, 83], "genres": ["corrido", "corridos tumbados", "nuevo regional mexicano", "regional mexican", "sierreno", "melodic rap", "rap", "trap"]}, "2gGLpMzoo80A7jGEIr4ou8": {"name": "Naked", "coverArt": "https://i.scdn.co/image/ab67616d00001e02d33eca71183987b1ba6c6898", "artist": ["Jonas Blue", "MAX"], "artistIds": ["1HBjj22wzbscIZ9sEb5dyf", "1bqxdqvUtPWZri43cKHac8"], "artistPop": [78, 73], "genres": ["dance pop", "edm", "pop", "pop dance", "tropical house", "uk dance", "dance pop", "electropop", "pop", "pop rap", "post-teen pop", "viral pop"]}, "1fpyZfZKpympQ7aq6cgRaU": {"name": "Second Time Around", "coverArt": "https://i.scdn.co/image/ab67616d00001e02e40ed79b64666dc219286c2a", "artist": ["Quinn XCII"], "artistIds": ["3ApUX1o6oSz321MMECyIYd"], "artistPop": [74], "genres": ["electropop", "indie pop rap", "pop", "pop rap"]}, "0egBBvt6cfROuCHP5nBABx": {"name": "Be Happy", "coverArt": "https://i.scdn.co/image/ab67616d00001e02351c261b65b0f8493544463a", "artist": ["Dixie"], "artistIds": ["3DKkhRCGOG4e8IUPYFPfWs"], "artistPop": [62], "genres": ["social media pop"]}, "25Q6XHjKEyaXzCvKlwDpPP": {"name": "Big Love (with EARTHGANG & MNDR)", "coverArt": "https://i.scdn.co/image/ab67616d00001e02e3f5de1e0dc2f8574eba1448", "artist": ["Louis The Child", "EARTHGANG", "MNDR"], "artistIds": ["7wg1qvie3KqDNQbAkTdbX0", "5MbNzCW3qokGyoo9giHA3V", "7gQNLR8mykA1KjGClbPYHe"], "artistPop": [69, 69, 53], "genres": ["edm", "electropop", "pop", "tropical house", "atl hip hop", "hip hop", "psychedelic hip hop", "rap", "underground hip hop", "electropop", "indie poptimism", "indietronica", "metropopolis", "shimmer pop"]}, "6Bs5nI15JPJyZ90HMs5GR3": {"name": "The Way You Look Tonight (feat. Keelan Donovan)", "coverArt": "https://i.scdn.co/image/ab67616d00001e0288dcf1aed39cb6315eb6c592", "artist": ["Tenille Townes", "Keelan Donovan"], "artistIds": ["3TyeX0lk4B7k56ukfzEE0z", "4dOtX7sKkyguhRj1Gkvvl7"], "artistPop": [58, 48], "genres": ["alberta country", "contemporary country", "country", "country pop"]}, "6xDpjffkQ4daA6AiR7F15m": {"name": "Identity", "coverArt": "https://i.scdn.co/image/ab67616d00001e02b6ddf81b0d6a4c80ed803326", "artist": ["grandson"], "artistIds": ["4ZgQDCtRqZlhLswVS6MHN4"], "artistPop": [73], "genres": ["modern alternative rock", "modern rock", "rock"]}, "5OxclJsdFESni44YlpNpkR": {"name": "Parasite Eve", "coverArt": "https://i.scdn.co/image/ab67616d00001e0286bd44e4b3e2eb335c17c625", "artist": ["Bring Me The Horizon"], "artistIds": ["1Ffb6ejR6Fe5IamqA5oRUF"], "artistPop": [77], "genres": ["melodic metalcore", "metalcore", "rock", "uk metalcore"]}, "6ndshPoBcMTgZO43UC1GpI": {"name": "END OF DISCUSSION (feat. PnB Rock)", "coverArt": "https://i.scdn.co/image/ab67616d00001e025fc60df695d3cc581ee84c28", "artist": ["IDK", "PnB Rock"], "artistIds": ["6aiFCgyKNwF9Rv5TOxnE8E", "21WS9wngs9AqFckK7yYJPM"], "artistPop": [65, 74], "genres": ["dmv rap", "hip hop", "rap", "trap", "underground hip hop", "melodic rap", "pop rap", "r&b", "rap", "southern hip hop", "trap"]}, "3MPfblpHGZwoPtWBDbrLym": {"name": "Don Dada", "coverArt": "https://i.scdn.co/image/ab67616d00001e02b25eb0a919733fa71739aa41", "artist": ["Yungeen Ace"], "artistIds": ["7hj7ffJe6UkF1gsMpuweSI"], "artistPop": [64], "genres": ["florida rap", "melodic rap", "trap"]}, "30xUaJSXc6aQfsF3yIcj0o": {"name": "EXHALE (feat. Sia)", "coverArt": "https://i.scdn.co/image/ab67616d00001e021bd1b856af05cec86915cf11", "artist": ["kenzie", "Sia"], "artistIds": ["5pWUVnrc1y0FpWZ6VCy0Hg", "5WUlDfRSoLAfcVSX1WnrxN"], "artistPop": [58, 86], "genres": ["social media pop", "australian dance", "australian pop", "pop"]}, "4sqHszlsjKzLYTAnJpB1E0": {"name": "Separate Ways", "coverArt": "https://i.scdn.co/image/ab67616d00001e020fa219c90b46ee07634459df", "artist": ["Nox Holloway"], "artistIds": ["5f7qMHuc0PN9XOIMbejFlj"], "artistPop": [27], "genres": ["chill pop"]}, "21R5MzmCwVspgN7uTh37f9": {"name": "Laugh", "coverArt": "https://i.scdn.co/image/ab67616d00001e02ee82a85e2c39bee97efd16d4", "artist": ["Sarcastic Sounds"], "artistIds": ["1bq8rqNnfrojn0OSAfeNXJ"], "artistPop": [68], "genres": ["lo-fi beats", "lo-fi chill", "sad lo-fi"]}, "69Ec7jd3bnV9zn2CmsurqV": {"name": "Heaven", "coverArt": "https://i.scdn.co/image/ab67616d00001e020eaaafff6ad622ba47c51a36", "artist": ["Cheat Codes"], "artistIds": ["7DMveApC7UnC2NPfPvlHSU"], "artistPop": [76], "genres": ["dance pop", "edm", "electro house", "electropop", "pop", "pop dance", "pop edm", "post-teen pop", "tropical house"]}, "17bGtGqqaXOgVnhnfx5NlE": {"name": "Looking for Me", "coverArt": "https://i.scdn.co/image/ab67616d00001e02ab080bd1dc604f9b4d9c1d71", "artist": ["Paul Woolford", "Diplo", "Kareen Lomax"], "artistIds": ["4CA8PTrbq1l5IgyvBA2JSV", "5fMUXHkw8R8eOP2RNVYEZX", "0Fb9qTWnjsB90xH3zWr4oa"], "artistPop": [64, 82, 58], "genres": ["deep groove house", "house", "pop dance", "tropical house", "uk dance", "uk house", "bmore", "dance pop", "edm", "electro house", "house", "moombahton", "ninja", "pop", "pop dance", "tropical house"]}, "7bIq1v8svANsAys7I694Up": {"name": "Heaven On My Mind (with Sigala)", "coverArt": "https://i.scdn.co/image/ab67616d00001e029a415eaf05857711147aa2f4", "artist": ["Becky Hill", "Sigala"], "artistIds": ["4EPJlUEBy49EX1wuFOvtjK", "1IueXOQyABrMOprrzwQJWN"], "artistPop": [79, 76], "genres": ["dance pop", "house", "pop", "pop dance", "pop house", "tropical house", "uk dance", "uk pop", "dance pop", "edm", "pop", "pop dance", "tropical house"]}, "5O5U6mK30xERQSJajy8AZM": {"name": "Can't Sleep", "coverArt": "https://i.scdn.co/image/ab67616d00001e029840e7dd78ead200bd35e4e7", "artist": ["Big Boi", "Sleepy Brown"], "artistIds": ["2ht3wxeT69CzyKFChNnNAB", "7Dnu2NmddNymEI2LMZVH5v"], "artistPop": [60, 57], "genres": ["alternative hip hop", "atl hip hop", "dirty south rap", "hip hop", "southern hip hop", "atl hip hop"]}, "3WuM0Zhy9Brlkpi9xNHULd": {"name": "Morning", "coverArt": "https://i.scdn.co/image/ab67616d00001e02ebae80c5095e13e04c77019c", "artist": ["Joel Blackmon"], "artistIds": ["4XBNTfuiL1ful1Erm746lY"], "artistPop": [32], "genres": []}, "4WQtZRMQ0yHC5ioy6SwVvL": {"name": "CRUSH", "coverArt": "https://i.scdn.co/image/ab67616d00001e02667346b81ec494c45556e8cb", "artist": ["SEBASTIAN PAUL"], "artistIds": ["1tQu5TjcAK68fx8qrc8ZgF"], "artistPop": [57], "genres": ["pop rap"]}, "0VvjVlceUyNxzxoXSClamg": {"name": "Smackdown (feat. TOKYO'S REVENGE)", "coverArt": "https://i.scdn.co/image/ab67616d00001e02d0493a9323ec0d83e4afef5b", "artist": ["Sueco", "TOKYO\u2019S REVENGE"], "artistIds": ["4iDroUFo89Y7YBsdDTBmTD", "5TbLOwv8BNnik3f03NZJlt"], "artistPop": [71, 64], "genres": ["cali rap", "pop rap", "meme rap", "sad rap", "vapor trap", "viral rap"]}, "5z4tfpnO3mHAqK9aMwbJ2V": {"name": "Punchin' (feat. NLE Choppa)", "coverArt": "https://i.scdn.co/image/ab67616d00001e0298db332d7313e4d5eff71cd3", "artist": ["Teejayx6", "NLE Choppa"], "artistIds": ["5jGqKmL1iBtlEb3LZovw8Y", "0ErzCpIMyLcjPiwT4elrtZ"], "artistPop": [42, 77], "genres": ["scam rap", "memphis hip hop"]}, "7kFPIPe6jjhFtK97mpziyn": {"name": "Rounds (feat. Fivio Foreign)", "coverArt": "https://i.scdn.co/image/ab67616d00001e02e79b2f3d4631cfceed29279c", "artist": ["Calboy", "Fivio Foreign"], "artistIds": ["0HkcYmcjrBR3SCw9Ld5VZk", "14CHVeJGrR5xgUGQFV5BVM"], "artistPop": [63, 75], "genres": ["chicago rap", "melodic rap", "rap", "trap", "vapor trap", "brooklyn drill", "new york drill", "rap", "trap"]}, "0sMr52Vbn6WMkYLupCmO2h": {"name": "Deep End", "coverArt": "https://i.scdn.co/image/ab67616d00001e02a44e35f26a13e1aa1ce4e92c", "artist": ["Lecrae"], "artistIds": ["1CFCsEqKrCyvAFKOATQHiW"], "artistPop": [67], "genres": ["ccm", "christian alternative rock", "christian hip hop", "christian music", "worship"]}, "6N1rVxZ2pYKDcDOj5x5XhQ": {"name": "KLK", "coverArt": "https://i.scdn.co/image/ab67616d00001e02bd2d1df3baa39bf50029a40a", "artist": ["Arca", "ROSAL\u00cdA"], "artistIds": ["4SQdUpG4f7UbkJG3cJ2Iyj", "7ltDVBr6mKbRvohxheJ9h1"], "artistPop": [60, 79], "genres": ["ai", "art pop", "dance pop", "deconstructed club", "electropop", "escape room", "experimental pop", "fluxwork", "r&b en espanol"]}, "4qh6Aw7Y7G4rxtRB3SUmqs": {"name": "Dearest Alfred", "coverArt": "https://i.scdn.co/image/ab67616d00001e029ebb959418f1e621f8934faa", "artist": ["Khruangbin"], "artistIds": ["2mVVjNmdjXZZDvhgQWiakk"], "artistPop": [70], "genres": ["neo-psychedelic"]}, "28P7mWYSJ4PI83YUHYw2u4": {"name": "BOY, DON'T CRY", "coverArt": "https://i.scdn.co/image/ab67616d00001e02e4cbbbdbd31fecaf16948820", "artist": ["Reece"], "artistIds": ["0znYdSCG2n7myCQ8BRsJqL"], "artistPop": [35], "genres": []}, "2NxBM0HQWro208pY5vOJLn": {"name": "Work To Do", "coverArt": "https://i.scdn.co/image/ab67616d00001e02723b8f541cba7cc48f972763", "artist": ["August Alsina"], "artistIds": ["19Fi1Rj7kk8kyiwxpXy3yM"], "artistPop": [64], "genres": ["dance pop", "pop", "pop r&b", "pop rap", "r&b", "trap", "urban contemporary"]}, "0FrHyYxj92dg4qIu8BO30l": {"name": "Ordinary People", "coverArt": "https://i.scdn.co/image/ab67616d00001e022e9419a9496d73354ff603da", "artist": ["Blake Rose"], "artistIds": ["7wLyGTO9vUS7ndlq4BvBGe"], "artistPop": [60], "genres": ["alt z", "australian electropop", "electropop", "indie cafe pop"]}, "3UfSZQ4XBNYFgYt4pnHuER": {"name": "March March", "coverArt": "https://i.scdn.co/image/ab67616d00001e0294fa051131e674c7d72e1e16", "artist": ["The Chicks"], "artistIds": ["25IG9fa7cbdmCIy3OnuH57"], "artistPop": [68], "genres": ["country", "country dawn"]}, "3zAnuUCPKbRBsOsllYCmFC": {"name": "Redhead", "coverArt": "https://i.scdn.co/image/ab67616d00001e02a285dc5b36fdf55cdb3220bc", "artist": ["Caylee Hammack", "Reba McEntire"], "artistIds": ["1ok6sI97SuTRNc7Hjj7Uj9", "02rd0anEWfMtF7iMku9uor"], "artistPop": [50, 63], "genres": ["contemporary country", "country pop", "contemporary country", "country", "country dawn", "oklahoma country"]}, "08ieGNMFXGov5zk7VZ6box": {"name": "Greed", "coverArt": "https://i.scdn.co/image/ab67616d00001e02957b268938ea9c8d1edc7e2e", "artist": ["Tash Sultana"], "artistIds": ["6zVFRTB0Y1whWyH7ZNmywf"], "artistPop": [66], "genres": ["australian reggae fusion"]}, "2ZcwbSYqc8RfPGMMXTIdb0": {"name": "What\u2019s Your Pleasure?", "coverArt": "https://i.scdn.co/image/ab67616d00001e0215a8ce875e83f1134d225aab", "artist": ["Jessie Ware"], "artistIds": ["5Mq7iqCWBzofK39FBqblNc"], "artistPop": [64], "genres": ["art pop", "british soul", "dance pop", "electropop", "neo soul", "pop", "pop soul", "tropical house"]}, "0zlnHTHiBQ68ZCAmTw5ozm": {"name": "Algo M\u00e1gico", "coverArt": "https://i.scdn.co/image/ab67616d00001e028d475e8cf8415d1c2587497f", "artist": ["Rauw Alejandro"], "artistIds": ["1mcTU81TzQhprhouKaTkpq"], "artistPop": [92], "genres": ["puerto rican pop", "trap latino"]}, "1nd6YkzmI0JuEMlfPtNDeB": {"name": "Stimulus Check", "coverArt": "https://i.scdn.co/image/ab67616d00001e02f3bf0c1543cbc5709659a401", "artist": ["Rexx Life Raj"], "artistIds": ["5rDXcEIODl8TgGTgrntnjX"], "artistPop": [59], "genres": ["alternative r&b", "cali rap", "trap soul", "underground hip hop"]}, "2nSKol7UyxwffI6jLYTuUd": {"name": "Lil Scammer That Could (feat. Denzel Curry)", "coverArt": "https://i.scdn.co/image/ab67616d00001e026998df2af8131d0c9337e969", "artist": ["Guapdad 4000", "Denzel Curry"], "artistIds": ["0NcPKaSNIHAM2RfioH9vMT", "6fxyWrfmjcbj5d12gXeiNV"], "artistPop": [62, 73], "genres": ["cali rap", "oakland hip hop", "scam rap", "trap soul", "underground hip hop", "vapor trap", "dark trap", "drill", "hip hop", "miami hip hop", "rap", "underground hip hop"]}, "3t3ZvTvH2juv335N5E1ANK": {"name": "Freeze Tag (feat. Phoelix)", "coverArt": "https://i.scdn.co/image/ab67616d00001e02b0f87729c5b8d3d92f5582f0", "artist": ["Terrace Martin", "Robert Glasper", "9th Wonder", "Kamasi Washington", "Phoelix"], "artistIds": ["7MNEVabc4cs19CbzAFZmXz", "5cM1PvItlR21WUyBnsdMcn", "4s8ZGMVf3OiPktSP4ulpqU", "6HQYnRM4OzToCYPpVBInuU", "2TKC2gVUNBUAlFqfLUoaj0"], "artistPop": [62, 63, 60, 60, 58], "genres": ["alternative r&b", "indie jazz", "indie soul", "neo soul", "alternative r&b", "contemporary jazz", "indie jazz", "indie soul", "jazz", "modern jazz piano", "neo soul", "alternative hip hop", "boom bap", "hip hop", "north carolina hip hop", "afrofuturism", "contemporary jazz", "indie jazz", "indie soul", "jazz", "jazz saxophone", "indie hip hop"]}, "359U59WEm7U3mEZmDSlitr": {"name": "Roll Me Mama, Roll Me", "coverArt": "https://i.scdn.co/image/ab67616d00001e02e0035be8d7a235f63d1e55d6", "artist": ["Ray LaMontagne"], "artistIds": ["6DoH7ywD5BcQvjloe9OcIj"], "artistPop": [65], "genres": ["acoustic pop", "indie folk", "neo mellow", "new americana", "pop rock", "stomp and holler"]}, "30mGoduQzOeewsFMIrxDHj": {"name": "Part of Me", "coverArt": "https://i.scdn.co/image/ab67616d00001e027ac2942fadb0e49ab0913de7", "artist": ["carobae"], "artistIds": ["2HysMkOtaumKooHYAlE7wd"], "artistPop": [46], "genres": ["alt z", "indie cafe pop"]}, "4JIJQLsQBJoSrqS2VC9vKR": {"name": "want u back", "coverArt": "https://i.scdn.co/image/ab67616d00001e02b871c15b994690a03564f73b", "artist": ["joan"], "artistIds": ["3HXLY1sNXIxHfulrjPiRf5"], "artistPop": [55], "genres": ["electropop", "indie pop", "indie poptimism", "indietronica", "little rock indie", "pop"]}, "7oTi7GKtvXnwnaVFk6OkLU": {"name": "Manta Rays", "coverArt": "https://i.scdn.co/image/ab67616d00001e024c3f04abee16c93c87f6b86a", "artist": ["chloe moriondo"], "artistIds": ["3P4vW5tzQvmuoNaFQqzy9q"], "artistPop": [64], "genres": ["alt z", "bedroom pop", "indie pop"]}, "1PgIuKWTHhnx7hOKuioUbg": {"name": "Somehow", "coverArt": "https://i.scdn.co/image/ab67616d00001e02a63e1ed48f913d07213fab15", "artist": ["Kllo"], "artistIds": ["0RDC2Krd2nmqseGx5C8PQz"], "artistPop": [49], "genres": ["alternative r&b", "aussietronica", "indie soul", "vapor soul"]}, "52VXLQTSzgIGjwFMx3ty3U": {"name": "Can you", "coverArt": "https://i.scdn.co/image/ab67616d00001e023aceceb2213ce55de5b0bcce", "artist": ["\ubc15\ud61c\uc9c4 Park Hye Jin"], "artistIds": ["6niigcazB2JPcpasZfZvq1"], "artistPop": [53], "genres": ["korean dream pop"]}, "2GZMH2HtCPt0z5kbjnVr6g": {"name": "Beam Me Up", "coverArt": "https://i.scdn.co/image/ab67616d00001e02fcfe10ccaf4fa6dbe98aded5", "artist": ["Matt Ox"], "artistIds": ["2J6pigOrBmKQgqJUY5UM7r"], "artistPop": [53], "genres": ["melodic rap", "plugg", "underground hip hop", "vapor trap"]}, "7tu6UmGzSZVfVF2y9v31Sy": {"name": "HELLA FUCKIN' TRAUMA (ENOUGH IS ENOUGH)", "coverArt": "https://i.scdn.co/image/ab67616d00001e020e36eacc6d386f6245c37b0c", "artist": ["Juicy J"], "artistIds": ["5gCRApTajqwbnHHPbr2Fpi"], "artistPop": [75], "genres": ["crunk", "dirty south rap", "gangster rap", "hip hop", "memphis hip hop", "pop rap", "rap", "southern hip hop", "trap"]}, "7Fye9HXFr2KUoCB1EaEd8D": {"name": "Dance for Me", "coverArt": "https://i.scdn.co/image/ab67616d00001e0229ac51f6b506df3f5f9f4a9a", "artist": ["88GLAM"], "artistIds": ["2I9SLklAOG0vdMiUUMNxRl"], "artistPop": [57], "genres": ["canadian hip hop", "canadian trap", "melodic rap", "rap", "southern hip hop", "toronto rap", "trap", "trap soul", "underground hip hop", "vapor trap"]}, "2svAc1eQZaPBItwvnv5clu": {"name": "Big Brain Man", "coverArt": "https://i.scdn.co/image/ab67616d00001e02bf51c469125da8dac6de8190", "artist": ["Whu Else"], "artistIds": ["4YzpHOw5CeN2PhIgiEyGML"], "artistPop": [18], "genres": ["indie hip hop"]}, "4Vdct5iXEyBPrHt7nzcuV6": {"name": "Not Diana", "coverArt": "https://i.scdn.co/image/ab67616d00001e0215a07c0775b8d15ef16e644c", "artist": ["Lolawolf"], "artistIds": ["6ABaV7mB6WIZKgfEEtWCf8"], "artistPop": [36], "genres": ["electropop"]}, "6JLLacP83oixoe33bWjuCC": {"name": "Mad at Disney", "coverArt": "https://i.scdn.co/image/ab67616d00001e02a208728e9f9d0f7a36e6eabf", "artist": ["salem ilese"], "artistIds": ["3QJUFtGBGL05vo0kCJZsmT"], "artistPop": [66], "genres": ["alt z", "modern indie pop", "social media pop"]}, "5UiBcv3HW0hIshBrOQxY2q": {"name": "Stealing All My Friends", "coverArt": "https://i.scdn.co/image/ab67616d00001e025eff1c7ed135e3d144797895", "artist": ["Carlie Hanson"], "artistIds": ["3mPc8WGusz2XF3Tvs3AKCR"], "artistPop": [54], "genres": ["alt z", "dance pop", "electropop", "indie cafe pop", "indie electropop", "indie pop", "indie poptimism", "pop", "post-teen pop", "social media pop"]}, "1D9EhImzCKLmjamfkGveQR": {"name": "Sex Appeal", "coverArt": "https://i.scdn.co/image/ab67616d00001e027be50d31d70c19410be068c6", "artist": ["Tatiana Hazel"], "artistIds": ["5NvrRBcK6hRuboOL0CtZXU"], "artistPop": [35], "genres": ["latinx alternative"]}, "2vueU63UztXMWwW2AEyQbT": {"name": "2 SEATER", "coverArt": "https://i.scdn.co/image/ab67616d00001e02d93c655068b13700b4be344d", "artist": ["Justin Rarri"], "artistIds": ["7atuUUktuP1wDbkkgdNvxI"], "artistPop": [47], "genres": ["melodic rap", "vapor trap"]}, "0drmBUDIIbLuKyce08H6Ku": {"name": "We Can Do It", "coverArt": "https://i.scdn.co/image/ab67616d00001e0255dbbce55ac603b9d853e994", "artist": ["Rah Swish"], "artistIds": ["4FeLiFUPdxVfFo8oOfA4BH"], "artistPop": [59], "genres": ["brooklyn drill", "new york drill", "nyc rap"]}, "5Ltk7w4qpV0N5We5Y4gHg5": {"name": "Racing After Me", "coverArt": "https://i.scdn.co/image/ab67616d00001e02e89406d37b25867d58208814", "artist": ["Turbo"], "artistIds": ["0TYydMAKPBYjZB0jgGCN7h"], "artistPop": [46], "genres": []}, "1Bjt6Q7U4jE5OPIZaEaDo4": {"name": "Real Love Song", "coverArt": "https://i.scdn.co/image/ab67616d00001e02f6ace91217aea43cbc6aac5a", "artist": ["Nothing But Thieves"], "artistIds": ["1kDGbuxWknIKx4FlgWxiSp"], "artistPop": [69], "genres": ["alternative pop rock", "modern alternative rock", "modern rock", "rock"]}, "6AS45CymywwcEkt9mNib55": {"name": "Oh What A Feeling", "coverArt": "https://i.scdn.co/image/ab67616d00001e02a877ef86b337d35cc8058501", "artist": ["Walk Off the Earth"], "artistIds": ["6jEiUoyyJNPHzSR0Nib6HX"], "artistPop": [61], "genres": ["canadian rock", "pop rock"]}, "12cRhfgUYD1hvl0bgkGTWk": {"name": "Drunk", "coverArt": "https://i.scdn.co/image/ab67616d00001e0210430a5cdbcb52ae4ce94f62", "artist": ["Conor Matthews"], "artistIds": ["5iWU68xnsNiacwbt1fYEcq"], "artistPop": [50], "genres": ["chill pop"]}, "4C3vAnXJmFR2McECc1du5l": {"name": "When You're Around", "coverArt": "https://i.scdn.co/image/ab67616d00001e0268271c42a7acf9f004eb3dce", "artist": ["Jutes"], "artistIds": ["53fzjsJnjEKkA6TdncuIM4"], "artistPop": [51], "genres": ["emo rap", "sad rap", "trap soul"]}, "2J176Rj3ZTTLKeTirMzQ4M": {"name": "Changes", "coverArt": "https://i.scdn.co/image/ab67616d00001e02dd409331ce6875e4e7d3f696", "artist": ["SNF.JT"], "artistIds": ["1HIefbQa0k4QUdhF9ZbRgh"], "artistPop": [15], "genres": []}, "7dAwLVcC1YoArMutqWMgmB": {"name": "TWOTEN", "coverArt": "https://i.scdn.co/image/ab67616d00001e02a723e9ae438cbc1ce11dbfdf", "artist": ["JAHMED", "Mozzy", "D Smoke"], "artistIds": ["0VvNvCZj4gZJZVsnIm99GJ", "4AA474G2hRfrHyGrfyDseO", "0tWEMwBhcjY7Gzd0IwSDlC"], "artistPop": [38, 68, 20], "genres": ["indie hip hop", "cali rap", "sacramento hip hop", "trap"]}, "5qEkTgdOkGbGiy00IPuEFo": {"name": "Cherry Pie (feat. Pharrell Williams)", "coverArt": "https://i.scdn.co/image/ab67616d00001e02646c88e8fa6d20321e02f2e0", "artist": ["Buju Banton", "Pharrell Williams"], "artistIds": ["4wLAjfeqAsV66AocWNcowA", "2RdwBSPQiwcmiDo9kixcl8"], "artistPop": [59, 80], "genres": ["dancehall", "lovers rock", "modern reggae", "old school dancehall", "reggae", "reggae fusion", "roots reggae", "pop rap"]}, "5Kbwsd46e2OJfI4fGPEeFX": {"name": "Demonstration", "coverArt": "https://i.scdn.co/image/ab67616d00001e02f10918a664f84787a9a52477", "artist": ["Jayla Darden"], "artistIds": ["2FcXBEz4zZpJGNO8CSrchU"], "artistPop": [42], "genres": ["alternative r&b", "chill r&b", "indie r&b", "pop r&b", "trap soul"]}, "72cvnnG6vGhSbYMQDDfc26": {"name": "For You", "coverArt": "https://i.scdn.co/image/ab67616d00001e02719caa894328139ef781e064", "artist": ["CeeLo Green"], "artistIds": ["5nLYd9ST4Cnwy6NHaCxbj8"], "artistPop": [65], "genres": ["atl hip hop"]}, "6zN6wjHO3ALVCIQQhSqqqN": {"name": "Thank You Lord (feat.Thomas Rhett & Florida Georgia Line)", "coverArt": "https://i.scdn.co/image/ab67616d00001e02322809402ece097906e783f2", "artist": ["Chris Tomlin", "Thomas Rhett", "Florida Georgia Line"], "artistIds": ["6pRi6EIPXz4QJEOEsBaA0m", "6x2LnllRG5uGarZMsD4iO8", "3b8QkneNDz4JHKKKlLgYZg"], "artistPop": [68, 77, 80], "genres": ["ccm", "christian alternative rock", "christian music", "world worship", "worship", "contemporary country", "country", "country road", "contemporary country", "country", "country pop", "country road", "modern country rock"]}, "7FRICngbPiyTPEKF7wRC9G": {"name": "Seven", "coverArt": "https://i.scdn.co/image/ab67616d00001e02cbe60515f085dd93e2b4ffca", "artist": ["Claudia Valentina"], "artistIds": ["1LZNFyDqn3t4DnOFpfK84I"], "artistPop": [43], "genres": ["uk pop"]}, "3PqfIzjdXFkes2nqnJZVyL": {"name": "Escape Room", "coverArt": "https://i.scdn.co/image/ab67616d00001e02dafe089f11854d902f2303f6", "artist": ["Tora-i"], "artistIds": ["4oJsWKOJCNMfUbIpR2jk8Z"], "artistPop": [40], "genres": ["alternative r&b"]}, "69fO4NEkTRtRq1CWnRAlKZ": {"name": "Sixteen", "coverArt": "https://i.scdn.co/image/ab67616d00001e02dfc77ae4457cc03e949e290a", "artist": ["Oscar Welsh"], "artistIds": ["5h7aN3xfMdLwyuopfgvtST"], "artistPop": [47], "genres": ["uk pop"]}, "3xijzRdlKYMuEQDVZTYlg9": {"name": "Sometimes Things Just Fall Apart", "coverArt": "https://i.scdn.co/image/ab67616d00001e02c0991d27d83985d42bdf6cf7", "artist": ["Rence"], "artistIds": ["3VJTtTgub426X1NuzcyAOb"], "artistPop": [52], "genres": ["pop rap"]}, "3xHxEedrD51HCQ91Hlt5qL": {"name": "play w/ me", "coverArt": "https://i.scdn.co/image/ab67616d00001e02366406f474c96c36ecf4bb40", "artist": ["Bailey Bryan"], "artistIds": ["2YcTXkrGXpftY9AR0BKEz0"], "artistPop": [48], "genres": ["alt z", "country pop", "social media pop"]}, "2UBvtKeetnXn6lMnsBUrZz": {"name": "Burn 'Em All", "coverArt": "https://i.scdn.co/image/ab67616d00001e029373be533b1a88ddc0c969d0", "artist": ["Kameron Marlowe"], "artistIds": ["31n3CN1jSC5ALUJ9dwT8UI"], "artistPop": [58], "genres": ["contemporary country", "country pop"]}, "5op3aMrdlsegxOwPUV7nSm": {"name": "Wolves", "coverArt": "https://i.scdn.co/image/ab67616d00001e02fb5e692491ee85931cd2c912", "artist": ["MISSIO"], "artistIds": ["2HOMW1liAxI3URnEq95SMS"], "artistPop": [63], "genres": ["alt z", "electropop", "indie poptimism", "modern alternative rock", "modern rock", "rock"]}, "2ZSQWhxpNwAbHG3n3V5Ol1": {"name": "BIG (feat. Rubi Rose)", "coverArt": "https://i.scdn.co/image/ab67616d00001e021e35f5442a0416448a32d11f", "artist": ["Day Sulan", "Rubi Rose"], "artistIds": ["5wrJuArO5sOmhl2QJ1Z0sk", "1DGAqC29aw0FpJCejAehVk"], "artistPop": [40, 59], "genres": ["pop r&b"]}}