{"36CiGk9oRdwTnBDMgKEfjl": {"name": "D\u00e1melo To\u2019 (feat. Myke Towers)", "coverArt": "https://i.scdn.co/image/ab67616d00001e028b11b0be988e17da2799b94d", "artist": ["Selena Gomez", "Myke Towers"], "artistIds": ["0C8ZW7ezQVs4URX5aX7Kqx", "7iK8PXO48WeuP03g8YR51W"], "artistPop": [84, 90], "genres": ["dance pop", "pop", "post-teen pop", "trap latino"]}, "45kgqMRkC29qjBlzeaJcad": {"name": "Street Runner", "coverArt": "https://i.scdn.co/image/ab67616d00001e0247a7d4429560d993f1d87347", "artist": ["Rod Wave"], "artistIds": ["45TgXXqMDdF8BkjA83OM7z"], "artistPop": [78], "genres": ["florida rap"]}, "1NsoJ2lSWD61hD4hRY5Qby": {"name": "CINDERELLA, Pt. 2", "coverArt": "https://i.scdn.co/image/ab67616d00001e027611beae12800da9e369340b", "artist": ["CHIKA"], "artistIds": ["6UtYvUtXnmg5EtllDFlWp8"], "artistPop": [54], "genres": ["alabama rap", "alternative r&b", "indie r&b"]}, "5JycxhApZmzbA4xSwvqh6k": {"name": "All To Me", "coverArt": "https://i.scdn.co/image/ab67616d00001e0295b3744a4e137e68051cf809", "artist": ["Giveon"], "artistIds": ["4fxd5Ee7UefO4CUXgwJ7IP"], "artistPop": [84], "genres": ["pop", "r&b"]}, "2eFjKl5cyPPYElDByCh6Tb": {"name": "First Time", "coverArt": "https://i.scdn.co/image/ab67616d00001e0283cd2bbbface6537f1bb1083", "artist": ["ILLENIUM", "iann dior"], "artistIds": ["45eNHdiiabvmbp4erw26rg", "6ASri4ePR7RlsvIQgWPJpS"], "artistPop": [76, 82], "genres": ["edm", "melodic dubstep", "pop", "pop dance", "tropical house", "melodic rap", "pop rap"]}, "33o0xXMPY41CWwDTnxyM5Z": {"name": "2Drunk", "coverArt": "https://i.scdn.co/image/ab67616d00001e02f17a48336d1a01731cea9a6d", "artist": ["Nick Jonas"], "artistIds": ["4Rxn7Im3LGfyRkY2FlHhWi"], "artistPop": [69], "genres": ["dance pop", "pop", "post-teen pop", "viral pop"]}, "2pn8dNVSpYnAtlKFC8Q0DJ": {"name": "On The Ground", "coverArt": "https://i.scdn.co/image/ab67616d00001e02fdec91537c467efa0cd75e2f", "artist": ["ROS\u00c9"], "artistIds": ["3eVa5w3URK5duf6eyVDbu9"], "artistPop": [68], "genres": []}, "7FdUvDkaE24o3FPIWTvzv2": {"name": "Follow You", "coverArt": "https://i.scdn.co/image/ab67616d00001e0225e1a02097987b3480c7a8c5", "artist": ["Imagine Dragons"], "artistIds": ["53XhwfbYqKCa1cC15pYq2q"], "artistPop": [88], "genres": ["modern rock", "pop", "rock"]}, "00selpxxljfn9n5Pf4K3VR": {"name": "Show U Off", "coverArt": "https://i.scdn.co/image/ab67616d00001e02f2bda905de8612adbbf1c574", "artist": ["Brent Faiyaz"], "artistIds": ["3tlXnStJ1fFhdScmQeLpuG"], "artistPop": [78], "genres": ["dmv rap", "pop", "r&b", "rap"]}, "3AO2MYgrCiTorCUura1szR": {"name": "Fck Boys", "coverArt": "https://i.scdn.co/image/ab67616d00001e02bb784a7afb09ad0f5fb17a47", "artist": ["Blxst", "Russ"], "artistIds": ["4qXC0i02bSFstECuXP2ZpL", "1z7b1Pr1rSlvWRzsW3HOrS"], "artistPop": [76, 79], "genres": ["hawaiian hip hop", "pop rap", "rap"]}, "1VyPvQratkf9ZiYN7FjPGz": {"name": "Fast Car Music (STAIN)", "coverArt": "https://i.scdn.co/image/ab67616d00001e025a063f2bcfe5f886265cc7bd", "artist": ["YBN Nahmir"], "artistIds": ["3gGUMEwIX6XodWsYEvKSal"], "artistPop": [68], "genres": ["alabama rap", "pop rap", "rap", "trap", "vapor trap", "viral rap"]}, "5RfrZ5Lgr3fdtgnvhh3va8": {"name": "Can't Let You Go", "coverArt": "https://i.scdn.co/image/ab67616d00001e02e96cdb45964ae7c03c987246", "artist": ["Ali Gatie"], "artistIds": ["4rTv3Ejc7hKMtmoBOK1B4T"], "artistPop": [75], "genres": ["canadian hip hop", "pop"]}, "6LZ9FO9UsGIcTKbShnfNsG": {"name": "Feels (feat. Khalid)", "coverArt": "https://i.scdn.co/image/ab67616d00001e0263ba168dece1f7815898090b", "artist": ["WATTS", "Khalid"], "artistIds": ["4B3aifxHtpcKHuNi12lmSt", "6LuN9FCkKOj5PcnpouEgny"], "artistPop": [52, 88], "genres": ["pop", "pop r&b"]}, "2NnJpRXIlx35Vij3bPZO0h": {"name": "DAYWALKER! (feat. CORPSE)", "coverArt": "https://i.scdn.co/image/ab67616d00001e02d61bd7979bfead643d7100b8", "artist": ["Machine Gun Kelly", "CORPSE"], "artistIds": ["6TIYQ3jFPwQSRmorSezPxX", "7yntSJ6uojO3z6GFUVwhAW"], "artistPop": [85, 75], "genres": ["ohio hip hop", "pop rap", "dream smp", "viral rap"]}, "2MZrOmrVxRmmOoFW6dhenG": {"name": "LOST", "coverArt": "https://i.scdn.co/image/ab67616d00001e0236819bb038d39b12a2afd58f", "artist": ["NF", "Hopsin"], "artistIds": ["6fOMl44jA4Sp5b9PpYCkzz", "7EWU4FhUJM1sZQgQKdENeT"], "artistPop": [82, 67], "genres": ["hip hop", "pop rap", "rap", "conscious hip hop", "hip hop", "pop rap", "rap"]}, "2lVPHHSn8elKFEf1d6evFG": {"name": "Summer's End - Spotify Singles", "coverArt": "https://i.scdn.co/image/ab67616d00001e02a5b8c651627eb5f17c8c7db0", "artist": ["Phoebe Bridgers", "Maria Taylor"], "artistIds": ["1r1uxoy19fzMxunt3ONAkG", "6iKiDPed4LAQEcPZpvf00m"], "artistPop": [75, 42], "genres": ["indie pop", "indie rock", "la indie", "pop", "alabama indie"]}, "6X6fJzF0BGbUk6mhqNvgZZ": {"name": "re: Stacks - Spotify Singles", "coverArt": "https://i.scdn.co/image/ab67616d00001e020366e6937200f90a7b135185", "artist": ["Noah Cyrus"], "artistIds": ["55fhWPvDiMpLnE4ZzNXZyW"], "artistPop": [74], "genres": ["alt z", "dance pop", "pop", "post-teen pop"]}, "0G5KlXqssFee9PDQYJ8PqL": {"name": "Sade - Spotify Singles", "coverArt": "https://i.scdn.co/image/ab67616d00001e02e839ea046c27a64e3e978acb", "artist": ["D Smoke"], "artistIds": ["23rK0hajv5ix2yPM4IIgOo"], "artistPop": [57], "genres": []}, "1VTwC3ckWtSWzNwCvWz1pT": {"name": "My Future", "coverArt": "https://i.scdn.co/image/ab67616d00001e0259ffc8fb187e72f347b90a4c", "artist": ["CHIKA"], "artistIds": ["6UtYvUtXnmg5EtllDFlWp8"], "artistPop": [54], "genres": ["alabama rap", "alternative r&b", "indie r&b"]}, "1vqYqiZA1Su4GgqIO4oVSY": {"name": "Addicted", "coverArt": "https://i.scdn.co/image/ab67616d00001e029c913ae93b422159fc84ca5c", "artist": ["Jorja Smith"], "artistIds": ["1CoZyIx7UvdxT5c8UkMzHd"], "artistPop": [75], "genres": ["pop", "r&b", "uk contemporary r&b"]}, "0dhw2WjJZBsbBDv0Ipdgbw": {"name": "It's Raining, It's Pouring", "coverArt": "https://i.scdn.co/image/ab67616d00001e027ebfd6f9ed560ef8ebbffdf4", "artist": ["Anson Seabra"], "artistIds": ["2jHp7gQArCQrlMvdrIVFCg"], "artistPop": [69], "genres": ["alt z", "indie cafe pop", "pop", "social media pop"]}, "5Td5Y4mFerZdmgs2mmGw9A": {"name": "First Place", "coverArt": "https://i.scdn.co/image/ab67616d00001e02b38226f3ab4983f5b1c215fa", "artist": ["b\u00fclow"], "artistIds": ["5vBrKGOjN10BMwB0cJADj4"], "artistPop": [62], "genres": ["alt z", "electropop", "indie cafe pop", "indie poptimism", "indietronica", "pop", "post-teen pop", "social media pop"]}, "5WXz2toRgsjW6XHDvTYQ9X": {"name": "SHAPESHIFTER", "coverArt": "https://i.scdn.co/image/ab67616d00001e02c2268b8194c49d0580299f47", "artist": ["THE BLOSSOM"], "artistIds": ["7lq7hz0Z6rG6v9zbJRRn4K"], "artistPop": [42], "genres": ["indie r&b"]}, "5me5yFJlnKZr2spcxSbCTW": {"name": "PISTOLWHIP", "coverArt": "https://i.scdn.co/image/ab67616d00001e029c0e43f4a795df13ea424af9", "artist": ["spill tab"], "artistIds": ["3qqkHeEhezlIaNj1vFYH2r"], "artistPop": [50], "genres": ["indie pop", "indie r&b", "modern indie pop"]}, "6PkOeZgtJlnbVGb8KgNSog": {"name": "Yes or No (feat. IV JAY)", "coverArt": "https://i.scdn.co/image/ab67616d00001e02e854e2ef82cac71003b251e2", "artist": ["Lil Eazzyy", "IV JAY"], "artistIds": ["0rpUnzu4JIoRkKkGvdcm7b", "0S63sOasTLdgPXIycsCsMX"], "artistPop": [61, 48], "genres": ["chicago rap"]}, "5B3vp0n7EJch6ExLlyfLdl": {"name": "sing about love", "coverArt": "https://i.scdn.co/image/ab67616d00001e029544688d2e3442aeaf617782", "artist": ["Foushe\u00e9"], "artistIds": ["6trIghKwHRUyxwvm66HLHH"], "artistPop": [68], "genres": ["indie r&b"]}, "0Vd3oU8EfWdZZO1J0W3dBN": {"name": "Cu\u00e1ntas veces", "coverArt": "https://i.scdn.co/image/ab67616d00001e0272b415966c6e58c38ae66954", "artist": ["Danny Ocean", "Justin Quiles"], "artistIds": ["5H1nN1SzW0qNeUEZvuXjAj", "14zUHaJZo1mnYtn6IBRaRP"], "artistPop": [77, 85], "genres": ["latin", "latin pop", "pop venezolano", "reggaeton", "trap latino", "latin", "reggaeton", "trap latino"]}, "2FD3oVMksB9tPIaowrx0zJ": {"name": "Slow Clap", "coverArt": "https://i.scdn.co/image/ab67616d00001e02adce3dbed2e42f7841311742", "artist": ["Gwen Stefani"], "artistIds": ["4yiQZ8tQPux8cPriYMWUFP"], "artistPop": [75], "genres": ["dance pop", "hip pop", "pop", "post-teen pop", "urban contemporary"]}, "4bAdZEc533RFNAmaOXOI19": {"name": "Cameras On", "coverArt": "https://i.scdn.co/image/ab67616d00001e02a07e340ab0a79d21ef874ace", "artist": ["AJ Mitchell"], "artistIds": ["6dn6x1XOng3LOAnfTjUn77"], "artistPop": [67], "genres": ["alt z", "dance pop", "electropop", "indie cafe pop", "pop", "post-teen pop", "social media pop"]}, "6EiaFdYn2vrI0TSeKprX4R": {"name": "Telling Myself", "coverArt": "https://i.scdn.co/image/ab67616d00001e0285eb4ebc8c651f1f85857b73", "artist": ["Joshua Bassett"], "artistIds": ["4VdV2qRAYBLINR6uU72V1J"], "artistPop": [67], "genres": ["alt z", "pop", "post-teen pop", "social media pop"]}, "5fzWEuPs5masn1HKiG3xpI": {"name": "When I Was a Baby", "coverArt": "https://i.scdn.co/image/ab67616d00001e02f7d1cdca1cc70ab7bb545e6e", "artist": ["6 Dogs"], "artistIds": ["3Ps6le7tj5BdNtdnfNgTU4"], "artistPop": [58], "genres": ["dark trap", "emo rap", "melodic rap", "sad rap", "underground hip hop", "vapor trap"]}, "15pnI032UoXzMSH9rpSGDN": {"name": "Pup", "coverArt": "https://i.scdn.co/image/ab67616d00001e020480ff6aa6d2f125a407f0d5", "artist": ["Kenny Mason"], "artistIds": ["4mwdnO2jZrMmMVrjcHsZBv"], "artistPop": [55], "genres": ["atl hip hop", "indie hip hop", "underground hip hop"]}, "4N24Mk5cndRTMsVTtv6b9x": {"name": "stranger", "coverArt": "https://i.scdn.co/image/ab67616d00001e027ac1188c8673b3e9e9cbb081", "artist": ["Jhen\u00e9 Aiko"], "artistIds": ["5ZS223C6JyBfXasXxrRqOk"], "artistPop": [79], "genres": ["alternative r&b", "dance pop", "pop", "pop rap", "r&b", "urban contemporary"]}, "5J5CpT6bgE6KYKk23jgp9W": {"name": "Patience (feat. YUNGBLUD & Polo G)", "coverArt": "https://i.scdn.co/image/ab67616d00001e02374756063c65d6dc6831540f", "artist": ["KSI", "YUNGBLUD", "Polo G"], "artistIds": ["1nzgtKYFckznkcVMR3Gg4z", "6Ad91Jof8Niiw0lGLLi3NW", "6AgTAQt8XS6jRWi4sX7w49"], "artistPop": [79, 76, 88], "genres": ["uk hip hop", "british indie rock", "modern rock", "pop", "rock", "chicago rap"]}, "4xD908nOSNCQwAWfLgv3Vk": {"name": "Heavy (feat. blackbear)", "coverArt": "https://i.scdn.co/image/ab67616d00001e023be4e72c936a8c2dc27da5ca", "artist": ["MOD SUN", "blackbear"], "artistIds": ["3u2R8st1bb6zfBqNWceRXG", "2cFrymmkijnjDg9SS92EPM"], "artistPop": [64, 84], "genres": ["minnesota hip hop", "pop punk", "pop rap", "electropop", "pop", "pop rap"]}, "76djDZcj6Og5HcVAaRjQHu": {"name": "Like A Lady", "coverArt": "https://i.scdn.co/image/ab67616d00001e020addb18c35b2fbe77c11b19f", "artist": ["Lady A"], "artistIds": ["32WkQRZEVKSzVAAYqukAEA"], "artistPop": [71], "genres": ["contemporary country", "country", "country dawn", "country pop", "country road"]}, "5SlOBlrnxsuhOGMQEVZeZ0": {"name": "My Masterpiece", "coverArt": "https://i.scdn.co/image/ab67616d00001e02cde62cbec85e1337414ed2d5", "artist": ["Darius Rucker"], "artistIds": ["7FY5V3XMwlNBPitEjXowHQ"], "artistPop": [69], "genres": ["contemporary country", "country", "country road"]}, "7Etf7VJoXNJlO4oMJRUDlT": {"name": "If I Didn't Have You", "coverArt": "https://i.scdn.co/image/ab67616d00001e020946364e71d3715de2a296c3", "artist": ["BANNERS"], "artistIds": ["4qWnlmXWuGv2TtuxtIWlJX"], "artistPop": [71], "genres": ["indie cafe pop", "indie poptimism", "modern rock", "pop", "pop rock"]}, "5KYcDLH4KmNTOt3vUZcQHo": {"name": "Part Time Psycho (with Two Feet)", "coverArt": "https://i.scdn.co/image/ab67616d00001e025976addb167ae068046b0380", "artist": ["SHAED", "Two Feet"], "artistIds": ["3KwmxIhSe9UTSEF37kwngR", "5sWHDYs0csV6RS48xBl0tH"], "artistPop": [66, 74], "genres": ["electropop", "pop", "indie poptimism", "modern rock", "pop"]}, "1Juo9g0Rjxo6fxOmr8N3wV": {"name": "2 Times", "coverArt": "https://i.scdn.co/image/ab67616d00001e0208635c8494757154d4853cd7", "artist": ["MASN"], "artistIds": ["4HAfqyKr4Sqtab6ttHWXgE"], "artistPop": [63], "genres": ["emo rap", "pop rap", "sad lo-fi", "sad rap"]}, "6qZIy961yxJZpFkgsq8Vm2": {"name": "Jacknife", "coverArt": "https://i.scdn.co/image/ab67616d00001e02c4f37a50672f574bd3af6bd9", "artist": ["Belaganas"], "artistIds": ["4dxp2iZCasMOmCDFztR22q"], "artistPop": [37], "genres": ["phoenix indie"]}, "3nZD0cDcEiz8rqK48SYhgn": {"name": "Thanksgiving", "coverArt": "https://i.scdn.co/image/ab67616d00001e02b26d07076ed6e0e42503a4b9", "artist": ["Benny The Butcher", "Harry Fraud"], "artistIds": ["5Matrg5du62bXwer29cU5T", "37ASGd4rWpHjuVonnYAN6S"], "artistPop": [65, 64], "genres": ["boom bap", "buffalo hip hop", "hip hop", "rap", "underground hip hop", "upstate ny rap"]}, "1B6CUUecnY04JvciEjSVfh": {"name": "Red Light", "coverArt": "https://i.scdn.co/image/ab67616d00001e0266c2d8dd501eb1658aefd452", "artist": ["Kid Ink"], "artistIds": ["6KZDXtSj0SzGOV705nNeh3"], "artistPop": [72], "genres": ["dance pop", "hip hop", "pop rap", "rap", "southern hip hop", "trap"]}, "1DPLs8cVyL1Trlg5Kayua7": {"name": "TIME FOR YOU", "coverArt": "https://i.scdn.co/image/ab67616d00001e0232de298750bd4b060c932bc3", "artist": ["FRVRFRIDAY"], "artistIds": ["2jwmP4TgzTGqjCfcXMDayW"], "artistPop": [53], "genres": ["canadian contemporary r&b", "canadian hip hop", "indie hip hop", "sad rap", "trap soul"]}, "1toNKayLMeCcVlsLGXJl7n": {"name": "Haunted", "coverArt": "https://i.scdn.co/image/ab67616d00001e02e189a58c143802bd6c85ed94", "artist": ["Laura Les"], "artistIds": ["3sklFG9fuDAq3vbIZlkNH6"], "artistPop": [62], "genres": ["glitchcore", "hyperpop", "transpop"]}, "4bdPZXlxhqSiHWLDHp2Wjl": {"name": "How Does It Feel", "coverArt": "https://i.scdn.co/image/ab67616d00001e02a68eee45634db19eeec9c7a8", "artist": ["London Grammar"], "artistIds": ["3Bd1cgCjtCI32PYvDC3ynO"], "artistPop": [68], "genres": ["metropopolis", "nottingham indie"]}, "3OmU1R6xEVCkuokKHtOfOl": {"name": "Gasoline", "coverArt": "https://i.scdn.co/image/ab67616d00001e02271b670cd8a7024f64463fc5", "artist": ["Leyla Blue"], "artistIds": ["6HpIVA13SPof8sYuXRUfxj"], "artistPop": [61], "genres": ["alt z"]}, "6EocnT21MWQjxsNNaQZSL1": {"name": "Boyfriend", "coverArt": "https://i.scdn.co/image/ab67616d00001e02daad43181b89781003662093", "artist": ["Leah Kate"], "artistIds": ["6oWOHAOyBUn6aJlKIPJK9r"], "artistPop": [53], "genres": ["alt z", "social media pop"]}, "72xzw4sk7CcgYIyQsj0pxn": {"name": "I'll Be Home Soon", "coverArt": "https://i.scdn.co/image/ab67616d00001e0282224810edc1efad1cfdb314", "artist": ["Shoffy"], "artistIds": ["4wO0kHiOwf8l9VMJJN9HmG"], "artistPop": [58], "genres": ["alternative r&b", "chill pop", "chill r&b", "electropop", "indie cafe pop", "indie poptimism", "la pop", "pop"]}, "236irGwQHCBQnRJs2zgoib": {"name": "Bloodstream", "coverArt": "https://i.scdn.co/image/ab67616d00001e023824c67481c2ca262d118c92", "artist": ["twocolors"], "artistIds": ["7ACEUD7UsmmXrnj4OLt8f9"], "artistPop": [69], "genres": ["edm", "pop dance", "pop edm", "tropical house"]}, "52PIxWAf66CKCpHdGyARzt": {"name": "IT HURTS!", "coverArt": "https://i.scdn.co/image/ab67616d00001e02be2c9a17ade01cdb04793d99", "artist": ["San Holo"], "artistIds": ["0jNDKefhfSbLR9sFvcPLHo"], "artistPop": [62], "genres": ["edm", "electro house", "electronic trap", "electropop", "future bass", "pop dance", "pop edm", "vapor twitch"]}, "504MLnUGC8qPxtsWmwY3hl": {"name": "the craziest thing i've ever done", "coverArt": "https://i.scdn.co/image/ab67616d00001e024cf3415e4b1a2d52f97c5c05", "artist": ["Max Leone"], "artistIds": ["4VrJDwgmhD1aIenZwn7JpE"], "artistPop": [43], "genres": ["modern indie pop"]}, "2C3NqGue28mX7oBWKK4CdZ": {"name": "Said", "coverArt": "https://i.scdn.co/image/ab67616d00001e02d27399471baa323f5f1df293", "artist": ["070 Beheard", "070 Shake"], "artistIds": ["2Xw4QVCesV84ikNiw6i8QV", "12Zk1DFhCbHY6v3xep2ZjI"], "artistPop": [25, 66], "genres": ["alternative r&b", "new jersey rap"]}, "4jOBQxq4Ffd8DDrsN4wPOR": {"name": "Christian Dior", "coverArt": "https://i.scdn.co/image/ab67616d00001e02571a44d8528ceb110ed3b16e", "artist": ["Jhay Cortez"], "artistIds": ["0EFisYRi20PTADoJrifHrz"], "artistPop": [88], "genres": ["latin", "reggaeton", "trap latino"]}, "0kGnxJUOZgCemWBfpgVe6H": {"name": "Party Forever", "coverArt": "https://i.scdn.co/image/ab67616d00001e021cdcbfba1af467141ec11ba7", "artist": ["Simon Dominic"], "artistIds": ["57W9ikVc6O2wLDtmclSjvN"], "artistPop": [56], "genres": ["k-rap", "korean r&b"]}, "2CCgk5jij6MaLsSN3ap5fg": {"name": "Never be a Right Time", "coverArt": "https://i.scdn.co/image/ab67616d00001e02c24d95b10c39a2248745091a", "artist": ["Tom Grennan"], "artistIds": ["5SHxzwjek1Pipl1Yk11UHv"], "artistPop": [76], "genres": ["modern rock", "uk pop"]}, "76pUPMbmu0ENmuAiaTPvIq": {"name": "Deadline", "coverArt": "https://i.scdn.co/image/ab67616d00001e02c1f02c7438b584b09a8c3ee5", "artist": ["Grouplove"], "artistIds": ["3kVUvbeRdcrqQ3oHk5hPdx"], "artistPop": [69], "genres": ["indie pop", "indie rock", "indietronica", "la indie", "modern alternative rock", "modern rock", "pop rock", "rock", "stomp and holler"]}, "3C1OEXwsPCzzE3vP5TXWde": {"name": "Cowboy", "coverArt": "https://i.scdn.co/image/ab67616d00001e02ab8eed1963201893fada654c", "artist": ["Allison Ponthier"], "artistIds": ["37zdNthUsPowEeNJDeCCYx"], "artistPop": [51], "genres": []}, "4ZeMEs9lhf7s83QHeqR432": {"name": "newbury park", "coverArt": "https://i.scdn.co/image/ab67616d00001e023f8137ada9f4b54089ec74de", "artist": ["Lexi Jayde"], "artistIds": ["69761NObDw2KwmmFgZmxzC"], "artistPop": [49], "genres": ["alt z", "social media pop"]}, "6nxDvj3eqr1IKyAUwqmHLH": {"name": "Love Song - feat. John K", "coverArt": "https://i.scdn.co/image/ab67616d00001e0276e8fe7e785cbf9dd55fa8b2", "artist": ["Anna Clendening", "John K"], "artistIds": ["2y9j8qUwBMGPYPQJJxmYzD", "73eAAfRkS2Vi4hx68oTJJE"], "artistPop": [61, 68], "genres": ["alt z", "indie cafe pop", "pop", "social media pop", "viral pop", "alt z", "dance pop", "electropop", "indie cafe pop", "pop", "post-teen pop"]}, "0SSIu4CcGITHdatDmjlA6H": {"name": "Nobody To Love (with Loren Gray)", "coverArt": "https://i.scdn.co/image/ab67616d00001e025401d1e8c43f418afe78279a", "artist": ["TELYKast", "Loren Gray"], "artistIds": ["7vWC03wqXwUqjPON8hc1tz", "3MbrazQE12UdSdFunXcft1"], "artistPop": [60, 57], "genres": ["pop edm", "social media pop"]}, "2IwbIGkquI55VOzcWUg8fg": {"name": "Bad Dream", "coverArt": "https://i.scdn.co/image/ab67616d00001e024b17c017449ad4ff9af3cc79", "artist": ["Cannons"], "artistIds": ["7FtCyCJCJaxabYO7Uyda5B"], "artistPop": [63], "genres": ["vapor soul"]}, "5MOHiX0uAj555wbYJyBnDy": {"name": "Smile", "coverArt": "https://i.scdn.co/image/ab67616d00001e026e89dc112cfd49a018579c8e", "artist": ["Valerie June"], "artistIds": ["4QZdOCb3UacKbQ1ybDFAKM"], "artistPop": [52], "genres": ["folk", "indie folk", "memphis americana", "new americana", "stomp and holler"]}, "3fNtMICThoBErNIeXjLfRw": {"name": "Not Your Girl", "coverArt": "https://i.scdn.co/image/ab67616d00001e02f5b3b3d166743cafb7e180da", "artist": ["Tiera"], "artistIds": ["26VEPCGAYB9OClQodb0OR1"], "artistPop": [52], "genres": ["contemporary country", "country pop"]}, "5rkAjs38ImEoJJBHW3T8pb": {"name": "Ocean (feat. Meghan Trainor)", "coverArt": "https://i.scdn.co/image/ab67616d00001e02fa97c561ae92e940a7839e55", "artist": ["LunchMoney Lewis", "Meghan Trainor"], "artistIds": ["2iUbk5KhZYZt4CRvWbwb7S", "6JL8zeS1NmiOftqZTRgdTz"], "artistPop": [58, 76], "genres": ["miami hip hop", "dance pop", "hip pop", "pop", "post-teen pop"]}, "5barkRym2Qstp3X9uZRSiN": {"name": "torture (with Earl St. Clair)", "coverArt": "https://i.scdn.co/image/ab67616d00001e024bd60a44f0025f98f372f7f2", "artist": ["X Ambassadors", "Earl St. Clair"], "artistIds": ["3NPpFNZtSTHheNBaWC82rB", "0h9IuyuhaLBJWOpebvgTk5"], "artistPop": [74, 42], "genres": ["indie poptimism", "modern alternative rock", "modern rock", "pop", "pop rock", "rock", "stomp pop", "funk"]}, "6hFOY5lNrWDPSwG7QRrfNV": {"name": "She Wanna (feat. P-Lo)", "coverArt": "https://i.scdn.co/image/ab67616d00001e023daf227fb55bd7a082c5e18d", "artist": ["Guapdad 4000", "!llmind", "P-Lo"], "artistIds": ["0NcPKaSNIHAM2RfioH9vMT", "0bw7sLDsNQTScMpmsNFukJ", "2QLM9IFaHBtB16b8ZDaA3A"], "artistPop": [62, 45, 55], "genres": ["cali rap", "oakland hip hop", "scam rap", "trap soul", "underground hip hop", "vapor trap", "asian american hip hop", "cali rap", "hyphy", "west coast trap"]}, "0NQXFFwRJ9H75wcXHxoryn": {"name": "Look At Me", "coverArt": "https://i.scdn.co/image/ab67616d00001e025f73efbfd3c2cf4dd77e16fd", "artist": ["Kalan.FrFr"], "artistIds": ["47TMF0JlFsz01KilGzc5Ly"], "artistPop": [56], "genres": ["cali rap", "pop r&b", "west coast trap"]}, "0MbQ8hUYpo0I2GWueffFEL": {"name": "Call Me Nobody (feat. Lil Wayne & Isaiah Lyric)", "coverArt": "https://i.scdn.co/image/ab67616d00001e02f12575a4d54c0ee98665fd32", "artist": ["Clever", "Lil Wayne", "Isaiah Lyric"], "artistIds": ["5yy76ufVriyvidNSvXlRU1", "55Aa2cqylxrFIXC767Z865", "7FbliII8BMwXlSQFcihHHj"], "artistPop": [64, 88, 33], "genres": ["alabama rap", "hip hop", "new orleans rap", "pop rap", "rap", "trap"]}, "3h8XI7FhWIKcAiCNRi4bso": {"name": "Drunk Diary, Weed & Liquor", "coverArt": "https://i.scdn.co/image/ab67616d00001e028f2f6630db784c7a6be69257", "artist": ["Kasai"], "artistIds": ["4kn9HNC5JHp0IgHH9hRML8"], "artistPop": [17], "genres": ["british soul"]}, "47fF4J7xnRhR7KYRgyuosa": {"name": "focus (with Tim Atlas)", "coverArt": "https://i.scdn.co/image/ab67616d00001e02486f4f88c5219566deafafcb", "artist": ["slenderbodies", "Tim Atlas"], "artistIds": ["3S4d3YRNGg2OhnNm3QvfhA", "3CiuXDKttPUT0tWGHicFUH"], "artistPop": [56, 51], "genres": ["electropop", "indie poptimism", "indie soul", "modern rock", "vapor soul", "indie poptimism", "indie soul", "vapor soul"]}, "18ku9bc0G27FivKQ6NQXFa": {"name": "COLD FEET", "coverArt": "https://i.scdn.co/image/ab67616d00001e02b052655f5a086f4429483af8", "artist": ["Raissa"], "artistIds": ["1C9U2fqP6cYCEwb73uv2LS"], "artistPop": [36], "genres": ["modern indie pop"]}, "4zBc604ytzPmwin9VbsvUd": {"name": "Trophy", "coverArt": "https://i.scdn.co/image/ab67616d00001e020ac7ebcb3139d86cf7d42676", "artist": ["Crumb"], "artistIds": ["4kSGbjWGxTchKpIxXPJv0B"], "artistPop": [61], "genres": ["indie garage rock", "neo-psychedelic"]}, "7iiCeFMoZmZAgv54b8z1YT": {"name": "Cherry Pit", "coverArt": "https://i.scdn.co/image/ab67616d00001e02f5c778a115d863db35d9e24e", "artist": ["Luna Li"], "artistIds": ["4ZAk3yVJdtf1CFnTiG08U3"], "artistPop": [45], "genres": ["canadian garage rock", "toronto indie"]}, "1VEHZc5j5MoqQ8jsTL4scc": {"name": "BABY", "coverArt": "https://i.scdn.co/image/ab67616d00001e021953fd6efebe0b459adefcf4", "artist": ["Sage The Gemini", "Chris Brown"], "artistIds": ["6d47Z08T4snK50HgTEHo5Z", "7bXgB6jMjp9ATFy66eO08Z"], "artistPop": [66, 88], "genres": ["dance pop", "hyphy", "pop rap", "rap", "southern hip hop", "trap", "dance pop", "pop", "pop rap", "r&b", "rap"]}, "3HHjoIaRHX0QiFZB2I1BS1": {"name": "No Brakes", "coverArt": "https://i.scdn.co/image/ab67616d00001e02a562a9f2170658e84b8a067f", "artist": ["Slimelife Shawty"], "artistIds": ["09XX4vGibhdivyKlxP8MRf"], "artistPop": [51], "genres": ["atl trap"]}, "7xWnMfIVVnI3Y3zPp9Ukvi": {"name": "Touchdown (with Bankrol Hayden)", "coverArt": "https://i.scdn.co/image/ab67616d00001e02f419d897e958b0bc81992c46", "artist": ["YSB Tril", "Bankrol Hayden"], "artistIds": ["79TnwjflPC7KqP9O4pXpDQ", "0Yr4BBpK2dkCp2UsrJ9LZN"], "artistPop": [50, 68], "genres": ["north carolina hip hop", "sad rap", "melodic rap", "pop rap", "sad rap", "social media pop"]}, "2HwoBZlDBobCAyRtV9KyUh": {"name": "Paranoia", "coverArt": "https://i.scdn.co/image/ab67616d00001e026d8945ff202ec9e172c17e63", "artist": ["Stephanie Poetri"], "artistIds": ["0HS00NN7MAfF59aJnfcxSO"], "artistPop": [59], "genres": ["indonesian pop"]}, "5VhiUa3rk0vPdXGf48EC7K": {"name": "Before You Let Me Go", "coverArt": "https://i.scdn.co/image/ab67616d00001e02d5373941ae19b30fcd55fa34", "artist": ["Declan J Donovan"], "artistIds": ["6bh228LGC3eAzbplPWV02r"], "artistPop": [62], "genres": ["indie anthem-folk", "indie cafe pop", "uk pop"]}, "5EqFcczycp21dXwXslWT8E": {"name": "Dance Alone", "coverArt": "https://i.scdn.co/image/ab67616d00001e0293cc183de19be49438c28707", "artist": ["Gunnar Gehl"], "artistIds": ["3o4OtMGLmvvLSx19ZjtuSn"], "artistPop": [41], "genres": []}, "1RDz34JJrGPn5msAXvnvoO": {"name": "Found", "coverArt": "https://i.scdn.co/image/ab67616d00001e027e4e80c1d23664eec3e1c17a", "artist": ["Jacob Banks"], "artistIds": ["0AepkoQhYvkjEzzwIcGxdV"], "artistPop": [63], "genres": ["modern alternative rock", "uk contemporary r&b"]}, "79pcC3KJRMA2L8xIb5mu3G": {"name": "Thumbs", "coverArt": "https://i.scdn.co/image/ab67616d00001e028c06d94fe7fe2ad28a5422ca", "artist": ["Lucy Dacus"], "artistIds": ["07D1Bjaof0NFlU32KXiqUP"], "artistPop": [63], "genres": ["art pop", "bubblegrunge", "indie folk", "indie pop", "indie rock"]}, "3mPh0hzM2jldUPc89i7Pjw": {"name": "Ashes", "coverArt": "https://i.scdn.co/image/ab67616d00001e02346d79670a249ff0309e05d3", "artist": ["Damien"], "artistIds": ["6zQRQ2jsbICny41g2fVT5U"], "artistPop": [52], "genres": ["sad lo-fi", "sad rap"]}, "6Hm9MjYt3tov73ZuM7Qbi5": {"name": "Gun Em Down", "coverArt": "https://i.scdn.co/image/ab67616d00001e0224e0fa8b3a4c9b755e761179", "artist": ["Yungeen Ace"], "artistIds": ["7hj7ffJe6UkF1gsMpuweSI"], "artistPop": [64], "genres": ["florida rap", "melodic rap", "trap"]}, "4DY9VlzMD5WH206tivk5mo": {"name": "PopRocks", "coverArt": "https://i.scdn.co/image/ab67616d00001e028c72fee1cfc3792ea801fc9c", "artist": ["BONES", "Deergod"], "artistIds": ["5v2WhpA59TJSdPh7LCx1lN", "0lcFNl4eBE4NcQATqbKEtc"], "artistPop": [74, 45], "genres": ["dark trap", "underground hip hop", "dark trap", "emo rap", "underground hip hop"]}, "4nA7OB1bQeAVdgdUpwBM5F": {"name": "Right Now (feat. Stunna 4 Vegas)", "coverArt": "https://i.scdn.co/image/ab67616d00001e02f8f93af09de7f17e6f02bbef", "artist": ["Quin Nfn", "Stunna 4 Vegas"], "artistIds": ["3M1quhETLChtt9NHKVaajX", "44IvvHRk2XF243QLA2VOa8"], "artistPop": [55, 64], "genres": ["austin hip hop", "southern hip hop", "vapor trap", "viral rap", "southern hip hop", "trap", "viral rap"]}, "1ben7hNj2d5iy3nJAno4w4": {"name": "YAMS!", "coverArt": "https://i.scdn.co/image/ab67616d00001e022dfb811748dd0f4cdabdf364", "artist": ["Pote Baby"], "artistIds": ["1K2CImmhCW2QVfppHo4Nfj"], "artistPop": [38], "genres": []}, "1ZYw2g4nkNIFsysyEZxLgP": {"name": "Vendetta For Cupid", "coverArt": "https://i.scdn.co/image/ab67616d00001e029ebb9f1fdafc1c021ad3c00e", "artist": ["Moore Kismet", "TYGKO"], "artistIds": ["50uPj85gZxHFuFOlNBnnr5", "4ekCKsrLpp6xf8kJ2AUJVU"], "artistPop": [45, 29], "genres": ["dubstep", "future bass", "gaming dubstep", "vapor twitch"]}, "1aSYLITaiacybc3BNuHzGs": {"name": "Head Right", "coverArt": "https://i.scdn.co/image/ab67616d00001e0213354ddcc268633e5ae9bdb6", "artist": ["Wilderado"], "artistIds": ["1Tp7C6LzxZe9Mix6rn4zbI"], "artistPop": [54], "genres": ["deep new americana", "indie folk", "modern rock", "new americana", "stomp and holler"]}, "73E4OLlpRLHFJNR7JZgwoH": {"name": "Feeling Something Bad...", "coverArt": "https://i.scdn.co/image/ab67616d00001e020c9986cf24e05b4bfd27bd95", "artist": ["Ellise"], "artistIds": ["2FovgCfOwN9iqbkCBlKFdT"], "artistPop": [61], "genres": ["alt z", "electropop", "indie pop", "modern rock", "pop", "social media pop"]}, "7ptFEMrSvGhGhAnHN9GUqq": {"name": "chances", "coverArt": "https://i.scdn.co/image/ab67616d00001e02d9830c4af6eabf5dd4ab0fa1", "artist": ["thuy", "DCMBR"], "artistIds": ["3R80OE4RViOWbnuvqh0j8a", "6sjYoprgk0hVjBA77kIXUr"], "artistPop": [52, 47], "genres": ["chill r&b", "pop r&b"]}, "5YrsZNKb28ejX20pYmZgQ3": {"name": "Lackluster Lover", "coverArt": "https://i.scdn.co/image/ab67616d00001e02fbcf73d482a33264a852eebd", "artist": ["Lake Street Dive"], "artistIds": ["3nuc29fYGlQbIrwh4yrNWd"], "artistPop": [63], "genres": ["boston rock", "indie folk", "new americana", "stomp and holler"]}, "1VTu9x92IKMbcX23AsS2eY": {"name": "Maggot Water", "coverArt": "https://i.scdn.co/image/ab67616d00001e023ab3741022dbd18b3b10c6b5", "artist": ["Baby Boys"], "artistIds": ["5h1aEtZ8g7GdavtgSg633u"], "artistPop": [33], "genres": []}, "6LLzr3r1gpl6aYnqlwdg0R": {"name": "Big Steppa", "coverArt": "https://i.scdn.co/image/ab67616d00001e02b9cf3dab46b8e4e6f06fa801", "artist": ["NLE Choppa", "TG Kommas"], "artistIds": ["0ErzCpIMyLcjPiwT4elrtZ", "0QtTAKI96I6w8ByQIY3QQv"], "artistPop": [77, 33], "genres": ["memphis hip hop", "baton rouge rap", "deep southern trap"]}, "2xZflr4wh7rGugEKzXaLak": {"name": "Run It Up (feat. SoFaygo)", "coverArt": "https://i.scdn.co/image/ab67616d00001e021d6013eb6b72f59cadd89c5d", "artist": ["TyFontaine", "SoFaygo"], "artistIds": ["3U1jsFYwwJHv7VB4Frf3F4", "2SJhf6rTOU53g8yBdAjPby"], "artistPop": [47, 72], "genres": ["vapor trap", "glitchcore", "plugg", "vapor trap"]}, "4uMeUGxvwKlrpUi9r68Jxk": {"name": "Checclist", "coverArt": "https://i.scdn.co/image/ab67616d00001e024087ab67d8a125e2bcf3e0b6", "artist": ["Wacotron"], "artistIds": ["4CAL0nDGvLhUfQEpwSLnUz"], "artistPop": [47], "genres": []}, "7HctR6dqgzdU9v3LYfDElj": {"name": "Ten Cuidado", "coverArt": "https://i.scdn.co/image/ab67616d00001e026e6f2f742ef88e94edef99e4", "artist": ["Pitbull", "Farruko", "IAmChino", "El Alfa", "Omar Courtz"], "artistIds": ["0TnOYISbd1XYRBk9myaseg", "329e4yvIujISKGKz1BZZbO", "0b2GL7Y02vu50qieoQmw1w", "2oQX8QiMXOyuqbcZEFsZfm", "3E12tRURRvPfHz0hAMCFYc"], "artistPop": [84, 89, 60, 80, 54], "genres": ["dance pop", "latin", "miami hip hop", "pop", "latin", "reggaeton", "trap latino", "cubaton", "reggaeton", "dembow", "latin", "rap dominicano", "reggaeton", "trap latino", "trap boricua"]}, "1TUDJucP8AVx80LKPFpocK": {"name": "Younowut\u00e1mean", "coverArt": "https://i.scdn.co/image/ab67616d00001e025ec8c423263d4ee70397efe9", "artist": ["LASTMONDAY"], "artistIds": ["7x3VJT4Tm32G8l0fquiayN"], "artistPop": [41], "genres": []}, "29jAjX6U0op822EbPzOPxk": {"name": "Rendezvous", "coverArt": "https://i.scdn.co/image/ab67616d00001e0291607de127681ffd8002ad80", "artist": ["Kavale"], "artistIds": ["6q485cUmWwHHYBIEMxz7Ew"], "artistPop": [30], "genres": ["canadian hip hop"]}, "6TmQQEMF0KwpXYbmBgHpNU": {"name": "Moment of Truth", "coverArt": "https://i.scdn.co/image/ab67616d00001e02c8d6d2a340d4931b24d4be4e", "artist": ["Jayy Grams"], "artistIds": ["6q8DZBLBYqEUdKZl54sqGd"], "artistPop": [38], "genres": ["baltimore hip hop"]}}