{"24ySl2hOPGCDcxBxFIqWBu": {"name": "Rain On Me (with Ariana Grande)", "coverArt": "https://i.scdn.co/image/ab67616d00001e02c8583f0bd97d3042d4971acf", "artist": ["Lady Gaga", "Ariana Grande"], "artistIds": ["1HY2Jd0NmPuamShAr6KMms", "66CXWjxzNUsdJxJ2JdwvnR"], "artistPop": [86, 92], "genres": ["dance pop", "pop", "post-teen pop", "dance pop", "pop", "post-teen pop"]}, "3AQrryq4mc956K3RtLZAFo": {"name": "Tonight (I Wish I Was Your Boy)", "coverArt": "https://i.scdn.co/image/ab67616d00001e02e559a26c221789c7d4d3cc71", "artist": ["The 1975"], "artistIds": ["3mIj9lX2MWuHmhNCA7LSCW"], "artistPop": [76], "genres": ["modern alternative rock", "modern rock", "pop", "rock"]}, "5LHHKZOwV8XW4LJP2C64mw": {"name": "COOLER THAN A BITCH (feat. Roddy Ricch)", "coverArt": "https://i.scdn.co/image/ab67616d00001e02d7547a7624116ac5f8a51fd2", "artist": ["Gunna", "Roddy Ricch"], "artistIds": ["2hlmm7s2ICUX0LVIhVFlZQ", "757aE44tKEUQEqRuT6GnEB"], "artistPop": [87, 83], "genres": ["atl hip hop", "hip hop", "melodic rap", "rap", "trap", "melodic rap", "rap", "trap"]}, "6mtjo5kIHKlboGE84lf1FJ": {"name": "Need It", "coverArt": "https://i.scdn.co/image/ab67616d00001e02fe125b32fcf094fa625dbdae", "artist": ["Migos", "YoungBoy Never Broke Again"], "artistIds": ["6oMuImdp5ZcFhWP0ESe6mG", "7wlFDEWiM5OoIAt8RSli8b"], "artistPop": [82, 83], "genres": ["atl hip hop", "pop rap", "rap", "trap", "baton rouge rap", "trap"]}, "6xRNqXP3baPR9buXr8vreM": {"name": "3AM", "coverArt": "https://i.scdn.co/image/ab67616d00001e02039f0bcf97bf66ca8e1f736d", "artist": ["Russ", "Ty Dolla $ign"], "artistIds": ["1z7b1Pr1rSlvWRzsW3HOrS", "7c0XG5cIJTrrAgEC3ULPiq"], "artistPop": [79, 87], "genres": ["hawaiian hip hop", "pop rap", "rap", "hip hop", "pop", "pop rap", "r&b", "trap", "trap soul"]}, "5id3Rqn7SPj1LX4FfY4nGz": {"name": "Together", "coverArt": "https://i.scdn.co/image/ab67616d00001e02e279a8ea467c75ed400f812f", "artist": ["Sia"], "artistIds": ["5WUlDfRSoLAfcVSX1WnrxN"], "artistPop": [86], "genres": ["australian dance", "australian pop", "pop"]}, "03o4HPzUwftpgAPNQSuaBS": {"name": "This Love Isn't Crazy", "coverArt": "https://i.scdn.co/image/ab67616d00001e022b6138306d8853d23e0d8ead", "artist": ["Carly Rae Jepsen"], "artistIds": ["6sFIWsNpZYqfjUpaCgueju"], "artistPop": [73], "genres": ["canadian pop", "dance pop", "electropop", "indie poptimism", "pop", "post-teen pop"]}, "5kbps8unnGH4raN5WduZuq": {"name": "Conf\u00eda", "coverArt": "https://i.scdn.co/image/ab67616d00001e02a00b470b311631817cc9fe93", "artist": ["Sech", "Daddy Yankee"], "artistIds": ["77ziqFxp5gaInVrF2lj4ht", "4VMYDCV2IEDYJArk749S6m"], "artistPop": [88, 87], "genres": ["latin", "panamanian pop", "reggaeton", "trap latino", "latin", "latin hip hop", "reggaeton", "trap latino"]}, "4Zjdzxx0dsavsr7Ehr8fGE": {"name": "Prospect (ft. Lil Baby)", "coverArt": "https://i.scdn.co/image/ab67616d00001e022f74454a2c89137b4698fd10", "artist": ["iann dior", "Lil Baby"], "artistIds": ["6ASri4ePR7RlsvIQgWPJpS", "5f7VJjfbwm532GiveGC0ZK"], "artistPop": [82, 91], "genres": ["melodic rap", "pop rap", "atl hip hop", "atl trap", "rap", "trap"]}, "0JUqRnMPFGR7kZZwgLlWgL": {"name": "Open Up", "coverArt": "https://i.scdn.co/image/ab67616d00001e024e2ae7b0123354da4c201466", "artist": ["UMI"], "artistIds": ["4ClziihVpBeFXNyDH83Lde"], "artistPop": [64], "genres": ["alternative r&b", "bedroom soul", "chill r&b", "indie r&b", "pop", "r&b"]}, "0UpAwxwPvGI1p4Mr5NQj33": {"name": "And I Still", "coverArt": "https://i.scdn.co/image/ab67616d00001e02b22b1812a30217305f522f9b", "artist": ["Rod Wave"], "artistIds": ["45TgXXqMDdF8BkjA83OM7z"], "artistPop": [78], "genres": ["florida rap"]}, "1TXeqjCYIahhfooXkdb3aI": {"name": "un ni\u00f1o", "coverArt": "https://i.scdn.co/image/ab67616d00001e02101e81a712adb29ec24cf955", "artist": ["Alaina Castillo"], "artistIds": ["0duLKMlcwhyZgqu8zSSjBp"], "artistPop": [55], "genres": ["alt z", "chill r&b", "pop", "social media pop"]}, "0UnTaVkntyh3vqvLEvbpQx": {"name": "In Your Eyes (with Doja Cat) - Remix", "coverArt": "https://i.scdn.co/image/ab67616d00001e0259612a59ef333109d15faa8d", "artist": ["The Weeknd", "Doja Cat"], "artistIds": ["1Xyo4u8uXC1ZmMpatF05PJ", "5cj0lLjcoR7YOSnhnX0Po5"], "artistPop": [93, 94], "genres": ["canadian contemporary r&b", "canadian pop", "pop", "dance pop", "pop"]}, "4NmOJQxl9UZItUQQtMDYBb": {"name": "The Truth", "coverArt": "https://i.scdn.co/image/ab67616d00001e02213ac070275fb3a6fa27ff2f", "artist": ["Kygo", "Valerie Broussard"], "artistIds": ["23fqKkggKUBHNkbKtXEls4", "6eVWXmKBW7Iltub01D9R1c"], "artistPop": [83, 63], "genres": ["edm", "pop", "pop dance", "tropical house", "alt z", "modern alternative pop"]}, "6smYfKpqsvpmqBXkLjYGJo": {"name": "Power", "coverArt": "https://i.scdn.co/image/ab67616d00001e02174fbf520362d9228577a05d", "artist": ["Ellie Goulding"], "artistIds": ["0X2BH1fck6amBIoJhDVmmJ"], "artistPop": [80], "genres": ["dance pop", "edm", "electropop", "indietronica", "metropopolis", "pop", "post-teen pop", "uk pop"]}, "4GUj9MfPPkjpZskxb45uiX": {"name": "ANGELS & DEMONS", "coverArt": "https://i.scdn.co/image/ab67616d00001e029ef3137ae9a2620489687648", "artist": ["jxdn"], "artistIds": ["6Y64EaNqpqcZYTgs4c76gF"], "artistPop": [73], "genres": ["pop rap"]}, "1gB2IbSdMot7wOTbizuBuN": {"name": "Don\u2019t Wanna", "coverArt": "https://i.scdn.co/image/ab67616d00001e02cddf2f6ed7ac39eae48f2d38", "artist": ["HAIM"], "artistIds": ["4Ui2kfOqGujY81UcPrb5KE"], "artistPop": [68], "genres": ["art pop", "dance pop", "indie pop", "metropopolis", "pop rock"]}, "5YCdSbVqiryQujS6hhS635": {"name": "Long Sleeves", "coverArt": "https://i.scdn.co/image/ab67616d00001e02036ef182ead9cf796768a790", "artist": ["Gracie Abrams"], "artistIds": ["4tuJ0bMpJh08umKkEXKUI5"], "artistPop": [66], "genres": ["alt z", "indie cafe pop", "indie pop", "pop"]}, "5QI8TzL0eOULZSwsr1FJzu": {"name": "I Leave Again", "coverArt": "https://i.scdn.co/image/ab67616d00001e023547d6246d070515ca6a0d07", "artist": ["Petit Biscuit", "Shallou"], "artistIds": ["6gK1Uct5FEdaUWRWpU4Cl2", "7C3Cbtr2PkH2l4tOGhtCsk"], "artistPop": [69, 64], "genres": ["new french touch", "tropical house", "electropop", "indie poptimism", "new french touch", "tropical house", "vapor soul"]}, "6Xa2Y4EP6wossxPv1kUy2c": {"name": "I See You", "coverArt": "https://i.scdn.co/image/ab67616d00001e02beec1592b3fc2634a2f75aa5", "artist": ["Phoebe Bridgers"], "artistIds": ["1r1uxoy19fzMxunt3ONAkG"], "artistPop": [75], "genres": ["indie pop", "indie rock", "la indie", "pop"]}, "31kPsiy1Lwo81YqOensCZh": {"name": "Hot Sauce", "coverArt": "https://i.scdn.co/image/ab67616d00001e026162b2c699ce60e8837eaae9", "artist": ["BRELAND"], "artistIds": ["0C86lmpnwiyLDUiyo4d0P1"], "artistPop": [65], "genres": ["contemporary country"]}, "3jnQaDieHcTkkIrkJFIJvC": {"name": "Beer:30", "coverArt": "https://i.scdn.co/image/ab67616d00001e0280c44907ae7cc37966906bd6", "artist": ["Florida Georgia Line"], "artistIds": ["3b8QkneNDz4JHKKKlLgYZg"], "artistPop": [80], "genres": ["contemporary country", "country", "country pop", "country road", "modern country rock"]}, "6aXgxeYA03veaPyHHZQaj3": {"name": "Until We Meet Again", "coverArt": "https://i.scdn.co/image/ab67616d00001e021dfa822a480c2591e2d036f0", "artist": ["Nick Jonas"], "artistIds": ["4Rxn7Im3LGfyRkY2FlHhWi"], "artistPop": [69], "genres": ["dance pop", "pop", "post-teen pop", "viral pop"]}, "2NSCi7JG99IZgJPAk0T74G": {"name": "Free Porn Cheap Drugs", "coverArt": "https://i.scdn.co/image/ab67616d00001e02efaa1afa55929fbe9bfd1e3e", "artist": ["G-Eazy"], "artistIds": ["02kJSzxNuaWGqwubyUba0Z"], "artistPop": [81], "genres": ["hip hop", "indie pop rap", "oakland hip hop", "pop rap", "rap"]}, "04WcxfTz7qwm2DZ1F3bTTt": {"name": "Trap or Cap", "coverArt": "https://i.scdn.co/image/ab67616d00001e0234226495f677cdb391a52b24", "artist": ["Young M.A"], "artistIds": ["7LvoDJUNGnOrPdGRzVtOJ9"], "artistPop": [67], "genres": ["lgbtq+ hip hop", "nyc rap", "pop rap", "rap", "trap"]}, "5gC5GY6XzSzrzSByUpOBUc": {"name": "What It Is", "coverArt": "https://i.scdn.co/image/ab67616d00001e0205a44ae473d790e4bf54270f", "artist": ["KYLE"], "artistIds": ["4qBgvVog0wzW75IQ48mU7v"], "artistPop": [70], "genres": ["pop rap", "rap", "social media pop"]}, "7mYif4F2pfjQEDIssH2rfl": {"name": "Serpentine Prison", "coverArt": "https://i.scdn.co/image/ab67616d00001e022cf7e361d3ee71fa709b05c3", "artist": ["Matt Berninger"], "artistIds": ["27jRNjIvlUcGN7FBRDnqhp"], "artistPop": [51], "genres": ["indie rock"]}, "5kbePc3HrrD2LjuagQEt8I": {"name": "Lonely and Bored", "coverArt": "https://i.scdn.co/image/ab67616d00001e027a78eb88b7ec6b4cc56a5808", "artist": ["Genevieve Stokes"], "artistIds": ["2uaMjmR0IE0K3oKTQrNZVQ"], "artistPop": [45], "genres": ["indie pop", "modern alternative pop"]}, "7egu63DOhNpivWOpGtzqGS": {"name": "Lamb's Wool", "coverArt": "https://i.scdn.co/image/ab67616d00001e029cc53bd85a8f6efbadc4d054", "artist": ["Foster The People"], "artistIds": ["7gP3bB2nilZXLfPHJhMdvc"], "artistPop": [75], "genres": ["indietronica", "modern alternative rock", "modern rock", "pop rock", "rock"]}, "0T5eWUavIN647AcUFXfZve": {"name": "sadder badder cooler", "coverArt": "https://i.scdn.co/image/ab67616d00001e0293d6102524eaf03e19d0c11f", "artist": ["Tove Lo"], "artistIds": ["4NHQUGzhtTLFvgF5SZesLK"], "artistPop": [77], "genres": ["dance pop", "electropop", "metropopolis", "pop", "pop rap", "post-teen pop", "swedish electropop", "swedish pop", "swedish synthpop"]}, "5gSahAVKNiCeM0JuSvn00H": {"name": "ENERGY - Edit", "coverArt": "https://i.scdn.co/image/ab67616d00001e02741c7770e7113bcf735ff488", "artist": ["Disclosure"], "artistIds": ["6nS5roXSAGhTGr34W6n7Et"], "artistPop": [76], "genres": ["house", "pop", "uk dance"]}, "7pt64sepCy5QmDrgy9wOJS": {"name": "blue", "coverArt": "https://i.scdn.co/image/ab67616d00001e02583ea833d682bb284c5905b4", "artist": ["Kamal."], "artistIds": ["2gIHyzlzKxntjQWf8xAGaI"], "artistPop": [54], "genres": ["indie r&b", "modern indie pop"]}, "1fyZR63zCjiR35K3fxDC1q": {"name": "Made It", "coverArt": "https://i.scdn.co/image/ab67616d00001e02ad1fec6371bf20f044880d16", "artist": ["Teyana Taylor"], "artistIds": ["4ULO7IGI3M2bo0Ap7B9h8a"], "artistPop": [64], "genres": ["alternative r&b", "dance pop", "hip pop", "neo soul", "pop", "pop r&b", "pop rap", "r&b", "urban contemporary"]}, "3tUn0JIC2RQjJEOk2SJ1OM": {"name": "No Passes", "coverArt": "https://i.scdn.co/image/ab67616d00001e02bebc1e156883e263a9f835c7", "artist": ["DeJ Loaf"], "artistIds": ["7kFfY4UjNdNyaeUgLIEbIF"], "artistPop": [64], "genres": ["detroit hip hop", "pop r&b", "pop rap", "r&b", "rap", "trap", "trap queen"]}, "1ejH89yZ45EE8fKN45810i": {"name": "No Chorus - Pt. 12", "coverArt": "https://i.scdn.co/image/ab67616d00001e02c37bf1706ab25626490d4a05", "artist": ["BlocBoy JB", "Tay Keith"], "artistIds": ["4TEJudQY2pXxVHPE3gD2EU", "5xkFVS6IwwgHEAaRzXc9U3"], "artistPop": [63, 60], "genres": ["memphis hip hop", "rap", "southern hip hop", "tennessee hip hop", "trap", "vapor trap", "memphis hip hop"]}, "6tqIes4TjudsjfIpK4P2Jh": {"name": "Long Beach", "coverArt": "https://i.scdn.co/image/ab67616d00001e0227298ef27ce2c39f8177d1af", "artist": ["Kota the Friend", "Hello O'shay", "Alex Banin"], "artistIds": ["2AfU5LYBVCiCtuCCfM7uVX", "3YzuOhp0V0YIuaukc7U3Rp", "2fTTmPI3XaJwqM19w5QiRz"], "artistPop": [66, 52, 52], "genres": ["hip hop", "rap", "underground hip hop"]}, "4Nh0VN6kYKzcZHBwXWtZDD": {"name": "Lose You To Love Me", "coverArt": "https://i.scdn.co/image/ab67616d00001e02fa87aecce6eaf9cf8e062b2e", "artist": ["Bombay Bicycle Club", "Rae Morris"], "artistIds": ["3pTE9iaJTkWns3mxpNQlJV", "67xyhWIvYQK5qr6b0gElst"], "artistPop": [62, 46], "genres": ["alternative dance", "british indie rock", "indie pop", "indie rock", "indietronica", "modern alternative rock", "modern rock", "new rave", "rock", "art pop", "gauze pop", "neo-singer-songwriter"]}, "4ticY1NEauYaMGosBnvCLE": {"name": "Empty Love (ft. Ruel)", "coverArt": "https://i.scdn.co/image/ab67616d00001e023714c2f0dd99ed8de31a7afc", "artist": ["GRACEY", "Ruel"], "artistIds": ["7xBGi7Eign0fX7jGQj5KlJ", "5xkAtLTf309LAGZTbvULBn"], "artistPop": [57, 70], "genres": ["alt z", "uk pop", "alt z", "australian alternative pop", "dance pop", "electropop", "indie cafe pop", "pop", "post-teen pop", "social media pop"]}, "44d8SJvooWI3ezSh1A3Dw1": {"name": "Kiss Me Goodbye", "coverArt": "https://i.scdn.co/image/ab67616d00001e02751f22e6757af3e38b29a764", "artist": ["DeathbyRomy"], "artistIds": ["7aWpPjjgItUnXljFxYYKZI"], "artistPop": [56], "genres": ["alt z", "modern indie pop"]}, "6ZGO8DVU5ZrpEAzNjTO0Kc": {"name": "Nobody Like You (with Vera Blue)", "coverArt": "https://i.scdn.co/image/ab67616d00001e0295e7fa04278e53eeff71dbfe", "artist": ["Louis The Child", "Vera Blue"], "artistIds": ["7wg1qvie3KqDNQbAkTdbX0", "5ujrA1eZLDHR7yQ6FZa2qA"], "artistPop": [69, 59], "genres": ["edm", "electropop", "pop", "tropical house", "australian indie", "australian pop"]}, "4ztw0mBC6VBiLV79yRHDQW": {"name": "Be Okay (with HRVY)", "coverArt": "https://i.scdn.co/image/ab67616d00001e02559a672bc6ebc4409bc9a5e8", "artist": ["R3HAB", "HRVY"], "artistIds": ["6cEuCEZu7PAE9ZSzLLc2oQ", "28y6CyJNkGNjJQKrlx4AmN"], "artistPop": [78, 69], "genres": ["dance pop", "dutch house", "edm", "electro house", "pop", "pop dance", "progressive electro house", "slap house", "tropical house", "dance pop", "pop", "pop dance", "post-teen pop", "social media pop", "tropical house"]}, "5rjJyv6c4qXD2SKwdQx6wT": {"name": "Pomegranate", "coverArt": "https://i.scdn.co/image/ab67616d00001e02633e3c2cb2ca0f4286f742f3", "artist": ["deadmau5", "The Neptunes"], "artistIds": ["2CIMQHirSU0MQqyYHq0eOx", "0KuF7reCTOZwV7YJnHQqgr"], "artistPop": [68, 67], "genres": ["canadian electronic", "edm", "electro house", "pop dance", "progressive house"]}, "5iqPlV3AZSO3zaFV4gXVBd": {"name": "Crickets", "coverArt": "https://i.scdn.co/image/ab67616d00001e02a18a2a99124ac5c67605ea29", "artist": ["Chloe Angelides"], "artistIds": ["79A4RmgwxYGIDkqQDUHLXK"], "artistPop": [46], "genres": []}, "4xoF9Pzc1oIAEq8Hyx1Q5F": {"name": "Flow Now", "coverArt": "https://i.scdn.co/image/ab67616d00001e027a250fcaf74c7964545ae495", "artist": ["Froogle"], "artistIds": ["1SoqIsFiUIuOm401HsEQso"], "artistPop": [34], "genres": ["modern indie pop"]}, "6EprgVYMTXhotXNEBi4qr2": {"name": "The Ceiling", "coverArt": "https://i.scdn.co/image/ab67616d00001e020bbe56241a174bade6883e69", "artist": ["Lewis Del Mar"], "artistIds": ["2oqwwcM17wrP9hBD25zKSR"], "artistPop": [55], "genres": ["indie poptimism", "modern alternative rock", "modern rock", "nyc pop", "vapor soul"]}, "6kUwtxj2A5GOWD90oPg4bp": {"name": "Western", "coverArt": "https://i.scdn.co/image/ab67616d00001e02a7e961749d530e3957afcd72", "artist": ["Mk.gee"], "artistIds": ["7tr9pbgNEKtG0GQTKe08Tz"], "artistPop": [51], "genres": ["alternative r&b", "indie r&b", "indie soul", "vapor soul"]}, "74I76sDq0rPJV3FP4fq44d": {"name": "Overused (feat. gnash)", "coverArt": "https://i.scdn.co/image/ab67616d00001e025f475ae56fb1615d6e6a471e", "artist": ["Clara Mae", "gnash"], "artistIds": ["6RHKEd9dpzQ4c09x8Zdaxu", "3iri9nBFs9e4wN7PLIetAw"], "artistPop": [61, 68], "genres": ["alt z", "electropop", "indie cafe pop", "indie poptimism", "pop", "post-teen pop", "social media pop", "swedish pop", "alt z", "electropop", "indie cafe pop", "pop", "pop rap", "social media pop"]}, "5vcfdnzelPCIZHg8dOkagP": {"name": "Nobody Likes Moving On", "coverArt": "https://i.scdn.co/image/ab67616d00001e020ee219ad62daf52896131b6e", "artist": ["SHY Martin"], "artistIds": ["7eCmccnRwPmRnWPw61x6jM"], "artistPop": [66], "genres": ["alt z", "electropop", "indie cafe pop", "pop", "swedish electropop"]}, "6xy2hBEpnojRUBupAhde7T": {"name": "MadHappySad", "coverArt": "https://i.scdn.co/image/ab67616d00001e02088a776ffd4436ba4dae2890", "artist": ["BabyJake"], "artistIds": ["07Asx51VtMw5kbNXKrpZlq"], "artistPop": [62], "genres": ["pop", "pop rap"]}, "0H4ugk6rhnXmTl47ayy9O5": {"name": "Daechwita", "coverArt": "https://i.scdn.co/image/ab67616d00001e02a498cf792773aa474d779dd8", "artist": ["Agust D"], "artistIds": ["5RmQ8k4l3HZ8JoPb4mNsML"], "artistPop": [70], "genres": ["k-rap"]}, "5ZyUWXBiaCJQszl1i5modn": {"name": "Go Crazy", "coverArt": "https://i.scdn.co/image/ab67616d00001e02015f7d508cc4cd6e2eca39fa", "artist": ["Kamaiyah"], "artistIds": ["3XVpDdKav6C6zwlDXPhMEO"], "artistPop": [56], "genres": ["cali rap", "oakland hip hop", "west coast trap"]}, "1hP7IHJzTchMc50b01mMFc": {"name": "Rich Blessed N Savage", "coverArt": "https://i.scdn.co/image/ab67616d00001e02e20b7842be1a2bdd79563ef6", "artist": ["Key Glock"], "artistIds": ["0RESbWvOMyua0yuyVrztJ5"], "artistPop": [73], "genres": ["memphis hip hop", "rap", "southern hip hop", "tennessee hip hop", "trap"]}, "2xXKZox5JEsgHJDXVGFkyT": {"name": "Too Much", "coverArt": "https://i.scdn.co/image/ab67616d00001e026148b2bb902119175953dd3b", "artist": ["Ro James", "Miguel"], "artistIds": ["7r2oyrNc0YjSC7hZL87V0Y", "360IAlyVv4PCEVjgyMZrxK"], "artistPop": [50, 78], "genres": ["alternative r&b", "pop r&b", "r&b", "dance pop", "pop", "r&b", "urban contemporary"]}, "0rDqLVWxe9ngG48EWM4Whq": {"name": "Bitch Give Me Your Heart", "coverArt": "https://i.scdn.co/image/ab67616d00001e021674d58796f2b39fd0f4f57d", "artist": ["Dounia"], "artistIds": ["4fJsnm9CeDAPrwO4MAEToj"], "artistPop": [47], "genres": ["alt z", "alternative r&b", "electropop", "escape room"]}, "0GwmWHT6w2yLfxL37AJq2F": {"name": "New Best Friend", "coverArt": "https://i.scdn.co/image/ab67616d00001e02e8f6d9217aa01fb898e494b1", "artist": ["Neon Trees"], "artistIds": ["0RpddSzUHfncUWNJXKOsjy"], "artistPop": [70], "genres": ["modern alternative rock", "modern rock", "neo mellow", "pop", "pop rock", "post-teen pop", "rock"]}, "1gwTNg3DWqpzI9ypuFXA9x": {"name": "Falling In", "coverArt": "https://i.scdn.co/image/ab67616d00001e02bbf5faf656ef3f3b3fe68715", "artist": ["Inhaler"], "artistIds": ["6lyMYewq2SuTFIXgiv7OxH"], "artistPop": [57], "genres": ["dublin indie", "modern alternative rock", "modern rock", "rock"]}, "1pmfU9SOVYON81gIGWS4OS": {"name": "Rescue Dog", "coverArt": "https://i.scdn.co/image/ab67616d00001e02ccdd61faedaec8d01f0058d0", "artist": ["Train"], "artistIds": ["3FUY2gzHeIiaesXtOAdB7A"], "artistPop": [75], "genres": ["dance pop", "neo mellow", "pop", "pop rock"]}, "2chYHCTlDhpNfZIPzgZ9dS": {"name": "How It Was", "coverArt": "https://i.scdn.co/image/ab67616d00001e027f0c710db88abbb9581637c5", "artist": ["Yoste"], "artistIds": ["2wwZDwSBHaVaOI6cE2hfhf"], "artistPop": [51], "genres": ["chill pop", "indie electropop", "indie poptimism", "vapor soul"]}, "0zdZdtoflxCh9m0lahdbsi": {"name": "Expectations", "coverArt": "https://i.scdn.co/image/ab67616d00001e02a86475c29aa78597b139cdae", "artist": ["Ella Isaacson", "Gallant"], "artistIds": ["69DKP6GuG0YiUc5K7tJ4an", "7wFDo161xYdeaiLz3KIHoM"], "artistPop": [38, 58], "genres": ["alternative r&b", "chill r&b", "indie r&b", "pop", "pop r&b", "r&b"]}, "7nzql8a3IiReUSRBl6Wp0f": {"name": "Welcome To My Mind", "coverArt": "https://i.scdn.co/image/ab67616d00001e022c3b9c63057890de60053b49", "artist": ["Spencer Barnett"], "artistIds": ["036LxbpsZt0VzZAgxYOEM5"], "artistPop": [28], "genres": ["modern indie pop"]}, "3N8gNVKTTOp8kERRykXJr4": {"name": "Mind Games", "coverArt": "https://i.scdn.co/image/ab67616d00001e020b0bcac3930360cfb1d872ad", "artist": ["Ann Marie"], "artistIds": ["3feB1IF85It42sebtWSqws"], "artistPop": [57], "genres": ["pop r&b", "r&b"]}, "3eTaNgwy3QfOwbwTICcvK2": {"name": "COLD FEET", "coverArt": "https://i.scdn.co/image/ab67616d00001e02401730340b97b2f3a4648473", "artist": ["Bino Rideaux", "Ty Dolla $ign"], "artistIds": ["3pcerTbRFAPvWWtAfySFWB", "7c0XG5cIJTrrAgEC3ULPiq"], "artistPop": [62, 87], "genres": ["cali rap", "west coast trap", "hip hop", "pop", "pop rap", "r&b", "trap", "trap soul"]}, "2wGXzIAux8In47rYvvy1YS": {"name": "He Say She Say", "coverArt": "https://i.scdn.co/image/ab67616d00001e027033b569ed9e738e059d846a", "artist": ["Latto"], "artistIds": ["3MdXrJWsbVzdn6fe5JYkSQ"], "artistPop": [66], "genres": ["pop", "pop r&b", "r&b", "trap queen"]}, "2q0nvnoM52HGglPqzRxD5P": {"name": "MAZEL TOV", "coverArt": "https://i.scdn.co/image/ab67616d00001e02c88aafa13ee8f161039f1bff", "artist": ["IDK", "A$AP Ferg"], "artistIds": ["6aiFCgyKNwF9Rv5TOxnE8E", "5dHt1vcEm9qb8fCyLcB3HL"], "artistPop": [65, 75], "genres": ["dmv rap", "hip hop", "rap", "trap", "underground hip hop", "hip hop", "pop rap", "rap", "southern hip hop", "trap", "underground hip hop"]}, "2w5MibMRaWR2C8yO2UAslN": {"name": "Neva Know (feat. Lil Baby)", "coverArt": "https://i.scdn.co/image/ab67616d00001e02b224f5c2e050879c8c09b987", "artist": ["Skooly", "Lil Baby"], "artistIds": ["4gB2Nnsapxi4chX9f5zgku", "5f7VJjfbwm532GiveGC0ZK"], "artistPop": [47, 91], "genres": ["atl trap", "trap", "atl hip hop", "atl trap", "rap", "trap"]}, "4gmC5USrVGq53V2iQApLO2": {"name": "Can't Win For Losing (feat. 2KBaby)", "coverArt": "https://i.scdn.co/image/ab67616d00001e029f34028840e1d938ca3d0a58", "artist": ["Jacob Latimore", "2KBABY"], "artistIds": ["7t7KCNFOwuMChaQg6L8I69", "4mkjpWbFO45SyaHiM9GOVE"], "artistPop": [45, 61], "genres": ["pop r&b", "r&b", "trap soul", "kentucky hip hop"]}, "7BEPdOI0neT6p7PnLViqmH": {"name": "Bajo La Mesa", "coverArt": "https://i.scdn.co/image/ab67616d00001e0238383c1d86fe24b5de72fb3f", "artist": ["Morat", "Sebastian Yatra"], "artistIds": ["5C4PDR4LnhZTbVnKWXuDKD", "07YUOmWljBTXwIseAUd9TW"], "artistPop": [80, 84], "genres": ["colombian pop", "latin", "latin pop", "colombian pop", "latin", "reggaeton", "reggaeton colombiano"]}, "1q8qUBxxkbe550dbotF2wL": {"name": "Chokin", "coverArt": "https://i.scdn.co/image/ab67616d00001e0264472bae1805442246f78efc", "artist": ["Deborah's Child"], "artistIds": ["6UleRY4Q1BRd2gRmPjFCQF"], "artistPop": [25], "genres": []}, "1VSsfA5Z37dSNPqiK5dxmM": {"name": "Love Not Loving You", "coverArt": "https://i.scdn.co/image/ab67616d00001e027a2f30825328a71d19f14874", "artist": ["Foxes"], "artistIds": ["7qRll6DYV06u2VuRPAVqug"], "artistPop": [63], "genres": ["dance pop", "electropop", "indie poptimism", "metropopolis", "post-teen pop", "uk pop"]}, "0CxMLWQt9MLF5w1oGBzT2w": {"name": "you should probably just hang up", "coverArt": "https://i.scdn.co/image/ab67616d00001e02165b98aba92d7fae083fc063", "artist": ["Nightly"], "artistIds": ["3qDMrpZHtZEtVl5i1l7hP3"], "artistPop": [55], "genres": ["alt z", "electropop", "indie electropop", "indie pop", "indie poptimism"]}, "2qI0Uchpdc2RkzuhbRnnZ8": {"name": "Can't You See Me?", "coverArt": "https://i.scdn.co/image/ab67616d00001e02adcfd199652d2634cb361869", "artist": ["TOMORROW X TOGETHER"], "artistIds": ["0ghlgldX5Dd6720Q3qFyQB"], "artistPop": [80], "genres": ["k-pop", "k-pop boy group"]}, "0Quhzm1B1Z9I5S9RP6BgLh": {"name": "Lucky", "coverArt": "https://i.scdn.co/image/ab67616d00001e02c9d035fdb28445878b252828", "artist": ["PNAU", "Vlossom"], "artistIds": ["6n28c9qs9hNGriNa72b26u", "6fchbydDZlEemGC9wiovuj"], "artistPop": [75, 45], "genres": ["alternative dance", "aussietronica", "australian dance", "australian electropop", "australian electropop"]}, "1IVAbwWlR6l0OtFjn00Zpp": {"name": "Pretty Thang", "coverArt": "https://i.scdn.co/image/ab67616d00001e0214951baa1621c46ac25e2fe8", "artist": ["Fetty Wap"], "artistIds": ["6PXS4YHDkKvl1wkIl4V8DL"], "artistPop": [73], "genres": ["new jersey rap", "pop rap", "rap", "southern hip hop", "trap"]}, "3N6cjhMC0HxXeA8dNFA3P8": {"name": "Consistent", "coverArt": "https://i.scdn.co/image/ab67616d00001e028c0243014e4d96608e832bb6", "artist": ["HoodRich Pablo Juan"], "artistIds": ["1ZLO8d7zll1WeQJUHaxQer"], "artistPop": [55], "genres": ["atl hip hop", "atl trap", "detroit trap", "rap", "southern hip hop", "trap", "underground hip hop", "vapor trap"]}, "7KFthihP7F2Ml7su6NoAny": {"name": "I Wanna Go Outside", "coverArt": "https://i.scdn.co/image/ab67616d00001e021975b54491205fb17b4695ef", "artist": ["Snoop Dogg"], "artistIds": ["7hJcb9fa4alzcOq3EaNPoG"], "artistPop": [83], "genres": ["g funk", "gangster rap", "hip hop", "pop rap", "rap", "west coast rap"]}, "5Kuvvw2blL70n9GqVFx3vF": {"name": "Church In A Chevy", "coverArt": "https://i.scdn.co/image/ab67616d00001e02957c1e00ed9aba8df29e2e63", "artist": ["Jordan Davis"], "artistIds": ["77kULmXAQ6vWer7IIHdGzI"], "artistPop": [71], "genres": ["contemporary country"]}, "1zY6ekSJ8VI6tZ6nBqoo7g": {"name": "I Need You To Hate Me", "coverArt": "https://i.scdn.co/image/ab67616d00001e023dc6fadaed71eeaa7a950a54", "artist": ["JC Stewart"], "artistIds": ["2TAqN8fwfaKauvviN4pOsv"], "artistPop": [59], "genres": ["indie anthem-folk", "indie cafe pop", "uk pop"]}, "7jQFAWTeX1nynSrB994NoZ": {"name": "RIP", "coverArt": "https://i.scdn.co/image/ab67616d00001e0261534a10bbe92922934b2054", "artist": ["Mariah the Scientist"], "artistIds": ["7HO5fOXE4gh3lzZn64tX2E"], "artistPop": [56], "genres": ["alternative r&b", "chill r&b", "indie r&b", "pop r&b", "r&b"]}, "0WA7FQZC04dUpHivMTBzwj": {"name": "ON THE ROAD", "coverArt": "https://i.scdn.co/image/ab67616d00001e0204b3e3f78d9e6b03b44b32d1", "artist": ["5IVE"], "artistIds": ["27dl4Nay6MbBmnvu83jgoh"], "artistPop": [15], "genres": []}, "5jVehFbgvwcXSQm44SLKlh": {"name": "Animals (feat. Sheek Louch)", "coverArt": "https://i.scdn.co/image/ab67616d00001e02e72eccbf2c9233bc0d23221d", "artist": ["Styles P", "Sheek Louch"], "artistIds": ["2x8KDZdSONA3872CnhaAlX", "14ejEUaU0wE2iAenbbv9b8"], "artistPop": [64, 46], "genres": ["battle rap", "east coast hip hop", "gangster rap", "hardcore hip hop", "hip hop", "pop rap", "rap", "southern hip hop", "trap", "hardcore hip hop"]}, "1AuPN9nKGsp5GdEWAcZ3wN": {"name": "Brand New Booty", "coverArt": "https://i.scdn.co/image/ab67616d00001e02a3784a71d2dc2af117d74e96", "artist": ["Lil Gnar"], "artistIds": ["3EIX8WuD9ybB4ruz0MSilB"], "artistPop": [60], "genres": ["atl hip hop", "dark trap", "melodic rap", "trap", "underground hip hop", "vapor trap"]}, "4zrYnAzX1CMRt9SoZdixMz": {"name": "Human (feat. Night Lovell)", "coverArt": "https://i.scdn.co/image/ab67616d00001e02fc896b111f188cae5d53b0a3", "artist": ["Night Lovell", "$NOT"], "artistIds": ["2y246nnP9pQT0E6v3ZMMOO", "5IbEL2xjRtKsunfmsahLuO"], "artistPop": [75, 77], "genres": ["aesthetic rap", "canadian hip hop", "canadian trap", "dark trap", "ottawa rap", "underground hip hop", "aesthetic rap", "florida rap", "underground hip hop"]}, "3xcgXaHFeoCs0xTRJvqDGm": {"name": "Cap (feat. Offset)", "coverArt": "https://i.scdn.co/image/ab67616d00001e0287a31ff418287664442cb430", "artist": ["KSI", "Offset"], "artistIds": ["1nzgtKYFckznkcVMR3Gg4z", "4DdkRBBYG6Yk9Ka8tdJ9BW"], "artistPop": [79, 80], "genres": ["uk hip hop", "atl hip hop", "hip hop", "pop rap", "rap", "southern hip hop", "trap"]}, "0L1nybi7auw0ta5f1JCuwM": {"name": "For Sale", "coverArt": "https://i.scdn.co/image/ab67616d00001e02e9b7773d786f8aeb3b93cb80", "artist": ["Carlos Vives", "Alejandro Sanz"], "artistIds": ["4vhNDa5ycK0ST968ek7kRr", "5sUrlPAHlS9NEirDB8SEbF"], "artistPop": [76, 76], "genres": ["champeta", "colombian pop", "latin", "latin pop", "tropical", "vallenato", "cantautor", "latin", "latin arena pop", "latin pop", "mexican pop", "rock en espanol", "spanish pop"]}, "3XLcy0qym8nuxnJ51cRcba": {"name": "Coulda Woulda Shoulda", "coverArt": "https://i.scdn.co/image/ab67616d00001e0253b4c37162d93b4f35d64cc7", "artist": ["Dagny"], "artistIds": ["6Paz0vXJJ9bCPf0fEm3qzg"], "artistPop": [60], "genres": ["electropop", "norwegian indie", "norwegian pop", "tropical house"]}, "2Kzu5ncOQqrxukix1RBXux": {"name": "NAIVE", "coverArt": "https://i.scdn.co/image/ab67616d00001e02f7f92a9c656f27d76dee524c", "artist": ["Gia Woods"], "artistIds": ["6T56xtTEllGW17snjAZLNP"], "artistPop": [41], "genres": ["alt z", "indie electropop", "indie poptimism"]}, "1sL0oHu8NCQpImkjxkoVXj": {"name": "So We Won't Forget", "coverArt": "https://i.scdn.co/image/ab67616d00001e02587df4b896153bd751b7f86a", "artist": ["Khruangbin"], "artistIds": ["2mVVjNmdjXZZDvhgQWiakk"], "artistPop": [70], "genres": ["neo-psychedelic"]}, "4vPUHDZgZIwkTTbwJ4isDN": {"name": "Eachother [Feat. Jackson Browne, Marcus King, & Lucius]", "coverArt": "https://i.scdn.co/image/ab67616d00001e027f0f839f7bcc5d27e0d3fcbe", "artist": ["Grace Potter", "Jackson Browne", "Marcus King", "Lucius"], "artistIds": ["1PJVVIeS5Wu0wbZDhtC0Ht", "5lkiCO9UQ8B23dZ1o0UV4m", "0FeWKiZSwBRdGzqeCdlH1a", "1WrqUPWlHN5FXCRcQgrkas"], "artistPop": [54, 65, 53, 54], "genres": ["album rock", "classic rock", "country rock", "folk", "folk rock", "heartland rock", "mellow gold", "piano rock", "rock", "roots rock", "singer-songwriter", "soft rock", "modern blues rock", "indie folk", "indie pop", "new americana", "stomp and holler"]}, "5pjG2Pz6NawlapUDXiO6LR": {"name": "Something in the Air (feat. MOD SUN)", "coverArt": "https://i.scdn.co/image/ab67616d00001e026c6239bfa3972a9f4a714a60", "artist": ["Rock Mafia", "MOD SUN"], "artistIds": ["4pzAvicKWenQtv9zIQim47", "3u2R8st1bb6zfBqNWceRXG"], "artistPop": [57, 64], "genres": ["post-teen pop", "minnesota hip hop", "pop punk", "pop rap"]}, "4bThK3qp8BKf9rVuPa0wEw": {"name": "Love Won't You Stay", "coverArt": "https://i.scdn.co/image/ab67616d00001e02b1b4c76664a15f129c2a857d", "artist": ["John-Robert"], "artistIds": ["5zlnl1lFTTaETmaKci4V6j"], "artistPop": [45], "genres": ["virginia indie"]}, "2GFrAgBVYxVTfRhKXzukj2": {"name": "Options Open", "coverArt": "https://i.scdn.co/image/ab67616d00001e027061565d25db3f8e1c0df73a", "artist": ["Kathleen Edwards"], "artistIds": ["7x4So74vIUx3DaLk93JCFf"], "artistPop": [43], "genres": ["alternative country", "canadian americana", "canadian country", "canadian indie", "canadian singer-songwriter", "deep new americana", "ectofolk", "folk", "indie folk", "lilith", "melancholia", "new americana", "ottawa indie", "roots rock", "stomp and holler"]}, "28LCprlRExHOgeFJu288q6": {"name": "What's Goin' On?", "coverArt": "https://i.scdn.co/image/ab67616d00001e0235efda7574e3c119cbc61c34", "artist": ["Gemaine"], "artistIds": ["6WnCnGe06iOO6fTPYAPF03"], "artistPop": [30], "genres": ["pop r&b"]}, "0yYhRi9Z39O6PgxcrkW7IC": {"name": "Top", "coverArt": "https://i.scdn.co/image/ab67616d00001e021f5af1103a53e0cc44519a2f", "artist": ["Fredo Bang"], "artistIds": ["4yTmEo2clwWq2jwelvqgVv"], "artistPop": [63], "genres": ["baton rouge rap", "southern hip hop", "trap"]}, "10ebWs3RkNRmriqKytDWuS": {"name": "Exotics", "coverArt": "https://i.scdn.co/image/ab67616d00001e029a3e244fd3135accb3bdaf8a", "artist": ["DDG"], "artistIds": ["0WK3H9OErSn5zKOkOV5egm"], "artistPop": [70], "genres": ["rap", "trap"]}, "37nhe7U8RqqLFMG81eamxf": {"name": "Dottin Up", "coverArt": "https://i.scdn.co/image/ab67616d00001e02cd199217036f6b043bea6d35", "artist": ["Jaah SLT"], "artistIds": ["6oUVQSkgFOPuv5g2hRCONc"], "artistPop": [49], "genres": []}, "4U2dA6Rkz8a4mv55c496IH": {"name": "Past Life", "coverArt": "https://i.scdn.co/image/ab67616d00001e020e5f02e0ffcf5855a6e15cc7", "artist": ["Toddy Smith", "Scotty Sire", "Nick Anderson"], "artistIds": ["61DydaDPRxMTkY3HtePiP9", "24vm5FBjvLpwUiVNcYc8qy", "4mpDYD1MiuMMc2cwkkhSaO"], "artistPop": [37, 53, 17], "genres": ["social media pop"]}, "2m70pnnWWOcItUhWHJbPu1": {"name": "Bad For You (feat. 90's Kids)", "coverArt": "https://i.scdn.co/image/ab67616d00001e02d31c54529b78c1a1f3da5339", "artist": ["Midnight Kids", "90's Kids"], "artistIds": ["5w39eY1aNDybnDGTNgVt3r", "6vPr4VCSFC3nJMw0mEBsn0"], "artistPop": [53, 37], "genres": ["edm", "electropop", "future bass", "pop dance", "pop edm", "columbus ohio indie", "hopebeat", "indie poptimism"]}, "2XkZvOZyyo5bmVkRrLEra4": {"name": "Be Fine", "coverArt": "https://i.scdn.co/image/ab67616d00001e02e0161e701bb0a53b90752527", "artist": ["Roland Faunte"], "artistIds": ["1IMFkgZ2ZpHknO1v2n97CH"], "artistPop": [46], "genres": ["brooklyn indie"]}, "69m0nk21Qs3xPCb99FHEpY": {"name": "Like this", "coverArt": "https://i.scdn.co/image/ab67616d00001e02ab839208840d74f9b0f605f7", "artist": ["\ubc15\ud61c\uc9c4 Park Hye Jin"], "artistIds": ["6niigcazB2JPcpasZfZvq1"], "artistPop": [53], "genres": ["korean dream pop"]}}