{"62Yo3FDddWY8ydu6PW2wyz": {"name": "Nail Tech", "coverArt": "https://i.scdn.co/image/ab67616d00001e026ad07426228d47de42c184f9", "artist": ["Jack Harlow"], "artistIds": ["2LIk90788K0zvyj2JJVwkJ"], "artistPop": [87], "genres": ["deep underground hip hop", "kentucky hip hop", "rap"]}, "6PzDwzYlw2gH6pYFQqNnFA": {"name": "Want It Bad (with Nigo)", "coverArt": "https://i.scdn.co/image/ab67616d00001e02619b610551cee69c4d4ad160", "artist": ["Kid Cudi", "Nigo"], "artistIds": ["0fA0VVWsXO9YnASrzqfmYu", "2rAnv6brcXaglLZBB4XXEn"], "artistPop": [87, 64], "genres": ["hip hop", "ohio hip hop", "rap"]}, "2iHsdUnmKGIuc9oRE3DfgJ": {"name": "House On Fire", "coverArt": "https://i.scdn.co/image/ab67616d00001e02ab56a7762ae2cd0fa60b15be", "artist": ["Mimi Webb"], "artistIds": ["3GxKJzJK4LpsYGXQrw77wz"], "artistPop": [70], "genres": ["alt z", "dance pop", "gen z singer-songwriter", "pop", "uk pop"]}, "1572zYzvWUopUEbwmjeLiO": {"name": "Swing & A Miss", "coverArt": "https://i.scdn.co/image/ab67616d00001e02822c4273778585035deb91b3", "artist": ["Oliver Tree"], "artistIds": ["6TLwD7HPWuiOzvXEa3oCNe"], "artistPop": [80], "genres": ["alternative hip hop"]}, "7Fege3yv4dvehB3NdRBGwI": {"name": "Banking On Me", "coverArt": "https://i.scdn.co/image/ab67616d00001e028538ab9fb154445316929c23", "artist": ["Gunna"], "artistIds": ["2hlmm7s2ICUX0LVIhVFlZQ"], "artistPop": [92], "genres": ["atl hip hop", "melodic rap", "rap", "trap"]}, "5FvXe5bz4nQQ4eBaitt4EC": {"name": "MAGIC (feat. Mustard)", "coverArt": "https://i.scdn.co/image/ab67616d00001e024ae35bf50055d670e7b2f61f", "artist": ["Vince Staples", "Mustard"], "artistIds": ["68kEuyFKyqrdQQLLsmiatm", "0YinUQ50QDB7ZxSCLyQ40k"], "artistPop": [73, 78], "genres": ["conscious hip hop", "escape room", "hip hop", "rap", "underground hip hop", "cali rap", "hip hop", "pop rap", "rap", "southern hip hop", "trap"]}, "1HVYQj4liQb1QOygBfjZqV": {"name": "The Boat I Row", "coverArt": "https://i.scdn.co/image/ab67616d00001e026c541ac3b150594fbdd8fa2b", "artist": ["Tame Impala"], "artistIds": ["5INjqkS1o8h1imAzPqGZBb"], "artistPop": [82], "genres": ["australian psych", "neo-psychedelic"]}, "2gbRKKSyW7e7vAkyvrJkte": {"name": "Pray", "coverArt": "https://i.scdn.co/image/ab67616d00001e02e2689bd17313e6719c897545", "artist": ["Jessie Murph"], "artistIds": ["2yLzlEFtIS0Q9UkyBZdQA7"], "artistPop": [69], "genres": ["alt z", "pop", "social media pop"]}, "6OSjW5fVkuBeBdJ7mAzDyE": {"name": "Outsid\u00eb (feat. Young Thug)", "coverArt": "https://i.scdn.co/image/ab67616d00001e02fbaf2820ed67dc688ff4c56a", "artist": ["Yeat", "Young Thug"], "artistIds": ["3qiHUAX7zY4Qnjx8TNUzVx", "50co4Is1HCEo8bhOyUWKpn"], "artistPop": [81, 91], "genres": ["pluggnb", "atl hip hop", "atl trap", "gangster rap", "hip hop", "melodic rap", "rap", "trap"]}, "4sRA220I8uSmsF0rffzGU8": {"name": "Like That", "coverArt": "https://i.scdn.co/image/ab67616d00001e024b76d65aadea3ad3bd80889b", "artist": ["Stefflon Don"], "artistIds": ["2ExGrw6XpbtUAJHTLtUXUD"], "artistPop": [72], "genres": ["dancehall", "pop", "pop rap", "uk dancehall", "uk hip hop"]}, "0a4x22Cu8ix2C0ylPLl7A7": {"name": "NWA (feat. Lil Durk)", "coverArt": "https://i.scdn.co/image/ab67616d00001e0249d06c5128177094fc12aa13", "artist": ["Lucky Daye", "Lil Durk"], "artistIds": ["5Vuvs6Py2JRU7WiFDVsI7J", "3hcs9uc56yIGFCSy9leWe7"], "artistPop": [71, 89], "genres": ["alternative r&b", "chill r&b", "indie r&b", "pop", "pop r&b", "r&b", "chicago drill", "chicago rap", "drill", "hip hop", "rap", "trap"]}, "60gTdTwaNtGAzIxKfeGVfJ": {"name": "Love's Train", "coverArt": "https://i.scdn.co/image/ab67616d00001e02de3dae8fc35eb3bcdfba8461", "artist": ["Bruno Mars", "Anderson .Paak", "Silk Sonic"], "artistIds": ["0du5cEVh5yTK9QJze8zA0C", "3jK9MiCrA42lLAdMGUZpwa", "6PvvGcCY2XtUcSRld1Wilr"], "artistPop": [92, 85, 82], "genres": ["dance pop", "pop", "escape room"]}, "6FtIK0IkmG33lKbc1pyAlZ": {"name": "AMAZING", "coverArt": "https://i.scdn.co/image/ab67616d00001e023d46e0edf4ff0894a62563ef", "artist": ["Rex Orange County"], "artistIds": ["7pbDxGE6nQSZVfiFdq9lOL"], "artistPop": [82], "genres": ["bedroom pop", "pop"]}, "4lM46UnoFn4FP074aYWGxS": {"name": "Trouble", "coverArt": "https://i.scdn.co/image/ab67616d00001e02b83ccd2aff6b20a67c2da94e", "artist": ["Troye Sivan", "Jay Som"], "artistIds": ["3WGpXCj9YhhfX11TToZcXP", "1wmiQ6ytATiGnJs6uFluKO"], "artistPop": [81, 51], "genres": ["australian pop", "dance pop", "electropop", "pop", "viral pop", "art pop", "bay area indie", "bubblegrunge", "indie pop", "indie rock", "oakland indie", "small room"]}, "4KrwobI2xa03a24kPDQIvh": {"name": "Headphones", "coverArt": "https://i.scdn.co/image/ab67616d00001e027d0e64a3b14549ddfae0536a", "artist": ["Maude Latour"], "artistIds": ["3MNLhvqJkWsO6tcjY9ps62"], "artistPop": [57], "genres": ["alt z", "indie pop", "nyc pop"]}, "4OmmvUxdmeew6cIJCxd2VH": {"name": "if jesus saves, she's my type", "coverArt": "https://i.scdn.co/image/ab67616d00001e026544f7580b79315ff46442e2", "artist": ["ROLE MODEL"], "artistIds": ["1dy5WNgIKQU6ezkpZs4y8z"], "artistPop": [67], "genres": ["alt z", "bedroom pop", "indie pop", "pop"]}, "2kRrmu3UpV9t9jM8yFxzGk": {"name": "Ni\u00f1o So\u00f1ador", "coverArt": "https://i.scdn.co/image/ab67616d00001e025e959548ba3c479d4da0a3fe", "artist": ["J Balvin"], "artistIds": ["1vyhD5VmyZ7KMfW5gqLgo5"], "artistPop": [93], "genres": ["latin", "reggaeton", "reggaeton colombiano", "trap latino"]}, "4G9ASa9c5scdal2puHntMR": {"name": "R U That (feat. 21 Savage)", "coverArt": "https://i.scdn.co/image/ab67616d00001e02e1f5293be71c71f17a433a77", "artist": ["Shenseea", "21 Savage"], "artistIds": ["1OFOShsIbhy1l5x73yuVyB", "1URnnhqYAYcrqrcwql10ft"], "artistPop": [66, 90], "genres": ["dancehall", "modern reggae", "atl hip hop", "rap", "trap"]}, "4qgMPzf9QOETWQFUcFkHD4": {"name": "Love Me", "coverArt": "https://i.scdn.co/image/ab67616d00001e028fc05e8ccc7a09abc8fc0abe", "artist": ["RealestK"], "artistIds": ["35R1B97CfrqKFFI3QBkTDx"], "artistPop": [69], "genres": []}, "7vrKEP66NdiQDPryPG6olO": {"name": "Bad Habits (feat. Bring Me The Horizon)", "coverArt": "https://i.scdn.co/image/ab67616d00001e02612413e0c31be02e4ac8bd35", "artist": ["Ed Sheeran", "Bring Me The Horizon"], "artistIds": ["6eUKZXaKkcviH0Ku9w2n3V", "1Ffb6ejR6Fe5IamqA5oRUF"], "artistPop": [96, 81], "genres": ["pop", "uk pop", "melodic metalcore", "metalcore", "rock", "uk metalcore"]}, "7wfxf9QXBIWgBx1aG5QWhR": {"name": "ROOM FOR 2", "coverArt": "https://i.scdn.co/image/ab67616d00001e02e74ff61497b66857aecc6f9c", "artist": ["Benson Boone"], "artistIds": ["22wbnEMDvgVIAGdFeek6ET"], "artistPop": [70], "genres": []}, "0oN3KzKOxYtyIuNiobf8Q4": {"name": "Fast Times", "coverArt": "https://i.scdn.co/image/ab67616d00001e0247d239089e8103fbfad2cfd2", "artist": ["Sabrina Carpenter"], "artistIds": ["74KM79TiuVKeVCqs8QtB0B"], "artistPop": [75], "genres": ["alt z", "dance pop", "electropop", "pop", "post-teen pop", "viral pop"]}, "3s4WVKaSU112SfRBjvyXKp": {"name": "BAD KIDS", "coverArt": "https://i.scdn.co/image/ab67616d00001e029db401d06a2daa342657c9b4", "artist": ["347aidan"], "artistIds": ["0bBz5bRBkExaej2HxtVfCw"], "artistPop": [73], "genres": ["sad lo-fi", "sad rap"]}, "3dvXRk7TZ929m21p49RR5P": {"name": "Mariella", "coverArt": "https://i.scdn.co/image/ab67616d00001e0228e12bc569f20d9f8ebff84c", "artist": ["Khruangbin", "Leon Bridges"], "artistIds": ["2mVVjNmdjXZZDvhgQWiakk", "3qnGvpP8Yth1AqSBMqON5x"], "artistPop": [73, 76], "genres": ["neo-psychedelic", "modern blues"]}, "2WnPietHTd9hrIPbZnpoHL": {"name": "HOME", "coverArt": "https://i.scdn.co/image/ab67616d00001e02d7f468554013b901a7c0e606", "artist": ["Mike Dimes"], "artistIds": ["6rIaHuCIUu32uj2CjlEBN3"], "artistPop": [67], "genres": []}, "6g6FfeozIEkVUXecpSq16Q": {"name": "Elon Musk (feat. Gunna)", "coverArt": "https://i.scdn.co/image/ab67616d00001e020adaabc20ad1cf7017e6604b", "artist": ["DDG", "Gunna"], "artistIds": ["0WK3H9OErSn5zKOkOV5egm", "2hlmm7s2ICUX0LVIhVFlZQ"], "artistPop": [69, 92], "genres": ["pop rap", "trap", "atl hip hop", "melodic rap", "rap", "trap"]}, "7mu9vxVH3VJVvSGepIay0q": {"name": "What's Love", "coverArt": "https://i.scdn.co/image/ab67616d00001e02be08193895fc036c849b7ed8", "artist": ["Baby Tate"], "artistIds": ["3IJ21966TwNZI24MwZHMu4"], "artistPop": [71], "genres": ["escape room", "trap queen", "viral rap"]}, "1UdzJEpgJxtuXAlCOvD4S0": {"name": "Fuera del mercado", "coverArt": "https://i.scdn.co/image/ab67616d00001e0263db9dc1e53b657fead61d11", "artist": ["Danny Ocean"], "artistIds": ["5H1nN1SzW0qNeUEZvuXjAj"], "artistPop": [79], "genres": ["latin", "latin pop", "pop venezolano", "reggaeton", "trap latino"]}, "2wVQcA1YCuGL6EW0QbgVoV": {"name": "Everything But You (feat. A7S)", "coverArt": "https://i.scdn.co/image/ab67616d00001e02f4d239e3e78f71c607c4db61", "artist": ["Clean Bandit", "A7S"], "artistIds": ["6MDME20pz9RveH9rEXvrOM", "5Wg2b4Mp42gicxEeDNawf7"], "artistPop": [80, 75], "genres": ["dance pop", "edm", "pop", "pop dance", "tropical house", "uk dance", "uk funky", "scandipop"]}, "0J0VOMFRsLrxd04uOIYxac": {"name": "Post Nut Clarity", "coverArt": "https://i.scdn.co/image/ab67616d00001e020c7f9b5e6d055737baeed318", "artist": ["Alemeda"], "artistIds": ["33Se8kMYeTPkeeM2LnsPF8"], "artistPop": [43], "genres": []}, "6MBBMgzOJjVsBuhZglGJXw": {"name": "Champions (feat. Wiz Khalifa)", "coverArt": "https://i.scdn.co/image/ab67616d00001e02579c50483d19744e9fb05b38", "artist": ["Ty Dolla $ign", "Wiz Khalifa"], "artistIds": ["7c0XG5cIJTrrAgEC3ULPiq", "137W8MRPWKqSmrBGDBFSop"], "artistPop": [87, 87], "genres": ["hip hop", "pop", "pop rap", "r&b", "southern hip hop", "trap", "trap soul", "dance pop", "hip hop", "pittsburgh rap", "pop rap", "rap", "southern hip hop", "trap"]}, "1Am6QnI4dZi0bkXeJXwW6P": {"name": "For The Squadron", "coverArt": "https://i.scdn.co/image/ab67616d00001e0283e6f570c175795ddfd124bb", "artist": ["SAINt JHN"], "artistIds": ["0H39MdGGX6dbnnQPt6NQkZ"], "artistPop": [77], "genres": ["melodic rap", "pop rap", "rap", "slap house", "trap"]}, "2nQF3xgFXtXVUlaQNiUARI": {"name": "Naturally", "coverArt": "https://i.scdn.co/image/ab67616d00001e028036d7a4166325ad0d116d12", "artist": ["Tinashe"], "artistIds": ["0NIIxcxNHmOoyBx03SfTCD"], "artistPop": [75], "genres": ["alternative r&b", "dance pop", "electropop", "hip pop", "metropopolis", "pop", "pop r&b", "pop rap", "post-teen pop", "r&b", "urban contemporary"]}, "3imd2WJDPDoIOyqDmw3plc": {"name": "YES MOM", "coverArt": "https://i.scdn.co/image/ab67616d00001e02302e2407ddcf836a0d5cf5bc", "artist": ["Tessa Violet"], "artistIds": ["5DD5GZd4ElmQTy9NleMvKJ"], "artistPop": [61], "genres": ["alt z", "indie pop"]}, "0KGeOj6DJXfCMGkLYiz4fB": {"name": "When You Look At Me", "coverArt": "https://i.scdn.co/image/ab67616d00001e0223bfda7baec8bbd36f8100cc", "artist": ["Sara Kays"], "artistIds": ["7Lk9V7E1u5gqSHmtcKlOqH"], "artistPop": [68], "genres": ["alt z", "gen z singer-songwriter", "modern indie pop", "pop"]}, "09MZIpr7ciaUZyxHKb37Mz": {"name": "I Think I Met You In A Dream", "coverArt": "https://i.scdn.co/image/ab67616d00001e02e69c20283111052832ca6d44", "artist": ["COIN"], "artistIds": ["0ZxZlO7oWCSYMXhehpyMvE"], "artistPop": [70], "genres": ["indie pop", "indie poptimism", "modern rock", "pop", "pop rock"]}, "3Jq0vjC96tJlUVAdKfMajk": {"name": "f**k it, i'm the man", "coverArt": "https://i.scdn.co/image/ab67616d00001e0220cfb3b60fa828fdbcd7e3f6", "artist": ["SEB"], "artistIds": ["7oPxPZSk7y5q0fhzpmX5Gi"], "artistPop": [62], "genres": []}, "1L11xLS2t34QQIBwwCWHly": {"name": "Hurts to Love", "coverArt": "https://i.scdn.co/image/ab67616d00001e02c345c5b448a0205b815dc150", "artist": ["Beach House"], "artistIds": ["56ZTgzPBDge0OvCGgMO3OY"], "artistPop": [77], "genres": ["baltimore indie", "dream pop", "dreamo", "modern dream pop"]}, "4ydCaKmqhbTPCMl7tb8TnR": {"name": "anotherlife", "coverArt": "https://i.scdn.co/image/ab67616d00001e029cc67f74aef32127ff87f7e9", "artist": ["Nil\u00fcfer Yanya"], "artistIds": ["09kXLeOXRyfNQMXRaDO4qA"], "artistPop": [54], "genres": ["art pop", "uk alternative pop"]}, "3MEYOBGJlvDgG99hSKIDQH": {"name": "Bad Love", "coverArt": "https://i.scdn.co/image/ab67616d00001e0290b6a064bd114a8042d2d684", "artist": ["Dehd"], "artistIds": ["6yzuBFtT6dK2aQMZJZtcB1"], "artistPop": [51], "genres": ["art pop", "bubblegrunge", "garage psych", "indie pop", "indie rock", "surf punk"]}, "7EHhEcu9tJWPZmlsNX4Gud": {"name": "Congratulations", "coverArt": "https://i.scdn.co/image/ab67616d00001e02762287992cf9508e32a5613f", "artist": ["Alicia Creti"], "artistIds": ["0V0XsSn8lNPXAEEFG292iX"], "artistPop": [0], "genres": []}, "41yHlQmNvtjRpoexYcSyJp": {"name": "Deprimida", "coverArt": "https://i.scdn.co/image/ab67616d00001e025ff5ad50c96c7bbb3ac24867", "artist": ["Ozuna"], "artistIds": ["1i8SpTcr7yvPOmcqrbnVXY"], "artistPop": [91], "genres": ["latin", "puerto rican pop", "reggaeton", "trap latino"]}, "01GWSxT4tc8oCQDteIvLwM": {"name": "Wait Too Long (feat. Blxst)", "coverArt": "https://i.scdn.co/image/ab67616d00001e02d36f1a4ca362c6e83ccf9e52", "artist": ["Buddy", "Blxst"], "artistIds": ["6PDLwWvgYNMfBRLqC1h5cJ", "4qXC0i02bSFstECuXP2ZpL"], "artistPop": [66, 76], "genres": ["alternative r&b", "cali rap", "underground hip hop", "pop rap"]}, "1scYWeRVHLNoKVT8DXKsOC": {"name": "Girls Love Rod Wave", "coverArt": "https://i.scdn.co/image/ab67616d00001e0205d286ecb59fc1693478b94f", "artist": ["Scorey"], "artistIds": ["0X3nsc84A9qlFilmlWNwQb"], "artistPop": [65], "genres": ["upstate ny rap"]}, "2GoXtcbzgBUrvYv6ac7zA9": {"name": "Letter To Ur Ex", "coverArt": "https://i.scdn.co/image/ab67616d00001e0230de8aad24c909c8a44b14c6", "artist": ["Mahalia"], "artistIds": ["16rCzZOMQX7P8Kmn5YKexI"], "artistPop": [67], "genres": ["alternative r&b", "chill r&b", "dance pop", "indie anthem-folk", "indie soul", "pop", "r&b", "uk contemporary r&b"]}, "0BSGQmGCwbUOru8zrUryal": {"name": "Clarity", "coverArt": "https://i.scdn.co/image/ab67616d00001e02ac04dcf412e0df71cd51ee3b", "artist": ["DOE"], "artistIds": ["7z7byOJ4AJnMY2NHE66ZpW"], "artistPop": [54], "genres": []}, "3SeeaIXnrCfT88vHVCRWHl": {"name": "Last Night Lonely", "coverArt": "https://i.scdn.co/image/ab67616d00001e02eb29d3666205d96501040002", "artist": ["Jon Pardi"], "artistIds": ["4MoAOfV4ROWofLG3a3hhBN"], "artistPop": [73], "genres": ["contemporary country", "country", "country road", "modern country rock"]}, "22ya9ZSp7FxhcgFLALm0eS": {"name": "KULT (feat. Jasiah)", "coverArt": "https://i.scdn.co/image/ab67616d00001e028788b4ddae042d5b21a43dec", "artist": ["Steve Aoki", "grandson", "Jasiah"], "artistIds": ["77AiFEVeAVj2ORpC85QVJs", "4ZgQDCtRqZlhLswVS6MHN4", "7502fDxg339jvGV08Jd4R0"], "artistPop": [78, 74, 67], "genres": ["dance pop", "edm", "electro house", "pop dance", "pop rap", "tropical house", "modern alternative rock", "modern rock", "rock", "dark trap", "ohio hip hop", "underground hip hop", "viral rap"]}, "1SnrSiotEZcuZvGWRLSBIp": {"name": "Espada Primo", "coverArt": "https://i.scdn.co/image/ab67616d00001e024ec11e11eb6262526d6b2a5e", "artist": ["Tobias Dray"], "artistIds": ["52X0HmQRQ8oRiq0pSEmJ9W"], "artistPop": [57], "genres": []}, "74oXlQPr6x05HDrGVaiYXZ": {"name": "Naked in Manhattan", "coverArt": "https://i.scdn.co/image/ab67616d00001e028374e4e443b90fa00d94fd66", "artist": ["Chappell Roan"], "artistIds": ["7GlBOeep6PqTfFi59PTUUN"], "artistPop": [49], "genres": ["indie electropop", "indie pop", "springfield mo indie"]}, "5c0WB921PDc4s4EpthSDJo": {"name": "DIZZY", "coverArt": "https://i.scdn.co/image/ab67616d00001e029ffc1a366dfd6061c4124811", "artist": ["THE BLSSM"], "artistIds": ["7lq7hz0Z6rG6v9zbJRRn4K"], "artistPop": [43], "genres": ["modern alternative pop"]}, "3yJ6oOCpjC1KbGO4uqebRu": {"name": "Little League", "coverArt": "https://i.scdn.co/image/ab67616d00001e02d3d6b6601b9ccfd835444632", "artist": ["Wallice"], "artistIds": ["6d6ts87Fxm1EdULf4CaLw4"], "artistPop": [52], "genres": ["indie pop"]}, "7aYv3jUbXvySVnHgVwXoaJ": {"name": "Float Through The Ceiling", "coverArt": "https://i.scdn.co/image/ab67616d00001e02cbe73f9ba9e5f3d6aa5c849a", "artist": ["DWLLRS"], "artistIds": ["2TviQllPVEQ7E68Yr4uPKR"], "artistPop": [36], "genres": ["chill pop"]}, "4wykWbZswhsDAhiCaSdN9F": {"name": "Handyman", "coverArt": "https://i.scdn.co/image/ab67616d00001e028924be72a4b9c9d62f7205cf", "artist": ["Teezo Touchdown"], "artistIds": ["0fGcIStdT1OpFFhOC7Wp36"], "artistPop": [55], "genres": []}, "4jHz6x0LTLdRsAnWWlVx5w": {"name": "Soul Bleed", "coverArt": "https://i.scdn.co/image/ab67616d00001e02b42df78ab91f0bbb2eb3da0a", "artist": ["Mooski"], "artistIds": ["4NqH3V7GS0Igs1VyGMXEi8"], "artistPop": [55], "genres": ["alabama rap"]}, "002WDZVLY5EElAwSjXziVt": {"name": "Cartier", "coverArt": "https://i.scdn.co/image/ab67616d00001e02b22b2350cc3d2c908d17f977", "artist": ["Melii"], "artistIds": ["4udfTw7V8jI4AHi7PEfJfj"], "artistPop": [54], "genres": ["pop r&b", "r&b", "rap latina", "trap queen"]}, "68s5zs7NWOgy3NyJ7U1uzA": {"name": "Na Na Na", "coverArt": "https://i.scdn.co/image/ab67616d00001e02b87aa40bbb16d7b822df4935", "artist": ["Goyo"], "artistIds": ["2ECiXSK7umi1luAaQyrCUX"], "artistPop": [27], "genres": []}, "7BhmwvCdQZNwuQXSHw5TzP": {"name": "Headlights (feat. KIDDO)", "coverArt": "https://i.scdn.co/image/ab67616d00001e02e4855f57cf9ffcf827fdd6e2", "artist": ["Alok", "Alan Walker", "KIDDO"], "artistIds": ["0NGAZxHanS9e0iNHpR8f2W", "7vk5e3vY1uw9plTHJAMwjN", "5pXe6yFchq1oyYK3rq2A8i"], "artistPop": [83, 85, 69], "genres": ["electro house", "pop nacional", "slap house", "electro house", "scandipop"]}, "7y3c1oJMY1CwwtOZ84Qovu": {"name": "Hallucination", "coverArt": "https://i.scdn.co/image/ab67616d00001e02b1b6e855791d4eab0a7c5da9", "artist": ["Regard", "Years & Years"], "artistIds": ["4ofCBoyEiGSePFAG500xev", "5vBSrE1xujD2FXYRarbAXc"], "artistPop": [76, 76], "genres": ["dance pop", "edm", "electro house", "pop", "pop dance", "pop edm", "slap house", "tropical house", "dance pop", "edm", "electropop", "gauze pop", "pop", "pop dance", "tropical house"]}, "6JJ3UK1YfxO26iEiMWUHHj": {"name": "Right on time", "coverArt": "https://i.scdn.co/image/ab67616d00001e0221de308b12c39e7e426c41cc", "artist": ["Metronomy"], "artistIds": ["54QMjE4toDfiCryzYWCpXX"], "artistPop": [66], "genres": ["alternative dance", "electronica", "electropop", "french indie pop", "indie rock", "indietronica", "modern rock", "new rave", "socal pop punk"]}, "1A5ECPrD9QBmKI8VrqRUqv": {"name": "Why I Love You", "coverArt": "https://i.scdn.co/image/ab67616d00001e02c0bb1eaf682345509af0bc40", "artist": ["grentperez"], "artistIds": ["73BLwSX6gsNeVzS7DgI4xe"], "artistPop": [68], "genres": ["chill r&b"]}, "2JND4SkJHfRpLpN0woStlP": {"name": "Like Exploding Stones", "coverArt": "https://i.scdn.co/image/ab67616d00001e0231d1c146a33aa4552a666658", "artist": ["Kurt Vile"], "artistIds": ["5gspAQIAH8nJUrMYgXjCJ2"], "artistPop": [61], "genres": ["alternative rock", "art pop", "freak folk", "indie folk", "indie rock", "modern folk rock", "philly indie", "roots rock", "stomp and holler"]}, "2rDaHAwvDFpSR6hta7re5l": {"name": "I Love You", "coverArt": "https://i.scdn.co/image/ab67616d00001e0225170cd5c0610d9a7d5f29bf", "artist": ["Fontaines D.C."], "artistIds": ["3SXwqSqAoBz9WCI9PDQzY6"], "artistPop": [59], "genres": ["chamber psych", "indie rock", "irish indie rock", "modern alternative rock", "modern rock"]}, "24SyVpif5eshcNmLKdvOcj": {"name": "Life's Coming in Slow - from GRAN TURISMO 7", "coverArt": "https://i.scdn.co/image/ab67616d00001e0288ebf446dba1b77bf99b2738", "artist": ["Nothing But Thieves"], "artistIds": ["1kDGbuxWknIKx4FlgWxiSp"], "artistPop": [70], "genres": ["alternative pop rock", "modern alternative rock", "modern rock", "rock"]}, "7fPMxbD8KCeCYEpJmihTjG": {"name": "Fishin' On A River", "coverArt": "https://i.scdn.co/image/ab67616d00001e02b972830dd49e4b8a8df05db5", "artist": ["Jake Owen"], "artistIds": ["1n2pb9Tsfe4SwAjmUac6YT"], "artistPop": [69], "genres": ["contemporary country", "country", "country road", "modern country rock"]}, "2eISfluGxum1EMjPQYCPp0": {"name": "Can't Be Me", "coverArt": "https://i.scdn.co/image/ab67616d00001e02574beaa6ac93695d1e5b7665", "artist": ["Sean Stemaly"], "artistIds": ["2dZ1l4hWgtbMS0N5T9Oalb"], "artistPop": [57], "genres": ["contemporary country", "country pop"]}, "5CmIIBRVQWLX2uXAkuBlS8": {"name": "Weatherman", "coverArt": "https://i.scdn.co/image/ab67616d00001e025d944a9c61460f3649ea75fb", "artist": ["Eddie Benjamin"], "artistIds": ["1AaSeUFzwt47HhkGtWE1xn"], "artistPop": [41], "genres": ["modern indie pop"]}, "4vMvD08D53LSWRZZJni1zp": {"name": "All Of It All", "coverArt": "https://i.scdn.co/image/ab67616d00001e02ef7c8cda80120e2a61a0c4ca", "artist": ["Lukas Graham"], "artistIds": ["25u4wHJWxCA9vO0CzxAbK7"], "artistPop": [76], "genres": ["danish pop", "pop", "scandipop"]}, "6sooxXwLEwh812Ve4L5ovr": {"name": "Blow The Roof (with Kasbo & EVAN GIIA)", "coverArt": "https://i.scdn.co/image/ab67616d00001e025d52674401200b5d63f7dd35", "artist": ["Louis The Child", "Kasbo", "EVAN GIIA"], "artistIds": ["7wg1qvie3KqDNQbAkTdbX0", "1ikID9RZZMvkuBGDWrqajq", "0D6BtvIkN3P9GHTa8KR24t"], "artistPop": [70, 59, 57], "genres": ["edm", "electropop", "indie poptimism", "pop", "pop dance", "tropical house", "edm", "electropop", "future bass", "indie electropop", "indie poptimism", "pop edm", "swedish electropop", "tropical house", "vapor soul", "vapor twitch", "indie electropop", "nyc pop"]}, "2ZFFX9m6T3vsB9yJoURXZH": {"name": "Let Me Know (feat. Kalan.FrFr)", "coverArt": "https://i.scdn.co/image/ab67616d00001e02349af49d8aadc5fd50dc8ffe", "artist": ["OHGEESY", "Kalan.FrFr"], "artistIds": ["3ppQEG71r7jVpI8RudzycF", "47TMF0JlFsz01KilGzc5Ly"], "artistPop": [70, 57], "genres": ["cali rap", "cali rap", "pop rap", "west coast trap"]}, "35WdGjpHVOHLepJl543eyC": {"name": "556 (Green Tip)", "coverArt": "https://i.scdn.co/image/ab67616d00001e022b733617d741b01677f085b7", "artist": ["iayze"], "artistIds": ["00msLVGU9crX0EC5McCiCa"], "artistPop": [56], "genres": ["plugg", "pluggnb", "vapor trap"]}, "2f5hNzC7H56KsR1GAdG5cR": {"name": "4's Up", "coverArt": "https://i.scdn.co/image/ab67616d00001e0214314611ff565ad984c1de15", "artist": ["Fredo Bang"], "artistIds": ["4yTmEo2clwWq2jwelvqgVv"], "artistPop": [65], "genres": ["baton rouge rap", "pop rap", "southern hip hop", "trap"]}, "576lLNRA4HnejTI5Q0c3zd": {"name": "danser", "coverArt": "https://i.scdn.co/image/ab67616d00001e023921944bc5625e313c9c6c4b", "artist": ["mwami"], "artistIds": ["0efcioCBRBzfxRC6Ax0zXq"], "artistPop": [20], "genres": ["indie hip hop"]}, "1SGbmqB3dxlrp4YkKzZUto": {"name": "Never Ending", "coverArt": "https://i.scdn.co/image/ab67616d00001e02a72598327a8745c0dba8a7ec", "artist": ["Bob Moses"], "artistIds": ["6LHsnRBUYhFyt01PdKXAF5"], "artistPop": [64], "genres": ["canadian electronic", "canadian house"]}, "3UBUSMQXobHQMXkKsv9dgy": {"name": "King of Sweden", "coverArt": "https://i.scdn.co/image/ab67616d00001e020423c59bb99077acd05ae544", "artist": ["Future Islands"], "artistIds": ["1WvvwcQx0tj6NdDhZZ2zZz"], "artistPop": [70], "genres": ["alternative dance", "baltimore indie", "chillwave", "indie rock", "modern rock"]}, "1d3ErX8FHlSQVZu7BHWMmd": {"name": "purple ribbon", "coverArt": "https://i.scdn.co/image/ab67616d00001e02d32e3f915fc057923d43e0a1", "artist": ["Mila Degray"], "artistIds": ["2xEm2V0agYeSKR0xBLzMxu"], "artistPop": [15], "genres": []}, "0zll7ar6NSz8VUN0gciDak": {"name": "5am", "coverArt": "https://i.scdn.co/image/ab67616d00001e02e279188c9b58b4ab61b3b3b9", "artist": ["toast", "JOE L"], "artistIds": ["3Nz5FVEfruc2XuwrGdeHeC", "276rQ7r59LD3mS6oL5RMVb"], "artistPop": [29, 9], "genres": []}, "3j8mwslzqj90yjWWNwwff8": {"name": "Bleach", "coverArt": "https://i.scdn.co/image/ab67616d00001e020cdcef3ddd02385b6f4ecdbb", "artist": ["Isaac Dunbar"], "artistIds": ["2sBVpvpeQxK01FqIt5t816"], "artistPop": [61], "genres": ["alt z", "indie pop", "modern indie pop", "social media pop"]}, "2NTMjOwveAazm5GS2wgDgw": {"name": "Sus Huellas", "coverArt": "https://i.scdn.co/image/ab67616d00001e02f1382ffd83373d78d4b6a548", "artist": ["Romeo Santos"], "artistIds": ["5lwmRuXgjX8xIwlnauTZIP"], "artistPop": [83], "genres": ["bachata", "latin"]}, "7HDcd1vyDdNWq897wSILCZ": {"name": "Slow Song (with Dragonette)", "coverArt": "https://i.scdn.co/image/ab67616d00001e0248b038d8408154f75de62d34", "artist": ["The Knocks", "Dragonette"], "artistIds": ["2x7EATekOPhFGRx3syMGEC", "4GLJPBj5Cdr9AgLKvLWM4n"], "artistPop": [69, 61], "genres": ["alternative dance", "edm", "indie poptimism", "indietronica", "nu disco", "tropical house", "canadian electropop", "canadian pop", "dance rock", "electropop", "metropopolis", "neo-synthpop"]}, "4EmzSqaqpv663TP3VvqCa9": {"name": "Knock Knock", "coverArt": "https://i.scdn.co/image/ab67616d00001e023c71269f031c9962615196bb", "artist": ["Tion Wayne", "M24"], "artistIds": ["7b79bQFziJFedJb75k6hFt", "601bmA9VRZnMVclsxG7W6T"], "artistPop": [75, 64], "genres": ["london rap", "uk drill", "uk hip hop"]}, "5lPsuQEj6GwZkAn8MMHaqB": {"name": "Louis Baggage (feat. Babyface Ray)", "coverArt": "https://i.scdn.co/image/ab67616d00001e02a007a5699edfbbe968677845", "artist": ["Curren$y", "The Alchemist", "Babyface Ray"], "artistIds": ["6X8WdFjrNhXATMDSs26aCc", "0eVyjRhzZKke2KFYTcDkeu", "3zZ88AwlTwfCJkowsFCvLA"], "artistPop": [70, 72, 68], "genres": ["alternative hip hop", "dirty south rap", "gangster rap", "hip hop", "new orleans rap", "pop rap", "rap", "southern hip hop", "underground hip hop", "alternative hip hop", "hardcore hip hop", "hip hop", "rap", "underground hip hop", "west coast rap", "detroit trap"]}, "64rXwox33vcb7IKEPWZjeD": {"name": "Here", "coverArt": "https://i.scdn.co/image/ab67616d00001e02c22688de1baf61042c93e584", "artist": ["Porsh Bet$"], "artistIds": ["6744gF2rjCRtqwbMb9ldk4"], "artistPop": [37], "genres": ["indie r&b"]}, "5Fi65nBOXESGgk7xab2CCx": {"name": "FRIENDS", "coverArt": "https://i.scdn.co/image/ab67616d00001e02ecb6abf55a11d27bcff0835d", "artist": ["Ryan Hall"], "artistIds": ["22bvUzi8MgkpSKBWGB2vTJ"], "artistPop": [29], "genres": []}, "68nHUm2Twgt4GW2sCUifu5": {"name": "Girls In Line for the Bathroom", "coverArt": "https://i.scdn.co/image/ab67616d00001e028d2e93c4cc09dc2831931346", "artist": ["Carlie Hanson"], "artistIds": ["3mPc8WGusz2XF3Tvs3AKCR"], "artistPop": [57], "genres": ["alt z", "electropop", "indie electropop", "indie poptimism", "pop", "post-teen pop", "social media pop"]}, "3yqVm7Je8UssmEJzWtzyYF": {"name": "Single In September", "coverArt": "https://i.scdn.co/image/ab67616d00001e0214ed887cd82116c81ff743b7", "artist": ["Zolita"], "artistIds": ["7nnTzZ5tZrPx14iDnmjksU"], "artistPop": [55], "genres": ["alt z", "electropop", "indie poptimism", "pop"]}, "1Si6wrL2cPEiIy2aKLYKl8": {"name": "SAGA", "coverArt": "https://i.scdn.co/image/ab67616d00001e029985fdcc0afc5da92c9da22b", "artist": ["Hurray For The Riff Raff"], "artistIds": ["2xLEV2jDreAOcpJXFNoXyt"], "artistPop": [50], "genres": ["alternative country", "folk", "indie pop", "new americana", "new orleans americana", "queer country", "stomp and holler"]}, "6ttjTA8589PqK8DF9SBEC7": {"name": "AM Gold", "coverArt": "https://i.scdn.co/image/ab67616d00001e02c39c1dc2c5f67f8adceb5244", "artist": ["Train"], "artistIds": ["3FUY2gzHeIiaesXtOAdB7A"], "artistPop": [77], "genres": ["dance pop", "neo mellow", "pop", "pop rock"]}, "1tI1UeVe7L9TbNq0JyzvZw": {"name": "Radio", "coverArt": "https://i.scdn.co/image/ab67616d00001e027a6f26e8fed92a8ee43387bc", "artist": ["JP Cooper"], "artistIds": ["4kYGAK2zu9EAomwj3hXkXy"], "artistPop": [75], "genres": ["neo mellow", "pop", "pop rock", "tropical house", "uk pop"]}, "1572n5ACOGAwWhBX3Ix9jM": {"name": "I Keep", "coverArt": "https://i.scdn.co/image/ab67616d00001e02ffe3d86cf2482edd29a38412", "artist": ["BROODS", "Tove Lo"], "artistIds": ["5r5Va4lVQ1zjEfbJSrmCsS", "4NHQUGzhtTLFvgF5SZesLK"], "artistPop": [63, 79], "genres": ["art pop", "auckland indie", "electropop", "etherpop", "indie pop", "indie poptimism", "indietronica", "metropopolis", "nz pop", "pop", "pop rock", "shimmer pop", "tropical house", "vapor soul", "art pop", "dance pop", "electropop", "metropopolis", "pop", "swedish electropop", "swedish pop", "swedish synthpop"]}, "413GLSu7A62MzPv3lYh6Kt": {"name": "Someone Like You", "coverArt": "https://i.scdn.co/image/ab67616d00001e029d23d57b2a16aaee5c672a5b", "artist": ["KAIRO"], "artistIds": ["74fcIBekHLf4hucCT3My0v"], "artistPop": [0], "genres": []}, "21OWPe2xmKbHzSxW4LNRMu": {"name": "Acts of Service", "coverArt": "https://i.scdn.co/image/ab67616d00001e02d55cc3d0c0a8587dede75087", "artist": ["Liam Benzvi"], "artistIds": ["0K1pnBf7UJLpAk5ZPV54lS"], "artistPop": [22], "genres": []}, "4A7EvacZyKyi97mvt8ARf0": {"name": "FUCKED OVER (feat. phem and Tosh the Drummer)", "coverArt": "https://i.scdn.co/image/ab67616d00001e025952a96ea8304fd0f76aa6a4", "artist": ["93FEETOFSMOKE", "phem", "Tosh the Drummer"], "artistIds": ["0plNgbIlOc13T8ot3vyK79", "0MGJHTThvyAyqKuEAgPqDr", "4UtLdjkUvG4AROVpFXaIhq"], "artistPop": [51, 57, 16], "genres": ["emo rap", "alt z"]}, "2HAQFYghYwBx2nX4JKvLbX": {"name": "Southside of the Moon", "coverArt": "https://i.scdn.co/image/ab67616d00001e023b247c0d33b78fd3b79c968e", "artist": ["Big K.R.I.T."], "artistIds": ["0CKa42Jqrc9fSFbDjePaXP"], "artistPop": [65], "genres": ["alternative hip hop", "conscious hip hop", "dirty south rap", "gangster rap", "hip hop", "houston rap", "mississippi hip hop", "pop rap", "rap", "southern hip hop", "trap", "underground hip hop"]}, "6xQWKkfkobpwY8BniNIW7K": {"name": "Busy Body", "coverArt": "https://i.scdn.co/image/ab67616d00001e02f96b2ad36dfd7fab2209de77", "artist": ["Pyrex Pryce"], "artistIds": ["7HkRWn9KQavVjW2lCTGi3K"], "artistPop": [41], "genres": ["indie hip hop"]}, "76FG8HZ27lqfceC1af0aHn": {"name": "LEVELS", "coverArt": "https://i.scdn.co/image/ab67616d00001e0245d07493c3a154a64f671f6d", "artist": ["Boslen"], "artistIds": ["7mX72Bq2iXNr8fZdu23fQL"], "artistPop": [54], "genres": ["bc underground hip hop", "canadian hip hop", "indie hip hop"]}, "0NifoawGXlUd8kkeqPRgB2": {"name": "Can't Find Love in L.A.", "coverArt": "https://i.scdn.co/image/ab67616d00001e020ef35ca9c27b3a17c7bef3aa", "artist": ["IV4"], "artistIds": ["7z1y0PfVnWsyNGLUsY0EtG"], "artistPop": [34], "genres": []}, "6QsDQlfHHQDxVeY8DdFZHf": {"name": "Codependency", "coverArt": "https://i.scdn.co/image/ab67616d00001e02a54785d242130a3cb23bd7e3", "artist": ["David Saint Val"], "artistIds": ["0KrQ2j4V5xKu9eNVC2UP6J"], "artistPop": [23], "genres": []}, "4lEvUSQ21c0mDXLToWpZtU": {"name": "Wild Roses", "coverArt": "https://i.scdn.co/image/ab67616d00001e02b9597e08b1a68c05a54c3337", "artist": ["Jack Van Cleaf"], "artistIds": ["7nW46aJfNHxK9Y3M5Dhadk"], "artistPop": [31], "genres": []}}