{"27NovPIUIRrOZoCHxABJwK": {"name": "INDUSTRY BABY (feat. Jack Harlow)", "coverArt": "https://i.scdn.co/image/ab67616d00001e02ba26678947112dff3c3158bf", "artist": ["Lil Nas X", "Jack Harlow"], "artistIds": ["7jVv8c5Fj3E9VhNjxT4snq", "2LIk90788K0zvyj2JJVwkJ"], "artistPop": [89, 88], "genres": ["lgbtq+ hip hop", "pop rap", "deep underground hip hop", "kentucky hip hop", "pop rap", "rap"]}, "1058fW9H3fZA6QjYCdOBad": {"name": "Don't Go Yet", "coverArt": "https://i.scdn.co/image/ab67616d00001e02d24bb6aa36842e45bdd3d1cc", "artist": ["Camila Cabello"], "artistIds": ["4nDoRrQiYLoBzwC5BhVJzF"], "artistPop": [84], "genres": ["dance pop", "pop", "post-teen pop"]}, "1JXBNvlDEl2epKSJ9EOgKX": {"name": "NOT SOBER (feat. Polo G & Stunna Gambino)", "coverArt": "https://i.scdn.co/image/ab67616d00001e028e6551a2944764bc8e33a960", "artist": ["The Kid LAROI", "Polo G", "Stunna Gambino"], "artistIds": ["2tIP7SsRs7vjIcLrU85W8J", "6AgTAQt8XS6jRWi4sX7w49", "15ZjD8Gus20Miqw3fdOaXX"], "artistPop": [92, 88, 70], "genres": ["australian hip hop", "chicago rap", "nyc rap"]}, "3zQpGaH50HeMjxurMZVF6q": {"name": "Lifetime (with Ty Dolla $ign & 070 Shake)", "coverArt": "https://i.scdn.co/image/ab67616d00001e02ab5ad152b32cf1e32242a68a", "artist": ["Swedish House Mafia", "Ty Dolla $ign", "070 Shake"], "artistIds": ["1h6Cn3P4NGzXbaXidqURXs", "7c0XG5cIJTrrAgEC3ULPiq", "12Zk1DFhCbHY6v3xep2ZjI"], "artistPop": [71, 87, 66], "genres": ["dance pop", "edm", "electro house", "pop", "pop dance", "progressive electro house", "hip hop", "pop", "pop rap", "r&b", "trap", "trap soul", "alternative r&b", "new jersey rap"]}, "3yaYgjEFkRw3PVjW9mV1TO": {"name": "Over The Top (feat. Drake)", "coverArt": "https://i.scdn.co/image/ab67616d00001e02bfc336878a9695721f721861", "artist": ["Smiley", "Drake"], "artistIds": ["6jeg7JBX9J9097esK752iR", "3TVXtAsR1Inumwj472S9r4"], "artistPop": [68, 100], "genres": ["canadian hip hop", "toronto rap", "canadian hip hop", "canadian pop", "hip hop", "pop rap", "rap", "toronto rap"]}, "0WLVSnKqQBK4UPom1TESHK": {"name": "Stoned at the Nail Salon", "coverArt": "https://i.scdn.co/image/ab67616d00001e02bc6cc87e5e0d61f6704c8367", "artist": ["Lorde"], "artistIds": ["163tK9Wjr9P9DmM0AVK7lm"], "artistPop": [83], "genres": ["art pop", "dance pop", "electropop", "metropopolis", "nz pop", "pop", "post-teen pop"]}, "2CIYemjFXdmCWpJnfbtrD6": {"name": "New Normal", "coverArt": "https://i.scdn.co/image/ab67616d00001e0288d4fc6c2c4d6dbdf64bb9e2", "artist": ["Khalid"], "artistIds": ["6LuN9FCkKOj5PcnpouEgny"], "artistPop": [88], "genres": ["pop", "pop r&b"]}, "3zs87EV3EZSh2UpiXxT52Y": {"name": "Better Believe", "coverArt": "https://i.scdn.co/image/ab67616d00001e022c6e41177fe254da59c35b2c", "artist": ["Belly", "The Weeknd", "Young Thug"], "artistIds": ["0FOWNUFHPnMy0vOw1siGqi", "1Xyo4u8uXC1ZmMpatF05PJ", "50co4Is1HCEo8bhOyUWKpn"], "artistPop": [70, 93, 88], "genres": ["canadian hip hop", "canadian trap", "pop rap", "rap", "southern hip hop", "trap", "trap soul", "canadian contemporary r&b", "canadian pop", "pop", "atl hip hop", "atl trap", "gangster rap", "hip hop", "melodic rap", "pop rap", "rap", "trap"]}, "7zRXkZJQJYuSIqqv7PaPvb": {"name": "Questions", "coverArt": "https://i.scdn.co/image/ab67616d00001e028350e0c4238db3dde31b69c0", "artist": ["Pop Smoke"], "artistIds": ["0eDvMgVFoNV3TpwtrVCoTj"], "artistPop": [89], "genres": ["brooklyn drill"]}, "2RkZZh5XQ4y3sG8gCu96Tz": {"name": "I Like That", "coverArt": "https://i.scdn.co/image/ab67616d00001e02f08c94c398b03062d5156876", "artist": ["Bazzi"], "artistIds": ["4GvEc3ANtPPjt1ZJllr5Zl"], "artistPop": [77], "genres": ["dance pop", "electropop", "pop", "pop rap", "post-teen pop"]}, "6Rrehwtm21J7E6r5b2kEHq": {"name": "Stay High - Childish Gambino Version", "coverArt": "https://i.scdn.co/image/ab67616d00001e02aa0593eb7233c1e46e8277b1", "artist": ["Childish Gambino", "Brittany Howard"], "artistIds": ["73sIBHcqh3Z3NyqHKZ7FOL", "4XquDVA8pkg5Lx91No1JxB"], "artistPop": [78, 59], "genres": ["atl hip hop", "hip hop", "pop rap", "rap", "modern blues rock", "neo soul"]}, "681ZlxQVB8XBPRZD1Wk4oi": {"name": "MONEY ON ME", "coverArt": "https://i.scdn.co/image/ab67616d00001e025a60d89c64c34cd1ceb04241", "artist": ["Lil Tecca"], "artistIds": ["4Ga1P7PMIsmqEZqhYZQgDo"], "artistPop": [83], "genres": ["melodic rap", "rap", "trap"]}, "5laAdwuT8EEvkIXrmrhRSB": {"name": "System (feat. WizKid)", "coverArt": "https://i.scdn.co/image/ab67616d00001e028e401f237540dd0cb3b592ea", "artist": ["Dave", "WizKid"], "artistIds": ["6Ip8FS7vWT1uKkJSweANQK", "3tVQdUvClmAT7URs9V3rsp"], "artistPop": [79, 80], "genres": ["uk hip hop", "afro dancehall", "afropop", "azonto", "nigerian hip hop", "nigerian pop"]}, "5vUZMotVhkVcizIP0qrgr8": {"name": "Say What You Will", "coverArt": "https://i.scdn.co/image/ab67616d00001e0242ad8b3e4b28a5d052ba9228", "artist": ["James Blake"], "artistIds": ["53KwLdlmrlCelAZMaLVZqU"], "artistPop": [70], "genres": ["alternative r&b", "indie soul", "uk alternative pop"]}, "5uyw6qVn71nKSBVyBl3Ytv": {"name": "Right on Time", "coverArt": "https://i.scdn.co/image/ab67616d00001e022e599a5692f3728a96345993", "artist": ["Brandi Carlile"], "artistIds": ["2sG4zTOLvjKG1PSoOyf5Ej"], "artistPop": [66], "genres": ["acoustic pop", "folk", "indie folk", "lilith", "modern folk rock", "neo mellow", "new americana", "stomp and holler"]}, "5f3MXmTmstozFg0BH1yPUk": {"name": "If I Didn't Love You", "coverArt": "https://i.scdn.co/image/ab67616d00001e0223659a8b494327e3aca65e58", "artist": ["Jason Aldean", "Carrie Underwood"], "artistIds": ["3FfvYsEGaIb52QPXhg4DcH", "4xFUf1FHVy696Q1JQZMTRj"], "artistPop": [77, 74], "genres": ["contemporary country", "country", "country road", "contemporary country", "country", "country dawn", "country road", "oklahoma country", "post-teen pop"]}, "5uKF2xt6rVWjgBOS7uUpif": {"name": "HONEST", "coverArt": "https://i.scdn.co/image/ab67616d00001e02ce97ae64ffba10da555f74f4", "artist": ["Jeremy Zucker"], "artistIds": ["3gIRvgZssIb9aiirIg0nI3"], "artistPop": [78], "genres": ["electropop", "pop", "post-teen pop"]}, "0MWiSBKm8Avs8iDIxcertp": {"name": "Kiss My (Uh Oh)", "coverArt": "https://i.scdn.co/image/ab67616d00001e026c46dd6e21c778948898c2c5", "artist": ["Anne-Marie", "Little Mix"], "artistIds": ["1zNqDE7qDGCsyzJwohVaoX", "3e7awlrlDSwF3iM0WBjGMp"], "artistPop": [82, 83], "genres": ["dance pop", "pop", "pop dance", "post-teen pop", "tropical house", "uk pop", "dance pop", "girl group", "pop", "post-teen pop", "talent show", "uk pop"]}, "5T0ahhwM0f4YYExfIGEHVw": {"name": "Alright (feat. 24kGoldn & Quavo)", "coverArt": "https://i.scdn.co/image/ab67616d00001e026437326adf48d5a8d36939df", "artist": ["HVME", "24kGoldn", "Quavo"], "artistIds": ["2o08sCWF5yyo2G4DCiT7T9", "6fWVd57NKTalqvmjRd2t8Z", "0VRj0yCOv2FXJNP47XQnx5"], "artistPop": [74, 81, 81], "genres": ["slap house", "cali rap", "atl hip hop", "hip hop", "melodic rap", "pop rap", "rap", "southern hip hop", "trap"]}, "0JhOWLV0il0wcoyOr2kaCx": {"name": "Steam", "coverArt": "https://i.scdn.co/image/ab67616d00001e02034df4752f848fd74b5a2c24", "artist": ["Leon Bridges"], "artistIds": ["3qnGvpP8Yth1AqSBMqON5x"], "artistPop": [74], "genres": ["modern blues"]}, "6P2Y4KnF2x8uwZV2cZWA8t": {"name": "Coloratura", "coverArt": "https://i.scdn.co/image/ab67616d00001e028e6e01a0deaa183a6c3d92a4", "artist": ["Coldplay"], "artistIds": ["4gzpq5DPGxSnKTe4SA8HAU"], "artistPop": [87], "genres": ["permanent wave", "pop"]}, "17NlAopmbL9vdVKR8nSfbz": {"name": "Liquor Store", "coverArt": "https://i.scdn.co/image/ab67616d00001e0200c8dcda7417dc5ec43fc91a", "artist": ["Remi Wolf"], "artistIds": ["0NB5HROxc8dDBXpkIi1v3d"], "artistPop": [67], "genres": ["alternative r&b", "indie pop", "indie r&b", "modern alternative pop"]}, "1i4PDSBM06tdv4bnHmZhot": {"name": "Resting B*tch Face: Part 2", "coverArt": "https://i.scdn.co/image/ab67616d00001e0264a3521e6e01e823107e1288", "artist": ["Julia Wolf"], "artistIds": ["5yvGiZLSWJTPBlZpVbPnEZ"], "artistPop": [51], "genres": ["alt z", "indie electropop"]}, "0UMFm4ndFr3PH5VsVYnCNG": {"name": "forever&more", "coverArt": "https://i.scdn.co/image/ab67616d00001e026cb4638bb1adcbbb990ef3da", "artist": ["ROLE MODEL"], "artistIds": ["1dy5WNgIKQU6ezkpZs4y8z"], "artistPop": [66], "genres": ["alt z", "bedroom pop", "indie cafe pop", "indie pop", "pop", "social media pop"]}, "3BjwSq6phb60SOdTZw5pZY": {"name": "Beautiful Lies", "coverArt": "https://i.scdn.co/image/ab67616d00001e025af60d7ec22b1b70933ac381", "artist": ["Yung Bleu", "Kehlani"], "artistIds": ["3KNIG74xSTc3dj0TRy7pGX", "0cGUm45nv7Z6M6qdXYQGTX"], "artistPop": [71, 79], "genres": ["alabama rap", "pop r&b", "r&b", "trap", "dance pop", "pop", "pop rap", "post-teen pop", "r&b"]}, "2pxTrFJzMSqo6OmHFeiwJ6": {"name": "Wat U Sed (feat. Iamdoechii & Kal Banx)", "coverArt": "https://i.scdn.co/image/ab67616d00001e028ee071f2312aabc8c5aabf7f", "artist": ["Isaiah Rashad", "DOECHII", "Kal Banx"], "artistIds": ["6aaMZ3fcfLv4tEbmY7bjRM", "4E2rKHVDssGJm2SCDOMMJB", "2TYRz7cFNZNPLUWRijsJNL"], "artistPop": [75, 60, 55], "genres": ["hip hop", "rap", "tennessee hip hop", "underground hip hop", "escape room"]}, "6uTID2glulLOXYhcwMETS1": {"name": "5500 Degrees (feat. Lil Baby, 42 Dugg & Rylo Rodriguez)", "coverArt": "https://i.scdn.co/image/ab67616d00001e02c99fcafcb0fb412535dcf6fd", "artist": ["EST Gee", "Lil Baby", "42 Dugg", "Rylo Rodriguez"], "artistIds": ["4FlG0V0jhLO4qGpayFOphj", "5f7VJjfbwm532GiveGC0ZK", "45gHcnDnMC15sgx3VL7ROG", "0gg11prPP6OqtUvBcKnPpq"], "artistPop": [70, 91, 76, 61], "genres": ["kentucky hip hop", "rap", "southern hip hop", "trap", "atl hip hop", "atl trap", "rap", "trap", "detroit trap", "rap", "southern hip hop", "trap", "alabama rap", "atl trap", "tennessee hip hop", "trap"]}, "6bIXN4xCot0hiEfzl2xFZR": {"name": "Living Proof", "coverArt": "https://i.scdn.co/image/ab67616d00001e02fece4311f4712145a9cbd28c", "artist": ["The War On Drugs"], "artistIds": ["6g0mn3tzAds6aVeUYRsryU"], "artistPop": [62], "genres": ["indie rock", "modern rock", "philly indie"]}, "0lg3Sw4BJwpjusx6m0YclP": {"name": "La Da Di Da", "coverArt": "https://i.scdn.co/image/ab67616d00001e025f4cbcfd32df3ebfbdc37dde", "artist": ["Louyah"], "artistIds": ["4FH6xGueB6CRmiEdtPnu41"], "artistPop": [51], "genres": ["sad rap"]}, "3Q872ol7VFg088SkbxSuqO": {"name": "Psycho (feat. Rubi Rose)", "coverArt": "https://i.scdn.co/image/ab67616d00001e025fc0614e9b440425a550d787", "artist": ["Dixie", "Rubi Rose"], "artistIds": ["3DKkhRCGOG4e8IUPYFPfWs", "1DGAqC29aw0FpJCejAehVk"], "artistPop": [62, 59], "genres": ["social media pop", "pop r&b"]}, "2ZJMzuQIlQ5AC5Id1SFkan": {"name": "Call Me", "coverArt": "https://i.scdn.co/image/ab67616d00001e0291d81a7adadfd65f2a50abe2", "artist": ["Logic"], "artistIds": ["4xRYI6VqpkE3UwrDrAZL8L"], "artistPop": [81], "genres": ["conscious hip hop", "dmv rap", "hip hop", "pop rap", "rap"]}, "1uMHCAyGmHqyygoNRuo7MV": {"name": "edamame (feat. Rich Brian)", "coverArt": "https://i.scdn.co/image/ab67616d00001e02545a202ab06885cf2c6621ca", "artist": ["bbno$", "Rich Brian"], "artistIds": ["41X1TR6hrK8Q2ZCpp2EqCz", "2IDLDx25HU1nQMKde4n61a"], "artistPop": [77, 77], "genres": ["canadian hip hop", "dark trap", "pop rap", "vapor trap", "indonesian hip hop"]}, "5fwabfmJtYmNbcNd2ISl3x": {"name": "Phoenix (feat. Fleet Foxes & Ana\u00efs Mitchell)", "coverArt": "https://i.scdn.co/image/ab67616d00001e028e78977ae36f6fde93a5cdd5", "artist": ["Big Red Machine", "Fleet Foxes", "Ana\u00efs Mitchell"], "artistIds": ["7gXy60xRcwYujBFoYHnR2O", "4EVpmkEwrLYEg6jIsiPMIb", "7K5Lm5dxoEwEpOS0Fc3l3s"], "artistPop": [67, 66, 63], "genres": ["eau claire indie", "folktronica", "indie pop", "folk", "indie folk", "indie pop", "indie rock", "seattle indie", "stomp and holler", "indie folk"]}, "7jZdaKyarANolzHVosOglg": {"name": "California, Pt. I", "coverArt": "https://i.scdn.co/image/ab67616d00001e0239a0d36c69440676b8e283f6", "artist": ["Godford"], "artistIds": ["4pUwtnbS6FdBniLp410AOu"], "artistPop": [48], "genres": []}, "4PHZkpHmsig3EihQneGOMt": {"name": "mercy", "coverArt": "https://i.scdn.co/image/ab67616d00001e0295ea5ca32e4d5c8d65188b97", "artist": ["KiNG MALA"], "artistIds": ["5Lz5CnywFeg4Rs4l76OtG2"], "artistPop": [51], "genres": ["alt z"]}, "39ctmPVTtAMKeVJhMq5dS5": {"name": "Weightless", "coverArt": "https://i.scdn.co/image/ab67616d00001e025744af044da7b1179211dfa2", "artist": ["Chiiild"], "artistIds": ["2YqJwmohaNjg9lg51flSax"], "artistPop": [56], "genres": ["alternative r&b", "indie r&b"]}, "1uQiAP6sqz81780Rp1JOO8": {"name": "Monster", "coverArt": "https://i.scdn.co/image/ab67616d00001e02e8150f59b475b64bbff350dc", "artist": ["ZHU", "John The Blind"], "artistIds": ["28j8lBWDdDSHSSt5oPlsX2", "12U3blX0ilxf0tnejqPDYD"], "artistPop": [69, 46], "genres": ["edm", "electro house"]}, "6HeKrqik6GxcbdKsk7FRnt": {"name": "Ring The Alarm", "coverArt": "https://i.scdn.co/image/ab67616d00001e02939f04e7e85bd746aabc2542", "artist": ["DJ Snake", "Malaa"], "artistIds": ["540vIaP2JwjQb9dm3aArA4", "7w1eTNePApzDk8XtgykCPS"], "artistPop": [80, 57], "genres": ["dance pop", "edm", "electronic trap", "pop", "pop dance", "pop rap", "bass house", "edm", "electro house", "house"]}, "1gsYCXkisSnnjBb3qwYZoc": {"name": "Ur Best Friend (with Kehlani)", "coverArt": "https://i.scdn.co/image/ab67616d00001e02063b0fabaec2d94b18ad8a74", "artist": ["Kiana Led\u00e9", "Kehlani"], "artistIds": ["7jZMxhsB8djyIbYmoiJSTs", "0cGUm45nv7Z6M6qdXYQGTX"], "artistPop": [68, 79], "genres": ["alternative r&b", "chill r&b", "dance pop", "pop", "pop r&b", "post-teen pop", "r&b", "urban contemporary", "dance pop", "pop", "pop rap", "post-teen pop", "r&b"]}, "2zC1lEtZQ8nByZXkjTpjMb": {"name": "I Can See The Future", "coverArt": "https://i.scdn.co/image/ab67616d00001e02764d3fe5a7a8f380d6f41275", "artist": ["Tinashe"], "artistIds": ["0NIIxcxNHmOoyBx03SfTCD"], "artistPop": [73], "genres": ["alternative r&b", "dance pop", "electropop", "metropopolis", "pop", "pop r&b", "pop rap", "post-teen pop", "r&b", "urban contemporary"]}, "5VZvuKUJ3ulfBwfKhuVi1t": {"name": "Toa la Noche", "coverArt": "https://i.scdn.co/image/ab67616d00001e02f58957f5989aea527311ea6e", "artist": ["CNCO"], "artistIds": ["0eecdvMrqBftK0M1VKhaF4"], "artistPop": [74], "genres": ["boy band", "latin", "latin pop", "reggaeton"]}, "0RpCZ17BXI0x8b14UFrgDQ": {"name": "Run (with Mariah Angeliq) - Latin Version", "coverArt": "https://i.scdn.co/image/ab67616d00001e02cb93f7c938129eb2cc8afd36", "artist": ["OneRepublic", "Mariah Angeliq"], "artistIds": ["5Pwc4xIPtQLFEnJriah9YJ", "0KKUc4amZyvswV2YL6WTar"], "artistPop": [84, 74], "genres": ["dance pop", "piano rock", "pop", "pop rock", "latin pop", "rap latina", "reggaeton", "trap latino"]}, "7lOlKhTXmv4sMxyhjsWwn8": {"name": "Motion", "coverArt": "https://i.scdn.co/image/ab67616d00001e02681b77e24431c78f3dcc4dda", "artist": ["Luke Hemmings"], "artistIds": ["4UFShyUQuA8dguoZrqX0jQ"], "artistPop": [65], "genres": ["pop"]}, "3Ho13bRS28xEvGvgW4LOFM": {"name": "On Go (feat. Polo G)", "coverArt": "https://i.scdn.co/image/ab67616d00001e022ff0ae4bc39196d0d84e1e2d", "artist": ["Sheff G", "Polo G"], "artistIds": ["1tG7s7S4sq2eFFW0QZyLbm", "6AgTAQt8XS6jRWi4sX7w49"], "artistPop": [76, 88], "genres": ["brooklyn drill", "new york drill", "nyc rap", "chicago rap"]}, "782u4SBQLJdXc4rQ6J7Uqi": {"name": "Big Bad Wolf (feat. YG)", "coverArt": "https://i.scdn.co/image/ab67616d00001e02c949cc3243cd8733557d2f42", "artist": ["OHGEESY", "YG"], "artistIds": ["3ppQEG71r7jVpI8RudzycF", "0A0FS04o6zMoto8OKPsDwY"], "artistPop": [70, 78], "genres": ["cali rap", "trap", "underground hip hop", "vapor trap", "cali rap", "gangster rap", "hip hop", "pop rap", "rap", "southern hip hop", "trap"]}, "3qcB1VM236LtPTblpXXMl7": {"name": "Burn Up The Floor", "coverArt": "https://i.scdn.co/image/ab67616d00001e02ec2d833e78f39cec8ce65e41", "artist": ["GRiZ", "Jantsen"], "artistIds": ["25oLRSUjJk4YHNUsQXk7Ut", "6rhTnHtyVcRrtuzS1wnLZg"], "artistPop": [63, 49], "genres": ["edm", "electropop", "jamtronica", "jazztronica", "livetronica", "brostep", "dubstep", "electronic trap", "filthstep", "gaming dubstep", "glitch hop"]}, "17hUeO3yozyGyXFzpEIX6D": {"name": "Estrella", "coverArt": "https://i.scdn.co/image/ab67616d00001e023a3dd1cddd984016118e5190", "artist": ["Zion & Lennox"], "artistIds": ["21451j1KhjAiaYKflxBjr1"], "artistPop": [81], "genres": ["latin", "latin hip hop", "reggaeton", "reggaeton flow", "trap latino"]}, "1ww0qfkCgxArPyjqDFtBjQ": {"name": "SUNDOWN", "coverArt": "https://i.scdn.co/image/ab67616d00001e02e01398b584aedaa155e8c639", "artist": ["DAISY WORLD"], "artistIds": ["53rBi3LpNcMJUTSANS6uYT"], "artistPop": [55], "genres": []}, "5P33O56sPwgfqfyEo0iFN4": {"name": "Whatever", "coverArt": "https://i.scdn.co/image/ab67616d00001e023f43a2a0e1ce1ff1a54b10b4", "artist": ["Porsh Bet$"], "artistIds": ["6744gF2rjCRtqwbMb9ldk4"], "artistPop": [34], "genres": ["indie r&b"]}, "2Q0OFXAvV0OvnaWB1sp1rK": {"name": "Faint", "coverArt": "https://i.scdn.co/image/ab67616d00001e02a236aff2deb7cee0358ea815", "artist": ["Oliver Riot"], "artistIds": ["28dDyPkw069ypiqC78dhRb"], "artistPop": [45], "genres": ["indie anthem-folk"]}, "1VRQFOvXE70lVleKrcopIh": {"name": "Baby Teeth (feat. Mothica)", "coverArt": "https://i.scdn.co/image/ab67616d00001e02817ad72a80830538cf4627d1", "artist": ["joe p", "Mothica"], "artistIds": ["3pIwImfumJioKb0zHHP61x", "1JhiIIXT9DWqEU3BYFZwGA"], "artistPop": [50, 60], "genres": ["asbury park indie", "alt z", "electropop", "indie poptimism", "pop", "social media pop", "vapor soul"]}, "6ZamNPbk8US2Xb7fcgLt1V": {"name": "Tempo", "coverArt": "https://i.scdn.co/image/ab67616d00001e02fe8c98b30a1040bc5668a6f5", "artist": ["Valley"], "artistIds": ["7blXVKBSxdFZsIqlhdViKc"], "artistPop": [62], "genres": ["alt z", "electropop", "indie cafe pop", "indie pop", "indie poptimism", "indietronica", "pop", "pop rock"]}, "4yDN3raV23ADESRpIoW8AO": {"name": "You Give Me More", "coverArt": "https://i.scdn.co/image/ab67616d00001e0243168063867ea583d74140e0", "artist": ["Walk Off the Earth"], "artistIds": ["6jEiUoyyJNPHzSR0Nib6HX"], "artistPop": [61], "genres": ["canadian rock", "pop rock"]}, "4MDYIbU6I29Gjiu7JATTIJ": {"name": "New Truck", "coverArt": "https://i.scdn.co/image/ab67616d00001e02cb1ee11cbcd1d0f584afd9db", "artist": ["Dylan Scott"], "artistIds": ["78YqeIji3mgAS2K1Maca6x"], "artistPop": [63], "genres": ["contemporary country", "country", "country road", "modern country rock"]}, "7wYCzc3UhMJi2lz8flyUxB": {"name": "Break Like You Do", "coverArt": "https://i.scdn.co/image/ab67616d00001e02bfc0b86a2149761ea2feb2b9", "artist": ["Chris Young"], "artistIds": ["4BYxqVkZyFjtik7crYLg5Q"], "artistPop": [71], "genres": ["contemporary country", "country", "country road", "modern country rock"]}, "3sCIhVn73syDMgOtWzyeYm": {"name": "BABY", "coverArt": "https://i.scdn.co/image/ab67616d00001e0201d5b46c66d387bbe16fdb4f", "artist": ["Delilah Montagu"], "artistIds": ["3WtrH1zNpzoPSz6XpwCh6y"], "artistPop": [52], "genres": ["british singer-songwriter"]}, "0oWjcsqU11f12QCUSIHiI5": {"name": "Philliecito", "coverArt": "https://i.scdn.co/image/ab67616d00001e0262bbc878707a3e96e3ff91a6", "artist": ["Natti Natasha", "Nio Garcia", "Brray"], "artistIds": ["1GDbiv3spRmZ1XdM1jQbT7", "5hdhHgpxyniooUiQVaPxQ0", "1GKIlPFdcewHtpDVCQ8zmJ"], "artistPop": [80, 83, 72], "genres": ["latin", "latin pop", "rap latina", "reggaeton", "trap latino", "latin", "reggaeton", "trap latino", "reggaeton", "reggaeton flow", "trap latino"]}, "0dlPbXcq850wTEyEtkTLMG": {"name": "Guts (feat. True Story Gee)", "coverArt": "https://i.scdn.co/image/ab67616d00001e0221f4598c3c45814c8e266bb6", "artist": ["K CAMP", "True Story Gee"], "artistIds": ["5bgfj5zUoWpyeVatGDjn6H", "6fMLt27jSiBVuciQOYZGwm"], "artistPop": [67, 41], "genres": ["atl hip hop", "hip hop", "melodic rap", "pop r&b", "pop rap", "r&b", "rap", "southern hip hop", "trap", "atl trap"]}, "42Q71LGgYI4eBdebWn5m6D": {"name": "Waves", "coverArt": "https://i.scdn.co/image/ab67616d00001e024ccba5ffa56f85299ab4be70", "artist": ["Culture Jam", "Gunna", "Polo G"], "artistIds": ["3NbMf2TTL0tcjISP5AFgzf", "2hlmm7s2ICUX0LVIhVFlZQ", "6AgTAQt8XS6jRWi4sX7w49"], "artistPop": [52, 87, 88], "genres": ["atl hip hop", "hip hop", "melodic rap", "rap", "trap", "chicago rap"]}, "7pEjRtUJU9DYNJZanj7mPW": {"name": "Made It Back", "coverArt": "https://i.scdn.co/image/ab67616d00001e02c6e51cd54fa896d26da9c02e", "artist": ["midwxst"], "artistIds": ["7CGSp2GbiOpLPSq61qjxf8"], "artistPop": [54], "genres": ["glitchcore", "hyperpop"]}, "4e72LGraX8sW5iztJvS5fo": {"name": "Oh!", "coverArt": "https://i.scdn.co/image/ab67616d00001e02c890c72d9ae42e4cc89c5498", "artist": ["The Linda Lindas"], "artistIds": ["13dTrWNNrnZ3AkgNyQNKP5"], "artistPop": [43], "genres": ["riot grrrl"]}, "1aFP0G0GHQAAH9gfC95wT1": {"name": "EAT SPIT! (feat. Royal & the Serpent)", "coverArt": "https://i.scdn.co/image/ab67616d00001e02d4a90d15fa73d71ce0d21cdd", "artist": ["Slush Puppy", "Royal & the Serpent"], "artistIds": ["58eJhHRICp87T2IFcP0bYh", "64EHXDoln95lnccszdPum0"], "artistPop": [55, 65], "genres": ["socal indie", "alt z", "indie electropop", "modern alternative pop", "social media pop"]}, "1iprDFClQB6LyLCtihRwtH": {"name": "Day I Die", "coverArt": "https://i.scdn.co/image/ab67616d00001e0245cc98355dfab43ef021e318", "artist": ["DeathbyRomy"], "artistIds": ["7aWpPjjgItUnXljFxYYKZI"], "artistPop": [56], "genres": ["alt z", "modern indie pop"]}, "05J50VX6xpsMYAqOb0atmk": {"name": "False Alarms (with Jon Bellion)", "coverArt": "https://i.scdn.co/image/ab67616d00001e02c626e60338a444cefc356531", "artist": ["Lawrence", "Jon Bellion"], "artistIds": ["5rwUYLyUq8gBsVaOUcUxpE", "50JJSqHUf2RQ9xsHs0KMHg"], "artistPop": [57, 70], "genres": ["nyc pop", "retro soul", "pop rap"]}, "6NsU8OFGg51u3nMKmb7Old": {"name": "cheap flowers", "coverArt": "https://i.scdn.co/image/ab67616d00001e024eb197fa701e0787e21932f2", "artist": ["Lexi Jayde"], "artistIds": ["69761NObDw2KwmmFgZmxzC"], "artistPop": [49], "genres": ["alt z", "social media pop"]}, "48S4mJNtmuC16ptPecFGIh": {"name": "Suburbia", "coverArt": "https://i.scdn.co/image/ab67616d00001e022e705ef0daeccebe98cbbefc", "artist": ["Devon Again"], "artistIds": ["3xz28DkZR6bmPpVh6Rq13t"], "artistPop": [38], "genres": []}, "4qDVck33icBULgnvP6WmPh": {"name": "I SEE IT COMING", "coverArt": "https://i.scdn.co/image/ab67616d00001e020960756505f9804e6abd6007", "artist": ["NASAYA", "MARO"], "artistIds": ["5932gYdqLCu1ftKVXf1PO4", "3NP4jJcW3R6qO6rbtnH0wn"], "artistPop": [48, 50], "genres": ["musica portuguesa contemporanea"]}, "1aJwxjWEaP7SOWZ3ejaKej": {"name": "a woman is a god", "coverArt": "https://i.scdn.co/image/ab67616d00001e024f46cab6fc9d898a2f8b7e99", "artist": ["Tommy Genesis"], "artistIds": ["2qDdxfKUpYg8wc49KIuT3b"], "artistPop": [53], "genres": ["bc underground hip hop", "canadian hip hop", "canadian trap", "electropop", "escape room", "hyperpop", "pop", "trap queen"]}, "4wOyrbNG5eEv5ZF5oVqHtX": {"name": "What U Want", "coverArt": "https://i.scdn.co/image/ab67616d00001e02fd9ca3a45559b1c39a2795c8", "artist": ["Lil Xxel", "Tyga", "Coi Leray"], "artistIds": ["7iDeMFJKjI1ak40N3hoYOZ", "5LHRHt1k9lMyONurDHEdrp", "6AMd49uBDJfhf30Ak2QR5s"], "artistPop": [57, 84, 68], "genres": ["pop r&b", "dance pop", "hip hop", "pop rap", "rap", "southern hip hop", "trap", "new jersey underground rap", "r&b", "trap queen", "viral rap"]}, "30F9xlqPC7R9I4H4Qj3LAF": {"name": "First 48 Freestyle", "coverArt": "https://i.scdn.co/image/ab67616d00001e0235df33272ff90a8c61ebbe05", "artist": ["Boldy James", "The Alchemist"], "artistIds": ["4fpwOzxFRMVGfd197dKIdY", "0eVyjRhzZKke2KFYTcDkeu"], "artistPop": [59, 69], "genres": ["alternative hip hop", "boom bap", "escape room", "hip hop", "rap", "underground hip hop", "alternative hip hop", "hardcore hip hop", "hip hop", "rap", "southern hip hop", "underground hip hop", "west coast rap"]}, "1HmhJrabjvTHZlkKDUzZfX": {"name": "My Shit", "coverArt": "https://i.scdn.co/image/ab67616d00001e02e113cb709fbe9aabaff7f720", "artist": ["Bizzy Banks"], "artistIds": ["7s3eCGNZMrwUQraXlocCBv"], "artistPop": [63], "genres": ["brooklyn drill", "new york drill"]}, "1IyD2Apaj1qmcIxzSjeTHl": {"name": "Sleeping On My Left", "coverArt": "https://i.scdn.co/image/ab67616d00001e02db26805cba7339d4f5cb4634", "artist": ["GASHI"], "artistIds": ["0JOxt5QOwq0czoJxvSc5hS"], "artistPop": [66], "genres": ["pop rap", "trap soul"]}, "2c7LWtI9d1lGmQDAJa6NaL": {"name": "THUMP", "coverArt": "https://i.scdn.co/image/ab67616d00001e0290ba0c4dbe5a9a277ec6c4b6", "artist": ["WHOKILLEDXIX"], "artistIds": ["0RSogp4qeGu0ZM71JRTay3"], "artistPop": [62], "genres": ["glitchcore"]}, "2NbTcTv3m8t7wAGUvPhhp0": {"name": "jump", "coverArt": "https://i.scdn.co/image/ab67616d00001e02186660bbf3b0dd9a5195e182", "artist": ["Against The Current"], "artistIds": ["6yhD1KjhLxIETFF7vIRf8B"], "artistPop": [67], "genres": ["neon pop punk", "pixie", "pop punk", "viral pop"]}, "0R1vTJdJkyoAGaScgh5HuQ": {"name": "I Don't Wanna Know", "coverArt": "https://i.scdn.co/image/ab67616d00001e02037162f1c88d8a441cf123a2", "artist": ["Willow Kayne"], "artistIds": ["7b6l5JehVDc5Wb7L8iPvJN"], "artistPop": [32], "genres": []}, "22sTjPna1Haei3cRLgAUh0": {"name": "are you?", "coverArt": "https://i.scdn.co/image/ab67616d00001e027466fcc0e8c049caf46416b9", "artist": ["Zeph"], "artistIds": ["502gYHkFCtLzBIcU4ctPLd"], "artistPop": [47], "genres": []}, "0F1cmOZH5gdNIDJRfl5Nsi": {"name": "Feel Love", "coverArt": "https://i.scdn.co/image/ab67616d00001e0295478098f59a7f0794785c0f", "artist": ["Suriel Hess"], "artistIds": ["5MLIxVYkY4Fc2dwdaYSS8G"], "artistPop": [44], "genres": []}, "0dN3cttUifpkm1Oja79zJr": {"name": "Summerland", "coverArt": "https://i.scdn.co/image/ab67616d00001e020e30ac5b9c90632e1952b693", "artist": ["half\u2022alive"], "artistIds": ["7sOR7gk6XUlGnxj3p9F54k"], "artistPop": [62], "genres": ["alt z", "indie pop", "modern alternative rock", "modern rock"]}, "4Yu599Am0GHlAMsnq158GD": {"name": "Unweaving the Rainbow Forever", "coverArt": "https://i.scdn.co/image/ab67616d00001e02c39fa3fe4205ea7c473a5309", "artist": ["Feng Suave"], "artistIds": ["73dudJ9j0HStIhJDU8MjMI"], "artistPop": [56], "genres": ["bedroom pop"]}, "0zn5Sa8fRjpUo7XXUaNRTB": {"name": "Hopeless Romantics", "coverArt": "https://i.scdn.co/image/ab67616d00001e025ab5ad8a42853479e9d2e028", "artist": ["James TW"], "artistIds": ["0B3N0ZINFWvizfa8bKiz4v"], "artistPop": [70], "genres": ["indie cafe pop", "neo mellow", "pop", "pop rock", "post-teen pop", "uk pop", "viral pop"]}, "3jPd7hIM0feCje8ZbVu6en": {"name": "Grow", "coverArt": "https://i.scdn.co/image/ab67616d00001e02213566ece22ce96d4c181fd1", "artist": ["Samm Henshaw"], "artistIds": ["1Q2mS59tFYLm2KGFoCgWN4"], "artistPop": [57], "genres": ["alternative r&b", "british soul", "indie soul", "uk contemporary r&b"]}, "6yrfqha7A60C7cacaN4MKm": {"name": "Money On The Phone", "coverArt": "https://i.scdn.co/image/ab67616d00001e0262b0a2d0c694b931e9ad776f", "artist": ["Derek Minor", "Greg James", "THICC James"], "artistIds": ["3fn8lZLy7Q61AXCWWPYC4B", "35YmHthd8r0eLl3UzJ35xH", "2yXqs3usnrlNGdgePA1xEb"], "artistPop": [52, 31, 27], "genres": ["christian hip hop", "christian trap"]}, "5Nr4ad67beU2N5ObwjZbx0": {"name": "Player's Prayer", "coverArt": "https://i.scdn.co/image/ab67616d00001e02df2b171d5010680dc4aacd5b", "artist": ["Childish Major"], "artistIds": ["4bMNzAopkqYTwkBLwMKsF1"], "artistPop": [54], "genres": ["alternative r&b", "canadian hip hop", "indie r&b", "trap soul", "underground hip hop"]}, "0WNzizshOaIcHbYET4vJOK": {"name": "Downtown", "coverArt": "https://i.scdn.co/image/ab67616d00001e020669923cd565aa671f9f0383", "artist": ["Jake Bugg"], "artistIds": ["4hf3caW9H8uFwwbv5pFjcg"], "artistPop": [63], "genres": ["modern rock", "nottingham indie", "rock"]}, "3a1FmKNt5614MLAh7KeWTb": {"name": "Okay", "coverArt": "https://i.scdn.co/image/ab67616d00001e021b7e75af4b1312217dfab8f3", "artist": ["Porches"], "artistIds": ["2JzhQYGos3RqV7MT5fWeek"], "artistPop": [48], "genres": ["art pop", "chillwave", "indie pop", "indie rock"]}, "3oTiIGIgmjdavBHdsUrY1M": {"name": "As You Are", "coverArt": "https://i.scdn.co/image/ab67616d00001e025d8501e98d514f6a32793a3d", "artist": ["Samia"], "artistIds": ["1Uk1GyijF6fSfX4mWq5bfR"], "artistPop": [54], "genres": ["art pop", "bubblegrunge", "indie folk", "indie pop"]}, "0uLmfXydlSdAJusUjZ02oj": {"name": "TENGO FE", "coverArt": "https://i.scdn.co/image/ab67616d00001e026765d86e08d80ab513899135", "artist": ["Feid"], "artistIds": ["2LRoIwlKmHjgvigdNGBHNo"], "artistPop": [79], "genres": ["colombian pop", "latin", "pop reggaeton", "reggaeton", "reggaeton colombiano", "trap latino"]}, "2upubCYkDvATo6ZZwHqrp9": {"name": "VIP *-*", "coverArt": "https://i.scdn.co/image/ab67616d00001e02cc10f4ca3538cc0d0ea401c3", "artist": ["Lu\u00edsa Sonza", "6LACK"], "artistIds": ["4PzYKhC14sTJNEr0dzoo0d", "4IVAbR2w4JJNJDDRFP3E83"], "artistPop": [78, 79], "genres": ["funk carioca", "pop nacional", "alternative r&b", "atl hip hop", "hip hop", "melodic rap", "pop rap", "r&b", "rap", "trap"]}, "7aRYhqmgdFdrHODXud8OKY": {"name": "ride.", "coverArt": "https://i.scdn.co/image/ab67616d00001e02f9d05d8c3450acbda344ac0b", "artist": ["Katori Walker"], "artistIds": ["2ODTjg0iTHX1QxBeRNI6nT"], "artistPop": [42], "genres": ["cali rap"]}, "29Nt9rntnR6Sk3RKaCnHUy": {"name": "Dangerously N Luv", "coverArt": "https://i.scdn.co/image/ab67616d00001e023a03aeb22c90d79674536560", "artist": ["GirlzLuhDev"], "artistIds": ["4cKveAV460eVfkuTgtcVtP"], "artistPop": [47], "genres": ["cali rap"]}, "4G3fCAPI4aRRcuPHZlXZeG": {"name": "Loud", "coverArt": "https://i.scdn.co/image/ab67616d00001e021ed052a87b07a3d75de2030a", "artist": ["Jay Loud"], "artistIds": ["2zlYZjumfIxajIKfk41H9A"], "artistPop": [40], "genres": ["indiana hip hop"]}, "4wYmgjrDbHprid8pODwPq4": {"name": "AMERICAN GURL", "coverArt": "https://i.scdn.co/image/ab67616d00001e02c864a6ed67f4e2bd7eb9082b", "artist": ["Kilo Kish"], "artistIds": ["7lsnwlX6puQ7lcpSEpJbZE"], "artistPop": [50], "genres": ["alternative r&b", "art pop", "electropop", "escape room", "hyperpop"]}, "0xg79a3ac7iAOILS1QQbPa": {"name": "Better Than I Know Myself", "coverArt": "https://i.scdn.co/image/ab67616d00001e02fe17d1971594c3c35c500508", "artist": ["Del Water Gap"], "artistIds": ["0xPoVNPnxIIUS1vrxAYV00"], "artistPop": [56], "genres": ["deep new americana", "indie cafe pop", "indie pop", "modern rock"]}, "11yIRJ5cyjJVnnfoBhWt6d": {"name": "Lying With You", "coverArt": "https://i.scdn.co/image/ab67616d00001e02f95ca7cb2392024254a01dc2", "artist": ["CHASE WRIGHT"], "artistIds": ["4P70LmF7PJwBGS9BV5dk2c"], "artistPop": [55], "genres": ["contemporary country", "country pop"]}, "5CtXnj47Mr0ZXGjTbnd7Aj": {"name": "Know My Way Around", "coverArt": "https://i.scdn.co/image/ab67616d00001e02205fd7e710c7219a4b02b9c8", "artist": ["Lily Rose"], "artistIds": ["3lkwNhvm2fbh4q8CIe47n3"], "artistPop": [54], "genres": ["contemporary country"]}, "4zvRdQWreRSHm8siX9cvzO": {"name": "Devil", "coverArt": "https://i.scdn.co/image/ab67616d00001e02523070a3174221fff8e28432", "artist": ["Two Feet"], "artistIds": ["5sWHDYs0csV6RS48xBl0tH"], "artistPop": [74], "genres": ["indie poptimism", "modern rock", "pop"]}, "4o7yTUS7EFgYOcFDyN8U27": {"name": "Shoulders", "coverArt": "https://i.scdn.co/image/ab67616d00001e028f920ca837270e910ac942f3", "artist": ["Coheed and Cambria"], "artistIds": ["3utxjLheHaVEd9bPjQRsy8"], "artistPop": [62], "genres": ["alternative metal", "emo", "pop punk", "screamo"]}, "6QsBP5ptf3kKdnGpuSqBir": {"name": "Autopilot", "coverArt": "https://i.scdn.co/image/ab67616d00001e025c337a9cf86705f7b9176a13", "artist": ["Steven Malcolm"], "artistIds": ["5yqWHaDl8ZrYgeKANLyIv8"], "artistPop": [47], "genres": ["christian hip hop", "christian pop", "christian trap"]}, "5JdhNgm55RwVD2MmvcHJDU": {"name": "Thank God You Introduced Me to Your Sister", "coverArt": "https://i.scdn.co/image/ab67616d00001e024ea6b991f11cf94b9a5d2c4a", "artist": ["Sarah Barrios"], "artistIds": ["0HJsX1aTdgG1VDIRDiseSJ"], "artistPop": [49], "genres": ["alt z"]}, "35GgHLl0ak6OhV660nCEC0": {"name": "Monsters", "coverArt": "https://i.scdn.co/image/ab67616d00001e0270d2bbd8f8477ab525eac9d9", "artist": ["Quinn Lewis"], "artistIds": ["5n69lhq7BLWqnSjJgNPRh4"], "artistPop": [42], "genres": ["alt z", "indie cafe pop", "indie electropop"]}}