{"3jHYDEB0YUNJCSEMF2um60": {"name": "CHICKEN TERIYAKI", "coverArt": "https://i.scdn.co/image/ab67616d00001e0279c5d15767f548876e2c7d1d", "artist": ["ROSAL\u00cdA"], "artistIds": ["7ltDVBr6mKbRvohxheJ9h1"], "artistPop": [83], "genres": ["r&b en espanol"]}, "4N20NYwhJRArlzEhdCKXka": {"name": "Usain Boo", "coverArt": "https://i.scdn.co/image/ab67616d00001e021a72587d6ed3953c12196871", "artist": ["Kodak Black"], "artistIds": ["46SHBwWsqBkxI7EeeBEQG7"], "artistPop": [86], "genres": ["florida rap", "hip hop", "melodic rap", "miami hip hop", "rap", "trap"]}, "22PnPdB20lq7wElHkk17oP": {"name": "bbycakes (with Lil Uzi Vert, PinkPantheress & Shygirl)", "coverArt": "https://i.scdn.co/image/ab67616d00001e028c8b49a006e8c2c60c851f10", "artist": ["Mura Masa", "Lil Uzi Vert", "PinkPantheress", "Shygirl"], "artistIds": ["5Q81rlcTFh3k6DQJXPdsot", "4O15NlyKLIASxsJ0PrXPfz", "78rUTD7y6Cy67W1RVzYs7t", "3M3wTTCDwicRubwMyHyEDy"], "artistPop": [68, 90, 76, 64], "genres": ["channel islands indie", "vapor soul", "melodic rap", "philly rap", "rap", "trap", "russian plugg", "art pop", "dance pop", "electra", "electropop", "escape room", "grimewave", "hyperpop", "pop"]}, "6M0tj2hONdMEveSWg3JdQG": {"name": "Day \u2018n\u2019 Nite - Spotify Singles", "coverArt": "https://i.scdn.co/image/ab67616d00001e02b151437d4adc97ce6c828d4a", "artist": ["Coldplay"], "artistIds": ["4gzpq5DPGxSnKTe4SA8HAU"], "artistPop": [91], "genres": ["permanent wave", "pop"]}, "0sBJA2OCEECMs0HsdIQhvR": {"name": "West Coast", "coverArt": "https://i.scdn.co/image/ab67616d00001e02929014e8baba6299a54c5b7c", "artist": ["OneRepublic"], "artistIds": ["5Pwc4xIPtQLFEnJriah9YJ"], "artistPop": [85], "genres": ["dance pop", "piano rock", "pop", "pop rock"]}, "1lu1qW0KFaYUv2cQJl71ok": {"name": "PORN ACTING*", "coverArt": "https://i.scdn.co/image/ab67616d00001e02284c01d744dc2dc07902bbe6", "artist": ["Jean Dawson"], "artistIds": ["7vNNmjV14SKQzlQAEg0BXP"], "artistPop": [55], "genres": ["modern indie pop"]}, "2lHktSigIAZqf7BkA7NRS7": {"name": "Bois Lie (feat. Machine Gun Kelly)", "coverArt": "https://i.scdn.co/image/ab67616d00001e028be14a17f8754e13d3b410f4", "artist": ["Avril Lavigne", "Machine Gun Kelly"], "artistIds": ["0p4nmQO2msCgU4IF37Wi3j", "6TIYQ3jFPwQSRmorSezPxX"], "artistPop": [81, 86], "genres": ["canadian pop", "candy pop", "dance pop", "pop", "post-teen pop", "ohio hip hop", "pop rap"]}, "3vySEUpD0tc801F2WZDLYw": {"name": "Freaky Deaky", "coverArt": "https://i.scdn.co/image/ab67616d00001e029d272936b9368c8d7fd2e6ef", "artist": ["Tyga", "Doja Cat"], "artistIds": ["5LHRHt1k9lMyONurDHEdrp", "5cj0lLjcoR7YOSnhnX0Po5"], "artistPop": [85, 94], "genres": ["dance pop", "hip hop", "pop rap", "rap", "southern hip hop", "trap", "dance pop", "pop"]}, "4RAR8g8fZNB106ezUurnE0": {"name": "Dancing Feet (feat. DNCE)", "coverArt": "https://i.scdn.co/image/ab67616d00001e02c8737379745bc811274e300a", "artist": ["Kygo", "DNCE"], "artistIds": ["23fqKkggKUBHNkbKtXEls4", "6T5tfhQCknKG4UnH90qGnz"], "artistPop": [84, 71], "genres": ["edm", "pop", "pop dance", "tropical house", "dance pop", "pop", "post-teen pop"]}, "1VSngtLdJhrlfHkLxTyOXK": {"name": "King", "coverArt": "https://i.scdn.co/image/ab67616d00001e02dd339c6f993557ab330fd4a6", "artist": ["Florence + The Machine"], "artistIds": ["1moxjboGR7GNWYIMWsRjgG"], "artistPop": [77], "genres": ["baroque pop", "pop", "uk alternative pop"]}, "2w0DHjwF1NIMGXKeypz0sr": {"name": "BILLI (feat. Future)", "coverArt": "https://i.scdn.co/image/ab67616d00001e02bc068218b0bc65765722ddac", "artist": ["EARTHGANG", "Future"], "artistIds": ["5MbNzCW3qokGyoo9giHA3V", "1RyvyyTE3xzB2ZywiAwp0i"], "artistPop": [71, 92], "genres": ["atl hip hop", "hip hop", "indie hip hop", "psychedelic hip hop", "rap", "underground hip hop", "atl hip hop", "hip hop", "pop rap", "rap", "southern hip hop", "trap"]}, "5nvmDewpwTBUdYgNANz8NP": {"name": "GRACIAS POR NADA", "coverArt": "https://i.scdn.co/image/ab67616d00001e02b56b946d1020c4c9cc2a3829", "artist": ["Rauw Alejandro"], "artistIds": ["1mcTU81TzQhprhouKaTkpq"], "artistPop": [94], "genres": ["puerto rican pop", "trap latino"]}, "5E8wZrVyC3y52WQSkcZnEP": {"name": "Free", "coverArt": "https://i.scdn.co/image/ab67616d00001e02388fbcd53f6d4647cbf10451", "artist": ["Bakar"], "artistIds": ["3K2Srho6NCF3o9MswGR76H"], "artistPop": [68], "genres": ["uk alternative hip hop"]}, "0uth6JMSGzbmREU9esuWX5": {"name": "Shadow Of Mine", "coverArt": "https://i.scdn.co/image/ab67616d00001e02a3f9b722f949428e23870716", "artist": ["Alec Benjamin"], "artistIds": ["5IH6FPUwQTxPSXurCrcIov"], "artistPop": [80], "genres": ["alt z", "dream smp", "electropop", "pop"]}, "70iazIU8mYvhSouvV7LZir": {"name": "Wait - from \u2018Three Months\u2019", "coverArt": "https://i.scdn.co/image/ab67616d00001e0223d4543eb1c0ab8135dc2af2", "artist": ["Troye Sivan", "Gordi"], "artistIds": ["3WGpXCj9YhhfX11TToZcXP", "6UBMFaCTZnL1Hr1nTOEblM"], "artistPop": [81, 51], "genres": ["australian pop", "dance pop", "electropop", "pop", "viral pop", "australian electropop", "australian indie"]}, "3X0V4uEujns3TlpoDa2TvP": {"name": "From Austin", "coverArt": "https://i.scdn.co/image/ab67616d00001e02774a8d8bfb8daf2839fbb9e1", "artist": ["Zach Bryan"], "artistIds": ["40ZNYROS4zLfyyBSs2PGe2"], "artistPop": [74], "genres": ["oklahoma country"]}, "54VFhe501kUbDYj2OrueMp": {"name": "AHHH HA", "coverArt": "https://i.scdn.co/image/ab67616d00001e02b56e0c58820752dba67dc1fd", "artist": ["Lil Durk"], "artistIds": ["3hcs9uc56yIGFCSy9leWe7"], "artistPop": [88], "genres": ["chicago drill", "chicago rap", "drill", "hip hop", "rap", "trap"]}, "4DDiIZDlRldzWuCp47TIhU": {"name": "PBC", "coverArt": "https://i.scdn.co/image/ab67616d00001e023a8dc3736911abc041c7b75a", "artist": ["Flo Milli"], "artistIds": ["08PvCOlef4xdOr20jFSTPd"], "artistPop": [69], "genres": ["dance pop", "pop", "r&b", "viral rap"]}, "4ZfwRdhHblKGWcrMYeZMex": {"name": "little story", "coverArt": "https://i.scdn.co/image/ab67616d00001e02e4ed16569734b6e8659051f6", "artist": ["Kehlani"], "artistIds": ["0cGUm45nv7Z6M6qdXYQGTX"], "artistPop": [80], "genres": ["dance pop", "pop", "pop rap", "r&b"]}, "6oYXbji1rn7U6bFuNYekpQ": {"name": "Run", "coverArt": "https://i.scdn.co/image/ab67616d00001e02c1a5c0964a78a3315c6bb251", "artist": ["Becky Hill", "Galantis"], "artistIds": ["4EPJlUEBy49EX1wuFOvtjK", "4sTQVOfp9vEMCemLw50sbu"], "artistPop": [79, 79], "genres": ["dance pop", "pop", "pop dance", "pop house", "tropical house", "uk dance", "uk pop", "dance pop", "edm", "electro house", "pop", "pop dance", "tropical house"]}, "3Nj6EiDM8LknYtZvzJGTLs": {"name": "Pretty Lies", "coverArt": "https://i.scdn.co/image/ab67616d00001e027cc09db8b43332030293d20c", "artist": ["Araya"], "artistIds": ["58dPXkn0hgEY1TY1utbG4a"], "artistPop": [43], "genres": []}, "0rH1Y0mcALJgAq8EKF2Zwt": {"name": "Fall In Love With A Girl (feat. Beabadoobee)", "coverArt": "https://i.scdn.co/image/ab67616d00001e0286f897961cf6b7a83a55937a", "artist": ["Cavetown", "beabadoobee"], "artistIds": ["2hR4h1Cao2ueuI7Cx9c7V8", "35l9BRT7MXmM8bv2WDQiyB"], "artistPop": [80, 75], "genres": ["bedroom pop", "indie pop", "bedroom pop", "bubblegrunge", "indie pop"]}, "6mWCikZXHCCnEwkwyJ2L8G": {"name": "Don\u2019t Trip (with GAYLE)", "coverArt": "https://i.scdn.co/image/ab67616d00001e02443f7e448a59c8d7e20a1be8", "artist": ["Justus Bennetts", "GAYLE"], "artistIds": ["4PcesEvU9iICf7dwNt5B3l", "2VSHKHBTiXWplO8lxcnUC9"], "artistPop": [65, 85], "genres": ["alt z", "gen z singer-songwriter", "social media pop", "modern alternative pop"]}, "709MdyUol3Qfgcowmd7KV4": {"name": "Straight Back to It", "coverArt": "https://i.scdn.co/image/ab67616d00001e02992c491e9ad360f15bd53c86", "artist": ["Central Cee"], "artistIds": ["5H4yInM5zmHqpKIoMNAx4r"], "artistPop": [81], "genres": ["drill brasileiro"]}, "08Ecw0ItPxGeHS9Mexr8cs": {"name": "Redlight", "coverArt": "https://i.scdn.co/image/ab67616d00001e02a74c3257ec41f99b114cfbf2", "artist": ["Swedish House Mafia", "Sting"], "artistIds": ["1h6Cn3P4NGzXbaXidqURXs", "0Ty63ceoRnnJKVEYP0VQpk"], "artistPop": [80, 75], "genres": ["dance pop", "edm", "electro house", "pop", "pop dance", "progressive electro house", "permanent wave", "soft rock", "sophisti-pop"]}, "4MdxHfa5fmIdvPwYXM56gS": {"name": "Crutches", "coverArt": "https://i.scdn.co/image/ab67616d00001e02e881dc3a24d050848c911bca", "artist": ["Deb Never"], "artistIds": ["55EarwWraRQY9diMo9Oeul"], "artistPop": [54], "genres": ["indie pop", "indie r&b", "modern indie pop"]}, "3rX7jCeMKpyHH6bFohXcWd": {"name": "reckless driving (feat. Ben Kessler)", "coverArt": "https://i.scdn.co/image/ab67616d00001e02a394993646847bff24456e0e", "artist": ["Lizzy McAlpine", "Ben Kessler"], "artistIds": ["1GmsPCcpKgF9OhlNXjOsbS", "6Lx82nbEVfeTfEa4yT01Jo"], "artistPop": [68, 48], "genres": ["alt z", "boston folk", "indie pop", "pop", "gen z singer-songwriter"]}, "3fA0FKdkPmBa62MSxwewKE": {"name": "Greener Pasture", "coverArt": "https://i.scdn.co/image/ab67616d00001e026d8e1d9ffd0f8f8b57f3a25a", "artist": ["Carter Faith"], "artistIds": ["4X5CTYQmx1NNyz9S1IpNko"], "artistPop": [52], "genres": ["country pop"]}, "6h1s7cKnUtsbRpE5bwnUTf": {"name": "dying on the inside", "coverArt": "https://i.scdn.co/image/ab67616d00001e02d32b1724e6947550d24f97d2", "artist": ["Nessa Barrett"], "artistIds": ["7pwufEBGfggjoI8twqlsmQ"], "artistPop": [69], "genres": ["alt z", "pop", "social media pop"]}, "5Z2TdpE5zqC7BN0bwtlWM1": {"name": "nyc", "coverArt": "https://i.scdn.co/image/ab67616d00001e0269d7c644d992db9d5926c3a7", "artist": ["BabySantana"], "artistIds": ["1xgl9yxqIVq8PEEMai38uV"], "artistPop": [69], "genres": ["hyperpop francais", "pluggnb"]}, "0RSgXjblj8lNRMQBveuJfA": {"name": "fool4love", "coverArt": "https://i.scdn.co/image/ab67616d00001e0217c9613f52698d0252c62f39", "artist": ["ericdoa"], "artistIds": ["4hR6Bm9YYtktXzjmKhb1Cn"], "artistPop": [67], "genres": ["glitchcore"]}, "2uXjxpMbkIhwq4bmgTezRT": {"name": "Put Your Hands On My ____ (feat. Saucy Santana) - Original Phonk Version", "coverArt": "https://i.scdn.co/image/ab67616d00001e02c9384b2b0cf0cfb4ff3e27cb", "artist": ["R3HAB", "Saucy Santana"], "artistIds": ["6cEuCEZu7PAE9ZSzLLc2oQ", "2NfwGBr2swqZ1rzE3kAV23"], "artistPop": [80, 65], "genres": ["dance pop", "dutch house", "edm", "electro house", "pop", "pop dance", "progressive electro house", "slap house", "tropical house", "trap queen", "viral rap"]}, "1KjJfUt1UyEbZSbliSkGpi": {"name": "Doppelg\u00e4nger", "coverArt": "https://i.scdn.co/image/ab67616d00001e027fa96322584090fe2f1ee6a0", "artist": ["Joshua Bassett"], "artistIds": ["4VdV2qRAYBLINR6uU72V1J"], "artistPop": [70], "genres": ["alt z", "pop", "post-teen pop", "social media pop"]}, "5j5pE7RwYw7Au1UeHpYpqS": {"name": "Becoming All Alone", "coverArt": "https://i.scdn.co/image/ab67616d00001e02dc5833b1bddb19c4fc87276c", "artist": ["Regina Spektor"], "artistIds": ["3z6Gk257P9jNcZbBXJNX5i"], "artistPop": [68], "genres": ["indie pop", "lilith", "piano rock"]}, "3pfibYzsaexMHmLnmQ8iMH": {"name": "Fortune Favors The Bold", "coverArt": "https://i.scdn.co/image/ab67616d00001e02af46d9b38682af2bb89f4559", "artist": ["Joy Oladokun", "Tim Gent"], "artistIds": ["7rrTqtOUOwva4sgTx9C9F9", "3zt7KD1sd6pwQ3PgWPZiln"], "artistPop": [65, 25], "genres": ["black americana", "indie folk", "la pop", "neo mellow", "new americana", "nashville hip hop"]}, "7juiva3TJwb9VmCxt17MSd": {"name": "Hard Feelings", "coverArt": "https://i.scdn.co/image/ab67616d00001e02544daf33a1ee11cbab2567b1", "artist": ["Alicia Moffet"], "artistIds": ["5ph9A8j6xyDlLNZTqYgNV1"], "artistPop": [54], "genres": ["canadian electropop", "pop quebecois"]}, "42Gzfqnfpk7Pp1ydM60eNn": {"name": "Felices x Siempre", "coverArt": "https://i.scdn.co/image/ab67616d00001e024d647b8989fa65faeeb841f6", "artist": ["Maria Becerra"], "artistIds": ["1DxLCyH42yaHKGK3cl5bvG"], "artistPop": [87], "genres": ["pop argentino"]}, "0ZHSbNRrrfAs8hwEuecJM6": {"name": "CHARGER", "coverArt": "https://i.scdn.co/image/ab67616d00001e027144408999adb9c2697c7b7c", "artist": ["JVKE", "chillpill"], "artistIds": ["164Uj4eKjl6zTBKfJLFKKK", "1QzqrU2lmiW9l1mSvliVoM"], "artistPop": [71, 41], "genres": ["modern indie pop"]}, "7xNCacksfUkYXsXuSW4vNF": {"name": "PS5 (with TOMORROW X TOGETHER feat. Alan Walker)", "coverArt": "https://i.scdn.co/image/ab67616d00001e0231d207985941905fcb671e90", "artist": ["salem ilese", "TOMORROW X TOGETHER", "Alan Walker"], "artistIds": ["3QJUFtGBGL05vo0kCJZsmT", "0ghlgldX5Dd6720Q3qFyQB", "7vk5e3vY1uw9plTHJAMwjN"], "artistPop": [70, 80, 85], "genres": ["alt z", "modern indie pop", "social media pop", "k-pop", "k-pop boy group", "electro house"]}, "0YHYHb9Rg3IebHaPiU5JAG": {"name": "Nintendo", "coverArt": "https://i.scdn.co/image/ab67616d00001e0224a5f29410a9602b601e6384", "artist": ["JXN", "Reyanna Maria"], "artistIds": ["571VxoWCBMPacek7MmocqU", "7kRrkUEPgO3TRfAi7Gsw2i"], "artistPop": [41, 53], "genres": []}, "28AiPIhom3Y9bi8YFbBv9v": {"name": "Possessed", "coverArt": "https://i.scdn.co/image/ab67616d00001e02c02392cfb3a29a86a965b7d5", "artist": ["22Gz"], "artistIds": ["4JhbRL6zaItAyzqx4gHTqz"], "artistPop": [67], "genres": ["brooklyn drill", "nyc rap"]}, "0RGcJ6VaN0UlC91o3xqJBB": {"name": "\u00daltimo Adi\u00f3s", "coverArt": "https://i.scdn.co/image/ab67616d00001e02b65a0334d6bb92ee46d77cf8", "artist": ["Santa Fe Klan", "Gera MX"], "artistIds": ["4tm8CEdm4pkQsEh4jIr9Yp", "2hejA1Dkf8v8R0koF44FvW"], "artistPop": [84, 82], "genres": ["mexican hip hop", "mexican hip hop", "rap conciencia"]}, "4xUxUapKru3Z7uOJygVVRD": {"name": "Lose My Mind (feat. Josh Franceschi)", "coverArt": "https://i.scdn.co/image/ab67616d00001e021c7dabb4b5968730f3690669", "artist": ["James Arthur", "You Me At Six", "Josh Franceschi"], "artistIds": ["4IWBUUAFIplrNtaOHcJPRM", "1kNQXvepPjaPgUfeDAF2h6", "1TUHJZ0mNtVimkplNEki48"], "artistPop": [83, 64, 31], "genres": ["pop", "talent show", "uk pop", "modern alternative rock", "modern rock", "neon pop punk", "pop emo", "pop punk", "rock"]}, "3TpkcCHblOWMzalss4ug24": {"name": "Come Around", "coverArt": "https://i.scdn.co/image/ab67616d00001e02e93f2786454fc124a68d8f90", "artist": ["Peter McPoland"], "artistIds": ["23E65IfLBGQv0FBrMwCcG2"], "artistPop": [61], "genres": ["indie pop"]}, "6yaskcE6j8qsypsSxMSaeL": {"name": "Love You More", "coverArt": "https://i.scdn.co/image/ab67616d00001e02a384f33c11e2873f6a4c6e4a", "artist": ["Ashley Kutcher"], "artistIds": ["1Zi1c8sWZTy5rDiN3lAuEj"], "artistPop": [60], "genres": ["alt z", "gen z singer-songwriter", "pop", "social media pop"]}, "1pBKb4NHc2mZPGL9BHRPPR": {"name": "Loose", "coverArt": "https://i.scdn.co/image/ab67616d00001e021c426224e7438b0e9bf6c9c0", "artist": ["Grace Ives"], "artistIds": ["4TZieE5978SbTInJswaay2"], "artistPop": [41], "genres": ["experimental indie"]}, "1CWG6auQo6ctDPt6wXXHy2": {"name": "Everything Is Everything", "coverArt": "https://i.scdn.co/image/ab67616d00001e023cd835a529a2b7f996e85294", "artist": ["Sevdaliza"], "artistIds": ["5MraexJKZDrQYzS98kNwie"], "artistPop": [57], "genres": ["art pop", "electropop", "escape room", "persian electronic"]}, "1kB9S7aONNR6wa8LhLjRI1": {"name": "Sunset Drive", "coverArt": "https://i.scdn.co/image/ab67616d00001e020c73b7c41d69f562d8b11702", "artist": ["Dreamer Isioma"], "artistIds": ["6u6AbTVrbabv27DLcSrF8i"], "artistPop": [63], "genres": ["alternative r&b", "indie r&b", "modern indie pop"]}, "44jJCOAbyqF8msu7P79twG": {"name": "Slim Waist", "coverArt": "https://i.scdn.co/image/ab67616d00001e0205acb5a63591640c64e307d3", "artist": ["Erica Banks"], "artistIds": ["2SXhbucehn00OBVKhzxDyM"], "artistPop": [61], "genres": ["trap queen"]}, "2Hl9mZVT3fXMq4NwDa16sM": {"name": "Fantasy (feat. Offset)", "coverArt": "https://i.scdn.co/image/ab67616d00001e021122d7d4beec96e6a3cf583f", "artist": ["Big Scarr", "Offset"], "artistIds": ["579LsvZcRVKtToYjS0tkKz", "3xWSt0mL474uQlh5Zm6NsW"], "artistPop": [62, 23], "genres": ["memphis hip hop", "rap", "southern hip hop", "trap"]}, "1G3pqVyZk50XrY20SLm6Kn": {"name": "Scuba Diving", "coverArt": "https://i.scdn.co/image/ab67616d00001e022372ab5fc4846c1a13729316", "artist": ["Mooski"], "artistIds": ["4NqH3V7GS0Igs1VyGMXEi8"], "artistPop": [55], "genres": ["alabama rap"]}, "1dyGAvhMll39BwCGb6u9pP": {"name": "i know you hate me", "coverArt": "https://i.scdn.co/image/ab67616d00001e028c22b650322c1825a98fbe85", "artist": ["midwxst"], "artistIds": ["7CGSp2GbiOpLPSq61qjxf8"], "artistPop": [62], "genres": ["glitchcore", "hyperpop", "vapor trap"]}, "0fM5RgjEhuB9UYei2EEQUR": {"name": "Dawn to Dusk", "coverArt": "https://i.scdn.co/image/ab67616d00001e025407c550c4bda42d7f0c2b2d", "artist": ["24kGoldn", "LAY"], "artistIds": ["6fWVd57NKTalqvmjRd2t8Z", "4o7tWrzQOqarDtTMWD2HV9"], "artistPop": [81, 59], "genres": ["cali rap", "pop rap", "chinese electropop", "chinese idol pop", "k-pop"]}, "415cidxCKnjZg9l7dAnVJp": {"name": "Colorado Boulder", "coverArt": "https://i.scdn.co/image/ab67616d00001e02cf335486394b45014d344d1a", "artist": ["charlieonnafriday", "Kidd G"], "artistIds": ["1hmTCch4tWOJmdqkf8nSRA", "5edcHuf8pWH3I00WTorajM"], "artistPop": [60, 64], "genres": ["sad rap"]}, "72S5jajFBvcVzkiPBjn680": {"name": "Moderation", "coverArt": "https://i.scdn.co/image/ab67616d00001e0283ef160818c2bdc20bd32a6f", "artist": ["Lilyisthatyou"], "artistIds": ["4ExEi8SBEd3QRgwbGw2nHC"], "artistPop": [54], "genres": []}, "7GpYaKxoIl1XzCjF9aGck2": {"name": "Holding Back", "coverArt": "https://i.scdn.co/image/ab67616d00001e02a6d91964126e0527a79c5fc9", "artist": ["BANKS"], "artistIds": ["2xe8IXgCTpwHE3eA9hTs4n"], "artistPop": [63], "genres": ["electropop"]}, "4rTAonp7KSEd6UDGXN9jqs": {"name": "like you\u2019re god", "coverArt": "https://i.scdn.co/image/ab67616d00001e021310b58d389c4fce928f9443", "artist": ["mehro"], "artistIds": ["1ZwhhTSUPr7EBZHd1GjOT7"], "artistPop": [64], "genres": ["gen z singer-songwriter"]}, "6gOoqDFoY7cekwNDGbIjJ9": {"name": "Haptics", "coverArt": "https://i.scdn.co/image/ab67616d00001e02d5a868a690e6acbbbccf374c", "artist": ["Santangelo", "Quiet Luke", "Zack Villere"], "artistIds": ["23PgufXbWsCNunDb9szzKk", "54oBi8aje0nWVrrCNJAmRF", "5jLbQGcvxehi2Z6qkUP9Rh"], "artistPop": [26, 30, 44], "genres": ["bedroom pop", "indie garage rock"]}, "5s9d3JiqxsuAkuDTDStBh6": {"name": "Zatoichi [Feat. slowthai]", "coverArt": "https://i.scdn.co/image/ab67616d00001e022af949901457e7b689a7c81f", "artist": ["Denzel Curry", "slowthai"], "artistIds": ["6fxyWrfmjcbj5d12gXeiNV", "3r1XkJ7vCs8kHBSzGvPLdP"], "artistPop": [77, 68], "genres": ["dark trap", "drill", "hip hop", "miami hip hop", "rap", "underground hip hop", "hip hop", "rap", "uk alternative hip hop", "uk hip hop", "underground hip hop"]}, "3126FOxYcf0g9zVdXkNUdH": {"name": "Why We Speak [Feat. Q-Tip & Esperanza Spalding]", "coverArt": "https://i.scdn.co/image/ab67616d00001e02b6ea3c0e2ea7adec2a8bacb2", "artist": ["Robert Glasper", "Q-Tip", "Esperanza Spalding"], "artistIds": ["5cM1PvItlR21WUyBnsdMcn", "3ZotbHeyVQKxQCPDJuQ4SU", "5bepW5vcdRzheNc0F8lHJ5"], "artistPop": [66, 66, 51], "genres": ["alternative r&b", "contemporary jazz", "indie jazz", "indie soul", "jazz", "modern jazz piano", "neo soul", "alternative hip hop", "east coast hip hop", "hardcore hip hop", "hip hop", "neo soul", "queens hip hop", "electric bass", "indie soul", "jazz", "jazz fusion", "jazz pop", "neo soul"]}, "1ig7fpdy2W1rl6SkIOMDjN": {"name": "Dark Bird", "coverArt": "https://i.scdn.co/image/ab67616d00001e02c55de6152ae8a7bc093a274a", "artist": ["Jake Wesley Rogers"], "artistIds": ["5lEF4Tt1uK7Kuk80ILMlE9"], "artistPop": [48], "genres": ["modern alternative pop"]}, "47Gp8oW808q6j4Oxg9iGLw": {"name": "Magic", "coverArt": "https://i.scdn.co/image/ab67616d00001e02321ad622525133324d32860f", "artist": ["Jillian Jacqueline"], "artistIds": ["5GDZ6xhBwk7Yja97CFLmV7"], "artistPop": [46], "genres": ["contemporary country", "country pop"]}, "3KWR8SEGBcxMklHWsLHU42": {"name": "Back Words", "coverArt": "https://i.scdn.co/image/ab67616d00001e02f6302a66fb1786256d8efb8c", "artist": ["Jon Langston"], "artistIds": ["4BANbHDs1IluagTx5eRW2P"], "artistPop": [62], "genres": ["contemporary country", "country pop", "country road", "modern country rock"]}, "3mmje626OyRQhkMJvo6kiD": {"name": "Believe", "coverArt": "https://i.scdn.co/image/ab67616d00001e025ef1268e93052d36435e59fe", "artist": ["Blessing Offor"], "artistIds": ["55qfDfgj4Qi3JGe6KpqGtC"], "artistPop": [44], "genres": []}, "3nhGk6VnrDHy67pXvMhdPa": {"name": "SPACE MAN", "coverArt": "https://i.scdn.co/image/ab67616d00001e029bc1a6da4c45b3053c5751ff", "artist": ["Sam Ryder"], "artistIds": ["1rvnJJghrxl1xakJZct08m"], "artistPop": [55], "genres": []}, "2UN1L1asI3uKQCijznnz8Z": {"name": "FCKN IN LOVE", "coverArt": "https://i.scdn.co/image/ab67616d00001e02ba0dbef2dbf26d51f0af1c44", "artist": ["Fefe Dobson"], "artistIds": ["0mzTssRDPIQVH5wSNzOdFZ"], "artistPop": [48], "genres": ["canadian pop", "candy pop", "electropop", "post-teen pop"]}, "4QD5tfexKVwATpESYSc7qM": {"name": "Earthquake (feat. jxdn)", "coverArt": "https://i.scdn.co/image/ab67616d00001e026502145a04631d318f0ccda1", "artist": ["Jasiah", "jxdn"], "artistIds": ["7502fDxg339jvGV08Jd4R0", "6Y64EaNqpqcZYTgs4c76gF"], "artistPop": [68, 72], "genres": ["dark trap", "ohio hip hop", "underground hip hop", "viral rap", "pop rap"]}, "0rVWkTlwra3BbAWmQLHSgH": {"name": "spirit boy", "coverArt": "https://i.scdn.co/image/ab67616d00001e025cee52c85e3e8456f52035b4", "artist": ["Gang of Youths"], "artistIds": ["142YBUGmLWCJigFLzgguf8"], "artistPop": [65], "genres": ["australian indie", "australian pop", "modern rock"]}, "6tPLIurCFf9MAGYvba94ub": {"name": "Dead To Me", "coverArt": "https://i.scdn.co/image/ab67616d00001e02d17de6bc3476fac4e9589a53", "artist": ["Chloe Adams"], "artistIds": ["4B1bjBU8CLkIBTYTRklo2u"], "artistPop": [59], "genres": []}, "24zWMswwt6ZHKYX6jYZgeC": {"name": "I Like", "coverArt": "https://i.scdn.co/image/ab67616d00001e02fc3ce85a4546e5f3fe06f8da", "artist": ["Rubi Rose"], "artistIds": ["1DGAqC29aw0FpJCejAehVk"], "artistPop": [56], "genres": ["pop r&b"]}, "31utIsi83TdTRNLxvDHZTU": {"name": "2 seater (feat. Smino)", "coverArt": "https://i.scdn.co/image/ab67616d00001e028d572152f69ff69b821c1684", "artist": ["Tiana Major9", "Smino"], "artistIds": ["1Naqgo0HMRoumRP0e2MXD9", "1ybINI1qPiFbwDXamRtwxD"], "artistPop": [55, 73], "genres": ["alternative r&b", "chill r&b", "high vibe", "indie r&b", "indie soul", "r&b", "uk contemporary r&b", "alternative r&b", "hip hop", "rap", "underground hip hop"]}, "1n9gX9HJTDeCLRCFt2M5Ca": {"name": "Congratulations", "coverArt": "https://i.scdn.co/image/ab67616d00001e021f6d02938cc35bae17d6fea4", "artist": ["Boyish"], "artistIds": ["6VgPyGeGO86DztjK7GCYT3"], "artistPop": [48], "genres": ["indie pop"]}, "3mAdMAABaaj3WDdpophBgF": {"name": "SORRY", "coverArt": "https://i.scdn.co/image/ab67616d00001e0292756a4099fc5fddb51e9d56", "artist": ["Josie Dunne", "Phil Good"], "artistIds": ["2KgFtUjEtayfuximKppSAq", "3MDqk7o9WcL4FSvlyyGjRv"], "artistPop": [56, 49], "genres": ["alt z", "pop soul", "indie electropop", "la pop"]}, "0IqNIctRdh2N9OecaZTDDd": {"name": "The Loop", "coverArt": "https://i.scdn.co/image/ab67616d00001e027c0c6ff184b80ecc818f9127", "artist": ["Toro y Moi"], "artistIds": ["6O4EGCCb6DoIiR6B1QCQgp"], "artistPop": [68], "genres": ["alternative dance", "alternative r&b", "chillwave", "indie soul", "indietronica", "new rave"]}, "0xFuZlwE5hugBECRF5ZI5o": {"name": "Layover", "coverArt": "https://i.scdn.co/image/ab67616d00001e021d39d2c985bee806d4e23396", "artist": ["R\u00eave"], "artistIds": ["06vEAqcicwoSBw85e8biJx"], "artistPop": [58], "genres": []}, "2y3kTv2pxaLM7YEwyazSH7": {"name": "HAUNTED", "coverArt": "https://i.scdn.co/image/ab67616d00001e02450c3cfabe0130b7a6e49b21", "artist": ["Isabel LaRosa"], "artistIds": ["5arKwJZEvT5uKq4o0JfqR4"], "artistPop": [46], "genres": []}, "49DcRL4LLu599I5xsrjcm9": {"name": "Baila Bien", "coverArt": "https://i.scdn.co/image/ab67616d00001e024e209cf606cf95cf85f56a28", "artist": ["vf7", "Nio Garcia"], "artistIds": ["6bxjoq64Y0HTfMc4GIbpyJ", "5hdhHgpxyniooUiQVaPxQ0"], "artistPop": [58, 82], "genres": ["rap romantico", "trap latino", "latin", "reggaeton", "trap latino"]}, "58PHa0il1TgjqONQc8ZJ5j": {"name": "Get Back (feat. G Herbo)", "coverArt": "https://i.scdn.co/image/ab67616d00001e02a0b6f4e48b9a13293fc17511", "artist": ["Yak Yola", "G Herbo"], "artistIds": ["3pnHEUKevBqj5yqYBIvVs6", "5QdEbQJ3ylBnc3gsIASAT5"], "artistPop": [36, 79], "genres": ["philly drill", "philly rap", "chicago drill", "chicago rap", "drill", "rap", "southern hip hop", "trap"]}, "02ofwHZyFSuW1LlVQ6DCye": {"name": "Trust", "coverArt": "https://i.scdn.co/image/ab67616d00001e02e16febd8c6624276ccd34875", "artist": ["Jazz Cartier"], "artistIds": ["0sc5zYshOdiFD4ayqMrJbJ"], "artistPop": [55], "genres": ["canadian hip hop", "canadian trap", "indie pop rap", "toronto rap", "trap soul", "underground hip hop"]}, "6PozrSDNgIWRvm9LM8BB6L": {"name": "RUNAWAY", "coverArt": "https://i.scdn.co/image/ab67616d00001e02ebc1770f9f8232533d269b2a", "artist": ["ero808"], "artistIds": ["6x9CKUBQ96VjXxKgGE5hIw"], "artistPop": [40], "genres": []}, "2RaQ5u0MW7truEBYHxvvTp": {"name": "Sixty", "coverArt": "https://i.scdn.co/image/ab67616d00001e028adab477fb3c0136e22d595e", "artist": ["Weston Estate"], "artistIds": ["18CPEToK1OfjJ5B5vDBDKa"], "artistPop": [56], "genres": ["chill r&b"]}, "4KERVj1ZarxTVdsUJJDS3U": {"name": "Happy Girl", "coverArt": "https://i.scdn.co/image/ab67616d00001e0264b579f824ffd0302d717130", "artist": ["Jensen McRae"], "artistIds": ["11dABkjSoOjcP9p3TFSNRj"], "artistPop": [50], "genres": ["gen z singer-songwriter", "indie pop"]}, "3hYfLNWbKnBut3ATcMwK5C": {"name": "The Greatest", "coverArt": "https://i.scdn.co/image/ab67616d00001e022fd84bf78d3a21b3ff086a80", "artist": ["SASAMI"], "artistIds": ["4pdoRs7yHNXakMobf8M9Oz"], "artistPop": [45], "genres": ["art pop", "bubblegrunge"]}, "09xccZVuNwd9vP7abwZkyu": {"name": "Wanna Love You", "coverArt": "https://i.scdn.co/image/ab67616d00001e0207e20bbe63bc61cc7e391f7a", "artist": ["Otis Kane"], "artistIds": ["2rp9zfs7yPrwCGVl4CjWAl"], "artistPop": [48], "genres": ["alternative r&b", "chill r&b", "indie r&b"]}, "3pG67SPFvErjQm5sNGD4Zw": {"name": "Fake It", "coverArt": "https://i.scdn.co/image/ab67616d00001e026e39acba8da79d209c7f0667", "artist": ["Tauren Wells", "Aaron Cole"], "artistIds": ["3SKza3YPBri1k43LB1Tqy4", "0OQ8y7heASb1vEX5WXvjCr"], "artistPop": [65, 53], "genres": ["ccm", "christian music", "world worship", "christian hip hop", "christian pop", "christian trap"]}, "106WZMD4t61E3WIBPtXTDK": {"name": "Good Ol' Man", "coverArt": "https://i.scdn.co/image/ab67616d00001e023603aaded9e794c29463619d", "artist": ["Drew Green"], "artistIds": ["7xZTozOYTK6YKaxcQxeBdP"], "artistPop": [52], "genres": ["contemporary country", "country pop"]}, "62Xth0Qh5PZrz1Xc6eEUxM": {"name": "Greatness", "coverArt": "https://i.scdn.co/image/ab67616d00001e02a0f2c4665d8ac8cfb6fd20fb", "artist": ["Ace Hood", "Killer Mike"], "artistIds": ["31HjiqargV4NAw4GZqUale", "2N4EYkIlG1kv25g6Wv8LGI"], "artistPop": [68, 59], "genres": ["dirty south rap", "gangster rap", "hip hop", "miami hip hop", "pop rap", "rap", "southern hip hop", "trap", "alternative hip hop", "atl hip hop", "conscious hip hop", "escape room", "old school atlanta hip hop", "political hip hop", "southern hip hop"]}, "7vWtHXwHvlTdi2o6IGIB3l": {"name": "Stressed", "coverArt": "https://i.scdn.co/image/ab67616d00001e020a7244b677bf7510b3d684a1", "artist": ["Conway the Machine", "Wallo267"], "artistIds": ["67gqUXxHedeUGDTxwBzdjS", "4CDHyGh4gnewa65FSdKNG1"], "artistPop": [67, 24], "genres": ["alternative hip hop", "boom bap", "buffalo hip hop", "hip hop", "southern hip hop", "underground hip hop", "upstate ny rap"]}, "3lrNsPdn98i6rxO142pLT6": {"name": "O.O", "coverArt": "https://i.scdn.co/image/ab67616d00001e028d64ee7e356e13a96062bd0b", "artist": ["NMIXX"], "artistIds": ["28ot3wh4oNmoFOdVajibBl"], "artistPop": [58], "genres": []}, "1aEHWqvtZ1JIBUl1loQBDn": {"name": "Don\u2019t Keep Me Waiting", "coverArt": "https://i.scdn.co/image/ab67616d00001e0295da832a7d779c4d36c2ac07", "artist": ["SIDEPIECE"], "artistIds": ["5czbzNZZfWpyFgZyfT3Mkk"], "artistPop": [68], "genres": ["bass house", "deep groove house", "edm", "electro house", "house"]}, "1xHliQEIEXwJOhUybyTDuU": {"name": "Cold Nights In Hollywood", "coverArt": "https://i.scdn.co/image/ab67616d00001e02316091bcddb8f2028fcb0114", "artist": ["Buppy."], "artistIds": ["3ycfZfYaqEN0PpZ2nB89k4"], "artistPop": [35], "genres": []}, "0LkURTUPnUK1Ave7Y9Rk5m": {"name": "last week", "coverArt": "https://i.scdn.co/image/ab67616d00001e020e9f0fd4f106a8d8901082e7", "artist": ["Chloe Lilac"], "artistIds": ["2CUeVZl8E9ouggdBhyclFx"], "artistPop": [46], "genres": ["alt z", "indie electropop", "indie pop"]}, "67qQFuqX1hVcWCoGPB5BiU": {"name": "Same Effect", "coverArt": "https://i.scdn.co/image/ab67616d00001e0245d94b521dac1fe1eabeb3c5", "artist": ["Ber"], "artistIds": ["3yojdgzMmWK3m7QABkOr7x"], "artistPop": [57], "genres": ["gen z singer-songwriter"]}, "1nEsrpCsudRtG9zN8lrqzS": {"name": "Get Away With It", "coverArt": "https://i.scdn.co/image/ab67616d00001e02462bb5a05b20c8bedf22a809", "artist": ["Teddy Robb"], "artistIds": ["64IzKvcuvD2Q06UGawFiuO"], "artistPop": [43], "genres": ["country pop"]}, "1Td2fjoRbqG8TKAe2sjqS1": {"name": "I Want It All", "coverArt": "https://i.scdn.co/image/ab67616d00001e02b93c70d31e80d299796266ad", "artist": ["Kat & Alex"], "artistIds": ["6K4y1ejK5kZ0kRdgCv5bRg"], "artistPop": [40], "genres": []}, "1jzJQlaWgu7ZYqRldXXFRD": {"name": "Not Giving You Up", "coverArt": "https://i.scdn.co/image/ab67616d00001e02146b020b0fd964ab73df720d", "artist": ["Big Time Rush"], "artistIds": ["0GWCNkPi54upO9WLlwjAHd"], "artistPop": [67], "genres": ["boy band", "dance pop", "pop", "post-teen pop"]}, "7qalncJL3kgrFl3puKub1n": {"name": "almost 20", "coverArt": "https://i.scdn.co/image/ab67616d00001e023803722145516463cf3b9dd9", "artist": ["Karin Ann"], "artistIds": ["7t7hXBcoQ0dywVEXB0TOYZ"], "artistPop": [44], "genres": []}, "15HLtPoII6TTHbej3R6xKz": {"name": "ALIENSPEAK (feat. Curtis Waters)", "coverArt": "https://i.scdn.co/image/ab67616d00001e0219c5fe004cd031ed6627ec0e", "artist": ["Brevin Kim", "Curtis Waters"], "artistIds": ["7lU8Gtn7moZmPqqu4oPkEh", "2JbE7jUIGtpXSzytnyMg6U"], "artistPop": [45, 59], "genres": ["boston hip hop", "emo rap", "sad rap"]}, "7Mg0Rll6wsnsIdMgw1wasg": {"name": "Call Me Your Ex", "coverArt": "https://i.scdn.co/image/ab67616d00001e024d7309ec849acf6fb37a8b21", "artist": ["Kieran Ivy"], "artistIds": ["0wzHzFNLOLex8psv09KqNK"], "artistPop": [13], "genres": []}, "2I8VEot3oo5qaVmCW16qOx": {"name": "Four Leaf Dream", "coverArt": "https://i.scdn.co/image/ab67616d00001e02db09e5970467312c9eddb0d4", "artist": ["Matilda Mann"], "artistIds": ["76oY04bOzECod3aGVTDtzu"], "artistPop": [51], "genres": ["british singer-songwriter", "indie pop"]}}