{"1PNs0uGru3TcrA94kpyGnc": {"name": "Do We Have A Problem?", "coverArt": "https://i.scdn.co/image/ab67616d00001e027df334f26d1e55dfba843463", "artist": ["Nicki Minaj", "Lil Baby"], "artistIds": ["0hCNtLu0JehylgoiP8L4Gh", "5f7VJjfbwm532GiveGC0ZK"], "artistPop": [90, 92], "genres": ["dance pop", "hip pop", "pop", "pop rap", "queens hip hop", "atl hip hop", "atl trap", "rap", "trap"]}, "42Xba467wgGvYrR2EE6s0i": {"name": "Cigarettes", "coverArt": "https://i.scdn.co/image/ab67616d00001e02d4b6947ccac23f833993aff5", "artist": ["Juice WRLD"], "artistIds": ["4MCBfE4596Uoi2O4DtmEMz"], "artistPop": [96], "genres": ["chicago rap", "melodic rap"]}, "0IuVhCflrQPMGRrOyoY5RW": {"name": "she's all i wanna be", "coverArt": "https://i.scdn.co/image/ab67616d00001e02f7916a35ffdd6cb90bbbdf2f", "artist": ["Tate McRae"], "artistIds": ["45dkTj5sMRSjrmBSBeiHym"], "artistPop": [83], "genres": ["alt z", "dance pop", "pop", "post-teen pop"]}, "2QH0jR41d11GTubjRSRdJo": {"name": "I'm Tired - From \"Euphoria\" An Original HBO Series", "coverArt": "https://i.scdn.co/image/ab67616d00001e02f295fe7a8980a32df5cd90b3", "artist": ["Labrinth"], "artistIds": ["2feDdbD5araYcm6JhFHHw7"], "artistPop": [85], "genres": ["indie poptimism", "pop"]}, "2AAyBZmMVZSZfgzXRYJOWQ": {"name": "emo girl (feat. WILLOW)", "coverArt": "https://i.scdn.co/image/ab67616d00001e02e44c5a184a3494f35879efda", "artist": ["Machine Gun Kelly", "WILLOW"], "artistIds": ["6TIYQ3jFPwQSRmorSezPxX", "3rWZHrfrsPBxVy692yAIxF"], "artistPop": [85, 82], "genres": ["ohio hip hop", "pop rap", "afrofuturism", "dance pop", "electropop", "pop", "post-teen pop"]}, "2J3oaXTqKjGGHCOQLeBnBA": {"name": "SAOKO", "coverArt": "https://i.scdn.co/image/ab67616d00001e02cd978943564e211970f83860", "artist": ["ROSAL\u00cdA"], "artistIds": ["7ltDVBr6mKbRvohxheJ9h1"], "artistPop": [82], "genres": ["r&b en espanol"]}, "07zVQBJfbOuaAhpT3stRFL": {"name": "Stay Soft", "coverArt": "https://i.scdn.co/image/ab67616d00001e02d8041a531487d0e0e4cfb41f", "artist": ["Mitski"], "artistIds": ["2uYWxilOVlUdk4oV9DvwqK"], "artistPop": [84], "genres": ["brooklyn indie"]}, "6BczFLHW9aIf9aWn5NFuNL": {"name": "Don't Play That", "coverArt": "https://i.scdn.co/image/ab67616d00001e02ada9ac52ebeace9af34ff939", "artist": ["King Von", "21 Savage"], "artistIds": ["6QtgPSJPSzcnn7dPZ4VINp", "1URnnhqYAYcrqrcwql10ft"], "artistPop": [78, 89], "genres": ["chicago rap", "atl hip hop", "hip hop", "rap", "trap"]}, "4heBcjj4Lw3X2sQVFNbLbz": {"name": "Scared Money (feat. J. Cole and Moneybagg Yo)", "coverArt": "https://i.scdn.co/image/ab67616d00001e02209006252801f4ce3b040fa6", "artist": ["YG", "J. Cole", "Moneybagg Yo"], "artistIds": ["0A0FS04o6zMoto8OKPsDwY", "6l3HvQ5sa6mXTsMTB19rO5", "3tJoFztHeIJkJWMrx0td2f"], "artistPop": [79, 89, 82], "genres": ["cali rap", "gangster rap", "hip hop", "pop rap", "rap", "southern hip hop", "trap", "conscious hip hop", "hip hop", "north carolina hip hop", "rap", "hip hop", "memphis hip hop", "rap", "southern hip hop", "tennessee hip hop", "trap"]}, "3fpfQC77x3uwESSJ6VmUKM": {"name": "Softly", "coverArt": "https://i.scdn.co/image/ab67616d00001e023f91e661198182ed88887e5c", "artist": ["Arlo Parks"], "artistIds": ["4kIwETcbpuFgRukE8o7Opx"], "artistPop": [66], "genres": ["indie soul", "uk contemporary r&b"]}, "424Uwmm1kNW07Ty1nOhSpl": {"name": "Say Nothing (feat. MAY-A)", "coverArt": "https://i.scdn.co/image/ab67616d00001e02ed1bbd0cdd419a5c8f742ff9", "artist": ["Flume", "MAY-A"], "artistIds": ["6nxWCVXbOlEVRexSbLsTer", "5J8UACGRZtDb4WdOzo9YJN"], "artistPop": [75, 52], "genres": ["australian dance", "australian electropop", "australian indie", "downtempo", "edm", "australian alternative pop", "australian pop", "indie pop"]}, "25B37PuDwZCLof9uOtlVww": {"name": "Next To Me", "coverArt": "https://i.scdn.co/image/ab67616d00001e029350fd953165dbeb2d59179f", "artist": ["Jim-E Stack", "Lucky Daye"], "artistIds": ["4GmataFSHOSQWxuuUX57Bh", "5Vuvs6Py2JRU7WiFDVsI7J"], "artistPop": [52, 71], "genres": ["alternative r&b", "indie pop", "vapor house", "vapor soul", "alternative r&b", "chill r&b", "indie r&b", "pop", "pop r&b", "r&b"]}, "3zpGLSQ8QbbUnNjweWPLMD": {"name": "Doja", "coverArt": "https://i.scdn.co/image/ab67616d00001e02b5b3b9c475eb89386f2c11c0", "artist": ["$NOT", "A$AP Rocky"], "artistIds": ["5IbEL2xjRtKsunfmsahLuO", "13ubrt8QOOCPljQ2FL1Kca"], "artistPop": [79, 86], "genres": ["aesthetic rap", "florida rap", "underground hip hop", "vapor trap", "east coast hip hop", "hip hop", "rap", "trap"]}, "3pEINn37iH5fx8TpXYNGIO": {"name": "Hate Our Love (with Big Sean)", "coverArt": "https://i.scdn.co/image/ab67616d00001e02bc393a5ebcaa06e13040d8e2", "artist": ["Queen Naija", "Big Sean"], "artistIds": ["3nViOFa3kZW8OMSNOzwr98", "0c173mlxpT3dSFRgMO8XPh"], "artistPop": [67, 84], "genres": ["pop", "pop r&b", "pop rap", "r&b", "urban contemporary", "detroit hip hop", "hip hop", "pop", "pop rap", "rap", "southern hip hop", "trap"]}, "26KOUSe9W0ZsTxMgNfbmq1": {"name": "Where Did You Go?", "coverArt": "https://i.scdn.co/image/ab67616d00001e0259fe9fb931328c1cc3232c58", "artist": ["Jax Jones", "MNEK"], "artistIds": ["4Q6nIcaBED8qUel8bBx6Cr", "7uMh23xWiuR7zsNkuNcm2G"], "artistPop": [78, 75], "genres": ["dance pop", "edm", "electro house", "house", "pop", "pop dance", "pop rap", "tropical house", "uk dance", "uk contemporary r&b", "uk dance"]}, "4tSqKLP6qzmDYkLBUOo8P5": {"name": "Marry Me - Kat & Bastian Duet", "coverArt": "https://i.scdn.co/image/ab67616d00001e0257ae9dfcffa85811b407aa6f", "artist": ["Jennifer Lopez", "Maluma"], "artistIds": ["2DlGxzQSjYe5N6G9nkYghR", "1r4hJ1h58CWwUQe3MxPuau"], "artistPop": [80, 90], "genres": ["dance pop", "pop", "pop rap", "urban contemporary", "latin", "reggaeton", "reggaeton colombiano", "trap latino"]}, "2i6j4kdRKZV4Y62I2bD1QC": {"name": "Back To The Future", "coverArt": "https://i.scdn.co/image/ab67616d00001e020c913c0f07647776b1728e94", "artist": ["Bastille"], "artistIds": ["7EQ0qTo7fWT7DPxmxtSYEc"], "artistPop": [79], "genres": ["metropopolis", "modern rock", "pop", "pop rock", "tropical house"]}, "7AEWEYnWHPqXTExnIfxzsT": {"name": "Beach Boy", "coverArt": "https://i.scdn.co/image/ab67616d00001e020928925a2d6d876232475869", "artist": ["BENEE"], "artistIds": ["0Cp8WN4V8Tu4QJQwCN5Md4"], "artistPop": [72], "genres": ["alt z", "nz pop", "pop"]}, "3a94TbZOxhkI9xuNwYL53b": {"name": "Black Summer", "coverArt": "https://i.scdn.co/image/ab67616d00001e02f83bc13bd8c7a16c4ec0f0a6", "artist": ["Red Hot Chili Peppers"], "artistIds": ["0L8ExT028jH3ddEcZwqJJ5"], "artistPop": [85], "genres": ["alternative rock", "funk metal", "funk rock", "permanent wave", "rock"]}, "3a2jFwnts4Cf0OwJbK61SL": {"name": "Gospel (with Eminem)", "coverArt": "https://i.scdn.co/image/ab67616d00001e025afb316ad587e30262fcd3a5", "artist": ["Dr. Dre", "Eminem"], "artistIds": ["6DPYiyq5kWVQS4RGwxzPC7", "7dGJo4pcD2V6oG8kP0tJRR"], "artistPop": [83, 94], "genres": ["g funk", "gangster rap", "hip hop", "rap", "west coast rap", "detroit hip hop", "hip hop", "rap"]}, "0nO4zZnJfxDXwTIwqLy5iL": {"name": "FYE", "coverArt": "https://i.scdn.co/image/ab67616d00001e0233c4184051fe93827342c02a", "artist": ["Adekunle Gold", "Stefflon Don"], "artistIds": ["2IK173RXLiCSQ8fhDlAb3s", "2ExGrw6XpbtUAJHTLtUXUD"], "artistPop": [66, 72], "genres": ["afropop", "alte", "azontobeats", "nigerian hip hop", "nigerian pop", "dancehall", "pop", "pop rap", "uk dancehall", "uk hip hop"]}, "0JlBceojDDiHGAKtMEhGm9": {"name": "Yeh I Fuckin' Did It - From \"Euphoria\" An Original HBO Series", "coverArt": "https://i.scdn.co/image/ab67616d00001e02f295fe7a8980a32df5cd90b3", "artist": ["Labrinth"], "artistIds": ["2feDdbD5araYcm6JhFHHw7"], "artistPop": [85], "genres": ["indie poptimism", "pop"]}, "3ZGQI9j7Sal0lMXeNlr0Da": {"name": "Freaks & Geeks", "coverArt": "https://i.scdn.co/image/ab67616d00001e0204b35ca96656a2e8b467f86c", "artist": ["Oliver Tree"], "artistIds": ["6TLwD7HPWuiOzvXEa3oCNe"], "artistPop": [80], "genres": ["alternative hip hop"]}, "0iiKH9FbsFKlh7QjmJtYAf": {"name": "Perfect", "coverArt": "https://i.scdn.co/image/ab67616d00001e02d78a0ef483a03dafd1c5940d", "artist": ["Ali Gatie"], "artistIds": ["4rTv3Ejc7hKMtmoBOK1B4T"], "artistPop": [76], "genres": ["canadian hip hop", "pop"]}, "2F8UhXCxJveJWAmUVKse5h": {"name": "Tomorrow", "coverArt": "https://i.scdn.co/image/ab67616d00001e026797a6e294ca3454588b3e46", "artist": ["John Legend", "Nas", "Florian Picasso"], "artistIds": ["5y2Xq6xcjJb2jVM54GHK3t", "20qISvAhX20dpIbOOzGK3q", "4GWqzTTt2uA9Ms6HfUhWUn"], "artistPop": [82, 78, 47], "genres": ["neo soul", "pop", "pop soul", "r&b", "urban contemporary", "conscious hip hop", "east coast hip hop", "gangster rap", "hardcore hip hop", "hip hop", "queens hip hop", "rap", "edm", "electro house", "pop dance", "pop edm", "progressive electro house", "sky room"]}, "7IBI2S33PMaIM9pARvpIJY": {"name": "Silver Into Rain", "coverArt": "https://i.scdn.co/image/ab67616d00001e026eedd034e55dd7d074e4c3ff", "artist": ["Luna Li", "beabadoobee"], "artistIds": ["4ZAk3yVJdtf1CFnTiG08U3", "35l9BRT7MXmM8bv2WDQiyB"], "artistPop": [50, 75], "genres": ["canadian garage rock", "indie pop", "toronto indie", "bedroom pop", "bubblegrunge", "indie pop"]}, "0L2G8Khc96e6yLcLyLklzS": {"name": "Still (feat. 6LACK and Smino)", "coverArt": "https://i.scdn.co/image/ab67616d00001e02aac20d5f8a96a41831a10c80", "artist": ["Saba", "6LACK", "Smino"], "artistIds": ["7Hjbimq43OgxaBRpFXic4x", "4IVAbR2w4JJNJDDRFP3E83", "1ybINI1qPiFbwDXamRtwxD"], "artistPop": [69, 82, 73], "genres": ["alternative r&b", "chicago rap", "hip hop", "rap", "underground hip hop", "alternative r&b", "atl hip hop", "hip hop", "melodic rap", "pop rap", "r&b", "rap", "trap", "alternative r&b", "hip hop", "rap", "underground hip hop"]}, "2bxvKs7Q0zqFqajnRcgxbv": {"name": "Cold Gangsta (feat. 42 Dugg & EST Gee)", "coverArt": "https://i.scdn.co/image/ab67616d00001e02ef1fbbea37d38c3ec660a8f1", "artist": ["Yo Gotti", "42 Dugg", "EST Gee"], "artistIds": ["6Ha4aES39QiVjR0L2lwuwq", "45gHcnDnMC15sgx3VL7ROG", "4FlG0V0jhLO4qGpayFOphj"], "artistPop": [73, 77, 72], "genres": ["dirty south rap", "gangster rap", "hip hop", "memphis hip hop", "pop rap", "rap", "southern hip hop", "tennessee hip hop", "trap", "detroit trap", "pop rap", "rap", "southern hip hop", "trap", "kentucky hip hop", "rap", "southern hip hop", "trap"]}, "0fp6PDlnCkmdE0F3s0tfr6": {"name": "Original Sin", "coverArt": "https://i.scdn.co/image/ab67616d00001e029822f6ccc6dcea6dd3b7c7b7", "artist": ["Sofi Tukker"], "artistIds": ["586uxXMyD5ObPuzjtrzO1Q"], "artistPop": [72], "genres": ["electropop"]}, "7eQ6R9XSNfbLSExXggYbmY": {"name": "Bang Bang", "coverArt": "https://i.scdn.co/image/ab67616d00001e02f021e51d5a68bbf377493eb4", "artist": ["Hippo Campus"], "artistIds": ["1btWGBz4Uu1HozTwb2Lm8A"], "artistPop": [68], "genres": ["indie pop", "indie poptimism", "minneapolis indie", "modern alternative rock", "modern rock", "pop rock"]}, "1prCMVGhgKF805LZJhFIHe": {"name": "Especially You", "coverArt": "https://i.scdn.co/image/ab67616d00001e022d52cd2914147e79c90d7808", "artist": ["Wallows"], "artistIds": ["0NIPkIjTV8mB795yEIiPYL"], "artistPop": [75], "genres": ["indie pop", "modern rock", "pop"]}, "4BWtx4oafnboNpyH1x8zEc": {"name": "fiimy - fuck it, i miss you", "coverArt": "https://i.scdn.co/image/ab67616d00001e02dd8ac7a3996935a88d60c02b", "artist": ["Winnetka Bowling League", "Demi Lovato"], "artistIds": ["4ug3P1K8BaCdJXROrqHqhu", "6S2OmqARrzebs0tKUEyXyp"], "artistPop": [53, 84], "genres": ["indie pop", "indie poptimism", "la pop", "modern alternative rock", "modern rock", "dance pop", "pop", "post-teen pop"]}, "7mZ19pGoinaWwanIDq0JTY": {"name": "TOUCH", "coverArt": "https://i.scdn.co/image/ab67616d00001e027e103792b8d06c89c0aa04fc", "artist": ["keshi"], "artistIds": ["3pc0bOVB5whxmD50W79wwO"], "artistPop": [77], "genres": ["chill r&b", "pop"]}, "0QwtPubre27rt1YnJBKeNb": {"name": "Hot Tub", "coverArt": "https://i.scdn.co/image/ab67616d00001e02fb01933fa3d998a9910151df", "artist": ["Yung Gravy", "Dillon Francis", "T-Pain"], "artistIds": ["2YOYua8FpudSEiB9s88IgQ", "5R3Hr2cnCCjt220Jmt2xLf", "3aQeKQSyrW4qWr35idm0cy"], "artistPop": [73, 69, 81], "genres": ["meme rap", "minnesota hip hop", "pop rap", "brostep", "dance pop", "edm", "electro house", "electronic trap", "electropop", "house", "moombahton", "pop", "pop dance", "slap house", "tropical house", "dance pop", "hip hop", "pop", "pop rap", "r&b", "rap", "southern hip hop", "urban contemporary"]}, "4sw5u1NAL7Wd1WaPBEHOFj": {"name": "Said It\u2019s Lit", "coverArt": "https://i.scdn.co/image/ab67616d00001e022cdca4b4d827a2f0c04afafe", "artist": ["22Gz"], "artistIds": ["4JhbRL6zaItAyzqx4gHTqz"], "artistPop": [66], "genres": ["brooklyn drill", "nyc rap"]}, "1SoacNoziTAkkUNUkT29Md": {"name": "It's Hard Not To", "coverArt": "https://i.scdn.co/image/ab67616d00001e02e8de25254f2d2a7a18eb7305", "artist": ["E-40", "Sada Baby"], "artistIds": ["3crnzLy8R4lVwaigKEOz7V", "2JSwnwAT1BupAQkhqcRCUw"], "artistPop": [72, 64], "genres": ["cali rap", "gangster rap", "hip hop", "hyphy", "oakland hip hop", "pop rap", "rap", "southern hip hop", "trap", "west coast rap", "detroit trap", "scam rap", "trap"]}, "7aBRoWtp9jsZFxwml1LfeG": {"name": "Pull Up", "coverArt": "https://i.scdn.co/image/ab67616d00001e02f173c204a0fb037abca5218c", "artist": ["Koffee"], "artistIds": ["1gWjcmBsveEYMxOZ0VRi32"], "artistPop": [64], "genres": ["dancehall", "modern reggae"]}, "4v1TTTCadimzZkTuDTnYBc": {"name": "HANDSOMER", "coverArt": "https://i.scdn.co/image/ab67616d00001e02d942f44a7011b3b54493edb3", "artist": ["Russ"], "artistIds": ["1z7b1Pr1rSlvWRzsW3HOrS"], "artistPop": [81], "genres": ["hawaiian hip hop", "rap"]}, "4WOKM2f2FgbuLPiEqGSlBi": {"name": "TAKEN BACK", "coverArt": "https://i.scdn.co/image/ab67616d00001e025db063998ca2f12c010b0dcd", "artist": ["Allen Haley"], "artistIds": ["0A23HecVtZf5hwBgVi0uYb"], "artistPop": [0], "genres": []}, "3IoHf45yFIn4L5kL4Nc8OH": {"name": "Premature Love", "coverArt": "https://i.scdn.co/image/ab67616d00001e0277c79d0cdb2556b0ef615692", "artist": ["WizTheMc"], "artistIds": ["3ebS2RuCq8QeLyndUDmgB5"], "artistPop": [60], "genres": ["canadian contemporary r&b", "pop rap"]}, "06DcUBxCvBAqvWgpExtbLE": {"name": "Party Sickness", "coverArt": "https://i.scdn.co/image/ab67616d00001e02fc7d688b15cc6270ea8679e9", "artist": ["Hope Tala"], "artistIds": ["74CcYmmNeHKe5PrZaISk8e"], "artistPop": [60], "genres": ["alternative r&b", "chill r&b", "indie r&b", "indie soul"]}, "3mtSPmyeEkkqvHdXj7W4qg": {"name": "I Guess That Was Goodbye", "coverArt": "https://i.scdn.co/image/ab67616d00001e02e756b4ecd7079500b084d50a", "artist": ["Lyn Lapid"], "artistIds": ["4pfy05cNNTacuOQ6SiSu4v"], "artistPop": [66], "genres": ["gen z singer-songwriter"]}, "5U4iPIXYJ5h6H7zJhx6VVF": {"name": "Dates In Pickup Trucks", "coverArt": "https://i.scdn.co/image/ab67616d00001e027b678d24b16129766bbd974d", "artist": ["Kassi Ashton"], "artistIds": ["1LCsAfmP4l13EYtzDaLMAg"], "artistPop": [40], "genres": ["country pop"]}, "06Nak3IpaRtZKS27DYoHmt": {"name": "If You Ever Change Your Mind", "coverArt": "https://i.scdn.co/image/ab67616d00001e0276def7f3853ee36a1b0d21a6", "artist": ["Calum Scott"], "artistIds": ["6ydoSd3N2mwgwBHtF6K7eX"], "artistPop": [83], "genres": ["neo mellow", "pop"]}, "3djb619fSC1QBOm2Lqgs1c": {"name": "The Muck", "coverArt": "https://i.scdn.co/image/ab67616d00001e02d3f7f9c6e98e391a532e5e6d", "artist": ["K.Flay"], "artistIds": ["0pCNk4D3E2xtszsm6hMsWr"], "artistPop": [74], "genres": ["electropop", "escape room", "hip pop", "indie poptimism", "modern rock", "pop", "rock"]}, "0ZZdfogjRhEGVI0ouw35tL": {"name": "Kelede", "coverArt": "https://i.scdn.co/image/ab67616d00001e02c11bd5aae16f8347cb81d72e", "artist": ["DEKKO"], "artistIds": ["6ZvYYrrfpb1Z7kICDyxWQE"], "artistPop": [69], "genres": ["reggaeton colombiano", "trap latino"]}, "0v3WvQ010FCs5IT1VvvHCr": {"name": "One Night Ting (feat. Saweetie)", "coverArt": "https://i.scdn.co/image/ab67616d00001e02d6889857ac9ed39ef2e025fc", "artist": ["Tai'Aysha", "Saweetie"], "artistIds": ["2RY3ihP6cPwsuGv97SGWg2", "6cK3NBO6uP7hh0oyuVELFl"], "artistPop": [0, 81], "genres": ["cali rap", "dance pop", "pop", "pop rap", "r&b", "trap queen"]}, "3I10tZ5MgEMo4WryCNJkZQ": {"name": "Won't Forget You - Edit", "coverArt": "https://i.scdn.co/image/ab67616d00001e021f3784b43dbc8566a24473f2", "artist": ["Shouse"], "artistIds": ["2TcGJdSOiOvITBzhvfX8XB"], "artistPop": [77], "genres": ["aussietronica"]}, "3TwAePhxn7pwkdHNwpWgvp": {"name": "3AM", "coverArt": "https://i.scdn.co/image/ab67616d00001e027496c6f93f6c93754ce49afc", "artist": ["DRAMA"], "artistIds": ["7LvvNoUPwTZpgXDWBRrfHg"], "artistPop": [64], "genres": ["alternative r&b", "electropop", "indie soul", "vapor soul"]}, "3RshwpG2D2FtdpEWe6ItAK": {"name": "Dance", "coverArt": "https://i.scdn.co/image/ab67616d00001e026c842ee8abae2a8942d3c82b", "artist": ["Jay Safari"], "artistIds": ["1ZDLdMwbdm4AdfXZTqbVdT"], "artistPop": [20], "genres": []}, "4JNI9h3odVrUIqDhVocdVj": {"name": "Don't Change", "coverArt": "https://i.scdn.co/image/ab67616d00001e02525840d6be0554480ccf9719", "artist": ["B-Lovee"], "artistIds": ["7hf5PZjVOqTQ2id3PF7I5Y"], "artistPop": [64], "genres": ["bronx drill", "new york drill"]}, "7xmvra75oRloZw9fHMhtBe": {"name": "Protest", "coverArt": "https://i.scdn.co/image/ab67616d00001e02bc41efdd2f7f5ca126c6836c", "artist": ["BIG30"], "artistIds": ["4nZmMrwH6LxHnCzQv4IFUE"], "artistPop": [68], "genres": ["memphis hip hop", "southern hip hop", "trap"]}, "5zG5U3PGRdzzGcpUKP3W1J": {"name": "Evil", "coverArt": "https://i.scdn.co/image/ab67616d00001e02d2027eb3be4a747b17778d45", "artist": ["Stunna Gambino"], "artistIds": ["15ZjD8Gus20Miqw3fdOaXX"], "artistPop": [65], "genres": ["nyc rap"]}, "39e9hkMX40YCILJqWEyBKp": {"name": "PLANET BEAM", "coverArt": "https://i.scdn.co/image/ab67616d00001e0217398d6fb78a9b6be1d61fdc", "artist": ["BEAM"], "artistIds": ["46MWeeHNVMYRIIofQBEX98"], "artistPop": [62], "genres": ["trap soul"]}, "3c8QXE2NQBVrtMSTXAofor": {"name": "Bites on My Neck", "coverArt": "https://i.scdn.co/image/ab67616d00001e02cad35e789738e1f4f499ead0", "artist": ["yeule"], "artistIds": ["1WZarnZpWEv7dDtjAETt4X"], "artistPop": [53], "genres": ["ambient pop", "art pop", "escape room", "hyperpop"]}, "35DHCZvQcy8PIM0eJmVS1X": {"name": "Running Around", "coverArt": "https://i.scdn.co/image/ab67616d00001e02e4682628ff171d97395749eb", "artist": ["Goth Babe"], "artistIds": ["7o96HO2zrujyATtVsqGhh3"], "artistPop": [65], "genres": ["modern rock"]}, "1jA53SLb7NDWeWZU74Uvoo": {"name": "Broken", "coverArt": "https://i.scdn.co/image/ab67616d00001e02b883b046ff3836086b44b90f", "artist": ["Alfie Templeman"], "artistIds": ["6QzMY3tnu0m56eKUnr4uCF"], "artistPop": [66], "genres": ["indie soul", "modern alternative pop"]}, "3KRdLDjxlAY7ku93tOG0b1": {"name": "Kissing Lessons", "coverArt": "https://i.scdn.co/image/ab67616d00001e02e6ce727f696f844ad3deec47", "artist": ["Lucy Dacus"], "artistIds": ["07D1Bjaof0NFlU32KXiqUP"], "artistPop": [66], "genres": ["art pop", "bubblegrunge", "indie pop", "indie rock"]}, "5mV02eybPC77hODuGYd054": {"name": "Hustlaz", "coverArt": "https://i.scdn.co/image/ab67616d00001e02d2f2a1b67ec5342c2f3f14f3", "artist": ["Lupe Fiasco"], "artistIds": ["01QTIT5P1pFP3QnnFSdsJf"], "artistPop": [70], "genres": ["chicago rap", "conscious hip hop", "gangster rap", "hip hop", "political hip hop", "pop rap", "rap", "southern hip hop"]}, "6jAyGjl1JlSGBmyu993LsU": {"name": "Showgirls", "coverArt": "https://i.scdn.co/image/ab67616d00001e02368f63c28fed67169f33f7e1", "artist": ["12AM", "Tyla Yaweh", "Pressa"], "artistIds": ["4FHtVj8v4il9h5HRQ4Ib3n", "1MXZ0hsGic96dWRDKwAwdr", "5olrQpDroHT7sjmYWMLivy"], "artistPop": [48, 69, 60], "genres": ["canadian contemporary r&b", "sad rap", "trap soul", "cali rap", "melodic rap", "pop rap", "rap", "trap", "canadian hip hop", "melodic rap", "rap montrealais", "toronto rap", "trap"]}, "2sWoPLbQ4qCZ56D5yCX5W3": {"name": "BAND$", "coverArt": "https://i.scdn.co/image/ab67616d00001e025018a637cf3fa7318a7eb192", "artist": ["Arizona Zervas"], "artistIds": ["0vRvGUQVUjytro0xpb26bs"], "artistPop": [73], "genres": ["pop rap", "rhode island rap", "social media pop"]}, "2S64jbKPxABEYsniZYTH6C": {"name": "Rock And Roll Cowboy", "coverArt": "https://i.scdn.co/image/ab67616d00001e027e9a71f353bdcaa32f0efd01", "artist": ["Jason Aldean"], "artistIds": ["3FfvYsEGaIb52QPXhg4DcH"], "artistPop": [78], "genres": ["contemporary country", "country", "country road"]}, "0ypM45MRlc73Uttz1ddn9o": {"name": "I'm Gonna Let Her", "coverArt": "https://i.scdn.co/image/ab67616d00001e02c74ccc2a6bc87b1c51d7e979", "artist": ["Cole Swindell"], "artistIds": ["1mfDfLsMxYcOOZkzBxvSVW"], "artistPop": [69], "genres": ["contemporary country", "country", "country road", "modern country rock"]}, "4eaSY3ucamesaARYBsLfz2": {"name": "Fat Funny Friend", "coverArt": "https://i.scdn.co/image/ab67616d00001e029b55c7d98c87cb8eb7cdfc1f", "artist": ["Maddie Zahm"], "artistIds": ["5dtPlx7yKOo7KdZGyrfFIq"], "artistPop": [53], "genres": ["alt z"]}, "3qWiLB5CmJBr2KeU1zrgcS": {"name": "Gutterball", "coverArt": "https://i.scdn.co/image/ab67616d00001e020a1881031d084efb23a69063", "artist": ["Maddie Jay"], "artistIds": ["0eelrX0AcylGwVNf1HW77h"], "artistPop": [41], "genres": ["la pop"]}, "3aKeMLUuvZSmlzMxA41WEr": {"name": "Your Love", "coverArt": "https://i.scdn.co/image/ab67616d00001e02a7050d96171a68548b55479c", "artist": ["Mallrat"], "artistIds": ["4OSArit7O2Jaj4mgf3YN7A"], "artistPop": [60], "genres": ["aussietronica", "australian hip hop", "australian indie", "australian pop", "brisbane indie"]}, "5N6WeW88EoI3OnpYoKvhLh": {"name": "Days With You", "coverArt": "https://i.scdn.co/image/ab67616d00001e0277dbc0d6b4236e32d349017f", "artist": ["Mont Duamel"], "artistIds": ["2yVpWiIBNJb0U8lPhE86cB"], "artistPop": [36], "genres": []}, "0rm3x9LMs2QN72gNp4qY50": {"name": "We Go Back", "coverArt": "https://i.scdn.co/image/ab67616d00001e02dd37bc1326cb2aff51b85221", "artist": ["Animal Collective"], "artistIds": ["4kwxTgCKMipBKhSnEstNKj"], "artistPop": [57], "genres": ["alternative dance", "alternative rock", "art pop", "art rock", "baltimore indie", "chillwave", "dream pop", "electronica", "experimental pop", "freak folk", "indie pop", "indie rock", "modern rock", "new rave", "noise pop"]}, "6W0KlMygdGulq1YXzPnVSL": {"name": "Harbour", "coverArt": "https://i.scdn.co/image/ab67616d00001e02ce380d1d24b88f873285a348", "artist": ["Cate Le Bon"], "artistIds": ["0LZac5VicY19QLaIUvIB0G"], "artistPop": [49], "genres": ["art pop", "art rock", "chamber psych", "dream pop", "freak folk", "garage psych", "indie folk", "indie rock", "welsh indie"]}, "4op0sQ8BfzRsW4gGGlR7TU": {"name": "Side Effect (feat. Au/Ra)", "coverArt": "https://i.scdn.co/image/ab67616d00001e0247d9283727575381d900b3ff", "artist": ["Alok", "Au/Ra"], "artistIds": ["0NGAZxHanS9e0iNHpR8f2W", "1eMmoIprPDWeFdB1FxU6ZV"], "artistPop": [83, 71], "genres": ["electro house", "pop nacional", "slap house", "alt z", "deep pop edm", "electropop", "indie poptimism", "pop"]}, "7p15pjKeiHuxFg7cu776sl": {"name": "Honest (feat. Slayyyter)", "coverArt": "https://i.scdn.co/image/ab67616d00001e021efb0f4d3d5710ca7b94ec6d", "artist": ["Peking Duk", "Slayyyter"], "artistIds": ["0UZ1nu3kcdNlCoiKRjmSSY", "4QM5QCHicznALtX885CnZC"], "artistPop": [61, 63], "genres": ["aussietronica", "australian electropop", "australian pop", "edm", "art pop", "dance pop", "electropop", "escape room", "hyperpop", "pink noise", "pop"]}, "2Ib5LOrfWLHrME2dYtMDxp": {"name": "Hello (with Saucy Santana)", "coverArt": "https://i.scdn.co/image/ab67616d00001e0241eb2cc02cf3f0c3428f9030", "artist": ["Tay Money", "Saucy Santana"], "artistIds": ["6R6EfP43F8ZuMcilsE4zs7", "2NfwGBr2swqZ1rzE3kAV23"], "artistPop": [60, 64], "genres": ["dfw rap", "trap queen", "trap queen", "viral rap"]}, "07Hl8YmZR1JYpEhCDqNBJA": {"name": "John Woo Flick (with Benny The Butcher & Westside Gunn)", "coverArt": "https://i.scdn.co/image/ab67616d00001e02ef2336893ef8f01578e5125f", "artist": ["Conway the Machine", "Benny The Butcher", "Westside Gunn"], "artistIds": ["67gqUXxHedeUGDTxwBzdjS", "5Matrg5du62bXwer29cU5T", "0ABk515kENDyATUdpCKVfW"], "artistPop": [66, 70, 66], "genres": ["alternative hip hop", "boom bap", "buffalo hip hop", "hip hop", "southern hip hop", "underground hip hop", "upstate ny rap", "boom bap", "buffalo hip hop", "hip hop", "rap", "southern hip hop", "upstate ny rap", "alternative hip hop", "boom bap", "buffalo hip hop", "hip hop", "rap", "underground hip hop", "upstate ny rap"]}, "49KTdYsWNtkvOslTpgZuM1": {"name": "War", "coverArt": "https://i.scdn.co/image/ab67616d00001e0294cbedcf1ef2de3254d8157f", "artist": ["ArrDee", "Aitch"], "artistIds": ["7m0BsF0t3K9WQFgKoPejfk", "2PJEagPIxaBugeMjIyKVXF"], "artistPop": [75, 71], "genres": ["uk hip hop", "manchester hip hop"]}, "6cUdw19oUUBNpRafkJ0nYs": {"name": "In-between and Overseas", "coverArt": "https://i.scdn.co/image/ab67616d00001e02bf23fedb39b3f04ddc113a8b", "artist": ["Sampha"], "artistIds": ["2WoVwexZuODvclzULjPQtm"], "artistPop": [63], "genres": ["alternative r&b", "indie soul"]}, "6zlIN2RRLiNzitagYR44m0": {"name": "HAZY", "coverArt": "https://i.scdn.co/image/ab67616d00001e02e6c1dcad8d6aded8a4cab5df", "artist": ["Kyle Dion", "Tkay Maidza"], "artistIds": ["5qfkUSH3ip5dD2eEPhjkT3", "1kMPdZQVdUhMDKDWOJM5iK"], "artistPop": [53, 59], "genres": ["alternative r&b", "chill r&b", "indie r&b", "indie soul", "pop", "r&b", "trap soul", "alternative r&b", "art pop", "australian hip hop", "escape room"]}, "0sacd68LcwHnSGMgBMNSsn": {"name": "Two Left Feet (feat. Oscar Scheller)", "coverArt": "https://i.scdn.co/image/ab67616d00001e02853749f3102cc01c5725b7e6", "artist": ["Tayo Sound", "Oscar Scheller"], "artistIds": ["7uELj3CTZDGSpqH1TNPIdQ", "6BToM88XrzNI6VL5GxazUq"], "artistPop": [47, 52], "genres": ["lo-fi indie"]}, "1wDSBJSCKxB8qZR6jnfqgt": {"name": "All Is Well", "coverArt": "https://i.scdn.co/image/ab67616d00001e024e96b484748f5575ed4fc0a3", "artist": ["Hans Williams"], "artistIds": ["3SEkDN2vusR7CIyehzfJaj"], "artistPop": [39], "genres": []}, "6CuaS0ZrVqMafHACp8YdJ5": {"name": "Stubborn Heart", "coverArt": "https://i.scdn.co/image/ab67616d00001e0287bd995e19fdee157c17f036", "artist": ["Wild Rivers"], "artistIds": ["59sBwR0jPSTrbMtuTkRPN5"], "artistPop": [66], "genres": ["folk-pop", "indie folk", "indiecoustica", "neo mellow", "new americana", "stomp and holler"]}, "6eukvmq1A85Jz0hBVfmkkP": {"name": "Hate This Hometown", "coverArt": "https://i.scdn.co/image/ab67616d00001e026d09504e859d834fb8e81823", "artist": ["Erin Kinsey"], "artistIds": ["5TtSGhhCPt56x4ZPfg7DFq"], "artistPop": [57], "genres": ["alt z", "contemporary country"]}, "4cqj8FIWkyR5A2XBtcqRMU": {"name": "God Is A Freak", "coverArt": "https://i.scdn.co/image/ab67616d00001e023572b40889c50fe4d440f140", "artist": ["Peach PRC"], "artistIds": ["006j2rer9tZJCYniu7SaWS"], "artistPop": [57], "genres": ["alt z"]}, "5gsJUCSx0w2fO95Ou78Zpu": {"name": "daisy", "coverArt": "https://i.scdn.co/image/ab67616d00001e02ca9b84d0c37552fd677933f7", "artist": ["Arden Jones"], "artistIds": ["3mMogqf2JyBUQZxFZlC79w"], "artistPop": [55], "genres": []}, "5Vv84O4hpfW3yVJokveL0b": {"name": "Nightcrawler", "coverArt": "https://i.scdn.co/image/ab67616d00001e02a87a50586768a766d2123a9e", "artist": ["A-Wall"], "artistIds": ["56OjNTX2bkrdGcB0staUOV"], "artistPop": [67], "genres": ["bedroom pop"]}, "3cJSNe3eSkegr9dZsZxr6c": {"name": "Luv Like", "coverArt": "https://i.scdn.co/image/ab67616d00001e02a13bd0e6bc48a1dbfe71cb0f", "artist": ["Nia Archives"], "artistIds": ["7BMR0fwtEvzGtK4rNGdoiQ"], "artistPop": [52], "genres": ["uk alternative hip hop"]}, "6FsVDZWQk6QBBrmZKvFxvW": {"name": "Brag (feat. Fivio Foreign)", "coverArt": "https://i.scdn.co/image/ab67616d00001e0298a1d9d7b985a5d80800fad3", "artist": ["LAYA", "Fivio Foreign"], "artistIds": ["7JNff2HS8nrk3x0VZ5pT2X", "14CHVeJGrR5xgUGQFV5BVM"], "artistPop": [34, 76], "genres": ["brooklyn drill", "new york drill", "rap", "trap"]}, "0UTgiWqnHq17CEUW0QokQ2": {"name": "everything new (feat. Gunna)", "coverArt": "https://i.scdn.co/image/ab67616d00001e025c630b370cd1a24ba576cb63", "artist": ["Yung Kayo", "Gunna"], "artistIds": ["7J0hrNYCO5DgAx0XaRJqkh", "2hlmm7s2ICUX0LVIhVFlZQ"], "artistPop": [53, 92], "genres": ["vapor trap", "atl hip hop", "melodic rap", "rap", "trap"]}, "2OoNh4KrWVJjmIeYU9chtF": {"name": "Born With It (Hood Fav)", "coverArt": "https://i.scdn.co/image/ab67616d00001e02900cd0a1a8124cd369d805f6", "artist": ["Jay Critch", "Harry Fraud"], "artistIds": ["6Av6GMCOznZIlHuNcBWgf4", "37ASGd4rWpHjuVonnYAN6S"], "artistPop": [63, 67], "genres": ["nyc rap", "rap", "trap", "underground hip hop", "vapor trap"]}, "63JU4kHsgytIKkSM4tedme": {"name": "Everything's Electric", "coverArt": "https://i.scdn.co/image/ab67616d00001e02042e36a10bb80151ed47d7af", "artist": ["Liam Gallagher"], "artistIds": ["6sN51vEARnAAdBw1IKZ8Q9"], "artistPop": [61], "genres": ["britpop", "modern rock", "rock", "solo wave"]}, "7dezvioL33mH3paRJeRMVu": {"name": "Trouble", "coverArt": "https://i.scdn.co/image/ab67616d00001e021fa2bf0f8a412b53d35f9a2f", "artist": ["Johnny Dailey"], "artistIds": ["6bXNUXv0KrjvuDVs8skKc7"], "artistPop": [39], "genres": []}, "4vDEQxivxtfbgmEHtsJ29H": {"name": "Can't See Stars (feat. Kevin Morby)", "coverArt": "https://i.scdn.co/image/ab67616d00001e0201349b13be639b6a958b19eb", "artist": ["Erin Rae", "Kevin Morby"], "artistIds": ["167VlZ0C0ewQbgKexRFcs6", "6fxk3UXHTFYET8qCT9WlBF"], "artistPop": [43, 59], "genres": ["alternative country", "deep new americana", "indie folk", "nashville americana", "new americana", "freak folk", "indie folk", "indie pop", "indie rock", "kc indie", "modern folk rock"]}, "1ZMGp9MTXbtAPvcKa0U3zS": {"name": "Brividi", "coverArt": "https://i.scdn.co/image/ab67616d00001e0240c172c54696d8e6028c019f", "artist": ["Mahmood", "BLANCO"], "artistIds": ["06nvjg4wBANK6DCHjqtPNd", "1MRiIeZbc0cRuxOafDUCtH"], "artistPop": [65, 77], "genres": ["italian pop", "italian pop"]}, "6bf6EucSDjeVSez8eTm49M": {"name": "Who Not Turnt", "coverArt": "https://i.scdn.co/image/ab67616d00001e02e89145d12416b7dda55d1a1c", "artist": ["Baby Money", "42 Dugg", "Tay B"], "artistIds": ["1AMm82jgWgkDpczxW5DMjn", "45gHcnDnMC15sgx3VL7ROG", "1bPS827zEKbtWhNcWUMTpO"], "artistPop": [44, 77, 39], "genres": ["detroit hip hop", "detroit trap", "pop rap", "rap", "southern hip hop", "trap", "cali rap", "detroit trap"]}, "109y2iYl9cRHNR4rPzox1q": {"name": "C'mere!", "coverArt": "https://i.scdn.co/image/ab67616d00001e02984139fc569099dc141a22ae", "artist": ["iayze"], "artistIds": ["00msLVGU9crX0EC5McCiCa"], "artistPop": [51], "genres": ["plugg", "pluggnb", "vapor trap"]}, "0JGXmt0UISP8sttvwFvT76": {"name": "Loser", "coverArt": "https://i.scdn.co/image/ab67616d00001e02a23359eb32ab4d3296c018e1", "artist": ["Reyanna Maria"], "artistIds": ["7kRrkUEPgO3TRfAi7Gsw2i"], "artistPop": [53], "genres": []}, "2uyC1ZE7VP4sMXhJubAKWh": {"name": "Cold", "coverArt": "https://i.scdn.co/image/ab67616d00001e026a1192e6ab45300b0a975eaf", "artist": ["Danielle Apicella"], "artistIds": ["53l3aH0gXYBLyTVM87aYw5"], "artistPop": [30], "genres": ["christian hip hop", "christian trap"]}, "4iUHwOJQDcTEkMyo5DLuOD": {"name": "You Feel Like Depression", "coverArt": "https://i.scdn.co/image/ab67616d00001e02f9e31ab119168107e03fa537", "artist": ["AVIV"], "artistIds": ["1EWcnusq6BavKMW5OCsRMo"], "artistPop": [40], "genres": []}, "4njrQ9asHe2mqoy5VwrDYN": {"name": "Angels", "coverArt": "https://i.scdn.co/image/ab67616d00001e023c43209163bc367d7ca73b75", "artist": ["Hamond"], "artistIds": ["2UnmGif8M5Hb5doxZIIDKR"], "artistPop": [10], "genres": []}, "5vcLMRWLRXZS7r5UNaNZ0r": {"name": "funny lil thing", "coverArt": "https://i.scdn.co/image/ab67616d00001e02e4832e4e927fe23d47ede168", "artist": ["The Golf Club"], "artistIds": ["7glngbl6iMW8Iszr0pHpKT"], "artistPop": [30], "genres": []}, "4TWHdkXfyu7gLpAUSyU1X8": {"name": "Forgotten", "coverArt": "https://i.scdn.co/image/ab67616d00001e025cffc41511e5069cd6bdee1d", "artist": ["Korn"], "artistIds": ["3RNrq3jvMZxD9ZyoOZbQOD"], "artistPop": [77], "genres": ["alternative metal", "funk metal", "nu metal", "rap metal", "rock"]}}