{"0lEjxUUlKqjqXrVlIHFduD": {"name": "P power (feat. Drake)", "coverArt": "https://i.scdn.co/image/ab67616d00001e02c9fe7f7818e58b590afbd383", "artist": ["Gunna", "Drake"], "artistIds": ["2hlmm7s2ICUX0LVIhVFlZQ", "3TVXtAsR1Inumwj472S9r4"], "artistPop": [91, 98], "genres": ["atl hip hop", "melodic rap", "rap", "trap", "canadian hip hop", "canadian pop", "hip hop", "rap", "toronto rap"]}, "6oOJL3xj8zRz6URS0SwlXC": {"name": "Chronicles (feat. H.E.R. & Lil Durk)", "coverArt": "https://i.scdn.co/image/ab67616d00001e023db06e76f0921a89287827e3", "artist": ["Cordae", "H.E.R.", "Lil Durk"], "artistIds": ["0huGjMyP507tBCARyzSkrv", "3Y7RZ31TRPVadSFVy1o8os", "3hcs9uc56yIGFCSy9leWe7"], "artistPop": [73, 81, 89], "genres": ["dmv rap", "hip hop", "pop rap", "rap", "trap", "underground hip hop", "vapor trap", "alternative r&b", "dance pop", "pop", "r&b", "chicago drill", "chicago rap", "drill", "hip hop", "rap", "trap"]}, "66fCNfMdIKsXOnSphorrwg": {"name": "jealousy (feat. rema)", "coverArt": "https://i.scdn.co/image/ab67616d00001e02ef04c2039ad978dd722e3ee5", "artist": ["FKA twigs"], "artistIds": ["6nB0iY1cjSY1KyhYyuIIKH"], "artistPop": [72], "genres": ["afrofuturism", "art pop", "dance pop", "escape room", "experimental r&b", "pop", "trip hop"]}, "1wlbeqO0XpftrT2pVqcxaL": {"name": "Whiskey Sour", "coverArt": "https://i.scdn.co/image/ab67616d00001e02bec812404e31c3bc1c1b368b", "artist": ["Kane Brown"], "artistIds": ["3oSJ7TBVCWMDMiYjXNiCKE"], "artistPop": [79], "genres": ["black americana", "contemporary country", "country road"]}, "3kfqYE0jGONOrkVpkPPOd5": {"name": "Iffy", "coverArt": "https://i.scdn.co/image/ab67616d00001e02300ccd95e72e4e8d2bb7f8bf", "artist": ["Chris Brown"], "artistIds": ["7bXgB6jMjp9ATFy66eO08Z"], "artistPop": [91], "genres": ["dance pop", "pop", "pop rap", "r&b", "rap"]}, "4jUAn4mBt4LBsRREJkeCSr": {"name": "Love It When You Hate Me (feat. blackbear)", "coverArt": "https://i.scdn.co/image/ab67616d00001e02f60f8511f5562e4eac118c0e", "artist": ["Avril Lavigne", "blackbear"], "artistIds": ["0p4nmQO2msCgU4IF37Wi3j", "2cFrymmkijnjDg9SS92EPM"], "artistPop": [80, 85], "genres": ["canadian pop", "candy pop", "dance pop", "pop", "post-teen pop", "pop"]}, "13plTOJUDmgBrTEd7yzTgq": {"name": "Cowboys Don\u2019t Cry", "coverArt": "https://i.scdn.co/image/ab67616d00001e02445745377144423499784142", "artist": ["Oliver Tree"], "artistIds": ["6TLwD7HPWuiOzvXEa3oCNe"], "artistPop": [81], "genres": ["alternative hip hop"]}, "3F8UxFKBC53S4JCsDW1xo2": {"name": "Foolish Figure", "coverArt": "https://i.scdn.co/image/ab67616d00001e023e0512c0d8ce7cfb618be8e7", "artist": ["YoungBoy Never Broke Again"], "artistIds": ["7wlFDEWiM5OoIAt8RSli8b"], "artistPop": [88], "genres": ["baton rouge rap", "trap"]}, "3RceLAxBxCr8HihEVC24K9": {"name": "Too Hot (feat. Moneybagg Yo)", "coverArt": "https://i.scdn.co/image/ab67616d00001e02c2722ab8d4b9a9f29141b921", "artist": ["NLE Choppa", "Moneybagg Yo"], "artistIds": ["0ErzCpIMyLcjPiwT4elrtZ", "3tJoFztHeIJkJWMrx0td2f"], "artistPop": [82, 83], "genres": ["memphis hip hop", "hip hop", "memphis hip hop", "rap", "southern hip hop", "tennessee hip hop", "trap"]}, "2OnrjKShafw7qtoyLkKNR2": {"name": "Love Me More", "coverArt": "https://i.scdn.co/image/ab67616d00001e028eeda144d1419d398a5fb160", "artist": ["Mitski"], "artistIds": ["2uYWxilOVlUdk4oV9DvwqK"], "artistPop": [84], "genres": ["brooklyn indie", "indie pop"]}, "6EafRI0UtUidrZbbKpFRYq": {"name": "Forget About Me", "coverArt": "https://i.scdn.co/image/ab67616d00001e02efaf41761fa5d1470c21a6b3", "artist": ["Aluna", "Diplo", "Durante", "AlunaGeorge"], "artistIds": ["5ITI6SEoUZMIXXkzCfr4oE", "5fMUXHkw8R8eOP2RNVYEZX", "1BqIPGrEhdjdLFpUzce2dh", "2VAnyOxzJuSAj7XIuEOT38"], "artistPop": [64, 83, 49, 68], "genres": ["edm", "house", "pop dance", "dance pop", "edm", "electro house", "house", "moombahton", "ninja", "pop", "pop dance", "tropical house", "progressive house", "electropop", "house", "tropical house"]}, "7bp3zmEvpHLa0h32nhDUkB": {"name": "L\u2019enfer", "coverArt": "https://i.scdn.co/image/ab67616d00001e029b90e4ccf55c0a23a13f4eae", "artist": ["Stromae"], "artistIds": ["5j4HeCoUlzhfWtjAfM1acR"], "artistPop": [77], "genres": ["belgian pop", "g-house"]}, "0fVDu1evgjX9CFD0cmuRrM": {"name": "LAst dAy oN EaRTh", "coverArt": "https://i.scdn.co/image/ab67616d00001e02371303f6e6e067edf6019042", "artist": ["Tai Verdes"], "artistIds": ["2kCO8LXN1usaOPL3iEE28I"], "artistPop": [75], "genres": ["modern indie pop"]}, "6b1eBxLC6cD3qvqZXrirgq": {"name": "String Lights", "coverArt": "https://i.scdn.co/image/ab67616d00001e0211802f094149808fb658b4ac", "artist": ["Peter McPoland"], "artistIds": ["23E65IfLBGQv0FBrMwCcG2"], "artistPop": [60], "genres": ["indie pop"]}, "7l987hjMH9FBNXBE93Hrs7": {"name": "WHERE WE ARE", "coverArt": "https://i.scdn.co/image/ab67616d00001e02f532cebafa84754078322a21", "artist": ["The Lumineers"], "artistIds": ["16oZKvXb6WkQlVAjwo2Wbg"], "artistPop": [81], "genres": ["folk-pop", "modern rock", "pop", "pop rock", "stomp and holler"]}, "72W07qFR4D8v0vcAuWoanj": {"name": "Bitter", "coverArt": "https://i.scdn.co/image/ab67616d00001e02b3409216aa1751c251365a7c", "artist": ["Kota the Friend"], "artistIds": ["2AfU5LYBVCiCtuCCfM7uVX"], "artistPop": [69], "genres": ["hip hop", "rap", "underground hip hop"]}, "79zOijd7A1FGKKGBQMqBKl": {"name": "One Shot", "coverArt": "https://i.scdn.co/image/ab67616d00001e026498515faefc4f436d6b7614", "artist": ["Murda Beatz", "Blxst", "Wale"], "artistIds": ["3CbYyyd8wH3RT6t0jwpdzC", "4qXC0i02bSFstECuXP2ZpL", "67nwj3Y5sZQLl72VNUHEYE"], "artistPop": [66, 77, 77], "genres": ["canadian hip hop", "canadian trap", "pop rap", "hip hop", "pop", "pop rap", "r&b", "rap", "southern hip hop", "trap", "urban contemporary"]}, "7imJEoNqRJL4n8OQEChzWG": {"name": "Little Bother (feat. Foushe\u00e9)", "coverArt": "https://i.scdn.co/image/ab67616d00001e028bceddaed92a489798c6be62", "artist": ["King Princess", "Foushe\u00e9"], "artistIds": ["6beUvFUlKliUYJdLOXNj9C", "6trIghKwHRUyxwvm66HLHH"], "artistPop": [67, 68], "genres": ["alt z", "art pop", "dance pop", "electropop", "indie pop", "indie poptimism", "nyc pop", "pop", "indie r&b"]}, "6hIr2IDeBDXfRFk0rYe5Tz": {"name": "Won\u2019t Stand Down", "coverArt": "https://i.scdn.co/image/ab67616d00001e02def5ad34806f15af57cb8da0", "artist": ["Muse"], "artistIds": ["12Chz98pHFMPJEknJQMWvI"], "artistPop": [79], "genres": ["modern rock", "permanent wave", "rock"]}, "6Au9UDzjeGFen7qMEDKju7": {"name": "Shut Off The Lights", "coverArt": "https://i.scdn.co/image/ab67616d00001e02263b50b3276d4e3ac91a9b01", "artist": ["Bastille"], "artistIds": ["7EQ0qTo7fWT7DPxmxtSYEc"], "artistPop": [79], "genres": ["metropopolis", "modern rock", "pop", "pop rock", "tropical house"]}, "10LSITr9KpQs2uCh7g2QQh": {"name": "Come Close", "coverArt": "https://i.scdn.co/image/ab67616d00001e02ac80045b7badd41b56bb0140", "artist": ["Anson Seabra"], "artistIds": ["2jHp7gQArCQrlMvdrIVFCg"], "artistPop": [73], "genres": ["alt z", "gen z singer-songwriter", "pop"]}, "1f32820VZo8vu4eTzdOWAo": {"name": "On My Own", "coverArt": "https://i.scdn.co/image/ab67616d00001e02bb1dc758217b850700c88eb5", "artist": ["charlieonnafriday"], "artistIds": ["1hmTCch4tWOJmdqkf8nSRA"], "artistPop": [59], "genres": ["sad rap"]}, "7CxH1tODk6zn4VrqXmJ0MF": {"name": "Do No Wrong (feat. Trippie Redd & PnB Rock)", "coverArt": "https://i.scdn.co/image/ab67616d00001e025880c5c8b0d9be2390fc8b70", "artist": ["Tyla Yaweh", "Trippie Redd", "PnB Rock"], "artistIds": ["1MXZ0hsGic96dWRDKwAwdr", "6Xgp2XMz1fhVYe7i6yNAax", "21WS9wngs9AqFckK7yYJPM"], "artistPop": [69, 89, 76], "genres": ["cali rap", "melodic rap", "pop rap", "rap", "trap", "melodic rap", "rap", "trap", "hip hop", "melodic rap", "pop rap", "rap", "southern hip hop", "trap", "vapor trap"]}, "0cp97b37sFNsdIbQH6po3T": {"name": "Surround Sound (feat. 21 Savage & Baby Tate)", "coverArt": "https://i.scdn.co/image/ab67616d00001e027714945f685f5ddb87ffee47", "artist": ["JID", "21 Savage", "Baby Tate"], "artistIds": ["1dMdLlZI5X74N3yhF5qgEJ", "1URnnhqYAYcrqrcwql10ft", "0cQkBEIe6qi95izS79txnL"], "artistPop": [0, 89, 3], "genres": ["atl hip hop", "rap", "trap", "country blues", "piedmont blues"]}, "2qvc0vB4AAW39DR9j6vXa1": {"name": "THE REV3NGE", "coverArt": "https://i.scdn.co/image/ab67616d00001e0251a878a1a5cb6a9c5ec56364", "artist": ["Joey Bada$$"], "artistIds": ["2P5sC9cVZDToPxyomzF1UH"], "artistPop": [77], "genres": ["conscious hip hop", "hip hop", "rap", "underground hip hop"]}, "6X1zhbLzOH4Pw5ip4MTnM1": {"name": "No Puede Ser - with Eladio Carrion", "coverArt": "https://i.scdn.co/image/ab67616d00001e02fa886c25bf7030df94a59dd8", "artist": ["Mau y Ricky", "Eladio Carrion"], "artistIds": ["2wkoKEfS6dXwThbyTnZWFU", "5XJDexmWFLWOkjOEjOVX3e"], "artistPop": [79, 85], "genres": ["latin", "latin pop", "pop venezolano", "reggaeton", "trap latino", "trap boricua", "trap latino", "trap triste"]}, "2QLdrqojYq2yRKHqv6tXh1": {"name": "Sooner Or Later", "coverArt": "https://i.scdn.co/image/ab67616d00001e02c56d642927a47215f8f445d6", "artist": ["Years & Years"], "artistIds": ["5vBSrE1xujD2FXYRarbAXc"], "artistPop": [75], "genres": ["dance pop", "edm", "electropop", "gauze pop", "pop", "pop dance", "tropical house"]}, "7qTf2TeEGdz9W1hFGPUiMK": {"name": "Rapture In Blue", "coverArt": "https://i.scdn.co/image/ab67616d00001e029bb4e311e3e600efa8a7f3ab", "artist": ["Cautious Clay"], "artistIds": ["6iWuBN32BqCJAeXW6o3nil"], "artistPop": [65], "genres": ["alternative r&b", "chill r&b", "indie r&b", "nyc pop"]}, "5DlYApPK4CTb6Bkyn68VQf": {"name": "Hard Being Alive (feat. Chloe Moriondo)", "coverArt": "https://i.scdn.co/image/ab67616d00001e0233ef2b6687156e40f7bfff5b", "artist": ["Oscar Scheller", "chloe moriondo"], "artistIds": ["6BToM88XrzNI6VL5GxazUq", "3P4vW5tzQvmuoNaFQqzy9q"], "artistPop": [52, 67], "genres": ["lo-fi indie", "alt z", "bedroom pop", "indie pop"]}, "0uSVWoWfql3wPIMlJqBbOS": {"name": "Lye", "coverArt": "https://i.scdn.co/image/ab67616d00001e0237834cc82e604d7c124bb951", "artist": ["Earl Sweatshirt"], "artistIds": ["3A5tHz1SfngyOZM2gItYKu"], "artistPop": [74], "genres": ["alternative hip hop", "experimental hip hop", "hip hop", "rap", "underground hip hop"]}, "7xDWUhy7YerkQMFUGwwaOr": {"name": "Come With Me", "coverArt": "https://i.scdn.co/image/ab67616d00001e02d055dc46366e4bfab445483a", "artist": ["Ant Clemons"], "artistIds": ["028lPW2NdWHdSPCkRkcyhd"], "artistPop": [57], "genres": ["alternative r&b", "indie r&b", "pop r&b"]}, "4lSNyiHil3tuiwtvEpN1qq": {"name": "Trouble With A Heartbreak", "coverArt": "https://i.scdn.co/image/ab67616d00001e027502e72dd7db7f62103da123", "artist": ["Jason Aldean"], "artistIds": ["3FfvYsEGaIb52QPXhg4DcH"], "artistPop": [78], "genres": ["contemporary country", "country", "country road"]}, "64n7p9bHvB2OMksxeUyQi1": {"name": "Want That Back", "coverArt": "https://i.scdn.co/image/ab67616d00001e02783658e75c39c4c41869f212", "artist": ["Brett Eldredge"], "artistIds": ["0qSX3s5pJnAlSsgsCne8Cz"], "artistPop": [76], "genres": ["adult standards", "contemporary country", "country", "country road", "modern country rock"]}, "1cRY1p6f4k8B1fGt7hnP5H": {"name": "A LOT", "coverArt": "https://i.scdn.co/image/ab67616d00001e021881b4868fd6826ba809ace7", "artist": ["John K"], "artistIds": ["73eAAfRkS2Vi4hx68oTJJE"], "artistPop": [68], "genres": ["alt z", "chill r&b", "dance pop", "electropop", "pop", "tropical house"]}, "22uD6yBefgzRTLrohe4IZs": {"name": "Ride or Die", "coverArt": "https://i.scdn.co/image/ab67616d00001e0269d2a2850801e0575e92eb6c", "artist": ["Hippo Campus"], "artistIds": ["1btWGBz4Uu1HozTwb2Lm8A"], "artistPop": [68], "genres": ["indie pop", "indie poptimism", "minneapolis indie", "modern alternative rock", "modern rock", "pop rock"]}, "7mftg8God1V8NdHIukbGgx": {"name": "Regres\u00e9", "coverArt": "https://i.scdn.co/image/ab67616d00001e028c6b2005974a6ef997891169", "artist": ["Sebastian Yatra", "Justin Quiles", "L-Gante"], "artistIds": ["07YUOmWljBTXwIseAUd9TW", "14zUHaJZo1mnYtn6IBRaRP", "4YYxffPVDFe9XoqqbRW6Bq"], "artistPop": [87, 88, 80], "genres": ["colombian pop", "latin", "reggaeton colombiano", "latin", "reggaeton", "trap latino", "cumbia 420"]}, "0rCBbW26RIbOH4i1CHmxP3": {"name": "Remember", "coverArt": "https://i.scdn.co/image/ab67616d00001e02557736e8df28029b8a36d380", "artist": ["Russ"], "artistIds": ["1z7b1Pr1rSlvWRzsW3HOrS"], "artistPop": [81], "genres": ["hawaiian hip hop", "rap"]}, "774RwZfAI8Ge5RcFu0pzD6": {"name": "Come My Way (feat. Krayzie Bone)", "coverArt": "https://i.scdn.co/image/ab67616d00001e0230238c61d66afdae2c9ad28a", "artist": ["Saba", "Krayzie Bone"], "artistIds": ["7Hjbimq43OgxaBRpFXic4x", "53B8dEQzmtefvkdCAkO0YR"], "artistPop": [69, 62], "genres": ["alternative r&b", "chicago rap", "hip hop", "rap", "underground hip hop", "dirty south rap", "gangster rap", "ohio hip hop"]}, "3EgG8FCbyTpVBU0BgDpiMF": {"name": "All Eyes On Me", "coverArt": "https://i.scdn.co/image/ab67616d00001e02c1929f704e9032602857a007", "artist": ["EARTHGANG"], "artistIds": ["5MbNzCW3qokGyoo9giHA3V"], "artistPop": [71], "genres": ["atl hip hop", "hip hop", "indie hip hop", "psychedelic hip hop", "rap", "underground hip hop"]}, "2P6438nC3xrOGBy9dwMFqK": {"name": "WIN", "coverArt": "https://i.scdn.co/image/ab67616d00001e02fb34d3dafef9b3ddc13423d5", "artist": ["BEAM"], "artistIds": ["46MWeeHNVMYRIIofQBEX98"], "artistPop": [63], "genres": ["trap soul"]}, "4hH46xhExjwEGfuWFgnOc3": {"name": "i think i wanna text u", "coverArt": "https://i.scdn.co/image/ab67616d00001e0242bd4d8a3042334c222efacb", "artist": ["vaultboy"], "artistIds": ["0K87f3owemzI8NUCoEIXOB"], "artistPop": [66], "genres": []}, "1DiDwTApBRcmxV1Cw2JBc0": {"name": "LOUD", "coverArt": "https://i.scdn.co/image/ab67616d00001e0298e5b11af277335a42ab6f82", "artist": ["Sofia Carson"], "artistIds": ["7bp2lSdh12wcA8LyB1srfJ"], "artistPop": [69], "genres": ["pop", "post-teen pop", "social media pop"]}, "1KMEDSIl2j1NwYa9mgvMyg": {"name": "Memory Lane", "coverArt": "https://i.scdn.co/image/ab67616d00001e02e269ae5d268751bc56314f04", "artist": ["Haley Joelle"], "artistIds": ["4pZOG8ump4odtJJA4Cy7S8"], "artistPop": [37], "genres": ["gen z singer-songwriter"]}, "0xIo8d1CLxARzQhaZwJ1RM": {"name": "Age of Phase", "coverArt": "https://i.scdn.co/image/ab67616d00001e02226e702d1878d4a44b273980", "artist": ["Bonobo"], "artistIds": ["0cmWgDlu9CwTgxPhf403hb"], "artistPop": [69], "genres": ["downtempo", "electronica", "jazztronica", "ninja", "nu jazz", "trip hop"]}, "2FcfiX8WugD8q3k5UUrKN2": {"name": "Next to Normal", "coverArt": "https://i.scdn.co/image/ab67616d00001e02800b5370bbbc805fdcbe9a49", "artist": ["Lucius"], "artistIds": ["1WrqUPWlHN5FXCRcQgrkas"], "artistPop": [61], "genres": ["indie folk", "indie pop", "new americana", "stomp and holler"]}, "5anYF2hAddGXTmeHufKsHN": {"name": "Brother the Cloud", "coverArt": "https://i.scdn.co/image/ab67616d00001e02d6e57cd750f7a661a36756ae", "artist": ["Eddie Vedder"], "artistIds": ["0mXTJETA4XUa12MmmXxZJh"], "artistPop": [67], "genres": ["acoustic rock", "permanent wave", "rock"]}, "2PhJC1jsvVIbpbBjDs9Bkv": {"name": "Angels", "coverArt": "https://i.scdn.co/image/ab67616d00001e02a76cadb34e1e1385edecd107", "artist": ["Thomas Rhett"], "artistIds": ["6x2LnllRG5uGarZMsD4iO8"], "artistPop": [77], "genres": ["contemporary country", "country", "country road", "modern country rock"]}, "5pdva7MBVV6DSzs8LHu9uO": {"name": "Somewhere In A Small Town", "coverArt": "https://i.scdn.co/image/ab67616d00001e025fad1527e220166aaeddfb76", "artist": ["Conner Smith"], "artistIds": ["0y2FPygoi6LVc75pxCgsMk"], "artistPop": [57], "genres": []}, "4PsWkgvetxEeApf3RBHDbV": {"name": "Party, Humo y Alcohol", "coverArt": "https://i.scdn.co/image/ab67616d00001e02dd86edc91476ac28836edea6", "artist": ["CNCO"], "artistIds": ["0eecdvMrqBftK0M1VKhaF4"], "artistPop": [75], "genres": ["boy band", "latin", "latin pop", "reggaeton"]}, "1rJgKcK3ilp4xg7WxTs4RG": {"name": "Love Brand New", "coverArt": "https://i.scdn.co/image/ab67616d00001e02b711a3a60d945020bc306f20", "artist": ["Bob Moses"], "artistIds": ["6LHsnRBUYhFyt01PdKXAF5"], "artistPop": [65], "genres": ["canadian electronic", "canadian house"]}, "7ecbsiAQ6PNdiAq0hplVZo": {"name": "Blessed-Cursed", "coverArt": "https://i.scdn.co/image/ab67616d00001e021c1ea5bfa5680ac877acdd55", "artist": ["ENHYPEN"], "artistIds": ["5t5FqBwTcgKTaWmfEbwQY9"], "artistPop": [80], "genres": ["anime", "k-pop boy group"]}, "3QWIMcT8jEbBaGAXZDRmel": {"name": "Picture Myself", "coverArt": "https://i.scdn.co/image/ab67616d00001e0281a09bb4bed361ff2287c6a7", "artist": ["Stephanie Poetri"], "artistIds": ["0HS00NN7MAfF59aJnfcxSO"], "artistPop": [61], "genres": ["indonesian pop"]}, "0G9v9DMNKxWk8w25CWLilK": {"name": "Quarry", "coverArt": "https://i.scdn.co/image/ab67616d00001e021d4bb7a9e326cb2df71af91f", "artist": ["Barrie"], "artistIds": ["1pHO6SCEw9tuRx0IVMFL0g"], "artistPop": [50], "genres": ["brooklyn indie", "indie pop"]}, "0byJI4UB0ibHxUVz5Fz5Ne": {"name": "squares", "coverArt": "https://i.scdn.co/image/ab67616d00001e02c85c7438c02201f3a63934dd", "artist": ["Cavetown"], "artistIds": ["2hR4h1Cao2ueuI7Cx9c7V8"], "artistPop": [80], "genres": ["bedroom pop", "indie pop"]}, "1Fh7lpiy8m6ZU9y3yLAFnW": {"name": "It's Easy", "coverArt": "https://i.scdn.co/image/ab67616d00001e02425b3c35537cdf50c52462a1", "artist": ["Yot Club"], "artistIds": ["6FugQjLquBF4JzATRN70bR"], "artistPop": [73], "genres": ["bedroom pop", "indie pop"]}, "6uoAE0LHNKqNsL6Jk6uwUV": {"name": "Taurus", "coverArt": "https://i.scdn.co/image/ab67616d00001e021cb20022c3d5922b720e90ef", "artist": ["Jacques Greene"], "artistIds": ["0ygIgsjUzKivFgxgjQ9iV9"], "artistPop": [49], "genres": ["canadian electronic", "electronica", "float house", "future garage", "microhouse", "uk bass", "wonky"]}, "1siBeqPJIFu48T8ZihxeuN": {"name": "Dancing With The Devil", "coverArt": "https://i.scdn.co/image/ab67616d00001e0219d2124825d5db50f282b891", "artist": ["Babyface Ray", "Landstrip Chip", "Pusha T"], "artistIds": ["3zZ88AwlTwfCJkowsFCvLA", "30bCJGAVNB4s6UkQy8a87a", "0ONHkAv9pCAFxb0zJwDNTy"], "artistPop": [65, 45, 76], "genres": ["detroit trap", "trap soul", "alternative hip hop", "gangster rap", "hip hop", "pop rap", "rap", "southern hip hop", "trap", "underground hip hop", "virginia hip hop"]}, "4ooLeGJxmJ89FwaqojgI0D": {"name": "Back It Up", "coverArt": "https://i.scdn.co/image/ab67616d00001e027e44c9e16da6c0471d593b13", "artist": ["Popp Hunna"], "artistIds": ["3fyhhXHbGVLuSHFk2SYx4I"], "artistPop": [57], "genres": ["philly rap"]}, "512YmmPt5AELP0TLAdzSUW": {"name": "Boom (ft. JID)", "coverArt": "https://i.scdn.co/image/ab67616d00001e020e5a08993a5c8ac423b91a85", "artist": ["Token", "JID"], "artistIds": ["4cUfFbVZGSsJWdbfmkdxYq", "6U3ybJ9UHNKEdsH7ktGBZ7"], "artistPop": [62, 85], "genres": ["boston hip hop", "pop rap", "hip hop", "rap", "underground hip hop"]}, "1zJji00l6MIBJ8elu1a9zC": {"name": "Motorola Era", "coverArt": "https://i.scdn.co/image/ab67616d00001e020fceb9f3152cb54a684032e3", "artist": ["AZ", "2 Chainz"], "artistIds": ["7HqrSDuI9lHuH1CDismTFg", "17lzZA2AlOHwCwFALHttmp"], "artistPop": [58, 82], "genres": ["alternative hip hop", "boom bap", "gangster rap", "hardcore hip hop", "hip hop", "rap", "atl hip hop", "gangster rap", "hip hop", "pop rap", "rap", "southern hip hop", "trap"]}, "7A9JSq4XOYn9bhSFcGJxto": {"name": "pity party (feat. Royal & The Serpent)", "coverArt": "https://i.scdn.co/image/ab67616d00001e02ba00b240c4c7b09b490c6af5", "artist": ["Stand Atlantic", "Royal & the Serpent"], "artistIds": ["1W2Fv4YUnjC8hx2qQd6fGh", "64EHXDoln95lnccszdPum0"], "artistPop": [59, 68], "genres": ["anthem emo", "modern rock", "pixie", "pop punk", "alt z", "indie electropop", "modern alternative pop", "social media pop"]}, "697MdxMbVWn1Ajbw8iaPv5": {"name": "Last Birthday", "coverArt": "https://i.scdn.co/image/ab67616d00001e02634e1fb57aea679660033b25", "artist": ["Valley"], "artistIds": ["7blXVKBSxdFZsIqlhdViKc"], "artistPop": [66], "genres": ["alt z", "electropop", "indie poptimism", "indietronica", "pop"]}, "5XlnAIPiOSEODsogL9Doxz": {"name": "I Never Learn", "coverArt": "https://i.scdn.co/image/ab67616d00001e0278b47c5cdbd34df756326097", "artist": ["Ai Bendr"], "artistIds": ["0Ari1vZqizhkV9Pa1uC8oE"], "artistPop": [41], "genres": []}, "5qysxEb8AgQ5GLNg1cpGcp": {"name": "Naked", "coverArt": "https://i.scdn.co/image/ab67616d00001e02821953a812ef56be6e68a43c", "artist": ["BAYNK"], "artistIds": ["28yVvEvA2lT3K5RNIhV1Dj"], "artistPop": [67], "genres": ["edm", "indie soul", "tropical house", "vapor soul"]}, "3mMWre0KnZ4aPuhZF62KmV": {"name": "Day By Day", "coverArt": "https://i.scdn.co/image/ab67616d00001e026cd8364cf21336a5985a1291", "artist": ["Frank Walker", "Two Feet"], "artistIds": ["6rcE30MaP92XafelMNZ2Sq", "5sWHDYs0csV6RS48xBl0tH"], "artistPop": [63, 76], "genres": ["pop dance", "pop edm", "indie poptimism", "modern rock", "pop"]}, "2L87cMenk89nNivoM1fmPU": {"name": "Payback (feat. Knucks)", "coverArt": "https://i.scdn.co/image/ab67616d00001e023e1f1d8d9c7f9539d74861ee", "artist": ["Kojey Radical", "Knucks"], "artistIds": ["1HMhQzj2QXxR40zGDdaK6y", "6W4vm8P3JFQboO4cvHeqaa"], "artistPop": [58, 66], "genres": ["uk alternative hip hop", "uk alternative hip hop", "uk hip hop"]}, "0SBnx2rzXbh1Gt2WmmMX0g": {"name": "No One Gets Me (feat. RMR)", "coverArt": "https://i.scdn.co/image/ab67616d00001e0230108360d9c2bcff5bd57a50", "artist": ["Johan Lenox", "RMR"], "artistIds": ["1KuV6xtFnLPsneN3yBrjFj", "0j1Pwmd6nuk0BXD1RqoHDw"], "artistPop": [44, 51], "genres": []}, "63HeOmi0Cav15rLsktJq8W": {"name": "Liberation", "coverArt": "https://i.scdn.co/image/ab67616d00001e02d055bd913234aee0e45ea14b", "artist": ["BUZZ"], "artistIds": ["4YXzweXdgnq4xSOpo1ZWxR"], "artistPop": [33], "genres": ["alt z"]}, "3nfC5ikuvw3mxDEE10c7EA": {"name": "Hold Me Down", "coverArt": "https://i.scdn.co/image/ab67616d00001e02def886544477aa6bb25a1b1a", "artist": ["Niko Rubio"], "artistIds": ["6XdCL1kwMFNqPim2JwXjKa"], "artistPop": [35], "genres": ["gen z singer-songwriter"]}, "3zAOcNGOFq5Q1OsN0tcxA0": {"name": "Everything She Ain\u2019t", "coverArt": "https://i.scdn.co/image/ab67616d00001e02cde8f74776e93d231eed6e9a", "artist": ["Hailey Whitters"], "artistIds": ["4e9TBaTlI3LVQz3tkTYC0I"], "artistPop": [49], "genres": ["contemporary country", "country pop"]}, "0iVbEBizaS8X9RW1MLzKB8": {"name": "Break My Heart Again", "coverArt": "https://i.scdn.co/image/ab67616d00001e02c13390cb5aa903d7d86f350a", "artist": ["Danielle Bradbery"], "artistIds": ["5iqStkZi6QmG8sgQZQrfGN"], "artistPop": [63], "genres": ["contemporary country", "country", "country pop"]}, "3kgUL6z42w6qC6Tp5FrZrU": {"name": "This Car Drives All by Itself", "coverArt": "https://i.scdn.co/image/ab67616d00001e025690021adf510b52024b2c62", "artist": ["The Wombats"], "artistIds": ["0Ya43ZKWHTKkAbkoJJkwIB"], "artistPop": [71], "genres": ["liverpool indie", "modern alternative rock", "modern rock", "rock"]}, "3mOf4VKJR7S8fHXlMakRK1": {"name": "Did You Sleep Last Night?", "coverArt": "https://i.scdn.co/image/ab67616d00001e024e09741faab9d0b786610d46", "artist": ["LAUNDRY DAY"], "artistIds": ["0SwK6bwzmGkViNoxSbJ5Mk"], "artistPop": [50], "genres": ["bedroom pop"]}, "0N5AyKOTiKUDMNKidsGK5w": {"name": "Tesla", "coverArt": "https://i.scdn.co/image/ab67616d00001e022887d91282737121e8561246", "artist": ["The Simps", "Eyedress", "zzzahara"], "artistIds": ["1jsT4oqnLcCax2grWbuhL6", "3XxNRirzbjfLdDli06zMaB", "26j38hvhD7PjC0a4EqdaSn"], "artistPop": [49, 77, 50], "genres": ["noise pop"]}, "5fzFsmKy3ey9HHkUxrKYhW": {"name": "Too Dead Inside", "coverArt": "https://i.scdn.co/image/ab67616d00001e023ad835de0dd099e1986a0999", "artist": ["yeule"], "artistIds": ["1WZarnZpWEv7dDtjAETt4X"], "artistPop": [51], "genres": ["ambient pop", "art pop", "escape room", "hyperpop"]}, "2CAQr9uW764IVG1eIQyeSg": {"name": "Walking On Water (feat. Totally Enormous Extinct Dinosaurs)", "coverArt": "https://i.scdn.co/image/ab67616d00001e0288e9aa8e4cdb0c63ff30209e", "artist": ["The Knocks", "Totally Enormous Extinct Dinosaurs"], "artistIds": ["2x7EATekOPhFGRx3syMGEC", "0g3NiCRhEv7M4SEDMrpItN"], "artistPop": [70, 56], "genres": ["alternative dance", "edm", "indie poptimism", "indietronica", "modern rock", "nu disco", "tropical house", "vapor soul", "alternative dance", "electronica", "indietronica", "new rave", "oxford indie"]}, "7Fbx8mVJy36dsVq9IYTRXu": {"name": "Sextacy", "coverArt": "https://i.scdn.co/image/ab67616d00001e0293d3d73111acdf262695ea52", "artist": ["SIDEPIECE"], "artistIds": ["5czbzNZZfWpyFgZyfT3Mkk"], "artistPop": [69], "genres": ["bass house", "deep groove house", "edm", "electro house", "house"]}, "4ZZqSUo5sAxJq9yxUkQY0o": {"name": "The Best", "coverArt": "https://i.scdn.co/image/ab67616d00001e02048e4adcd0788a25981d0a38", "artist": ["Erica Banks"], "artistIds": ["2SXhbucehn00OBVKhzxDyM"], "artistPop": [61], "genres": ["trap queen"]}, "14ebwzoKQJcoDjrOZUbWrS": {"name": "BANTER.", "coverArt": "https://i.scdn.co/image/ab67616d00001e02b6f884cc8e6142616cd753c6", "artist": ["KDVSGOLIATH"], "artistIds": ["1fxSfIUHcYGuFkPY7kOCkQ"], "artistPop": [30], "genres": []}, "4VuSIe4YFYH7QrkDJtTEuK": {"name": "Consequences", "coverArt": "https://i.scdn.co/image/ab67616d00001e022129437c2d98f2c5eff26d10", "artist": ["Wintr"], "artistIds": ["1tLeLJrM1SsQP0dgDxoI04"], "artistPop": [0], "genres": []}, "3yy7wABKnsE3v8cysgPGaV": {"name": "Keep Coming Back for More (feat. Salt Cathedral)", "coverArt": "https://i.scdn.co/image/ab67616d00001e024417ec4562dc7c2861132bab", "artist": ["Matisyahu", "Salt Cathedral"], "artistIds": ["5eyMzR1hYiEZtN2c9ly2kw", "1HhSYZFNNPTTZuOlSfZUJP"], "artistPop": [61, 43], "genres": ["reggae fusion", "colombian indie", "latintronica", "vapor pop"]}, "4oxqZP2uWGdY5DQLeOQkgg": {"name": "Bag", "coverArt": "https://i.scdn.co/image/ab67616d00001e028d1aceb126f8511ae42067d8", "artist": ["Amanda Reifer"], "artistIds": ["1PpDfXOUG7gxUjR1quWnwp"], "artistPop": [35], "genres": ["barbadian pop"]}, "7wDgmIFI9Yv039Upip0mO5": {"name": "More Pressure", "coverArt": "https://i.scdn.co/image/ab67616d00001e0209bb31396d49c774c24af5f0", "artist": ["Kae Tempest", "Kevin Abstract"], "artistIds": ["1YcprGtF13BYCZQK9jYPEw", "07EcmJpfAday8xGkslfanE"], "artistPop": [47, 65], "genres": ["lgbtq+ hip hop", "slam poetry", "afrofuturism", "alternative r&b", "hip hop", "lgbtq+ hip hop", "rap"]}, "6bO7GeKYXEvOEDi9O3zMOC": {"name": "Paramaniac", "coverArt": "https://i.scdn.co/image/ab67616d00001e0234a97dde03236a0e2fa52530", "artist": ["Abby Roberts"], "artistIds": ["11260Smss09lExMicvRPeO"], "artistPop": [0], "genres": []}, "27q9snUZ3LptuVJyXgrHPk": {"name": "Kind of Love", "coverArt": "https://i.scdn.co/image/ab67616d00001e028cf578e6df4a3870172e27f3", "artist": ["Natalie Jane"], "artistIds": ["5bfglVyGJppmmNoC2rhBUG"], "artistPop": [45], "genres": []}, "2yHmIxXi48DFl6zQlIhEaj": {"name": "Wildfire", "coverArt": "https://i.scdn.co/image/ab67616d00001e02e6e663bf89c9e0b748100b77", "artist": ["Against The Current"], "artistIds": ["6yhD1KjhLxIETFF7vIRf8B"], "artistPop": [70], "genres": ["neon pop punk", "pixie", "pop punk"]}, "7l35PR5pQl5w3QjpBROEl3": {"name": "Destiny", "coverArt": "https://i.scdn.co/image/ab67616d00001e02e07cb41370a910ca2ab80dca", "artist": ["Skillet"], "artistIds": ["49bzE5vRBRIota4qeHtQM8"], "artistPop": [77], "genres": ["alternative metal", "christian alternative rock", "christian music", "christian rock"]}, "1orUxXlzRhWpIRZj1XcY6Q": {"name": "The Boy Named If", "coverArt": "https://i.scdn.co/image/ab67616d00001e02426f46689e863e5c1376aaca", "artist": ["Elvis Costello", "The Imposters"], "artistIds": ["2BGRfQgtzikz1pzAD0kaEn", "0mtzATzl6kfYHMWZskqH21"], "artistPop": [61, 41], "genres": ["art rock", "folk", "folk rock", "mellow gold", "new wave pop", "permanent wave", "power pop", "pub rock", "rock", "roots rock", "singer-songwriter"]}, "5qXbNSvVp8rB4Kcy2DTTIt": {"name": "Make It Out (feat. Maisie Peters)", "coverArt": "https://i.scdn.co/image/ab67616d00001e025d06288c320ba8bc67aae8fe", "artist": ["Henry Jamison", "Maisie Peters"], "artistIds": ["2XdtmipGVPmA62ptDgX8QC", "2RVvqRBon9NgaGXKfywDSs"], "artistPop": [58, 69], "genres": ["indie anthem-folk", "indie folk", "new americana", "pop folk", "stomp and holler", "vermont indie", "alt z", "electropop", "indie pop", "pop", "uk pop"]}, "0lwRMQQ6BxVBV0WaokbQ22": {"name": "Lawn", "coverArt": "https://i.scdn.co/image/ab67616d00001e025b0a1dc7b8ccfbd7c59abb04", "artist": ["Aldous Harding"], "artistIds": ["3lmR0qMiGuoIF9UC54egcG"], "artistPop": [55], "genres": ["ambient folk", "art pop", "chamber pop", "dunedin indie", "freak folk", "indie folk", "nz folk", "nz pop", "nz singer-songwriter"]}, "2xYVyHIRMmA6dVqSrn3ReA": {"name": "you can't stay mad at me", "coverArt": "https://i.scdn.co/image/ab67616d00001e02fe5116f09cc43a6d78328391", "artist": ["lael"], "artistIds": ["1znowipTv2C0PgcaulHEA8"], "artistPop": [40], "genres": []}, "1iuxawB2mf8iBWtagkzciJ": {"name": "Different", "coverArt": "https://i.scdn.co/image/ab67616d00001e022b4d9ff17b47f28a4849998e", "artist": ["dexter"], "artistIds": ["3bAdh9KH0kxlwrfz7Uh5Aa"], "artistPop": [46], "genres": []}, "1DxRMgLoWXgmIFF2Unp5pD": {"name": "Packs and Potions", "coverArt": "https://i.scdn.co/image/ab67616d00001e023c42061d94a83f8ea752602c", "artist": ["HAZEY"], "artistIds": ["6IJaUfq4P3Zjifp4YIJ8oG"], "artistPop": [0], "genres": []}, "7uZVOTiEJU5ZEDHpHGGfPZ": {"name": "Passing Thru", "coverArt": "https://i.scdn.co/image/ab67616d00001e02056f3aa52931d20b6e6f1149", "artist": ["Keedron Bryant"], "artistIds": ["2l5DDUyyMSmNBLCSa0BIIX"], "artistPop": [36], "genres": []}, "2MxHuZWC99rsELX9SrCW7K": {"name": "Buenos D\u00edas", "coverArt": "https://i.scdn.co/image/ab67616d00001e02bed5b33acff76394a3e36536", "artist": ["Wisin", "Camilo", "Los Legendarios"], "artistIds": ["3E6xrwgnVfYCrCs0ePERDz", "28gNT5KBp7IjEOQoevXf9N", "0n6sKrG0xKAf8xmdqeNGke"], "artistPop": [83, 87, 77], "genres": ["latin", "latin hip hop", "reggaeton", "trap latino", "colombian pop", "reggaeton colombiano", "reggaeton", "reggaeton flow", "trap latino"]}, "0h0PVL7SoC7l4sJ5AYQZX5": {"name": "When's It Gonna Happen", "coverArt": "https://i.scdn.co/image/ab67616d00001e025ee96a0d0c56f11058309210", "artist": ["Tenille Townes"], "artistIds": ["3TyeX0lk4B7k56ukfzEE0z"], "artistPop": [60], "genres": ["alberta country", "contemporary country", "country", "country pop"]}, "3izibnOkKCvSjKWYXAS2BO": {"name": "April", "coverArt": "https://i.scdn.co/image/ab67616d00001e023bccca56398a4e6283b72d0d", "artist": ["Ben Kessler"], "artistIds": ["6Lx82nbEVfeTfEa4yT01Jo"], "artistPop": [44], "genres": ["gen z singer-songwriter"]}}