{"3JXebpWufTcs8iegiRCBW7": {"name": "Tick Tock", "coverArt": "https://i.scdn.co/image/ab67616d00001e029bab66647b743c429977bba3", "artist": ["Young Thug"], "artistIds": ["50co4Is1HCEo8bhOyUWKpn"], "artistPop": [88], "genres": ["atl hip hop", "atl trap", "gangster rap", "hip hop", "melodic rap", "pop rap", "rap", "trap"]}, "5KQxun2WxwDMsV7HCN2ONK": {"name": "Rich MF (feat. Polo G & Lil Durk)", "coverArt": "https://i.scdn.co/image/ab67616d00001e0265d8e34ca619cf5bdc1cbd31", "artist": ["Trippie Redd", "Polo G", "Lil Durk"], "artistIds": ["6Xgp2XMz1fhVYe7i6yNAax", "6AgTAQt8XS6jRWi4sX7w49", "3hcs9uc56yIGFCSy9leWe7"], "artistPop": [88, 88, 87], "genres": ["melodic rap", "rap", "trap", "chicago rap", "chicago drill", "chicago rap", "drill", "hip hop", "rap", "trap"]}, "55sgQENF3LY1sUcJUwasLl": {"name": "Don\u2019t Go (with Justin Bieber & Don Toliver)", "coverArt": "https://i.scdn.co/image/ab67616d00001e0231e53a199694be10fbe9abd3", "artist": ["Skrillex", "Justin Bieber", "Don Toliver"], "artistIds": ["5he5w2lnU9x7JFhnwcekXX", "1uNFoZAHBGtllmzznpCI3s", "4Gso3d4CscCijv0lmajZWs"], "artistPop": [83, 96, 83], "genres": ["brostep", "complextro", "edm", "electro", "canadian pop", "pop", "post-teen pop", "rap", "trap"]}, "0z8hI3OPS8ADPWtoCjjLl6": {"name": "Summer of Love (Shawn Mendes & Tainy)", "coverArt": "https://i.scdn.co/image/ab67616d00001e02a111c87c210cc9bff93948bd", "artist": ["Shawn Mendes", "Tainy"], "artistIds": ["7n2wHs1TKAczGzO7Dd2rGr", "0GM7qgcRCORpGnfcN2tCiB"], "artistPop": [87, 81], "genres": ["canadian pop", "dance pop", "pop", "post-teen pop", "viral pop", "latin", "latin hip hop", "latin pop", "pop reggaeton", "reggaeton", "reggaeton flow", "trap latino"]}, "1I042sygvOn2C5SybTCuJ1": {"name": "Mood Ring", "coverArt": "https://i.scdn.co/image/ab67616d00001e02f0725869929cfa9d60a0567e", "artist": ["Lorde"], "artistIds": ["163tK9Wjr9P9DmM0AVK7lm"], "artistPop": [83], "genres": ["art pop", "dance pop", "electropop", "metropopolis", "nz pop", "pop", "post-teen pop"]}, "44V6EzbUSYgyfsNiP0FrlA": {"name": "Visiting Hours", "coverArt": "https://i.scdn.co/image/ab67616d00001e02a5cf426490a6e1c1bde53fb1", "artist": ["Ed Sheeran"], "artistIds": ["6eUKZXaKkcviH0Ku9w2n3V"], "artistPop": [93], "genres": ["pop", "uk pop"]}, "6y6xhAgZjvxy5kR5rigpY3": {"name": "Chasing Stars (feat. James Bay)", "coverArt": "https://i.scdn.co/image/ab67616d00001e029489ebf0074a28c554637780", "artist": ["Alesso", "Marshmello", "James Bay"], "artistIds": ["4AVFqumd2ogHFlRbKIjp1t", "64KEffDW9EtZ1y2vBYgq8T", "4EzkuveR9pLvDVFNx6foYD"], "artistPop": [77, 86, 75], "genres": ["dance pop", "edm", "electro house", "pop", "pop dance", "progressive electro house", "tropical house", "brostep", "edm", "pop", "pop dance", "progressive electro house", "modern rock", "neo mellow", "pop", "pop rock"]}, "4FdPnT2cFrpWCmWZd7GXc3": {"name": "One Mississippi", "coverArt": "https://i.scdn.co/image/ab67616d00001e0243c911ed83b5deb834f4e71b", "artist": ["Kane Brown"], "artistIds": ["3oSJ7TBVCWMDMiYjXNiCKE"], "artistPop": [78], "genres": ["contemporary country", "country", "country road"]}, "5bgbb8KMAZreVHzh3bRPS5": {"name": "9 TIMES OUTTA 10", "coverArt": "https://i.scdn.co/image/ab67616d00001e020573dd93161b7e29245ba140", "artist": ["Gunna", "Taurus"], "artistIds": ["2hlmm7s2ICUX0LVIhVFlZQ", "31yqUKDLuRIRp6WrGHijf9"], "artistPop": [87, 53], "genres": ["atl hip hop", "hip hop", "melodic rap", "rap", "trap"]}, "2wOnrN7fkzV4NsLqym2C6O": {"name": "Already Won (feat. Lil Durk)", "coverArt": "https://i.scdn.co/image/ab67616d00001e021234ddd76451088911b0d79f", "artist": ["Rod Wave", "Lil Durk"], "artistIds": ["45TgXXqMDdF8BkjA83OM7z", "3hcs9uc56yIGFCSy9leWe7"], "artistPop": [78, 87], "genres": ["florida rap", "chicago drill", "chicago rap", "drill", "hip hop", "rap", "trap"]}, "3S4gq91XRuohTTfJZAiGVK": {"name": "Memories", "coverArt": "https://i.scdn.co/image/ab67616d00001e025ef2e98a3f314f45cd63a438", "artist": ["dvsn", "Ty Dolla $ign"], "artistIds": ["7e1ICztHM2Sc4JNLxeMXYl", "7c0XG5cIJTrrAgEC3ULPiq"], "artistPop": [67, 87], "genres": ["alternative r&b", "canadian contemporary r&b", "pop", "pop r&b", "pop rap", "r&b", "trap soul", "urban contemporary", "hip hop", "pop", "pop rap", "r&b", "trap", "trap soul"]}, "4mnjwMLCk3JZkhkok3u5g1": {"name": "Change My Clothes", "coverArt": "https://i.scdn.co/image/ab67616d00001e02a4688ab300596d39f31f64c1", "artist": ["Dream", "Alec Benjamin"], "artistIds": ["6LArUyIoMiHmDvvOAsE2cd", "5IH6FPUwQTxPSXurCrcIov"], "artistPop": [69, 78], "genres": ["dream smp", "social media pop", "alt z", "dream smp", "electropop", "pop"]}, "3ddNKnYpVx0uI8vcwbTQ5Y": {"name": "Sheesh!", "coverArt": "https://i.scdn.co/image/ab67616d00001e023540854d5a17a711f8d6217f", "artist": ["Surfaces", "Tai Verdes"], "artistIds": ["4ETSs924pXMzjIeD6E9b4u", "2kCO8LXN1usaOPL3iEE28I"], "artistPop": [75, 75], "genres": ["bedroom soul", "pop", "modern indie pop", "pop rap"]}, "1is8gU4RVcN4J8xItxWoOY": {"name": "I GUESS I'M IN LOVE", "coverArt": "https://i.scdn.co/image/ab67616d00001e024ff62d5125efd086e3c23dfb", "artist": ["Clinton Kane"], "artistIds": ["7okSU80WTrn4LXlyXYbX3P"], "artistPop": [76], "genres": ["alt z", "indie cafe pop", "pop", "post-teen pop"]}, "53tKpMeDRvMq4xKvQzc6Ih": {"name": "Life Is Not The Same", "coverArt": "https://i.scdn.co/image/ab67616d00001e024f81968c9b9a8d1882a6b3c9", "artist": ["James Blake"], "artistIds": ["53KwLdlmrlCelAZMaLVZqU"], "artistPop": [70], "genres": ["alternative r&b", "indie soul", "uk alternative pop"]}, "1GjWE4T7qZNeIy1hgm98R9": {"name": "Run It Up (feat. Sleepy Hallow & A Boogie Wit Da Hoodie)", "coverArt": "https://i.scdn.co/image/ab67616d00001e02cefbf4f1abcbbfb32396aca8", "artist": ["Sheff G", "Sleepy Hallow", "A Boogie Wit da Hoodie"], "artistIds": ["1tG7s7S4sq2eFFW0QZyLbm", "6EPlBSH2RSiettczlz7ihV", "31W5EY0aAly4Qieq6OFu6I"], "artistPop": [76, 82, 83], "genres": ["brooklyn drill", "new york drill", "nyc rap", "brooklyn drill", "nyc rap", "melodic rap", "pop rap", "rap", "trap"]}, "1CsLmXktvD3Cj04dPCtJNI": {"name": "SIERRA NIGHTS (feat. Ryan Beatty)", "coverArt": "https://i.scdn.co/image/ab67616d00001e02c8c246a93e62125b7271b2ac", "artist": ["Kevin Abstract", "Ryan Beatty"], "artistIds": ["07EcmJpfAday8xGkslfanE", "60NNvDqsif0u40CXMV6jDQ"], "artistPop": [62, 54], "genres": ["afrofuturism", "alternative r&b", "hip hop", "lgbtq+ hip hop", "rap", "alternative r&b", "bedroom soul", "indie pop"]}, "528i4G2yPIJDetyAsndzFw": {"name": "Psychedelic Views (feat. IDK)", "coverArt": "https://i.scdn.co/image/ab67616d00001e0287ff58e4db340a423d96895f", "artist": ["Sad Night Dynamite", "IDK"], "artistIds": ["6ydvoGN30eRfE78bjTANF7", "6aiFCgyKNwF9Rv5TOxnE8E"], "artistPop": [51, 65], "genres": ["dmv rap", "hip hop", "rap", "trap", "underground hip hop"]}, "7HmYcLhoo4MVRSUVZSRIpg": {"name": "never mind, let's break up", "coverArt": "https://i.scdn.co/image/ab67616d00001e02eb27983c2a6cff1788d8180a", "artist": ["LANY"], "artistIds": ["49tQo2QULno7gxHutgccqF"], "artistPop": [80], "genres": ["la pop", "pop"]}, "0hqJxaNkPQ3sPm1tvfPlAe": {"name": "Cry with you", "coverArt": "https://i.scdn.co/image/ab67616d00001e02851b57f6a3a627e895ab7117", "artist": ["Jeremy Zucker"], "artistIds": ["3gIRvgZssIb9aiirIg0nI3"], "artistPop": [78], "genres": ["electropop", "pop", "post-teen pop"]}, "7yjum1B7kQ8gFWTP0cqKMu": {"name": "Quiet On Set", "coverArt": "https://i.scdn.co/image/ab67616d00001e02dfadb177b0046fa1593f46b1", "artist": ["Remi Wolf"], "artistIds": ["0NB5HROxc8dDBXpkIi1v3d"], "artistPop": [67], "genres": ["alternative r&b", "indie pop", "indie r&b", "modern alternative pop"]}, "4CGORuRtjSK6xMy8s1VvSS": {"name": "The Mission", "coverArt": "https://i.scdn.co/image/ab67616d00001e02a445ffda1c36e333d3d433fb", "artist": ["Bakar"], "artistIds": ["3K2Srho6NCF3o9MswGR76H"], "artistPop": [65], "genres": ["uk alternative hip hop"]}, "6FLPcyjV2JfdqtdT5z4Vv9": {"name": "Running Wild (Tumblr Girls 2) (feat. Kossisko)", "coverArt": "https://i.scdn.co/image/ab67616d00001e02a9e9dbc5f0aa35b0caf438dd", "artist": ["G-Eazy", "Kossisko"], "artistIds": ["02kJSzxNuaWGqwubyUba0Z", "3TmVOBZL0RYrAAF3f2QSGq"], "artistPop": [81, 56], "genres": ["hip hop", "indie pop rap", "oakland hip hop", "pop rap", "rap", "cali rap"]}, "4EoZiih7SmUSDyIw8y011F": {"name": "Unlock It (feat. Playboi Carti)", "coverArt": "https://i.scdn.co/image/ab67616d00001e02b5cb37951d98bb03843b70c5", "artist": ["ABRA", "Playboi Carti", "Boys Noize"], "artistIds": ["3ZJxEmjYZd5VOqZ8o3aXiL", "699OTQXzgjhIYAHMy9RyPD", "62k5LKMhymqlDNo2DWOvvv"], "artistPop": [60, 83, 58], "genres": ["alternative r&b", "art pop", "electropop", "escape room", "atl hip hop", "hip hop", "plugg", "rap", "trap", "alternative dance", "electro house", "electronica", "filter house", "german dance", "german techno", "new rave"]}, "1FKG2wgJ75wS9MFNVZFiWd": {"name": "POCKET ROCKET", "coverArt": "https://i.scdn.co/image/ab67616d00001e02efe0cfba604f12fddb637588", "artist": ["Cochise"], "artistIds": ["46HzS7yz0c9udVwtbHk1sx"], "artistPop": [72], "genres": ["plugg", "vapor trap", "viral rap"]}, "2S9ho4Tw8T7oyEPSVYEL2x": {"name": "In My Arms - Edit", "coverArt": "https://i.scdn.co/image/ab67616d00001e026ff6a3c78539ab7de0f63736", "artist": ["Disclosure"], "artistIds": ["6nS5roXSAGhTGr34W6n7Et"], "artistPop": [76], "genres": ["house", "pop", "uk dance"]}, "6JJgmmfMsoGTzwCe2f2K8u": {"name": "Flowers", "coverArt": "https://i.scdn.co/image/ab67616d00001e0296295c3628713f6c7f19374b", "artist": ["khai dreams"], "artistIds": ["0lawSNBxNgJFQYJnQzLH8c"], "artistPop": [68], "genres": ["indie pop", "sad lo-fi", "social media pop"]}, "0BQpyaFrb78b9uobWNheqx": {"name": "Wild Hearts", "coverArt": "https://i.scdn.co/image/ab67616d00001e0224999b497b940b7ee2dbf800", "artist": ["Keith Urban"], "artistIds": ["0u2FHSq3ln94y5Q57xazwf"], "artistPop": [74], "genres": ["australian country", "australian pop", "contemporary country", "country", "country road"]}, "3TFtD8GZNw9v6vVWr3hnWy": {"name": "fleabag", "coverArt": "https://i.scdn.co/image/ab67616d00001e0237987c1e5d9fd568880409e4", "artist": ["YUNGBLUD"], "artistIds": ["6Ad91Jof8Niiw0lGLLi3NW"], "artistPop": [76], "genres": ["british indie rock", "modern rock", "pop", "rock"]}, "1FmZC1z76lUOwi2PwdBihB": {"name": "Ease My Mind (Come Over)", "coverArt": "https://i.scdn.co/image/ab67616d00001e02fbe539cef9f219896b3703be", "artist": ["Nija"], "artistIds": ["7f9KxQWD88MZrSY6jc0zoW"], "artistPop": [44], "genres": []}, "3Z9B9GQ2fFx4IRCG8bbWys": {"name": "Somebody\u2019s Son (Ft Brandy)", "coverArt": "https://i.scdn.co/image/ab67616d00001e028ad1566266a71167b13270d5", "artist": ["Tiwa Savage", "Brandy"], "artistIds": ["1hNaHKp2Za5YdOAG0WnRbc", "05oH07COxkXKIMt6mIPRee"], "artistPop": [61, 67], "genres": ["afro dancehall", "afropop", "azonto", "azontobeats", "nigerian hip hop", "nigerian pop", "dance pop", "hip hop", "hip pop", "neo soul", "pop", "pop rap", "r&b", "urban contemporary"]}, "793OuR8rJ0zpVp708ONAxO": {"name": "Summer Feeling", "coverArt": "https://i.scdn.co/image/ab67616d00001e021896afe22fb9544e936b765f", "artist": ["Matoma", "Jonah Kagen"], "artistIds": ["4YXycRbyyAE0wozTk7QMEq", "5KsRA81UaMVKvLNiwDySfp"], "artistPop": [70, 59], "genres": ["dance pop", "edm", "electro house", "electropop", "pop", "pop dance", "pop edm", "tropical house"]}, "4UxATpWvXewD5EZUW01EeQ": {"name": "Thelma + Louise", "coverArt": "https://i.scdn.co/image/ab67616d00001e026092293259e1d1d35e501105", "artist": ["Bastille"], "artistIds": ["7EQ0qTo7fWT7DPxmxtSYEc"], "artistPop": [78], "genres": ["metropopolis", "modern rock", "pop", "pop rock", "tropical house"]}, "4ZB2yAZyPHI6SHdFPPT9sa": {"name": "In The Dark (with Jhen\u00e9 Aiko)", "coverArt": "https://i.scdn.co/image/ab67616d00001e02f3ba5fc55611b49bba9fadd4", "artist": ["Swae Lee", "Jhen\u00e9 Aiko"], "artistIds": ["1zNqQNIdeOUZHb8zbZRFMX", "5ZS223C6JyBfXasXxrRqOk"], "artistPop": [81, 79], "genres": ["melodic rap", "trap", "alternative r&b", "dance pop", "pop", "pop rap", "r&b", "urban contemporary"]}, "39jo333JejX9EZ3zwwcdmS": {"name": "Summer", "coverArt": "https://i.scdn.co/image/ab67616d00001e02ebd901fa18c2215a32fd4bf5", "artist": ["Jaden"], "artistIds": ["0xOeVMOz2fVg5BJY3N6akT"], "artistPop": [75], "genres": ["hip hop", "pop", "rap"]}, "1jZQeKeIvYZfuH9nXIRag4": {"name": "Be Good", "coverArt": "https://i.scdn.co/image/ab67616d00001e0223ceacf7896a898e854cfff2", "artist": ["Shenseea"], "artistIds": ["1OFOShsIbhy1l5x73yuVyB"], "artistPop": [62], "genres": ["dancehall", "modern reggae"]}, "1SCYfmGM5ueb6YiiQbLXVn": {"name": "SI T\u00da SUPIERAS - Bonus Track", "coverArt": "https://i.scdn.co/image/ab67616d00001e023d7b95838b533131d1db6292", "artist": ["Feid"], "artistIds": ["2LRoIwlKmHjgvigdNGBHNo"], "artistPop": [79], "genres": ["colombian pop", "latin", "pop reggaeton", "reggaeton", "reggaeton colombiano", "trap latino"]}, "6GPBXtnSepHovJi1uD1Ggj": {"name": "La Botella", "coverArt": "https://i.scdn.co/image/ab67616d00001e020adae1536b5fead2554f10e8", "artist": ["Justin Quiles", "Maluma"], "artistIds": ["14zUHaJZo1mnYtn6IBRaRP", "1r4hJ1h58CWwUQe3MxPuau"], "artistPop": [85, 88], "genres": ["latin", "reggaeton", "trap latino", "latin", "reggaeton", "reggaeton colombiano"]}, "67khZBWjxlHg85xcwdySjS": {"name": "I Got A Feeling", "coverArt": "https://i.scdn.co/image/ab67616d00001e02ca03b45e8476c4998172c4b9", "artist": ["Felix Jaehn", "Robin Schulz", "Georgia Ku"], "artistIds": ["4bL2B6hmLlMWnUEZnorEtG", "3t5xRXzsuZmMDkQzgOX35S", "5mYakBbBzPMQTfkVMIgiDM"], "artistPop": [78, 80, 69], "genres": ["dance pop", "edm", "electro house", "german dance", "pop", "pop dance", "pop edm", "pop rap", "tropical house", "dance pop", "deep euro house", "deep house", "edm", "german dance", "pop", "pop dance", "tropical house", "uk pop"]}, "4yb8suVmTLxvSb8hT6EmT6": {"name": "this is how i learn to say no", "coverArt": "https://i.scdn.co/image/ab67616d00001e02f76b3fed6795fdfbbef68665", "artist": ["EMELINE"], "artistIds": ["4S38gbKfKkEbty2YAIDIlV"], "artistPop": [56], "genres": ["alt z"]}, "2sg5fd4wF4r6NKMj9Zm3Rr": {"name": "Ben & Jerry", "coverArt": "https://i.scdn.co/image/ab67616d00001e0290d42d83482b128d870325a2", "artist": ["salem ilese"], "artistIds": ["3QJUFtGBGL05vo0kCJZsmT"], "artistPop": [66], "genres": ["alt z", "modern indie pop", "social media pop"]}, "2W779g2UrRZtVdf3FcEOO1": {"name": "In My Mind", "coverArt": "https://i.scdn.co/image/ab67616d00001e02f811a222ec1f0211a1f584e7", "artist": ["Lyn Lapid"], "artistIds": ["4pfy05cNNTacuOQ6SiSu4v"], "artistPop": [55], "genres": []}, "0Vtik6x9dLUPNoyIoJZm9I": {"name": "Juanita", "coverArt": "https://i.scdn.co/image/ab67616d00001e027f677ac46e4e046e9515cb41", "artist": ["Sturgill Simpson", "Willie Nelson"], "artistIds": ["3vDpQbGnzRbRVirXlfQagB", "5W5bDNCqJ1jbCgTxDD0Cb3"], "artistPop": [67, 72], "genres": ["alternative americana", "kentucky roots", "nashville singer-songwriter", "new americana", "outlaw country", "classic country pop", "country", "country rock", "nashville sound", "outlaw country", "singer-songwriter", "texas country"]}, "6LUHCk4qqqupsz0yF48Opr": {"name": "Worst (I Assume)", "coverArt": "https://i.scdn.co/image/ab67616d00001e0291be7de36f884f81149c7448", "artist": ["JoJo"], "artistIds": ["5xuNBZoM7z1Vv8IQ6uM0p6"], "artistPop": [64], "genres": ["dance pop", "hip pop", "pop", "pop r&b", "pop rap", "post-teen pop", "r&b", "urban contemporary"]}, "3wQiAVOZkQ87Owddb3bACq": {"name": "My Sister (feat. Jorja Smith)", "coverArt": "https://i.scdn.co/image/ab67616d00001e0265570e2f52a3a16f9be1d6f8", "artist": ["Shaybo", "Jorja Smith"], "artistIds": ["5QdfW7A9eh0XjCyg9XAZpy", "1CoZyIx7UvdxT5c8UkMzHd"], "artistPop": [55, 75], "genres": ["london rap", "pop", "r&b", "uk contemporary r&b"]}, "3zSxIsQe6ezMc1Xr8Fuvz4": {"name": "Ring My Line (feat. Headie One)", "coverArt": "https://i.scdn.co/image/ab67616d00001e029cb8ec933fe09898739c8597", "artist": ["King Promise", "Headie One"], "artistIds": ["4tIKaxUmpXzshok2yCnwdf", "6UCQYrcJ6wab6gnQ89OJFh"], "artistPop": [56, 71], "genres": ["afropop", "azontobeats", "ghanaian alternative", "ghanaian pop", "uk hip hop"]}, "44Y47AT30lSl5iPMZr6o83": {"name": "Peach", "coverArt": "https://i.scdn.co/image/ab67616d00001e027665675e13dddc416ed38a75", "artist": ["Future Islands"], "artistIds": ["1WvvwcQx0tj6NdDhZZ2zZz"], "artistPop": [68], "genres": ["alternative dance", "baltimore indie", "chillwave", "indie rock", "indietronica", "modern rock", "new rave"]}, "0tW3SDJmTyS3is8QXQ4z1q": {"name": "I'm So Good at Lying (feat. Powfu & Thomas Reid)", "coverArt": "https://i.scdn.co/image/ab67616d00001e021a5b6dc7e6a6ce7620f7d334", "artist": ["Rxseboy", "Powfu", "Thomas Reid"], "artistIds": ["1ScHz7wPPxVTEKsc9g3Z0c", "6bmlMHgSheBauioMgKv2tn", "0dcxj82ddksd6tDDcJgbqo"], "artistPop": [67, 76, 59], "genres": ["sad lo-fi", "sad rap", "sad rap", "emo rap", "sad lo-fi", "sad rap"]}, "17MHpjbPk7t84R2KQ47ObU": {"name": "Chewing Gum", "coverArt": "https://i.scdn.co/image/ab67616d00001e0254aac8c32a343976b544a8a4", "artist": ["Cian Ducrot"], "artistIds": ["49jTY62Cpw3RYo4dLuG43W"], "artistPop": [47], "genres": ["alt z", "irish pop"]}, "7KTcpv7wPJ4r6lR5SLzurh": {"name": "Reaching Out", "coverArt": "https://i.scdn.co/image/ab67616d00001e028f7a8739715a5dd352730727", "artist": ["Dillon Francis", "Bow Anderson"], "artistIds": ["5R3Hr2cnCCjt220Jmt2xLf", "6ObN9YNBliscJOImQp4UZO"], "artistPop": [67, 55], "genres": ["brostep", "dance pop", "edm", "electro house", "electronic trap", "electropop", "house", "moombahton", "pop", "pop dance", "slap house", "tropical house"]}, "6SOmn0HMuY4Lq9XiUo8JZM": {"name": "Leaving You", "coverArt": "https://i.scdn.co/image/ab67616d00001e0282c72fd60d33996568933102", "artist": ["Riovaz"], "artistIds": ["1bhZt10yZVCJfp3HaNxJv8"], "artistPop": [62], "genres": ["aesthetic rap"]}, "0wZd01L6bsW9iGFHrDPf88": {"name": "Rock the Boat", "coverArt": "https://i.scdn.co/image/ab67616d00001e02697d3fb5e1a6586d81e531e9", "artist": ["Jazz Cartier", "KYLE"], "artistIds": ["0sc5zYshOdiFD4ayqMrJbJ", "4qBgvVog0wzW75IQ48mU7v"], "artistPop": [55, 70], "genres": ["canadian hip hop", "canadian trap", "indie pop rap", "toronto rap", "trap soul", "underground hip hop", "pop rap", "rap", "social media pop"]}, "7mlOsqmNcuZK9c43W1p2hD": {"name": "Myself (feat. DEVN)", "coverArt": "https://i.scdn.co/image/ab67616d00001e02eba578b78ce03c8953ff409c", "artist": ["Lute", "DEVN"], "artistIds": ["75WcpJKWXBV3o3cfluWapK", "2pLG1DAWil29V9CrbvuFN4"], "artistPop": [60, 36], "genres": ["north carolina hip hop", "underground hip hop"]}, "1vRM41SnXdDrzQq4EMRZam": {"name": "Like Me", "coverArt": "https://i.scdn.co/image/ab67616d00001e02665f99c5e540dbcfef4d909c", "artist": ["YFN Lucci", "Bandhunta Izzy"], "artistIds": ["5Berubt6ysOy2LCMyqhmXP", "5nnmjpedVxTOH8KwpDdSZ2"], "artistPop": [63, 39], "genres": ["arkansas hip hop", "atl hip hop", "melodic rap", "pop r&b", "rap", "southern hip hop", "trap", "baltimore hip hop"]}, "2hZTeA6c94dBoiuGcBv3R0": {"name": "I Feel Good", "coverArt": "https://i.scdn.co/image/ab67616d00001e02c8f622a51fdf19fc31ef4ea7", "artist": ["Pitbull", "Anthony Watts", "DJ White Shadow"], "artistIds": ["0TnOYISbd1XYRBk9myaseg", "52S7chJRLMM0ueWjN6hhn1", "2yP2heDvGPROpYtPMKsOh1"], "artistPop": [84, 52, 52], "genres": ["dance pop", "latin", "miami hip hop", "pop"]}, "5S6t8dvq3kL4V4FmuMQi32": {"name": "Abajo y Arriba (with Juhn)", "coverArt": "https://i.scdn.co/image/ab67616d00001e02133f8f1ab73408f2ea220adc", "artist": ["Lele Pons", "Juhn"], "artistIds": ["6i3DxIlAqnDkwELLw4aVrx", "2LmcxBak1alK1bf7d1beTr"], "artistPop": [68, 76], "genres": ["latin pop", "viral pop", "latin", "reggaeton", "reggaeton flow", "trap latino"]}, "21aOLk12MksET8AsbU0SI6": {"name": "LO$ER=LO\u2661ER", "coverArt": "https://i.scdn.co/image/ab67616d00001e025137378ed49327e5dec7406f", "artist": ["TOMORROW X TOGETHER"], "artistIds": ["0ghlgldX5Dd6720Q3qFyQB"], "artistPop": [80], "genres": ["k-pop", "k-pop boy group"]}, "5z7wmSmPWHgTFz5iOKHhAz": {"name": "Something in the Water", "coverArt": "https://i.scdn.co/image/ab67616d00001e0274d3f615e4b03d8dddbd00c9", "artist": ["Boys World"], "artistIds": ["0YgZTREOQz8oOGVABXEoXi"], "artistPop": [48], "genres": []}, "32dqTQIiHuXKACRBN9Pmbh": {"name": "Veronica", "coverArt": "https://i.scdn.co/image/ab67616d00001e02c2062878ad5181ad2b1ae074", "artist": ["Leah Kate"], "artistIds": ["6oWOHAOyBUn6aJlKIPJK9r"], "artistPop": [53], "genres": ["alt z", "social media pop"]}, "6tS1Fm9z3UKuLSxrinY3pC": {"name": "Runaway (with Sigala and JP Cooper)", "coverArt": "https://i.scdn.co/image/ab67616d00001e02ced23cda6037331c23164112", "artist": ["R3HAB", "Sigala", "JP Cooper"], "artistIds": ["6cEuCEZu7PAE9ZSzLLc2oQ", "1IueXOQyABrMOprrzwQJWN", "4kYGAK2zu9EAomwj3hXkXy"], "artistPop": [78, 76, 74], "genres": ["dance pop", "dutch house", "edm", "electro house", "pop", "pop dance", "progressive electro house", "slap house", "tropical house", "dance pop", "edm", "pop", "pop dance", "tropical house", "indie cafe pop", "neo mellow", "pop", "pop rock", "tropical house", "uk pop"]}, "20umbRtGLy493kML1VedCq": {"name": "Message in a Bottle", "coverArt": "https://i.scdn.co/image/ab67616d00001e02712cdea770ebb24bd4f2eff3", "artist": ["Livingston"], "artistIds": ["2fPsJqR6zfoHatC1eFr0eQ"], "artistPop": [55], "genres": []}, "5nLLiqvpX3Lgngure8GpeQ": {"name": "Weddings and Funerals", "coverArt": "https://i.scdn.co/image/ab67616d00001e02ab624fc46c02b827a6538a89", "artist": ["Jake Wesley Rogers"], "artistIds": ["5lEF4Tt1uK7Kuk80ILMlE9"], "artistPop": [45], "genres": ["indie cafe pop"]}, "62YlkxCw2VvakgKu3JMJLO": {"name": "Happy All The Time", "coverArt": "https://i.scdn.co/image/ab67616d00001e028dd80faa3cec4fcfbc43612c", "artist": ["Sam Williams", "Dolly Parton"], "artistIds": ["4cwkbiVtJw6GUOka2ZFZqz", "32vWCbZh0xZ4o9gkz4PsEU"], "artistPop": [45, 73], "genres": ["classic country pop", "country", "country dawn"]}, "2LxglhGxGhHF4P11HPEFwu": {"name": "My Father's Daughter", "coverArt": "https://i.scdn.co/image/ab67616d00001e025e4c36eeaa48dabc938d66ea", "artist": ["Olivia Vedder", "Eddie Vedder", "Glen Hansard"], "artistIds": ["1cALtYxOIn4uWAfNdwcP4E", "0mXTJETA4XUa12MmmXxZJh", "3Caot8EtHX6wLpNF2wRzS0"], "artistPop": [43, 65, 57], "genres": ["acoustic rock", "permanent wave", "rock", "irish rock", "irish singer-songwriter", "melancholia"]}, "3wJAk2rKEEoYlXSLpLVrkU": {"name": "Perfume", "coverArt": "https://i.scdn.co/image/ab67616d00001e020d624e14b172953c77612cf7", "artist": ["Del Water Gap"], "artistIds": ["0xPoVNPnxIIUS1vrxAYV00"], "artistPop": [56], "genres": ["deep new americana", "indie cafe pop", "indie pop", "modern rock"]}, "1OUslGVRbp8oeH7z1yM9Ia": {"name": "Delfino (Feel This Way)", "coverArt": "https://i.scdn.co/image/ab67616d00001e02356dc96be8ca1e24982155aa", "artist": ["Pretty Boy Aaron", "Bruhnice"], "artistIds": ["6TIiGARk7Eo8igAnbM2eeR", "2QW8NaVjm8HVF86S2rMrXL"], "artistPop": [46, 44], "genres": ["bedroom soul"]}, "114OVh0TxTsEnyMQNAd74t": {"name": "Money", "coverArt": "https://i.scdn.co/image/ab67616d00001e02d0c881dea16398ddf2c9494f", "artist": ["Kyle Dion"], "artistIds": ["5qfkUSH3ip5dD2eEPhjkT3"], "artistPop": [52], "genres": ["alternative r&b", "chill r&b", "indie r&b", "indie soul", "r&b", "trap soul"]}, "47qcSYRuFo4ZAhG3faIy6L": {"name": "Funk Aspirin", "coverArt": "https://i.scdn.co/image/ab67616d00001e02d9942f1b93dbce2328e5a9f6", "artist": ["Cimafunk", "George Clinton"], "artistIds": ["28wtFivtmdKxFRfu57AhBe", "2GVBp7QyHckoOg7rYkLvrA"], "artistPop": [44, 55], "genres": ["cuban alternative", "cubaton", "funk", "p funk", "soul"]}, "4hwMIdB0srOKoCqclPHVLU": {"name": "In My Blood", "coverArt": "https://i.scdn.co/image/ab67616d00001e0278bdec69e6b87ade7dc6efe5", "artist": ["MO3", "Morray"], "artistIds": ["44JEJiBvti7NiEhAfzWstv", "44vREmJC0OlVZjZaGLqVEd"], "artistPop": [67, 69], "genres": ["dfw rap", "trap"]}, "0DBPwJaMIMFqDcxXV79W99": {"name": "We The Ones (feat. Blxst & Tree Thomas)", "coverArt": "https://i.scdn.co/image/ab67616d00001e0277ebc4a5e97f3c4831d78b48", "artist": ["Dame D.O.L.L.A", "Blxst", "Tree Thomas"], "artistIds": ["6H6svVOQLsIH1uK7KedZoQ", "4qXC0i02bSFstECuXP2ZpL", "1fGmF8ROL6X6RQzHwnPrrc"], "artistPop": [55, 76, 38], "genres": ["portland hip hop", "cali rap"]}, "1IgIR2FmHpfuR3MkGnGQUI": {"name": "Track & Field (feat. Kali)", "coverArt": "https://i.scdn.co/image/ab67616d00001e0282aff6db00c9c021aacfad71", "artist": ["Enchanting", "Kali"], "artistIds": ["26XGM4cZDcTgrXo1nis5HT", "1YRqgFNXqRyMDRr8ClS1NL"], "artistPop": [49, 60], "genres": ["viral rap"]}, "3Vfivb1bZfiSIiKaPXv2VK": {"name": "Hate Love", "coverArt": "https://i.scdn.co/image/ab67616d00001e025e5b2d28f8efaa715028988b", "artist": ["Ann Marie"], "artistIds": ["3feB1IF85It42sebtWSqws"], "artistPop": [57], "genres": ["pop r&b", "r&b"]}, "46UPxQScuRtw2jvE23vuYJ": {"name": "Move", "coverArt": "https://i.scdn.co/image/ab67616d00001e027003e28f41f00aaf52223a42", "artist": ["Santana", "Rob Thomas", "American Authors"], "artistIds": ["6GI52t8N5F02MxU0g5U69P", "3aBkeBhwadnWMWoVJ2CxJC", "0MlOPi3zIDMVrfA9R04Fe3"], "artistPop": [72, 64, 69], "genres": ["blues rock", "classic rock", "mexican classic rock", "acoustic pop", "neo mellow", "pop rock", "indie poptimism", "modern alternative rock", "modern rock", "pop", "pop rock"]}, "6zCvA2MctP74yeHgvlDkFn": {"name": "About Last Night", "coverArt": "https://i.scdn.co/image/ab67616d00001e02a908d31c19fb213ea2fe04a9", "artist": ["Jake Bugg"], "artistIds": ["4hf3caW9H8uFwwbv5pFjcg"], "artistPop": [63], "genres": ["modern rock", "nottingham indie", "rock"]}, "2TSiZ6ZtA4x5NbQgGpYrVU": {"name": "Survivor", "coverArt": "https://i.scdn.co/image/ab67616d00001e0257afba711ce6eb78242959e8", "artist": ["Nathaniel Rateliff & The Night Sweats"], "artistIds": ["02seUFsFQP7TH4hLrTj77o"], "artistPop": [62], "genres": ["funk", "indie folk", "modern blues rock", "rock", "stomp and holler"]}, "6RjhyqZZgQz65hOUFdBIEm": {"name": "lost \u2018cause", "coverArt": "https://i.scdn.co/image/ab67616d00001e026514470f018e215c9029f92b", "artist": ["Switchfoot"], "artistIds": ["6S58b0fr8TkWrEHOH4tRVu"], "artistPop": [63], "genres": ["ccm", "christian alternative rock", "christian music", "christian rock", "neo mellow", "pop rock", "worship"]}, "2ntTfXxuIi3jlePOKSz26N": {"name": "Risk It All", "coverArt": "https://i.scdn.co/image/ab67616d00001e02ec21b5dbbed1801af880fee2", "artist": ["Ella Henderson", "House Gospel Choir", "Just Kiddin"], "artistIds": ["7nDsS0l5ZAzMedVRKPP8F1", "1ilcpQQeF5mmvfO682aDgJ", "4bazJLWIv8CuqmgxJRiGqo"], "artistPop": [70, 55, 59], "genres": ["dance pop", "indie cafe pop", "pop", "pop dance", "post-teen pop", "talent show", "tropical house", "uk pop", "cedm", "deep groove house", "edm", "house", "pop dance", "pop edm", "tropical house", "uk dance"]}, "4qU8ip3F34wLBY1GBWYN3m": {"name": "I Need You", "coverArt": "https://i.scdn.co/image/ab67616d00001e02e2f32eae30c1bfb56efe2a14", "artist": ["\ubc15\ud61c\uc9c4 Park Hye Jin"], "artistIds": ["6niigcazB2JPcpasZfZvq1"], "artistPop": [53], "genres": ["korean dream pop"]}, "6lkDIkZKFWQH8VxxmW4yYP": {"name": "Swing", "coverArt": "https://i.scdn.co/image/ab67616d00001e0203c2ca353c41d936853b8ae9", "artist": ["Jos\u00e9 Gonz\u00e1lez"], "artistIds": ["6xrCU6zdcSTsG2hLrojpmI"], "artistPop": [66], "genres": ["gothenburg indie", "indie folk", "neo mellow", "stomp and holler", "swedish indie folk", "swedish indie pop", "swedish singer-songwriter"]}, "5nUDcx6mps8VXSpru1x2qz": {"name": "Saving Me", "coverArt": "https://i.scdn.co/image/ab67616d00001e022e3b0611ca39662eced99350", "artist": ["Niko Rubio"], "artistIds": ["6XdCL1kwMFNqPim2JwXjKa"], "artistPop": [33], "genres": []}, "5iqC6vUlYljRVkvbmCuH3t": {"name": "Buzzed", "coverArt": "https://i.scdn.co/image/ab67616d00001e022485e84aa323d0fcaa08b969", "artist": ["BENNETT"], "artistIds": ["5kI5USw1eQqhK4h3uebeLk"], "artistPop": [38], "genres": ["bedroom soul", "swedish hip hop"]}, "3JWyvaawz14CRXLYBrZTmD": {"name": "10ft Tall", "coverArt": "https://i.scdn.co/image/ab67616d00001e023d36727a8156e21ef4f85dcb", "artist": ["Devin Kennedy"], "artistIds": ["6xRlQCMpg8bmkHlluqDF7Z"], "artistPop": [36], "genres": ["chill r&b", "indie r&b"]}, "6SpPr7K4YQ2wp8jU6uOTmQ": {"name": "Queendom", "coverArt": "https://i.scdn.co/image/ab67616d00001e02830de2e836036f181df598d0", "artist": ["Red Velvet"], "artistIds": ["1z4g3DjTBBZKhvAroFlhOM"], "artistPop": [76], "genres": ["k-pop", "k-pop girl group"]}, "0R6SqfmgvpqpHAB5F8Q51Q": {"name": "MTV Cribs", "coverArt": "https://i.scdn.co/image/ab67616d00001e0236daabf525e21248a133bf17", "artist": ["Carly Gibert"], "artistIds": ["3dBpGX6fuWAYxWhDspbVbQ"], "artistPop": [35], "genres": []}, "2Dn2KgWEzKdmQEyDsOS1GU": {"name": "Play Pretend (feat. Travis Barker)", "coverArt": "https://i.scdn.co/image/ab67616d00001e02d2d799aef14b8c5837670dd8", "artist": ["Caspr", "Travis Barker"], "artistIds": ["6yZgSbQMnAFpQRgv7EMRzZ", "4exLIFE8sISLr28sqG1qNX"], "artistPop": [48, 79], "genres": ["emo rap", "rap rock"]}, "6ih36uvkEAEeoafiQJQBCm": {"name": "Over and Over Again", "coverArt": "https://i.scdn.co/image/ab67616d00001e0280b3ea0d30a1493204ca8bae", "artist": ["LiL Lotus"], "artistIds": ["2RJWS2Lmkw2uExDmFMe1Ry"], "artistPop": [54], "genres": ["emo rap", "sad rap"]}, "5n7yP1qQiXs9uCE3m1eyGB": {"name": "Aye", "coverArt": "https://i.scdn.co/image/ab67616d00001e0237f8f5ddfb711f7175764aff", "artist": ["Sam Fender"], "artistIds": ["6zlR5ttMfMNmwf2lecU9Cc"], "artistPop": [67], "genres": ["modern alternative rock", "modern rock", "north east england indie", "rock"]}, "59fIYH3h8H8ilm9ALt2NUl": {"name": "Fantasy", "coverArt": "https://i.scdn.co/image/ab67616d00001e027f1bcaba9b7daf03fa60753c", "artist": ["Sam Ezeh"], "artistIds": ["5Ys0Puc1F5jOw7EpmhMSTK"], "artistPop": [44], "genres": ["indie r&b"]}, "3XxBj4muC0eqMSXMXA3X87": {"name": "HALOHEAD", "coverArt": "https://i.scdn.co/image/ab67616d00001e02fd0fa440affde6e3f5872249", "artist": ["KUNZITE", "Ratatat"], "artistIds": ["3rMDCvvekRMD0WON14PwqO", "57dN52uHvrHOxijzpIgu3E"], "artistPop": [50, 69], "genres": ["alternative dance", "electronica", "indietronica", "new rave"]}, "3dE5JkCceos3FiuQmTKfOx": {"name": "L.D.R.A", "coverArt": "https://i.scdn.co/image/ab67616d00001e02539a2b3bfa9fb29bc7f03be5", "artist": ["Shire T", "Maribou State", "Wish & Fonda Rae"], "artistIds": ["0AIim12jO78DuyyUYbHfAe", "7zrkALJ9ayRjzysp4QYoEg", "4tlwGA9FRTxbAiBTW1rLJc"], "artistPop": [49, 64, 36], "genres": ["electronica", "indie soul", "electronica", "future garage", "indie soul"]}, "6niOSINXw53RLlqwp7fokF": {"name": "I Need You Bad", "coverArt": "https://i.scdn.co/image/ab67616d00001e026af4a9664ff59a24b30ff6a1", "artist": ["Shannon & The Clams"], "artistIds": ["6A5Ns1SpGWTt8SzXPwiqVE"], "artistPop": [51], "genres": ["bay area indie", "indie garage rock", "oakland indie", "power-pop punk"]}, "3rnjpapU250ztdS4N2e3aS": {"name": "Grin On Me", "coverArt": "https://i.scdn.co/image/ab67616d00001e0219182a108aace45967498573", "artist": ["BirdsFlyStoned"], "artistIds": ["6aqvueqkAH2Tv29y41vJ0r"], "artistPop": [25], "genres": []}, "0dVuf0NSPxHeovkeAEsvPz": {"name": "Bye Mom", "coverArt": "https://i.scdn.co/image/ab67616d00001e0229d75718c3e69e6d55591dc0", "artist": ["Chris Janson"], "artistIds": ["60gmlHZmT16wiO9GiXKYK9"], "artistPop": [63], "genres": ["contemporary country", "country", "country road", "modern country rock"]}, "4NDuJVokE8NKFzVmn6mU1l": {"name": "Maybe We Never Die", "coverArt": "https://i.scdn.co/image/ab67616d00001e027a1245e9872b0490e2d403bd", "artist": ["Anderson East"], "artistIds": ["5q6z6GTth6lMbL9I8CAgby"], "artistPop": [56], "genres": ["indie folk", "modern blues", "new americana"]}, "1BiRaCcUqWpLLb4LZpvRMF": {"name": "If You Ever Leave, I'm Coming with You", "coverArt": "https://i.scdn.co/image/ab67616d00001e02d87714347f215c3e1432f2e1", "artist": ["The Wombats"], "artistIds": ["0Ya43ZKWHTKkAbkoJJkwIB"], "artistPop": [69], "genres": ["liverpool indie", "modern alternative rock", "modern rock", "rock"]}, "3R6WrsYpIuxJw7ZGHT5w85": {"name": "Alone Again", "coverArt": "https://i.scdn.co/image/ab67616d00001e02be86ef103692ddebae2ec8cb", "artist": ["Asking Alexandria"], "artistIds": ["1caBfBEapzw8z2Qz9q0OaQ"], "artistPop": [68], "genres": ["melodic metalcore", "metalcore", "trancecore", "uk metalcore"]}, "7etMOjvgai1wxDJw3BXcZn": {"name": "rock bottom", "coverArt": "https://i.scdn.co/image/ab67616d00001e024a9333bd92e56e3ef0a7f03f", "artist": ["Micah Emrich"], "artistIds": ["3opPAWWe8rmOGNSWBb6XMY"], "artistPop": [21], "genres": []}, "0Y36El0k8fS2myogTVGXKP": {"name": "All This Space", "coverArt": "https://i.scdn.co/image/ab67616d00001e02c58d24cec3a2695ac4b0577e", "artist": ["Stephen Day"], "artistIds": ["4cnFw4bkIWVGKUBsr93OS5"], "artistPop": [53], "genres": ["indie cafe pop", "indiecoustica"]}, "71tTzTUW9VP8u1sFJxXp6k": {"name": "Close the Door (feat. Mali Music)", "coverArt": "https://i.scdn.co/image/ab67616d00001e022d994dd933ddf13a56df76d2", "artist": ["Travis Greene", "Mali Music"], "artistIds": ["22JNV0JWTJkY1qzKJhxdRe", "4S4kD5NBlgaq4YLBQSEMyY"], "artistPop": [55, 50], "genres": ["gospel", "naija worship", "praise", "gospel"]}, "6gdhHMWUv1pvkOHqCUGvCp": {"name": "One In A Million", "coverArt": "https://i.scdn.co/image/ab67616d00001e0201f2778f38f1d536b06b507c", "artist": ["Aaliyah"], "artistIds": ["0urTpYCsixqZwgNTkPJOJ4"], "artistPop": [68], "genres": ["dance pop", "hip pop", "neo soul", "pop", "pop rap", "r&b", "urban contemporary"]}}