{"7Bar1kLTmsRmH6FCKKMEyU": {"name": "Hit Different", "coverArt": "https://i.scdn.co/image/ab67616d00001e02a135dd969dce9f38ed32ef98", "artist": ["SZA", "The Neptunes", "Pharrell Williams", "Ty Dolla $ign"], "artistIds": ["7tYKF4w9nC0nq9CsPZTHyP", "0KuF7reCTOZwV7YJnHQqgr", "2RdwBSPQiwcmiDo9kixcl8", "7c0XG5cIJTrrAgEC3ULPiq"], "artistPop": [86, 67, 80, 87], "genres": ["pop", "pop rap", "r&b", "rap", "pop rap", "hip hop", "pop", "pop rap", "r&b", "trap", "trap soul"]}, "5cpJFiNwYyWwFLH0V6B3N8": {"name": "Del Mar", "coverArt": "https://i.scdn.co/image/ab67616d00001e02b1717c201d31ad8e43dedc55", "artist": ["Ozuna", "Doja Cat", "Sia"], "artistIds": ["1i8SpTcr7yvPOmcqrbnVXY", "5cj0lLjcoR7YOSnhnX0Po5", "5WUlDfRSoLAfcVSX1WnrxN"], "artistPop": [88, 94, 86], "genres": ["latin", "puerto rican pop", "reggaeton", "trap latino", "dance pop", "pop", "australian dance", "australian pop", "pop"]}, "4VLTxHOyFX5FRtkpsFm5Pc": {"name": "Lithuania (feat. Travis Scott)", "coverArt": "https://i.scdn.co/image/ab67616d00001e02b1b3fdd23be4c158d4d2c32f", "artist": ["Big Sean", "Travis Scott"], "artistIds": ["0c173mlxpT3dSFRgMO8XPh", "0Y5tJX1MQlPlqiwlOH1tJY"], "artistPop": [81, 91], "genres": ["detroit hip hop", "hip hop", "pop rap", "rap", "southern hip hop", "trap", "rap", "slap house"]}, "3Xa0sbyAtaEYYl2qRGnWQb": {"name": "Inhale", "coverArt": "https://i.scdn.co/image/ab67616d00001e025b9af46c8298f0b71e85d212", "artist": ["Bryson Tiller"], "artistIds": ["2EMAnMvWE2eb56ToJVfCWs"], "artistPop": [78], "genres": ["kentucky hip hop", "pop", "pop rap", "r&b", "rap", "trap"]}, "5ZiAWafwH9N572lPB6F95J": {"name": "Callin (feat. Snoop Dogg)", "coverArt": "https://i.scdn.co/image/ab67616d00001e0267c61f54a961348c76c9e939", "artist": ["YoungBoy Never Broke Again", "Snoop Dogg"], "artistIds": ["7wlFDEWiM5OoIAt8RSli8b", "7hJcb9fa4alzcOq3EaNPoG"], "artistPop": [83, 83], "genres": ["baton rouge rap", "trap", "g funk", "gangster rap", "hip hop", "pop rap", "rap", "west coast rap"]}, "3ZWhRS2EJVL5B0IEzkcvZa": {"name": "Sweet & Sour (feat. Lauv & Tyga)", "coverArt": "https://i.scdn.co/image/ab67616d00001e02b843a22f04f1914db750814f", "artist": ["Jawsh 685", "Lauv", "Tyga"], "artistIds": ["56mfhUDKa1vec6rSLZV5Eg", "5JZ7CnR6gTvEMKX4g70Amv", "5LHRHt1k9lMyONurDHEdrp"], "artistPop": [70, 80, 84], "genres": ["nz pop", "dance pop", "electropop", "pop", "post-teen pop", "dance pop", "hip hop", "pop rap", "rap", "southern hip hop", "trap"]}, "27Y1N4Q4U3EfDU5Ubw8ws2": {"name": "What They'll Say About Us", "coverArt": "https://i.scdn.co/image/ab67616d00001e025e0404e1d587f93431889513", "artist": ["FINNEAS"], "artistIds": ["37M5pPGs6V1fchFJSgCguX"], "artistPop": [73], "genres": ["alt z", "electropop", "indie cafe pop", "indie pop", "la indie", "pop", "post-teen pop"]}, "6T7NPX0BWpaapcp0Jn7OK9": {"name": "OMG What's Happening", "coverArt": "https://i.scdn.co/image/ab67616d00001e02bbe7a6480fdb949ebce2bed5", "artist": ["Ava Max"], "artistIds": ["4npEfmQ6YuiwW1GpUmaq3F"], "artistPop": [82], "genres": ["dance pop", "pop"]}, "4adrh1YMaPAhtqalhG8hIH": {"name": "Vroom Vroom", "coverArt": "https://i.scdn.co/image/ab67616d00001e02fa960f74e64aa1d31a39da35", "artist": ["A Boogie Wit da Hoodie", "Don Q", "Trap Manny"], "artistIds": ["31W5EY0aAly4Qieq6OFu6I", "5TM9R6dNoJSMq23yZQD6Ee", "0SNzlwOGBLhCMZPN2ZKzna"], "artistPop": [83, 51, 47], "genres": ["melodic rap", "pop rap", "rap", "trap", "nyc rap", "new york drill"]}, "195gauSXE6Q2IKmCrarHut": {"name": "The Voice", "coverArt": "https://i.scdn.co/image/ab67616d00001e023ea80236bc5fd25ae2287e18", "artist": ["Lil Durk"], "artistIds": ["3hcs9uc56yIGFCSy9leWe7"], "artistPop": [87], "genres": ["chicago drill", "chicago rap", "drill", "hip hop", "rap", "trap"]}, "09iKyqKI8AGb0w4eajgWE8": {"name": "Baggin'", "coverArt": "https://i.scdn.co/image/ab67616d00001e0223bca679b10d49240181445c", "artist": ["Marshmello", "42 Dugg"], "artistIds": ["64KEffDW9EtZ1y2vBYgq8T", "45gHcnDnMC15sgx3VL7ROG"], "artistPop": [86, 76], "genres": ["brostep", "edm", "pop", "pop dance", "progressive electro house", "detroit trap", "rap", "southern hip hop", "trap"]}, "5woaU1FNkqCwg6WzWiQPW5": {"name": "Tap In (feat. Post Malone, DaBaby & Jack Harlow)", "coverArt": "https://i.scdn.co/image/ab67616d00001e02104c360641f08f5c1e164218", "artist": ["Saweetie", "Post Malone", "DaBaby", "Jack Harlow"], "artistIds": ["6cK3NBO6uP7hh0oyuVELFl", "246dkjvS1zLTtiykXe5h60", "4r63FhuTkUYltbVAg5TQnk", "2LIk90788K0zvyj2JJVwkJ"], "artistPop": [80, 89, 89, 88], "genres": ["cali rap", "dance pop", "pop", "pop rap", "trap queen", "dfw rap", "melodic rap", "rap", "north carolina hip hop", "rap", "deep underground hip hop", "kentucky hip hop", "pop rap", "rap"]}, "41TTuxzWvvxCVsOij036P9": {"name": "The One", "coverArt": "https://i.scdn.co/image/ab67616d00001e02b9ef0c7563d3c540b207c3dc", "artist": ["FLETCHER"], "artistIds": ["5qa31A9HySw3T7MKWI9bGg"], "artistPop": [69], "genres": ["alt z", "dance pop", "electropop", "indie cafe pop", "indie poptimism", "pop", "post-teen pop", "social media pop"]}, "1IiJhFnNnvrq4k3x76Mh2n": {"name": "Medicine", "coverArt": "https://i.scdn.co/image/ab67616d00001e02af75109b5c97c927d0c2a2fd", "artist": ["Gus Dapperton"], "artistIds": ["6sHCvZe1PHrOAuYlwTLNH4"], "artistPop": [67], "genres": ["bedroom pop", "indie pop", "indie poptimism"]}, "7z9lRMknTiGUeV2cD7oTy6": {"name": "Trenches", "coverArt": "https://i.scdn.co/image/ab67616d00001e02b2b54c5c6444e8c50124755f", "artist": ["Monica", "The Neptunes", "Lil Baby"], "artistIds": ["6nzxy2wXs6tLgzEtqOkEi2", "0KuF7reCTOZwV7YJnHQqgr", "5f7VJjfbwm532GiveGC0ZK"], "artistPop": [63, 67, 91], "genres": ["dance pop", "hip hop", "hip pop", "neo soul", "new jack swing", "pop r&b", "pop rap", "quiet storm", "r&b", "urban contemporary", "atl hip hop", "atl trap", "rap", "trap"]}, "79OsVQutiLllWaiDTcKl5M": {"name": "Too Blessed", "coverArt": "https://i.scdn.co/image/ab67616d00001e0256521a5883954b644c73a80d", "artist": ["Rich The Kid", "Quavo", "Takeoff"], "artistIds": ["1pPmIToKXyGdsCF6LmqLmI", "0VRj0yCOv2FXJNP47XQnx5", "3EW0kQ1skZiK1NHg3Spt9J"], "artistPop": [73, 81, 63], "genres": ["atl hip hop", "hip hop", "melodic rap", "plugg", "pop rap", "rap", "southern hip hop", "trap", "atl hip hop", "hip hop", "melodic rap", "pop rap", "rap", "southern hip hop", "trap", "atl hip hop", "rap", "southern hip hop", "trap"]}, "4eePXbF5P9C65DdlAzBwnD": {"name": "Freckles", "coverArt": "https://i.scdn.co/image/ab67616d00001e023a1ee190892138dd277f2e17", "artist": ["Curtis Waters"], "artistIds": ["2JbE7jUIGtpXSzytnyMg6U"], "artistPop": [60], "genres": []}, "19LS5ar8JYUH8mtKuB6zIg": {"name": "Bottom of the Bottle", "coverArt": "https://i.scdn.co/image/ab67616d00001e02efd653fbbec07ce981f73e08", "artist": ["Jack Kays"], "artistIds": ["24qqDoA4BBXVnPOdHBjT54"], "artistPop": [56], "genres": ["cincinnati rap", "emo rap", "sad rap"]}, "663dTAlkLbA51yPkn1ZbFN": {"name": "Not Enough", "coverArt": "https://i.scdn.co/image/ab67616d00001e024b27b07a7aa6311c3eeb411a", "artist": ["Pritty"], "artistIds": ["1vJZhbUzq6DxjIxtikFk1v"], "artistPop": [30], "genres": []}, "4bOLbZhJfBIB1WFONyUjtP": {"name": "yup!", "coverArt": "https://i.scdn.co/image/ab67616d00001e0205d033e9bbdeb4bb63e68383", "artist": ["Yung Gravy"], "artistIds": ["2YOYua8FpudSEiB9s88IgQ"], "artistPop": [71], "genres": ["meme rap", "minnesota hip hop", "pop rap", "social media pop"]}, "3tLhjMOfbdRGQNudmIABp4": {"name": "Down (feat. Latto)", "coverArt": "https://i.scdn.co/image/ab67616d00001e028bdc36a2fc9246daca976b1c", "artist": ["G-Eazy", "Latto"], "artistIds": ["02kJSzxNuaWGqwubyUba0Z", "3MdXrJWsbVzdn6fe5JYkSQ"], "artistPop": [81, 66], "genres": ["hip hop", "indie pop rap", "oakland hip hop", "pop rap", "rap", "pop", "pop r&b", "r&b", "trap queen"]}, "7fQox8Ere1HDm0jhSnsFHu": {"name": "Obey (with YUNGBLUD)", "coverArt": "https://i.scdn.co/image/ab67616d00001e0272da128027e194d8585cf62a", "artist": ["Bring Me The Horizon", "YUNGBLUD"], "artistIds": ["1Ffb6ejR6Fe5IamqA5oRUF", "6Ad91Jof8Niiw0lGLLi3NW"], "artistPop": [77, 76], "genres": ["melodic metalcore", "metalcore", "rock", "uk metalcore", "british indie rock", "modern rock", "pop", "rock"]}, "7yeiQ327gSlw8V5FpvuWXf": {"name": "Island", "coverArt": "https://i.scdn.co/image/ab67616d00001e02383bac97d6c54b6c39f7213d", "artist": ["Bow Anderson"], "artistIds": ["6ObN9YNBliscJOImQp4UZO"], "artistPop": [55], "genres": []}, "08lS7uqLMbXv7BDOb9guYJ": {"name": "Come Over", "coverArt": "https://i.scdn.co/image/ab67616d00001e0217431810ca3483e158ed85cd", "artist": ["VanJess"], "artistIds": ["0Ek89uaJyo6NfWK22awFvI"], "artistPop": [59], "genres": ["alternative r&b", "chill r&b", "indie r&b", "indie soul", "pop r&b", "r&b"]}, "01WOwxkxOw2FqNIHkraxcN": {"name": "Fall Slowly", "coverArt": "https://i.scdn.co/image/ab67616d00001e02193461a8eaaa81a1bd961500", "artist": ["Joyner Lucas", "Ashanti"], "artistIds": ["6C1ohJrd5VydigQtaGy5Wa", "5rkVyNGXEgeUqKkB5ccK83"], "artistPop": [76, 71], "genres": ["boston hip hop", "hip hop", "pop rap", "rap", "dance pop", "hip hop", "hip pop", "pop", "r&b", "urban contemporary"]}, "1dFPRhe24gj4Fq5kZcSQI9": {"name": "Between Our Hearts (feat. CXLOE)", "coverArt": "https://i.scdn.co/image/ab67616d00001e022a4d226caca565ee079dd0f2", "artist": ["Cheat Codes", "CXLOE"], "artistIds": ["7DMveApC7UnC2NPfPvlHSU", "6M25WWmNO7wK1DnKmd3z6R"], "artistPop": [76, 46], "genres": ["dance pop", "edm", "electro house", "electropop", "pop", "pop dance", "pop edm", "post-teen pop", "tropical house", "alt z", "australian alternative pop", "australian electropop", "australian pop", "indie electropop", "social media pop"]}, "4S5qPSkDocZakNYjzZjqZh": {"name": "What Do You Think Of?", "coverArt": "https://i.scdn.co/image/ab67616d00001e0211371e649d88755ec47e08d8", "artist": ["Lauren Alaina", "Lukas Graham"], "artistIds": ["1v3tdpIdBSW14rHUfiEVOv", "25u4wHJWxCA9vO0CzxAbK7"], "artistPop": [69, 74], "genres": ["contemporary country", "country", "country dawn", "country pop", "country road", "modern country rock", "danish pop", "pop", "scandipop"]}, "2WKJcMeqmjkL4FzFoJszR7": {"name": "Do It (feat. Doja Cat, City Girls & Mulatto) [Remix]", "coverArt": "https://i.scdn.co/image/ab67616d00001e02178640d450778d3f63dba8b4", "artist": ["Chloe x Halle", "Doja Cat", "City Girls", "Latto"], "artistIds": ["0AsThoR4KZSVktALiNcQwW", "5cj0lLjcoR7YOSnhnX0Po5", "37hAfseJWi0G3Scife12Il", "3MdXrJWsbVzdn6fe5JYkSQ"], "artistPop": [65, 94, 72, 66], "genres": ["alternative r&b", "dance pop", "pop", "pop rap", "post-teen pop", "r&b", "dance pop", "pop", "dance pop", "pop", "pop rap", "r&b", "scam rap", "trap queen", "pop", "pop r&b", "r&b", "trap queen"]}, "2ufW8qoeh5qFqjqbJHlpin": {"name": "EURO PLUG", "coverArt": "https://i.scdn.co/image/ab67616d00001e02f8230a32f7e5f26ca71b4ad1", "artist": ["Tony Velour", "Dylan Brady"], "artistIds": ["3L3hYQlhb5k9XCCrRWavNi", "2Cm6C9PNHioyjRKBfO7n9N"], "artistPop": [39, 63], "genres": ["hyperpop", "escape room", "hyperpop"]}, "11EnQRgRMJwMAesfkB5pnu": {"name": "Se Te Nota (with Guaynaa)", "coverArt": "https://i.scdn.co/image/ab67616d00001e02b7ca812abc74e09faeeadbb7", "artist": ["Lele Pons", "Guaynaa"], "artistIds": ["6i3DxIlAqnDkwELLw4aVrx", "0BqURncJM5B1BBu7UM51eq"], "artistPop": [68, 74], "genres": ["latin pop", "viral pop", "latin", "reggaeton", "reggaeton flow", "trap latino"]}, "4B4kCE93q1jLdH4tXyKjaO": {"name": "Messy", "coverArt": "https://i.scdn.co/image/ab67616d00001e0283bd7134e73b65aee305e00e", "artist": ["Lil Tracy"], "artistIds": ["5g63iWaMJ2UrkZMkCC8dMi"], "artistPop": [73], "genres": ["dark trap", "emo rap", "melodic rap", "underground hip hop", "vapor trap"]}, "7Mu3sCvXdMSlBLrUPOhWAG": {"name": "LOCKED UP PT. 2", "coverArt": "https://i.scdn.co/image/ab67616d00001e024bd3b9860e61438ddbf3694a", "artist": ["6ix9ine", "Akon"], "artistIds": ["7gZfnEnfiaHzxARJ2LeXrf", "0z4gvV4rjIZ9wHck67ucSV"], "artistPop": [75, 80], "genres": ["emo rap", "rap", "dance pop"]}, "2ialELOk7yrM8Nfo87sifD": {"name": "Invisible", "coverArt": "https://i.scdn.co/image/ab67616d00001e02fbb58cb80d7fcbbd523269a9", "artist": ["Yuna"], "artistIds": ["3kHVioJpVxlazAAKQ64pC1"], "artistPop": [60], "genres": ["alternative r&b", "malaysian pop"]}, "00cBcYOlnHoXX9ver3cmdE": {"name": "A Little Bit Yours", "coverArt": "https://i.scdn.co/image/ab67616d00001e02e8f586f730554a31ff8c42b4", "artist": ["JP Saxe"], "artistIds": ["66W9LaWS0DPdL7Sz8iYGYe"], "artistPop": [72], "genres": ["alt z", "canadian contemporary r&b", "indie cafe pop", "pop", "pop rock", "post-teen pop"]}, "5Bne2idW8XpKfErI8wkCkc": {"name": "Tuethday", "coverArt": "https://i.scdn.co/image/ab67616d00001e02c180bbbe977e145aec7f3e8c", "artist": ["Deaton Chris Anthony", "baby a"], "artistIds": ["1n8hLoV90OhFCYXLtCD659", "2uhZyZ7WgPEdEAk7FhKwsB"], "artistPop": [45, 18], "genres": ["alternative r&b"]}, "0DmAvNCAK08oCi7miSZUIY": {"name": "Lasting Lover", "coverArt": "https://i.scdn.co/image/ab67616d00001e02c81e8266fc5973137c314afc", "artist": ["Sigala", "James Arthur"], "artistIds": ["1IueXOQyABrMOprrzwQJWN", "4IWBUUAFIplrNtaOHcJPRM"], "artistPop": [76, 82], "genres": ["dance pop", "edm", "pop", "pop dance", "tropical house", "pop", "post-teen pop", "talent show", "uk pop"]}, "3QCMUnmMaqokrfNZes4D6S": {"name": "Bummerland", "coverArt": "https://i.scdn.co/image/ab67616d00001e026d706822cb4d2a62f214cf02", "artist": ["AJR"], "artistIds": ["6s22t5Y3prQHyaHWUN1R1C"], "artistPop": [76], "genres": ["modern rock", "pop rap"]}, "0R60496gawZvoT1QxdLrts": {"name": "Red Gatorade", "coverArt": "https://i.scdn.co/image/ab67616d00001e02f65ac048b572e1e3cd257d96", "artist": ["Audrey Mika"], "artistIds": ["3JDG63cSaK3xgDnB2H55Xp"], "artistPop": [63], "genres": ["alt z", "chill r&b"]}, "3BZPgp7sXgLxQhk9yrWiFz": {"name": "Glitch (feat. Tinashe)", "coverArt": "https://i.scdn.co/image/ab67616d00001e02a3cc094fe66998806dc5101a", "artist": ["Buddy", "Tinashe"], "artistIds": ["6PDLwWvgYNMfBRLqC1h5cJ", "0NIIxcxNHmOoyBx03SfTCD"], "artistPop": [63, 73], "genres": ["alternative r&b", "cali rap", "underground hip hop", "alternative r&b", "dance pop", "electropop", "metropopolis", "pop", "pop r&b", "pop rap", "post-teen pop", "r&b", "urban contemporary"]}, "55uz6CCy6OT60yq5jf8ZfY": {"name": "Endorphins", "coverArt": "https://i.scdn.co/image/ab67616d00001e0270e319c5bf9c5c9cdaee4dbe", "artist": ["tobi lou"], "artistIds": ["4T8NIfZmVY6TJFqVzN6X49"], "artistPop": [65], "genres": ["alternative r&b", "chicago rap", "pop", "pop rap"]}, "3aVTMDrpKG8MlrL5bmHpAg": {"name": "Hurt", "coverArt": "https://i.scdn.co/image/ab67616d00001e020dc430de07c2e3289aeab1f6", "artist": ["Lost Kings", "DeathbyRomy"], "artistIds": ["3hyEbRtp617pNCuuQjyOmc", "7aWpPjjgItUnXljFxYYKZI"], "artistPop": [63, 56], "genres": ["alt z", "dance pop", "edm", "electro house", "indie poptimism", "pop", "pop dance", "pop edm", "pop rap", "tropical house", "alt z", "modern indie pop"]}, "6jRj5tzddShW6JVEktRePw": {"name": "arsenic", "coverArt": "https://i.scdn.co/image/ab67616d00001e02ab497ec5b15a84a30d95c183", "artist": ["glaive"], "artistIds": ["4cJKDGSv4Dz9QycXYmo565"], "artistPop": [65], "genres": ["glitchcore", "hyperpop"]}, "3JLO3GzdHqAr0KbQnT88oW": {"name": "Walking Flames", "coverArt": "https://i.scdn.co/image/ab67616d00001e02d865888ec370014ada5090af", "artist": ["Actress", "Sampha"], "artistIds": ["3bg5rmICvmA8dmYVAdKGYH", "2WoVwexZuODvclzULjPQtm"], "artistPop": [40, 61], "genres": ["ambient", "art pop", "bass music", "deconstructed club", "electronica", "experimental pop", "float house", "fluxwork", "fourth world", "future garage", "hauntology", "intelligent dance music", "microhouse", "outsider house", "wonky", "alternative r&b", "indie soul"]}, "3zkb4iEBArtWivbkhw4Jnd": {"name": "RE(a)D (with Bas)", "coverArt": "https://i.scdn.co/image/ab67616d00001e02bc4d8ad211423aea31ee2b43", "artist": ["Dua Saleh", "Bas"], "artistIds": ["2DGBzoOLcKLK3eWxFyugdB", "70gP6Ry4Uo0Yx6uzPIdaiJ"], "artistPop": [42, 72], "genres": ["alternative r&b", "escape room", "minnesota hip hop", "sudanese pop", "hip hop", "queens hip hop", "rap", "sudanese pop", "underground hip hop"]}, "79tqVZgHMX2MQVBeDgy3On": {"name": "Death Is Callin", "coverArt": "https://i.scdn.co/image/ab67616d00001e02b3aafa36525102c5286b329f", "artist": ["Mozzy"], "artistIds": ["4AA474G2hRfrHyGrfyDseO"], "artistPop": [68], "genres": ["cali rap", "sacramento hip hop", "trap"]}, "0FMdT0naJjOlaqz4CeNQGY": {"name": "High School Dropout", "coverArt": "https://i.scdn.co/image/ab67616d00001e02d87689a8e409faf2cd2dd9bc", "artist": ["Lil Loaded"], "artistIds": ["7scapvSjZLSm0fBgqGM0Mn"], "artistPop": [66], "genres": ["dfw rap"]}, "2h9otdWcqvn5D52cgS32fz": {"name": "\u00c9chalo Pa' Ca", "coverArt": "https://i.scdn.co/image/ab67616d00001e0279d2dec41fe7fc44fe9f44dd", "artist": ["Sof\u00eda Reyes", "Darell", "Lalo Ebratt"], "artistIds": ["0haZhu4fFKt0Ag94kZDiz2", "1TtXnWcUs0FCkaZDPGYHdf", "1GAymyGBvB4gQy5Z5LZ1Wj"], "artistPop": [73, 80, 70], "genres": ["dance pop", "latin", "latin pop", "mexican pop", "pop", "latin", "latin hip hop", "reggaeton", "reggaeton flow", "trap latino", "colombian hip hop", "dominican pop", "latin", "latin pop", "reggaeton", "reggaeton colombiano", "reggaeton flow", "trap latino"]}, "2TENPSXQkWNgEFxmi4PRWE": {"name": "Tiger Inside", "coverArt": "https://i.scdn.co/image/ab67616d00001e02c5f1a65a20058ab013111a91", "artist": ["SuperM"], "artistIds": ["5BHFSMEjfLVx1JwRWjAOsE"], "artistPop": [61], "genres": ["k-pop"]}, "5HFPK8mcO6BGPZNeZPZI5L": {"name": "Fire (with Elderbrook)", "coverArt": "https://i.scdn.co/image/ab67616d00001e02572839afd7741e53f9d93243", "artist": ["Ytram", "Elderbrook", "Martin Garrix"], "artistIds": ["5qTx6amAEpOiXxb6KQjquZ", "2vf4pRsEY6LpL5tKmqWb64", "60d24wfXkVzDSfLS6hyCjZ"], "artistPop": [49, 71, 81], "genres": ["dutch edm", "house", "pop dance", "tropical house", "dance pop", "dutch edm", "edm", "pop", "pop dance", "progressive house", "tropical house"]}, "5Fmmz1UeFKZg8EVEt8jyo6": {"name": "Peddle Bike", "coverArt": "https://i.scdn.co/image/ab67616d00001e02ebc49f51b8b4b231a500d38a", "artist": ["Mishaal"], "artistIds": ["2NM1t8dMvgeu9Lfl06574g"], "artistPop": [60], "genres": ["lo-fi beats", "lo-fi chill", "sad lo-fi", "sad rap"]}, "0q92OQeJg8WynJGKjpJIe3": {"name": "Unreal", "coverArt": "https://i.scdn.co/image/ab67616d00001e02c5b3f82123151a78b70a8fac", "artist": ["Julia Stone"], "artistIds": ["4gZRt9wlRx1IsxT9glJdrc"], "artistPop": [52], "genres": ["australian singer-songwriter"]}, "25XifMcAWmG4K6g6QB2fY9": {"name": "Somebody Else", "coverArt": "https://i.scdn.co/image/ab67616d00001e026261a62752a85ba32df31867", "artist": ["Navvy"], "artistIds": ["59uIMi3xrGO0kwfy7Zea24"], "artistPop": [37], "genres": ["nz pop"]}, "4QpWhd7l2NrmGmfw4qGlpa": {"name": "Next Girl", "coverArt": "https://i.scdn.co/image/ab67616d00001e02e2678fdf05e5e9b0d329a804", "artist": ["Carly Pearce"], "artistIds": ["4sIl4BTo9l9KqEi0Y3RE72"], "artistPop": [65], "genres": ["contemporary country", "country", "country pop"]}, "3hFJCuaWDiHhgEtcXDrRjW": {"name": "Working For The Weekend (feat. bbno$)", "coverArt": "https://i.scdn.co/image/ab67616d00001e023febc70882814bcd697d1d99", "artist": ["MAX", "bbno$"], "artistIds": ["1bqxdqvUtPWZri43cKHac8", "41X1TR6hrK8Q2ZCpp2EqCz"], "artistPop": [73, 77], "genres": ["dance pop", "electropop", "pop", "pop rap", "post-teen pop", "viral pop", "canadian hip hop", "dark trap", "pop rap", "vapor trap"]}, "53kWAAfx7IopXRa31MQHB8": {"name": "Good Vibes", "coverArt": "https://i.scdn.co/image/ab67616d00001e02e89c808ecfc789a092396b53", "artist": ["HRVY", "Matoma"], "artistIds": ["28y6CyJNkGNjJQKrlx4AmN", "4YXycRbyyAE0wozTk7QMEq"], "artistPop": [69, 70], "genres": ["dance pop", "pop", "pop dance", "post-teen pop", "social media pop", "tropical house", "dance pop", "edm", "electro house", "electropop", "pop", "pop dance", "pop edm", "tropical house"]}, "5YQsM1lXzY1MTRgJTanaIM": {"name": "TRUCK", "coverArt": "https://i.scdn.co/image/ab67616d00001e021905422cf2297a7433ad1268", "artist": ["HARDY"], "artistIds": ["5QNm7E7RU2m64l6Gliu8Oy"], "artistPop": [69], "genres": ["contemporary country"]}, "1YujOVzHHRNWqurlssJIOx": {"name": "Rapture", "coverArt": "https://i.scdn.co/image/ab67616d00001e02c7ac770d6d205c87c38d2dcf", "artist": ["Declan McKenna"], "artistIds": ["2D4FOOOtWycb3Aw9nY5n3c"], "artistPop": [65], "genres": ["indie pop", "modern alternative rock", "modern rock", "rock"]}, "3oZKOJiMENWToZ6lid73Ki": {"name": "Paraphernalia", "coverArt": "https://i.scdn.co/image/ab67616d00001e024d085dc2bbfc5d70f07f6e45", "artist": ["Temples"], "artistIds": ["4ogwGU9VPWrnVBs1GEwZVV"], "artistPop": [48], "genres": ["neo-psychedelic"]}, "177Gk50xMUz4QMiEXLARFP": {"name": "If You Want Me To Stay (with Anthony Ramos)", "coverArt": "https://i.scdn.co/image/ab67616d00001e0242822749e71b5500a8625d59", "artist": ["Ari Lennox", "Anthony Ramos"], "artistIds": ["1vaQ6v3pOFxAIrFoPrAcom", "660YptcR0hNHJ8iEr1qcse"], "artistPop": [66, 71], "genres": ["alternative r&b", "dmv rap", "indie r&b", "indie soul", "neo soul", "pop", "r&b", "urban contemporary", "hollywood", "show tunes"]}, "42Aw89kXogvnbDyAqPHJ22": {"name": "It's OK To Be Black 2.0 (with D Smoke & Buddy)", "coverArt": "https://i.scdn.co/image/ab67616d00001e02d666ff3937212d55e13ed971", "artist": ["Jac Ross", "D Smoke", "Buddy"], "artistIds": ["172Nbc7kz4JhcCor54l9Sr", "23rK0hajv5ix2yPM4IIgOo", "6PDLwWvgYNMfBRLqC1h5cJ"], "artistPop": [29, 57, 63], "genres": ["alternative r&b", "cali rap", "underground hip hop"]}, "3nuENVnsdNrxVldelvjqVR": {"name": "Push Start", "coverArt": "https://i.scdn.co/image/ab67616d00001e028c0615578b0c6c8f4ef9f20a", "artist": ["Toosii"], "artistIds": ["6BH1xcDkwbbyrLMUKECsW1"], "artistPop": [67], "genres": ["north carolina hip hop", "pop r&b"]}, "2t5z06k2w9ghTfk1Z3qw4o": {"name": "Running Away (feat. Devault & Seb Torgus)", "coverArt": "https://i.scdn.co/image/ab67616d00001e02fced5e64c3efbb5b868cf938", "artist": ["GASHI", "Devault", "Seb Torgus"], "artistIds": ["0JOxt5QOwq0czoJxvSc5hS", "1VBAKMui4zm5MnBWNn3NbL", "39fzQ0Vv8BJ3J8bkf1VFUz"], "artistPop": [66, 55, 34], "genres": ["pop rap", "trap soul", "future bass", "vapor twitch"]}, "5Rse8If81NbzXL1ARjHOTB": {"name": "Pretty Please", "coverArt": "https://i.scdn.co/image/ab67616d00001e02aa98ee13e721af8a7ba9aa30", "artist": ["Jackson Wang", "Galantis"], "artistIds": ["1kfWoWgCugPkyxQP8lkRlY", "4sTQVOfp9vEMCemLw50sbu"], "artistPop": [67, 79], "genres": ["k-pop", "dance pop", "edm", "electro house", "pop", "pop dance", "tropical house"]}, "3wglnFX0QfmoeN7GU6Bur8": {"name": "i remember", "coverArt": "https://i.scdn.co/image/ab67616d00001e020bc9de1d31160dc3cb06f1f0", "artist": ["Sky McCreery"], "artistIds": ["1LvKB5b2uYh3adUcl1pRPh"], "artistPop": [52], "genres": []}, "3jXBcHlRAPcRJMZ5oQ7ilD": {"name": "Where Did Our Summer Go?", "coverArt": "https://i.scdn.co/image/ab67616d00001e02a5fc3ddb73b5c6ee89041adc", "artist": ["Tony Ferrari"], "artistIds": ["2OwJfEHbju9I3yrWL5Fq3T"], "artistPop": [34], "genres": ["la pop"]}, "1HIkv4ULSAxJZPt2PYdYoV": {"name": "Puddles", "coverArt": "https://i.scdn.co/image/ab67616d00001e02010904355b3633b37229434c", "artist": ["Daniela Andrade"], "artistIds": ["0WfaItAbs4vlgIA1cuqGtJ"], "artistPop": [58], "genres": ["canadian contemporary r&b", "folk-pop"]}, "2xytFpmHqcz6UHp1sh0SoR": {"name": "Hold On Tight", "coverArt": "https://i.scdn.co/image/ab67616d00001e02c17daff966152980f262d780", "artist": ["Aloe Blacc"], "artistIds": ["0id62QV2SZZfvBn9xpmuCl"], "artistPop": [69], "genres": ["pop soul", "r&b"]}, "2NPLua7PXNHyMY51HBMrTe": {"name": "B.R.A.T. (feat. Blac Youngsta)", "coverArt": "https://i.scdn.co/image/ab67616d00001e027fa2e1c28c7226352f75c7a4", "artist": ["LightSkinKeisha", "Blac Youngsta"], "artistIds": ["6LIcR4928YAJqYcYD1P2mM", "41klVmDluQZmGGqoidNfbe"], "artistPop": [47, 57], "genres": ["pop r&b", "trap queen", "houston rap", "memphis hip hop", "rap", "southern hip hop", "trap"]}, "6xRsvyeB6omCCYdl7QSZes": {"name": "Destiny's Song", "coverArt": "https://i.scdn.co/image/ab67616d00001e02eb0699e58e5c91b1cd2283ee", "artist": ["Phora"], "artistIds": ["5XDJlfdfbGNJrOJJNxTcdq"], "artistPop": [64], "genres": ["deep underground hip hop", "oc rap", "pop r&b", "r&b", "sad rap"]}, "3cTMNxTM3ttUK89aj0Kl1D": {"name": "MODEL", "coverArt": "https://i.scdn.co/image/ab67616d00001e02e62e5001e9287a4d07405d2f", "artist": ["prettyboys"], "artistIds": ["2gEcnCymek6QgS9DfQF3UZ"], "artistPop": [37], "genres": []}, "42BtTmNLbLmMuISFZXAvyM": {"name": "Allen Street", "coverArt": "https://i.scdn.co/image/ab67616d00001e02c69a917fe249a166f8c8046b", "artist": ["Pretty Sick"], "artistIds": ["5JUGL6ec4eULQ5eVEbOC7e"], "artistPop": [47], "genres": ["lo-fi indie"]}, "1nL5zTJpnylVJcjAFyaRER": {"name": "It\u2019s Only A Heartbreak", "coverArt": "https://i.scdn.co/image/ab67616d00001e0258e8b17a232c8fad2c1f9094", "artist": ["Dagny"], "artistIds": ["6Paz0vXJJ9bCPf0fEm3qzg"], "artistPop": [60], "genres": ["electropop", "norwegian indie", "norwegian pop", "tropical house"]}, "4ETbHYS9HC0V5PKIshtv6i": {"name": "More Love", "coverArt": "https://i.scdn.co/image/ab67616d00001e02da313ff0ee1a50bee49dfc72", "artist": ["Sara Bareilles"], "artistIds": ["2Sqr0DXoaYABbjBo9HaMkM"], "artistPop": [69], "genres": ["acoustic pop", "dance pop", "lilith", "neo mellow", "pop", "pop rock", "post-teen pop"]}, "7A4EuppedQjfYJwR9Rpbvs": {"name": "Thinking", "coverArt": "https://i.scdn.co/image/ab67616d00001e029ab4aa2aa09dd125401ef3c0", "artist": ["ELLIANA"], "artistIds": ["5t0KCCFs6BIelOxE4XGDRT"], "artistPop": [44], "genres": ["alt z", "electropop", "indie electropop"]}, "6HdjUXhw75JI90Rzj2UZHe": {"name": "Better Than This", "coverArt": "https://i.scdn.co/image/ab67616d00001e02b8f0caca8c760861de7bc257", "artist": ["Paloma Faith"], "artistIds": ["4fwuXg6XQHfdlOdmw36OHa"], "artistPop": [63], "genres": ["british soul", "dance pop", "electropop", "europop", "neo soul", "tropical house"]}, "1xCMyuxOhuxpndBtKLwCHI": {"name": "FREAK", "coverArt": "https://i.scdn.co/image/ab67616d00001e02bd75c3cd00d5dfd5e83a9eb2", "artist": ["Shygirl"], "artistIds": ["3M3wTTCDwicRubwMyHyEDy"], "artistPop": [59], "genres": ["art pop", "dance pop", "electra", "electropop", "escape room", "grimewave", "hyperpop", "pop"]}, "5Bc85j8dKvnY4DiJz1rGQr": {"name": "GMFU", "coverArt": "https://i.scdn.co/image/ab67616d00001e02e139e03cc2313898c0607c7a", "artist": ["Sally Sossa"], "artistIds": ["58q28H7IgX06YXkPvUtGgR"], "artistPop": [57], "genres": []}, "0E8b5Ocz2UGTRGE3ItuQre": {"name": "Sittin In My Car (feat. Fabolous & A Boogie Wit da Hoodie)", "coverArt": "https://i.scdn.co/image/ab67616d00001e02b09d969d2dda7828753008ca", "artist": ["DJ Envy", "Fabolous", "A Boogie Wit da Hoodie"], "artistIds": ["63rJq5DaUMq2OhAnh3al79", "0YWxKQj2Go9CGHCp77UOyy", "31W5EY0aAly4Qieq6OFu6I"], "artistPop": [35, 69, 83], "genres": ["jersey club", "dance pop", "gangster rap", "hip hop", "hip pop", "pop rap", "r&b", "rap", "trap", "urban contemporary", "melodic rap", "pop rap", "rap", "trap"]}, "20vyLkXRcsj6lsVmYNgYFj": {"name": "All Luv", "coverArt": "https://i.scdn.co/image/ab67616d00001e024463bf65b1e21d6bf0db109e", "artist": ["Angelo Mota"], "artistIds": ["1PpFka2STGQ57kJcgYBgEF"], "artistPop": [41], "genres": ["indie hip hop", "new jersey rap"]}, "1WUEe5DVbDep1hCQOL6YN5": {"name": "ZZZ's", "coverArt": "https://i.scdn.co/image/ab67616d00001e0247f03088e2fb27c89143920b", "artist": ["B.o.B"], "artistIds": ["5ndkK3dpZLKtBklKjxNQwT"], "artistPop": [74], "genres": ["atl hip hop", "dance pop", "hip hop", "pop", "pop rap", "rap", "southern hip hop"]}, "48jV8AW50589btXi0Hs5f4": {"name": "Lancaster Nights", "coverArt": "https://i.scdn.co/image/ab67616d00001e026312e3650c5581a56c16733d", "artist": ["Charlie Burg"], "artistIds": ["0ubGY2CcC0tvR0eE6hJaT8"], "artistPop": [59], "genres": ["ann arbor indie", "bedroom soul", "chill r&b", "indie cafe pop", "indie pop"]}, "41ME5dAx2Qe1pfZ0ypuCBu": {"name": "Campfire", "coverArt": "https://i.scdn.co/image/ab67616d00001e024f00d291dd2abf769651c29d", "artist": ["Kevin Morby"], "artistIds": ["6fxk3UXHTFYET8qCT9WlBF"], "artistPop": [56], "genres": ["freak folk", "indie folk", "indie pop", "indie rock", "kc indie", "modern folk rock", "stomp and holler"]}, "6CfAtjogau9v9kmtZVrNG8": {"name": "If We're Being Honest", "coverArt": "https://i.scdn.co/image/ab67616d00001e02895559acfb842fd941b921ef", "artist": ["Novo Amor"], "artistIds": ["0rZp7G3gIH6WkyeXbrZnGi"], "artistPop": [71], "genres": ["ambient folk", "indie cafe pop", "indie folk", "pop"]}, "2VDR6C4c3uUz8qXUsGDHSJ": {"name": "Paradise Found", "coverArt": "https://i.scdn.co/image/ab67616d00001e02b98bbf5cc800d7ccfcb9bd9a", "artist": ["Eden xo"], "artistIds": ["4ZEHm819BPEhaYNeC2LLeI"], "artistPop": [31], "genres": ["electropop"]}, "2Kki4MvKJuZJgB6UPCpKJB": {"name": "Lois", "coverArt": "https://i.scdn.co/image/ab67616d00001e023ff2e8d734703b1bd1589a2c", "artist": ["Scott Helman"], "artistIds": ["2LgklPXmvWVOQfzPVkuChg"], "artistPop": [49], "genres": ["canadian folk", "folk-pop"]}, "79SpZx07lxhiWXirNVvqGZ": {"name": "Still Love You", "coverArt": "https://i.scdn.co/image/ab67616d00001e02cb7a1b5f9b175e9caac3795b", "artist": ["Tyler Rich"], "artistIds": ["78eqps3BavCqe2q7GCU1VK"], "artistPop": [59], "genres": ["contemporary country", "country pop"]}, "1NbN2uugQzBjVIECtxyVIG": {"name": "Don\u2019t Approach Me (feat. OMB Peezy)", "coverArt": "https://i.scdn.co/image/ab67616d00001e02fbb0f6051b7fec3716e9700e", "artist": ["Big Havi", "OMB Peezy"], "artistIds": ["5cBYCQwYq0heqBluY3VY1v", "1QdCkPulANBEZiaiAyLkak"], "artistPop": [40, 52], "genres": ["atl hip hop", "alabama rap", "baton rouge rap", "cali rap", "deep southern trap", "sacramento hip hop", "trap"]}, "6ygdD4eimf0XuwqZsF2ftd": {"name": "Admit It", "coverArt": "https://i.scdn.co/image/ab67616d00001e02c201226880b349703ebaad23", "artist": ["Bktherula"], "artistIds": ["6OjtkJDlAZzlzAydEn78cK"], "artistPop": [58], "genres": ["vapor trap", "viral rap"]}, "7HbSng0v9scr10DcmAZxe9": {"name": "No Love Lost", "coverArt": "https://i.scdn.co/image/ab67616d00001e02a7e8e5c3db09e66f9f2e0b74", "artist": ["Blxst"], "artistIds": ["4qXC0i02bSFstECuXP2ZpL"], "artistPop": [76], "genres": []}, "5t1o6xvTRq7ZOCqnS1dYPw": {"name": "Little Did I Know", "coverArt": "https://i.scdn.co/image/ab67616d00001e02ed1d207ec032e1a244ceae35", "artist": ["Sof\u00eda Vald\u00e9s"], "artistIds": ["0caswMNVJ7vPNC1Z7NOeCT"], "artistPop": [50], "genres": ["panamanian pop"]}, "1IN8hfbbqlhmn9DYQugVYM": {"name": "CHAOS", "coverArt": "https://i.scdn.co/image/ab67616d00001e02a98a99eba1864a5bfeced121", "artist": ["Gia Woods"], "artistIds": ["6T56xtTEllGW17snjAZLNP"], "artistPop": [41], "genres": ["alt z", "indie electropop", "indie poptimism"]}, "5G81YaKGMoxmYOi7ofw49C": {"name": "B.O.M.B.", "coverArt": "https://i.scdn.co/image/ab67616d00001e0240166dd19dc2cb71452174c2", "artist": ["St. Panther"], "artistIds": ["5rvubrGTRPAX7N3RZZ9wS0"], "artistPop": [41], "genres": []}, "184JibJ4w8xPAuGteuEWnj": {"name": "Blow It All", "coverArt": "https://i.scdn.co/image/ab67616d00001e0298351051018b078de89bf89d", "artist": ["YSN Flow", "Osibih"], "artistIds": ["1je11NKORfLMSjgSNP0DPF", "3vJy4Wg4r5yN5HJKRL8ucR"], "artistPop": [53, 40], "genres": ["melodic rap", "vapor trap", "sad rap"]}, "1l1TcqrAyeRjfw2vwAT6q0": {"name": "On Me", "coverArt": "https://i.scdn.co/image/ab67616d00001e02a6b8eab6934100006803e662", "artist": ["Tay Money"], "artistIds": ["6R6EfP43F8ZuMcilsE4zs7"], "artistPop": [56], "genres": ["dfw rap", "trap queen"]}, "4Ys72MPN5JMHHsogDe6UYu": {"name": "Waste", "coverArt": "https://i.scdn.co/image/ab67616d00001e0267696aaac109e67f8fd12aec", "artist": ["Joe Avio"], "artistIds": ["3QegvPZ8QZhhJbNGaaZiXI"], "artistPop": [13], "genres": []}, "2ceFlttWcRKjvEjU8vI0S1": {"name": "Bite", "coverArt": "https://i.scdn.co/image/ab67616d00001e022b07adc8c131c248581b9949", "artist": ["Aaron Carpenter"], "artistIds": ["2Wp9FcGlXcs7kG67oAxYZA"], "artistPop": [28], "genres": ["teen pop"]}, "52BgV5YV7PQ3u8DaM2amGP": {"name": "One Day Left", "coverArt": "https://i.scdn.co/image/ab67616d00001e02ddeb9101f3e03ba99c983c42", "artist": ["LOVA"], "artistIds": ["1l2NYhptmHjo64MDOcej1x"], "artistPop": [57], "genres": ["alt z", "swedish pop"]}, "5LiqfwdOh1EuWjjrfbkhDh": {"name": "Strange Days (with Robbie Williams)", "coverArt": "https://i.scdn.co/image/ab67616d00001e02f4592d26436b65ecf51a69a3", "artist": ["The Struts", "Robbie Williams"], "artistIds": ["3lDpdwM8KILepMHqBWUhIA", "2HcwFjNelS49kFbfvMxQYw"], "artistPop": [59, 72], "genres": ["glam rock", "modern alternative rock", "modern rock", "dance pop", "dance rock", "europop", "pop"]}, "1TqIIeTzPpeUhYbEZYXsQw": {"name": "Okay Doeee", "coverArt": "https://i.scdn.co/image/ab67616d00001e0264a0d0481847928184f4b0d0", "artist": ["Rucci", "ALLBLACK"], "artistIds": ["7q836WTO8OHUS85E2RyxxA", "1cutd8e41XvxXnFPOFIxMD"], "artistPop": [54, 55], "genres": ["cali rap", "west coast trap", "cali rap", "hyphy", "west coast trap"]}}