{"127QTOFJsJQp5LbJbu3A1y": {"name": "Toosie Slide", "coverArt": "https://i.scdn.co/image/ab67616d00001e026443676b54522a86f6323e65", "artist": ["Drake"], "artistIds": ["3TVXtAsR1Inumwj472S9r4"], "artistPop": [100], "genres": ["canadian hip hop", "canadian pop", "hip hop", "pop rap", "rap", "toronto rap"]}, "1lGHa2pwYzxQHFBUynhLtO": {"name": "FIND MY WAY", "coverArt": "https://i.scdn.co/image/ab67616d00001e02fd7fe27442896ba7f80cbdcb", "artist": ["DaBaby"], "artistIds": ["4r63FhuTkUYltbVAg5TQnk"], "artistPop": [89], "genres": ["north carolina hip hop", "rap"]}, "62ljuuXo0zrcrtJnnOhfxT": {"name": "Dear April (Side A - Acoustic)", "coverArt": "https://i.scdn.co/image/ab67616d00001e0267136d7919a1dc6a51ce3daf", "artist": ["Frank Ocean"], "artistIds": ["2h93pZq0e7k5yf4dywlkpM"], "artistPop": [83], "genres": ["alternative r&b", "hip hop", "lgbtq+ hip hop", "neo soul", "pop"]}, "6YndZBGmLySgsVScckWkmO": {"name": "Take Yourself Home", "coverArt": "https://i.scdn.co/image/ab67616d00001e0216ae382f29670572f8931a75", "artist": ["Troye Sivan"], "artistIds": ["3WGpXCj9YhhfX11TToZcXP"], "artistPop": [79], "genres": ["australian pop", "dance pop", "electropop", "pop", "post-teen pop", "viral pop"]}, "5ciyqWW5YuGqF4Avu7uwry": {"name": "Nothing Compares - Bonus Track", "coverArt": "https://i.scdn.co/image/ab67616d00001e0280880b62143e819e901d8465", "artist": ["The Weeknd"], "artistIds": ["1Xyo4u8uXC1ZmMpatF05PJ"], "artistPop": [93], "genres": ["canadian contemporary r&b", "canadian pop", "pop"]}, "5ehN5A3B3lDwmFCYO63Wk6": {"name": "2016", "coverArt": "https://i.scdn.co/image/ab67616d00001e02b5529363386deb522a4f586c", "artist": ["Sam Hunt"], "artistIds": ["2kucQ9jQwuD8jWdtR9Ef38"], "artistPop": [75], "genres": ["contemporary country", "country pop"]}, "6Q3K9gVUZRMZqZKrXovbM2": {"name": "I'll Wait", "coverArt": "https://i.scdn.co/image/ab67616d00001e02e41bb4b65d2936e518c74539", "artist": ["Kygo", "Sasha Alex Sloan"], "artistIds": ["23fqKkggKUBHNkbKtXEls4", "4xnihxcoXWK3UqryOSnbw5"], "artistPop": [83, 75], "genres": ["edm", "pop", "pop dance", "tropical house", "alt z", "electropop", "indie cafe pop", "pop", "post-teen pop"]}, "5qPfvvKDCoXG3rzgztsJQG": {"name": "Ribbon In The Sky", "coverArt": "https://i.scdn.co/image/ab67616d00001e02f2236d03f572845515ac658f", "artist": ["Rod Wave"], "artistIds": ["45TgXXqMDdF8BkjA83OM7z"], "artistPop": [78], "genres": ["florida rap"]}, "0DNtDpmYq7iw7v2RbMdBAy": {"name": "Stained Glass", "coverArt": "https://i.scdn.co/image/ab67616d00001e02ea6e1fd7adf2fb8db04f200a", "artist": ["Madison Beer"], "artistIds": ["2kRfqPViCqYdSGhYSM9R0Q"], "artistPop": [78], "genres": ["alt z", "dance pop", "electropop", "pop", "post-teen pop"]}, "356X9AHexTmUwTAz61nV0p": {"name": "Been Thru This Before (with Giggs & SAINt JHN)", "coverArt": "https://i.scdn.co/image/ab67616d00001e0237ac4f47d9ce192f1c9084ad", "artist": ["Marshmello", "Southside", "Giggs", "SAINt JHN"], "artistIds": ["64KEffDW9EtZ1y2vBYgq8T", "23DYJsw4uSCguIqiTIDtcN", "3S0tlB4fE7ChxI2pWz8Xip", "0H39MdGGX6dbnnQPt6NQkZ"], "artistPop": [86, 53, 63, 76], "genres": ["brostep", "edm", "pop", "pop dance", "progressive electro house", "atl hip hop", "grime", "london rap", "uk alternative hip hop", "uk hip hop", "melodic rap", "pop rap", "rap", "slap house", "trap"]}, "5OxveXfvga2t0se21d96Ow": {"name": "Bored In The House", "coverArt": "https://i.scdn.co/image/ab67616d00001e02d3ec17d438efeb94d79ba0e4", "artist": ["Tyga", "Curtis Roach"], "artistIds": ["5LHRHt1k9lMyONurDHEdrp", "38KfCZGlEjHIJDKDwH132d"], "artistPop": [84, 45], "genres": ["dance pop", "hip hop", "pop rap", "rap", "southern hip hop", "trap"]}, "1c9hQ4jqgVP10plon2B259": {"name": "Tycoon", "coverArt": "https://i.scdn.co/image/ab67616d00001e0222919ff7890d6f1babcdcf87", "artist": ["Future"], "artistIds": ["1RyvyyTE3xzB2ZywiAwp0i"], "artistPop": [89], "genres": ["atl hip hop", "pop rap", "rap", "southern hip hop", "trap"]}, "2ShvTyfnjRWVjNB6vmu5Bb": {"name": "Who Needs Love", "coverArt": "https://i.scdn.co/image/ab67616d00001e0271eb6cdaa06be406d15b0130", "artist": ["Tory Lanez"], "artistIds": ["2jku7tDXc6XoB6MO2hFuqg"], "artistPop": [81], "genres": ["canadian hip hop", "canadian trap", "hip hop", "melodic rap", "pop rap", "r&b", "rap", "toronto rap", "trap"]}, "13iMiwdY7pgE1f7NwYKr1D": {"name": "Renee's Song", "coverArt": "https://i.scdn.co/image/ab67616d00001e0275d8ad455c22b6d55fdc555c", "artist": ["Bazzi"], "artistIds": ["4GvEc3ANtPPjt1ZJllr5Zl"], "artistPop": [77], "genres": ["dance pop", "electropop", "pop", "pop rap", "post-teen pop"]}, "72794Eag03xdy7TO0KNuid": {"name": "Cayendo (Side A - Acoustic)", "coverArt": "https://i.scdn.co/image/ab67616d00001e0235d8be841e9f7f777fbca446", "artist": ["Frank Ocean"], "artistIds": ["2h93pZq0e7k5yf4dywlkpM"], "artistPop": [83], "genres": ["alternative r&b", "hip hop", "lgbtq+ hip hop", "neo soul", "pop"]}, "2w1rq80FIrbxeJy9WYURxw": {"name": "Follow", "coverArt": "https://i.scdn.co/image/ab67616d00001e02f1f2867b27899155bedaf99e", "artist": ["KAROL G", "Anuel AA"], "artistIds": ["790FomKkXshlbRYZFtlgla", "2R21vXR83lH98kGeO99Y66"], "artistPop": [87, 87], "genres": ["latin", "reggaeton", "reggaeton colombiano", "trap latino", "latin", "reggaeton", "reggaeton flow", "trap boricua", "trap latino"]}, "3cpv2bUnUzSZPaSVACXzdJ": {"name": "Jesus Christ 2005 God Bless America", "coverArt": "https://i.scdn.co/image/ab67616d00001e0251769075ff4f49c0fcd731d2", "artist": ["The 1975"], "artistIds": ["3mIj9lX2MWuHmhNCA7LSCW"], "artistPop": [76], "genres": ["modern alternative rock", "modern rock", "pop", "rock"]}, "5bKEtGnNsKE8c7ew66rUld": {"name": "Summertime", "coverArt": "https://i.scdn.co/image/ab67616d00001e02b91c4df0c5ef73ae0ffa40f0", "artist": ["Orville Peck"], "artistIds": ["46auOkH1pk28rWrSoUNhLo"], "artistPop": [54], "genres": ["alternative country", "queer country"]}, "092bzgJ0IeH9sWMkBfVM9U": {"name": "Can You Hear Me", "coverArt": "https://i.scdn.co/image/ab67616d00001e02faa42d98738d23f975a4d26b", "artist": ["Anson Seabra"], "artistIds": ["2jHp7gQArCQrlMvdrIVFCg"], "artistPop": [69], "genres": ["alt z", "indie cafe pop", "pop", "social media pop"]}, "1b0ZeVYPZCDaAk4pT42pxy": {"name": "Chocolate. (ft. Ari Lennox)", "coverArt": "https://i.scdn.co/image/ab67616d00001e0287edea951eda6b132e3b677f", "artist": ["Kiana Led\u00e9", "Ari Lennox"], "artistIds": ["7jZMxhsB8djyIbYmoiJSTs", "1vaQ6v3pOFxAIrFoPrAcom"], "artistPop": [68, 66], "genres": ["alternative r&b", "chill r&b", "dance pop", "pop", "pop r&b", "post-teen pop", "r&b", "urban contemporary", "alternative r&b", "dmv rap", "indie r&b", "indie soul", "neo soul", "pop", "r&b", "urban contemporary"]}, "1LKaiZTkocUx2oAKfm4Jk0": {"name": "Autopilot", "coverArt": "https://i.scdn.co/image/ab67616d00001e02d622caba9897b9c4b9cc19b7", "artist": ["Tiffany Day"], "artistIds": ["5D5Qbe1lf3aMnLsPSzXItu"], "artistPop": [49], "genres": ["chill r&b"]}, "61bS6yulFV2w4o0teSY76F": {"name": "WHEN I GROW UP", "coverArt": "https://i.scdn.co/image/ab67616d00001e025762ba0d8a41914a9af7f411", "artist": ["Yaeji"], "artistIds": ["2RqrWplViWHSGLzlhmDcbt"], "artistPop": [55], "genres": ["art pop", "escape room", "experimental house"]}, "7eDNhqpC4YucIurKK2OriO": {"name": "WORTH SAVING", "coverArt": "https://i.scdn.co/image/ab67616d00001e020654aac79de04cbd2fa556ad", "artist": ["Jessie Reyez"], "artistIds": ["3KedxarmBCyFBevnqQHy3P"], "artistPop": [71], "genres": ["canadian contemporary r&b", "canadian pop", "dance pop", "pop", "post-teen pop", "r&b"]}, "1OeEpViPwVi1FfdNkOoIci": {"name": "Little Things (with Quinn XCII & Chelsea Cutler)", "coverArt": "https://i.scdn.co/image/ab67616d00001e023ca43d74ec6d0930e2170afc", "artist": ["Louis The Child", "Quinn XCII", "Chelsea Cutler"], "artistIds": ["7wg1qvie3KqDNQbAkTdbX0", "3ApUX1o6oSz321MMECyIYd", "5JMLG56F1X5mFmWNmS0iAp"], "artistPop": [69, 74, 75], "genres": ["edm", "electropop", "pop", "tropical house", "electropop", "indie pop rap", "pop", "pop rap", "alt z", "electropop", "indie poptimism", "pop", "post-teen pop", "tropical house"]}, "5o6dFqafETxZNqUFt9ZqAC": {"name": "Be A Light", "coverArt": "https://i.scdn.co/image/ab67616d00001e02a24cb99693a07e7759970cb6", "artist": ["Thomas Rhett", "Reba McEntire", "Hillary Scott", "Chris Tomlin", "Keith Urban"], "artistIds": ["6x2LnllRG5uGarZMsD4iO8", "02rd0anEWfMtF7iMku9uor", "0Sk6yoUQnccty5iMhVhz9D", "6pRi6EIPXz4QJEOEsBaA0m", "0u2FHSq3ln94y5Q57xazwf"], "artistPop": [77, 63, 48, 68, 74], "genres": ["contemporary country", "country", "country road", "contemporary country", "country", "country dawn", "oklahoma country", "ccm", "christian alternative rock", "christian music", "world worship", "worship", "australian country", "australian pop", "contemporary country", "country", "country road"]}, "7lX5oF1tRgtHktj6v5x2JO": {"name": "Chosen Family", "coverArt": "https://i.scdn.co/image/ab67616d00001e02972390a878bf98abab326ada", "artist": ["Rina Sawayama"], "artistIds": ["2KEqzdPS7M5YwGmiuPTdr5"], "artistPop": [64], "genres": ["art pop", "dance pop", "electropop", "escape room", "pop", "post-teen pop"]}, "10hPDWdD1kjUVInuAHCe1I": {"name": "Do For Love", "coverArt": "https://i.scdn.co/image/ab67616d00001e02373a7322cf0ade4c99fbe793", "artist": ["Black Atlass"], "artistIds": ["7AbKOHOvn27dK0FOiboAno"], "artistPop": [54], "genres": ["canadian contemporary r&b", "trap soul"]}, "4gwltSjdrzKtKz9dlk2Wja": {"name": "Stella Brown", "coverArt": "https://i.scdn.co/image/ab67616d00001e0208facd0be079b35d8c261612", "artist": ["Jelani Aryeh"], "artistIds": ["7A47sEe0ih6WpKmNCRMu86"], "artistPop": [56], "genres": ["alternative r&b", "bedroom soul", "indie pop", "indie r&b"]}, "2xKxoGVTf6MQp8u2PNo85z": {"name": "i like the devil", "coverArt": "https://i.scdn.co/image/ab67616d00001e024451a2f91195303e18f8c3d3", "artist": ["Purity Ring"], "artistIds": ["1TtJ8j22Roc24e2Jx3OcU4"], "artistPop": [56], "genres": ["art pop", "canadian electropop", "chillwave", "dream pop", "edmonton indie", "electropop", "grave wave", "indietronica", "metropopolis", "shimmer pop"]}, "6Equas60YNlRXVeppeOyRv": {"name": "Paperboy", "coverArt": "https://i.scdn.co/image/ab67616d00001e025d7a07af2785bb672509df3f", "artist": ["Sean Kennedy"], "artistIds": ["6kY7DKDwm2bt996rMF4CLK"], "artistPop": [39], "genres": ["modern alternative pop"]}, "4cHDvM5zaKfabQaW2wAT1x": {"name": "You Do You", "coverArt": "https://i.scdn.co/image/ab67616d00001e02934eb1c5c166a2d0065cb8cf", "artist": ["Dillon Francis", "BabyJake"], "artistIds": ["5R3Hr2cnCCjt220Jmt2xLf", "07Asx51VtMw5kbNXKrpZlq"], "artistPop": [67, 62], "genres": ["brostep", "dance pop", "edm", "electro house", "electronic trap", "electropop", "house", "moombahton", "pop", "pop dance", "slap house", "tropical house", "pop", "pop rap"]}, "6KpGyJIyA75C0XyAkIcpZn": {"name": "Moving [edit]", "coverArt": "https://i.scdn.co/image/ab67616d00001e026bbeb8abda6f225a704465f9", "artist": ["Love Regenerator", "Eli Brown", "Calvin Harris"], "artistIds": ["05KDKIpxshxrB9BMewaCBW", "5lVNSw2GPci8kebrAQpZqU", "7CajNmpbOovFoOoasH2HaY"], "artistPop": [57, 59, 85], "genres": ["edm", "house", "bass house", "deep groove house", "deep house", "disco house", "house", "dance pop", "edm", "electro house", "house", "pop", "progressive house", "uk dance"]}, "0Sj9sQltSltlSLofTjGhwi": {"name": "HIGH ON MY OWN SUPPLY", "coverArt": "https://i.scdn.co/image/ab67616d00001e0288752c8b420ddd4be6950878", "artist": ["KILLBOY"], "artistIds": ["3lPSkTq1kiSuxDcr996Nlm"], "artistPop": [38], "genres": []}, "6davZgttyPQpw5JWnG3hRI": {"name": "Back To Me", "coverArt": "https://i.scdn.co/image/ab67616d00001e022e674d59df91042e547c4b37", "artist": ["Lindsay Lohan"], "artistIds": ["4vRSocKbGh7PsQrYRDVMEF"], "artistPop": [48], "genres": ["dance pop", "post-teen pop"]}, "1EOcezY4qMN1ScTRJdTrC0": {"name": "QUARANTINE CLEAN", "coverArt": "https://i.scdn.co/image/ab67616d00001e02a78797757ad9ab7b12270d9b", "artist": ["Turbo", "Gunna", "Young Thug"], "artistIds": ["002HSjuWsGMinkXTa7JcRp", "2hlmm7s2ICUX0LVIhVFlZQ", "50co4Is1HCEo8bhOyUWKpn"], "artistPop": [34, 87, 88], "genres": ["atl hip hop", "hip hop", "melodic rap", "rap", "trap", "atl hip hop", "atl trap", "gangster rap", "hip hop", "melodic rap", "pop rap", "rap", "trap"]}, "4ugUxONjaw667etXxQUPR3": {"name": "What I Like (feat. Rich The Kid & Tyga)", "coverArt": "https://i.scdn.co/image/ab67616d00001e0240eae53abb97e7f446bc9c72", "artist": ["Rich The Kid", "Tyga", "Famous Dex"], "artistIds": ["1pPmIToKXyGdsCF6LmqLmI", "5LHRHt1k9lMyONurDHEdrp", "0WOxhx4hikIsyF3CRPLC8W"], "artistPop": [73, 84, 64], "genres": ["atl hip hop", "hip hop", "melodic rap", "plugg", "pop rap", "rap", "southern hip hop", "trap", "dance pop", "hip hop", "pop rap", "rap", "southern hip hop", "trap", "chicago rap", "drill", "rap", "southern hip hop", "trap", "underground hip hop", "vapor trap", "viral rap"]}, "5NWgHc5T5HlG0Nz9FgmZT1": {"name": "Make the Most (feat. H.E.R.)", "coverArt": "https://i.scdn.co/image/ab67616d00001e025d70ec9a3d854739b961c2f0", "artist": ["Lonr.", "H.E.R."], "artistIds": ["2FIGTfXnX4gR3ypjQVPVlJ", "3Y7RZ31TRPVadSFVy1o8os"], "artistPop": [50, 78], "genres": ["alternative r&b", "dance pop", "pop", "r&b"]}, "1c5CllrZr45UBhWpIqM332": {"name": "Funny Thing", "coverArt": "https://i.scdn.co/image/ab67616d00001e0223fb02f383f3bef16ab9d092", "artist": ["Thundercat"], "artistIds": ["4frXpPxQQZwbCu3eTGnZEw"], "artistPop": [68], "genres": ["afrofuturism", "indie soul"]}, "6Ve2gwTaMxTgKMuAcHbwcH": {"name": "Switchblade", "coverArt": "https://i.scdn.co/image/ab67616d00001e021e9021446519f65b38de45f0", "artist": ["NIKI"], "artistIds": ["2kxP07DLgs4xlWz8YHlvfh"], "artistPop": [73], "genres": ["chill r&b", "indonesian r&b", "pop"]}, "13QIjo2iGBgl56mNDjJOet": {"name": "I Choose - From The Netflix Original Film The Willoughbys", "coverArt": "https://i.scdn.co/image/ab67616d00001e02ab015b86525ecb214d2ed3b9", "artist": ["Alessia Cara"], "artistIds": ["2wUjUUtkb5lvLKcGKsKqsR"], "artistPop": [77], "genres": ["canadian contemporary r&b", "canadian pop", "dance pop", "electropop", "pop", "post-teen pop"]}, "24FprytnP9KMqH01aPR2N5": {"name": "Heaven", "coverArt": "https://i.scdn.co/image/ab67616d00001e02f3e1ce5f6822611630c7d20c", "artist": ["Emilee"], "artistIds": ["4ArPQ1Opcksbbf3CPwEjWE"], "artistPop": [67], "genres": ["social media pop"]}, "4lMOQR1rRW5hJgJXOtKraL": {"name": "Relaci\u00f3n", "coverArt": "https://i.scdn.co/image/ab67616d00001e020d9ccac3fb2a8a089d1a3ce0", "artist": ["Sech"], "artistIds": ["77ziqFxp5gaInVrF2lj4ht"], "artistPop": [88], "genres": ["latin", "panamanian pop", "reggaeton", "trap latino"]}, "5dAtKXyrQoQW054LZqJ5dP": {"name": "Feel Something (With I Prevail)", "coverArt": "https://i.scdn.co/image/ab67616d00001e02944e4be7729f7d5233cd0348", "artist": ["ILLENIUM", "Excision", "I Prevail"], "artistIds": ["45eNHdiiabvmbp4erw26rg", "5FKchcZpQOkqFvXBj1aCvb", "3Uobr6LgQpBbk6k4QGAb3V"], "artistPop": [76, 63, 69], "genres": ["edm", "melodic dubstep", "pop", "pop dance", "tropical house", "brostep", "canadian electronic", "edm", "electro house", "electronic trap", "modern rock", "nu-metalcore"]}, "5wvH2RlSr5v8H0mEEHbrzn": {"name": "Over Yet", "coverArt": "https://i.scdn.co/image/ab67616d00001e02c8e6d0372789b4c61881a623", "artist": ["Hayley Williams"], "artistIds": ["6Rx1JKzBrSzoKQtmbVmBnM"], "artistPop": [68], "genres": ["art pop", "indie pop"]}, "0tyR7Bu9P086aWBFZ4QJoo": {"name": "Monsters (feat. blackbear)", "coverArt": "https://i.scdn.co/image/ab67616d00001e0228c24b54e9149cab239ac1cd", "artist": ["All Time Low", "blackbear"], "artistIds": ["46gyXjRIvN1NL1eCB8GBxo", "2cFrymmkijnjDg9SS92EPM"], "artistPop": [74, 84], "genres": ["modern rock", "pop punk", "post-teen pop", "pop", "pop rap"]}, "0Tb5CCa5fdrKzTT2wYCVxq": {"name": "Not Friendly", "coverArt": "https://i.scdn.co/image/ab67616d00001e0277b9d1039723a1e2ae44aaa4", "artist": ["Flo Milli"], "artistIds": ["08PvCOlef4xdOr20jFSTPd"], "artistPop": [69], "genres": ["dance pop", "pop", "pop rap", "r&b", "social media pop", "viral rap"]}, "5PMgd0V7c874zDCFMtTbTT": {"name": "Just A Dream", "coverArt": "https://i.scdn.co/image/ab67616d00001e02e505723881bad0c0ff0db9c1", "artist": ["Smoove'L"], "artistIds": ["6FheakPfcCNN0NeROtOKeQ"], "artistPop": [50], "genres": ["brooklyn drill", "new york drill"]}, "0dztHJ3bdxWvjYQMNKVCp1": {"name": "Smoke (feat. Jamie xx)", "coverArt": "https://i.scdn.co/image/ab67616d00001e027bf7d3c5b31ebe3c7a885a9f", "artist": ["Headie One", "Fred again..", "Jamie xx"], "artistIds": ["6UCQYrcJ6wab6gnQ89OJFh", "4oLeXFyACqeem2VImYeBFe", "7A0awCXkE1FtSU8B0qwOJQ"], "artistPop": [71, 67, 61], "genres": ["uk hip hop", "electronica", "future garage", "indie soul", "new rave"]}, "5NmiSGDDlwh8oUMEOd8PSp": {"name": "Broken (With Au/Ra)", "coverArt": "https://i.scdn.co/image/ab67616d00001e02d051efd387ba7197bf202be5", "artist": ["OTR", "Au/Ra"], "artistIds": ["0oeUdHJ3cy1oveb8WguJJt", "1eMmoIprPDWeFdB1FxU6ZV"], "artistPop": [53, 69], "genres": ["future bass", "vapor soul", "vapor twitch", "alt z", "deep pop edm", "electropop", "indie poptimism", "pop", "social media pop"]}, "3StoIJo6WuoEwJzvImBZr2": {"name": "I Love My Friends (feat. Icona Pop)", "coverArt": "https://i.scdn.co/image/ab67616d00001e021959ebbe3adf5e836d8a0391", "artist": ["Steve Aoki", "Icona Pop"], "artistIds": ["77AiFEVeAVj2ORpC85QVJs", "1VBflYyxBhnDc9uVib98rw"], "artistPop": [76, 69], "genres": ["dance pop", "edm", "electro house", "pop", "pop dance", "tropical house", "candy pop", "dance pop", "edm", "electropop", "metropopolis", "pop", "pop dance", "swedish electropop", "swedish synthpop"]}, "22O2Zdfj3jnJZDSzlDMAJp": {"name": "Heading Home", "coverArt": "https://i.scdn.co/image/ab67616d00001e025eab23d2260268d2fab870d0", "artist": ["Alan Walker", "Ruben"], "artistIds": ["7vk5e3vY1uw9plTHJAMwjN", "0x3PXj1WnuW7YsBxQK57xM"], "artistPop": [83, 61], "genres": ["electro house", "norwegian pop", "tropical house"]}, "7vgnx28lOLX25o6ZUe1bgJ": {"name": "MISCOMMUNICATIONS", "coverArt": "https://i.scdn.co/image/ab67616d00001e029392c0d256439bb4651fe7b7", "artist": ["Ant Saunders"], "artistIds": ["4jpsw9CQS439N0B7SecMgf"], "artistPop": [57], "genres": ["chill r&b", "pop"]}, "6huxR1N9UEx2pgnOLOla9l": {"name": "comme des gar\u00e7ons (like the boys)", "coverArt": "https://i.scdn.co/image/ab67616d00001e02d19862572a8e192a4459936c", "artist": ["Isaac Dunbar"], "artistIds": ["2sBVpvpeQxK01FqIt5t816"], "artistPop": [58], "genres": ["alt z", "indie pop", "modern indie pop", "social media pop"]}, "1c2oYPFni5vth1v9M7fYZb": {"name": "3 de Abril", "coverArt": "https://i.scdn.co/image/ab67616d00001e02921ba984243cc19c66dcbdcb", "artist": ["Anuel AA"], "artistIds": ["2R21vXR83lH98kGeO99Y66"], "artistPop": [87], "genres": ["latin", "reggaeton", "reggaeton flow", "trap boricua", "trap latino"]}, "4LmN889VhPSNg9N6q6805g": {"name": "Skin Care Tutorial 2020", "coverArt": "https://i.scdn.co/image/ab67616d00001e02907f77740eec78057d20956f", "artist": ["tobi lou"], "artistIds": ["4T8NIfZmVY6TJFqVzN6X49"], "artistPop": [65], "genres": ["alternative r&b", "chicago rap", "pop", "pop rap"]}, "4n0JUSeHbUyspeH8twlCci": {"name": "More Love", "coverArt": "https://i.scdn.co/image/ab67616d00001e024223f7b5ec738b464c700ed1", "artist": ["Queen Naija", "Mod da God"], "artistIds": ["3nViOFa3kZW8OMSNOzwr98", "6EMFkKTVd8zHawgh5klcZQ"], "artistPop": [66, 21], "genres": ["dance pop", "pop", "pop r&b", "pop rap", "r&b", "urban contemporary"]}, "2ca5xMtPpmULDE6aG3VuEn": {"name": "Tempo", "coverArt": "https://i.scdn.co/image/ab67616d00001e02deddd15733116bb59086c969", "artist": ["Smino"], "artistIds": ["1ybINI1qPiFbwDXamRtwxD"], "artistPop": [70], "genres": ["alternative r&b", "hip hop", "rap", "underground hip hop"]}, "58niEICTMC1OPmUtYdyGnC": {"name": "Trust Issues", "coverArt": "https://i.scdn.co/image/ab67616d00001e02dfac6615f2514a350e8db744", "artist": ["Fredo Bang"], "artistIds": ["4yTmEo2clwWq2jwelvqgVv"], "artistPop": [63], "genres": ["baton rouge rap", "southern hip hop", "trap"]}, "6Fr7f5U4n2Ip5QKNy6IJOf": {"name": "COVER GIRL", "coverArt": "https://i.scdn.co/image/ab67616d00001e021b1795b1a1321700f4d1f784", "artist": ["BIA"], "artistIds": ["6veh5zbFpm31XsPdjBgPER"], "artistPop": [71], "genres": ["escape room", "r&b", "rap latina", "trap queen"]}, "1WbxXldRuwfXLY7PsJ0SBw": {"name": "Tokyo Nights", "coverArt": "https://i.scdn.co/image/ab67616d00001e02533737baec81146ab0dde788", "artist": ["Tm88", "MadeinTYO"], "artistIds": ["5RMUeKq0dZxg9RHE1f0B9P", "5SyGEPymt1G2uto47tVWvZ"], "artistPop": [49, 66], "genres": ["atl trap", "vapor trap", "atl hip hop", "hip hop", "melodic rap", "pop rap", "rap", "southern hip hop", "trap", "underground hip hop", "vapor trap"]}, "4id5x6bUyhjd0KGmjnJxse": {"name": "Wasted Youth", "coverArt": "https://i.scdn.co/image/ab67616d00001e0214bb2d1518bccb4dd0af4e32", "artist": ["Diana Gordon"], "artistIds": ["71Ug2zQHWlJFjNCK8swHfL"], "artistPop": [41], "genres": ["alternative r&b"]}, "3buWaZh2ajXTWsdp8XTBKk": {"name": "Anything For You", "coverArt": "https://i.scdn.co/image/ab67616d00001e025c4ee30a677825e93e498312", "artist": ["Ledisi"], "artistIds": ["60ciIY5MouLc2Y9n34DJdA"], "artistPop": [53], "genres": ["neo soul", "new jack swing", "quiet storm", "r&b", "urban contemporary"]}, "5uKk0ogcCyluE56bFM1TLT": {"name": "Goner (feat. Audrey Mika)", "coverArt": "https://i.scdn.co/image/ab67616d00001e0226515d4261df460142175af9", "artist": ["Souly Had", "Audrey Mika"], "artistIds": ["20WmX0l9JgOpehDOAXY6iO", "3JDG63cSaK3xgDnB2H55Xp"], "artistPop": [55, 63], "genres": ["alternative r&b", "chill r&b", "pop", "pop rap", "alt z", "chill r&b"]}, "19g0tmfAigmmJltb5cC5hO": {"name": "i will always be there", "coverArt": "https://i.scdn.co/image/ab67616d00001e0208ce432018d6b17df44a059e", "artist": ["A Great Big World"], "artistIds": ["5xKp3UyavIBUsGy3DQdXeF"], "artistPop": [65], "genres": ["indiecoustica", "modern rock", "neo mellow", "piano rock", "pop", "pop rock", "viral pop"]}, "5v7R1oGmAtsUFHJg66awep": {"name": "Lonely Star", "coverArt": "https://i.scdn.co/image/ab67616d00001e02a6ddd404c4a4f1091148e749", "artist": ["Oh Wonder"], "artistIds": ["5cIc3SBFuBLVxJz58W2tU9"], "artistPop": [70], "genres": ["electropop", "indie poptimism", "pop", "pop rock"]}, "71GSD7QPnMfYtf49j2d5FV": {"name": "A Few More Hours at YYZ", "coverArt": "https://i.scdn.co/image/ab67616d00001e0240917f0d983f3d13c07ec57d", "artist": ["Billy Raffoul"], "artistIds": ["5gw5ANPCVcxU0maLiGRzzP"], "artistPop": [56], "genres": ["indie anthem-folk"]}, "0sx9zhSNZ0jHGNI1BGgYW4": {"name": "Road Warrior", "coverArt": "https://i.scdn.co/image/ab67616d00001e023271f920a4a897e17518cc66", "artist": ["Allan Rayman"], "artistIds": ["6Yv6OBXD6ZQakEljaGaDAk"], "artistPop": [53], "genres": ["canadian contemporary r&b", "modern alternative rock"]}, "7k9leKU41NyPIqvEMm2msR": {"name": "Never Will", "coverArt": "https://i.scdn.co/image/ab67616d00001e024c8cbfbd8f67db3589516f90", "artist": ["Ashley McBryde"], "artistIds": ["371jpyGdoChzUASOIG2ECV"], "artistPop": [56], "genres": ["arkansas country", "contemporary country", "country", "country pop"]}, "7imMaU3xinJn9QQITBDMwQ": {"name": "Living With No One", "coverArt": "https://i.scdn.co/image/ab67616d00001e02268e04235dd657681fadf9aa", "artist": ["Phil Good"], "artistIds": ["3MDqk7o9WcL4FSvlyyGjRv"], "artistPop": [50], "genres": ["electropop", "indie electropop", "la pop"]}, "0ZXKvN2KVL95dMOdDcM0Xa": {"name": "typical", "coverArt": "https://i.scdn.co/image/ab67616d00001e02c86abeb2a66755530a1bf272", "artist": ["Anthony Russo"], "artistIds": ["6PFcrRZezCL5p9A0nwb7ki"], "artistPop": [48], "genres": ["chill pop"]}, "2DhST4YlvdtsAbYrPHY0Jc": {"name": "Weirdo", "coverArt": "https://i.scdn.co/image/ab67616d00001e02f1297dc6eec585ea68666a58", "artist": ["NoMBe"], "artistIds": ["5Lhxlge1CR1DrgDAje8Qaw"], "artistPop": [62], "genres": ["electropop", "indie poptimism", "indie soul", "modern alternative rock", "modern rock", "vapor soul"]}, "1C9a3oqFtRfuvtbKG26eqQ": {"name": "No Eyes On Me", "coverArt": "https://i.scdn.co/image/ab67616d00001e0267cae610440deed55406f60c", "artist": ["Justin Caruso"], "artistIds": ["1NyxTiCivDmzgFWYD1V01m"], "artistPop": [51], "genres": ["deep tropical house", "electropop", "pop dance", "pop edm"]}, "6d3QZTz9YzFcP3swo0K021": {"name": "High Road", "coverArt": "https://i.scdn.co/image/ab67616d00001e022165a795a036dc7af3a88dbf", "artist": ["Young Bombs", "Robinson"], "artistIds": ["4LKB1IkCINDDjEX8iS7glI", "38CvLGTsjtoloDgv3OKQp8"], "artistPop": [57, 54], "genres": ["pop edm", "alt z", "australian pop", "nz pop"]}, "6YtViZzGwoP2oiqPlL0OKj": {"name": "Dad's Van", "coverArt": "https://i.scdn.co/image/ab67616d00001e020503a18f6f811b5214f6a989", "artist": ["Lila Drew"], "artistIds": ["31ce51nzy9QQQlfnkwRm9F"], "artistPop": [35], "genres": []}, "6PqJhIaZJ7wO8PuMjPPMVX": {"name": "Run Into You", "coverArt": "https://i.scdn.co/image/ab67616d00001e0224b2bf194107b29c12b42f7d", "artist": ["Clara Mae"], "artistIds": ["6RHKEd9dpzQ4c09x8Zdaxu"], "artistPop": [61], "genres": ["alt z", "electropop", "indie cafe pop", "indie poptimism", "pop", "post-teen pop", "social media pop", "swedish pop"]}, "2dnz4IMr7prCS4QmhdHdxg": {"name": "Burning Bridges", "coverArt": "https://i.scdn.co/image/ab67616d00001e02c15a0bd59d17954440499ed0", "artist": ["Ella Vos"], "artistIds": ["2zmrsXMHxagFz6vI2cD7r6"], "artistPop": [56], "genres": ["alt z", "electropop", "indie electropop", "indie poptimism", "la pop"]}, "7HWtSROUUdtswIHCIpjwjt": {"name": "Loyalty And Love", "coverArt": "https://i.scdn.co/image/ab67616d00001e0239186b3079eac74fea049c7b", "artist": ["The LOX"], "artistIds": ["0A7g2YbCA9FlyZvAG6VmKP"], "artistPop": [58], "genres": ["east coast hip hop", "gangster rap", "hardcore hip hop", "hip hop", "hip pop", "pop rap", "rap"]}, "64RVxZhlEcJGPmBp0HFPmK": {"name": "Fly 2 Mars (feat. Rory Fresco)", "coverArt": "https://i.scdn.co/image/ab67616d00001e022cee596d22837722385bf1f8", "artist": ["Kid Ink", "Rory Fresco"], "artistIds": ["6KZDXtSj0SzGOV705nNeh3", "2R7Qt4vj8nbZzPDGv8sTqv"], "artistPop": [72, 32], "genres": ["dance pop", "hip hop", "pop rap", "rap", "southern hip hop", "trap", "trap soul"]}, "3e6FIuzEBiseLJIK0mB1T8": {"name": "Blow the Pickle (feat. Wiz Khalifa)", "coverArt": "https://i.scdn.co/image/ab67616d00001e02ab3763321ad14e8a40dc6851", "artist": ["Ambjaay", "Wiz Khalifa"], "artistIds": ["3BbPRvYQ0M9SFmhkHXozLm", "137W8MRPWKqSmrBGDBFSop"], "artistPop": [46, 84], "genres": ["cali rap", "dance pop", "hip hop", "pittsburgh rap", "pop rap", "rap", "southern hip hop", "trap"]}, "6orPXgOQouo4Xv6R5F2PaT": {"name": "Solid Bitch", "coverArt": "https://i.scdn.co/image/ab67616d00001e02729bd891c217ff47d64b1cc9", "artist": ["Renni Rucci"], "artistIds": ["5RnUS48fC3nHEjbKeb8TPz"], "artistPop": [50], "genres": ["pop r&b", "south carolina hip hop", "trap queen"]}, "1McWbNIuEPiA5gMo4PafS0": {"name": "30,000 FEET", "coverArt": "https://i.scdn.co/image/ab67616d00001e02d1d565b2e15119812e40528c", "artist": ["Jeshi", "Celeste"], "artistIds": ["0q8eApZJs5WDBxayY9769C", "49HlOY4gkHqsYG9GCuhkcc"], "artistPop": [41, 68], "genres": ["uk alternative hip hop", "british soul", "neo soul"]}, "6DJdXo8oT7kTA9mYpvpJRk": {"name": "Strawberry Privilege", "coverArt": "https://i.scdn.co/image/ab67616d00001e02043864250fbec5f57c7076a7", "artist": ["Yves Tumor"], "artistIds": ["0qu422H5MOoQxGjd4IzHbS"], "artistPop": [59], "genres": ["art pop", "escape room", "experimental r&b"]}, "7wiuiIy8lw8q4u3jrT8qm7": {"name": "Love Is A Drug", "coverArt": "https://i.scdn.co/image/ab67616d00001e02624b49d5949de4a06c99e82e", "artist": ["Empress Of"], "artistIds": ["5QuBVnBPEzwYvFrgBbwpmU"], "artistPop": [57], "genres": ["alternative r&b", "art pop", "electropop", "escape room", "etherpop", "shiver pop"]}, "42Ul22w633eGjYj59b9nwv": {"name": "QADIR - Single Version", "coverArt": "https://i.scdn.co/image/ab67616d00001e024bba7a36737864570a22e82d", "artist": ["Nick Hakim"], "artistIds": ["1Goe2NezNnym45kco2xTk6"], "artistPop": [49], "genres": ["alternative r&b", "indie jazz", "indie r&b", "indie soul", "vapor soul"]}, "2fORroOyzQE1tlljfDYzwI": {"name": "Flaws", "coverArt": "https://i.scdn.co/image/ab67616d00001e02b938e8103dd6f2f00796c3d8", "artist": ["Yoste"], "artistIds": ["2wwZDwSBHaVaOI6cE2hfhf"], "artistPop": [51], "genres": ["chill pop", "indie electropop", "indie poptimism", "vapor soul"]}, "3ZQ3kDvbNYIZI4uR1qQHII": {"name": "August", "coverArt": "https://i.scdn.co/image/ab67616d00001e0204049aee8c32987d9695f6e7", "artist": ["Intelligency"], "artistIds": ["6DdgtZYlUGNzjqkdCqvmfB"], "artistPop": [51], "genres": ["belarusian indie"]}, "5zVYT0aiz2cembEmk5oFQg": {"name": "Missed A Spot", "coverArt": "https://i.scdn.co/image/ab67616d00001e0253124c9dc16d8b6a21716426", "artist": ["Dinah Jane"], "artistIds": ["59KQTERLpPa7M0F25fRH6V"], "artistPop": [43], "genres": ["dance pop", "pop", "post-teen pop"]}, "0P0UtGDZpUMWoFCuDTn78K": {"name": "Honey Boo", "coverArt": "https://i.scdn.co/image/ab67616d00001e028c684d7745b7b5b76f1706c6", "artist": ["CNCO", "Natti Natasha"], "artistIds": ["0eecdvMrqBftK0M1VKhaF4", "1GDbiv3spRmZ1XdM1jQbT7"], "artistPop": [74, 80], "genres": ["boy band", "latin", "latin pop", "reggaeton", "latin", "latin pop", "rap latina", "reggaeton", "trap latino"]}, "3WsRuvMAGIUGSQ3L5TKetf": {"name": "Fuck My Friends", "coverArt": "https://i.scdn.co/image/ab67616d00001e02750d78ebc5927700a27a1d83", "artist": ["Eddie Benjamin"], "artistIds": ["1AaSeUFzwt47HhkGtWE1xn"], "artistPop": [40], "genres": ["modern indie pop"]}, "6XoOA62cqX4CFtfidTIxbj": {"name": "Common Sense", "coverArt": "https://i.scdn.co/image/ab67616d00001e02d478ae772dce13949e85d696", "artist": ["Joshua Bassett"], "artistIds": ["4VdV2qRAYBLINR6uU72V1J"], "artistPop": [66], "genres": ["alt z", "pop", "post-teen pop", "social media pop"]}, "1lNiLFaSGw8AFdp4zfMvuf": {"name": "Talking To God", "coverArt": "https://i.scdn.co/image/ab67616d00001e02382fcfa073e412957813edce", "artist": ["Chrissy Metz"], "artistIds": ["1UxVEV7mxsSuRZG7niH70a"], "artistPop": [37], "genres": []}, "3BBhLT8b3IYceQUndeUemm": {"name": "Dream", "coverArt": "https://i.scdn.co/image/ab67616d00001e0228f5b09f684516d645aa449b", "artist": ["ADMT"], "artistIds": ["33M0vL5kF0AMJqXYxeX7kF"], "artistPop": [33], "genres": []}, "0axytamcq1Gd4qZD5xlDR9": {"name": "DEMONS", "coverArt": "https://i.scdn.co/image/ab67616d00001e025c411755cef6ab96bd79a45a", "artist": ["Zaia"], "artistIds": ["1m0t5VYISq6TcyMo7UqLMz"], "artistPop": [45], "genres": ["atl hip hop"]}, "4G77NVRPheQt9bb3dIizXM": {"name": "Moody", "coverArt": "https://i.scdn.co/image/ab67616d00001e02503f1e78a548487514341671", "artist": ["Sheff G"], "artistIds": ["1tG7s7S4sq2eFFW0QZyLbm"], "artistPop": [76], "genres": ["brooklyn drill", "new york drill", "nyc rap"]}, "48Iq6k1seDMe2LprI8zKu0": {"name": "3 on E", "coverArt": "https://i.scdn.co/image/ab67616d00001e020294084edc0f0856166aa790", "artist": ["Vulfpeck", "Antwaun Stanley"], "artistIds": ["7pXu47GoqSYRajmBCjxdD6", "7vWFpgyWJ9CXisL0x6vYJN"], "artistPop": [62, 46], "genres": ["ann arbor indie", "funk rock", "instrumental funk", "modern funk", "praise"]}, "0rIWnZW5mZkwYjzmrYAtPv": {"name": "Carefree", "coverArt": "https://i.scdn.co/image/ab67616d00001e02ff1b5cc4605aae6c128c8ae3", "artist": ["RAC", "LeyeT"], "artistIds": ["4AGwPDdh1y8hochNzHy5HC", "1qo3qvulyeKNNWjFCPXwwb"], "artistPop": [63, 34], "genres": ["alternative dance", "chillwave", "electropop", "indie poptimism", "indietronica", "metropopolis", "modern rock", "shimmer pop", "vapor soul", "indie electropop"]}, "5NRFBtaNmTV0F9NaPwhOL2": {"name": "Still Here", "coverArt": "https://i.scdn.co/image/ab67616d00001e0249914ab6ff62a63f98fe0107", "artist": ["Kllo"], "artistIds": ["0RDC2Krd2nmqseGx5C8PQz"], "artistPop": [49], "genres": ["alternative r&b", "aussietronica", "indie soul", "vapor soul"]}, "6QpWjZqpolfCwOmkfcJ1kI": {"name": "L.O.V.", "coverArt": "https://i.scdn.co/image/ab67616d00001e02a31fef2ddb5fddeb37ae71bc", "artist": ["Shordie Shordie"], "artistIds": ["5fyvTyetDr7gvLafBsEEhU"], "artistPop": [61], "genres": ["baltimore hip hop", "cali rap"]}, "53jc0FSFT7eorLRnwDH1vR": {"name": "Misled Us", "coverArt": "https://i.scdn.co/image/ab67616d00001e0204960461b8c54ecfebed0eb8", "artist": ["Lil Poppa"], "artistIds": ["2hq1yEIcPd7KMLmU6h77Cg"], "artistPop": [56], "genres": ["florida rap"]}, "76UU1mSwykZ8Bsr7TdgMAf": {"name": "HERE KITTY KITTY", "coverArt": "https://i.scdn.co/image/ab67616d00001e026fba423f8dd05f61f7f0d74e", "artist": ["ricky retro"], "artistIds": ["1fA8WmzG2eU2q13kAAjoN8"], "artistPop": [42], "genres": []}}