{"4jVBIpuOiMj1crqd8LoCrJ": {"name": "FRANCHISE (feat. Young Thug & M.I.A.)", "coverArt": "https://i.scdn.co/image/ab67616d00001e0270f2ab5608885749f7210b5f", "artist": ["Travis Scott", "Young Thug", "M.I.A."], "artistIds": ["0Y5tJX1MQlPlqiwlOH1tJY", "50co4Is1HCEo8bhOyUWKpn", "0QJIPDAEDILuo8AIq3pMuU"], "artistPop": [91, 88, 71], "genres": ["rap", "slap house", "atl hip hop", "atl trap", "gangster rap", "hip hop", "melodic rap", "pop rap", "rap", "trap", "dance pop", "escape room", "indietronica", "new rave"]}, "6Vgtvd7I5yopJdBuxqjBd2": {"name": "Your Man", "coverArt": "https://i.scdn.co/image/ab67616d00001e0223c552a7a4fdafac02e08c34", "artist": ["Joji"], "artistIds": ["3MZsBdqDrRTJihTHQrO6Dq"], "artistPop": [81], "genres": ["alternative r&b", "viral pop"]}, "1dLXLETYiZohIZWnse4ypG": {"name": "Better", "coverArt": "https://i.scdn.co/image/ab67616d00001e02e94accc4999e1c7ea2d77ccc", "artist": ["ZAYN"], "artistIds": ["5ZsFI1h6hIdQRw2ti0hz81"], "artistPop": [79], "genres": ["dance pop", "pop", "post-teen pop", "uk pop"]}, "62itulOgU4flQFuI7f7JF8": {"name": "Rambo (Last Blood) (feat. The Weeknd)", "coverArt": "https://i.scdn.co/image/ab67616d00001e02f62cefefc39ba2cb384889f5", "artist": ["Bryson Tiller", "The Weeknd"], "artistIds": ["2EMAnMvWE2eb56ToJVfCWs", "1Xyo4u8uXC1ZmMpatF05PJ"], "artistPop": [78, 93], "genres": ["kentucky hip hop", "pop", "pop rap", "r&b", "rap", "trap", "canadian contemporary r&b", "canadian pop", "pop"]}, "0EzUUIfVPuzzNXEEU9CxU9": {"name": "Life Of Mr. Carter", "coverArt": "https://i.scdn.co/image/ab67616d00001e0290aeb48f01addf3740990b13", "artist": ["Lil Wayne"], "artistIds": ["55Aa2cqylxrFIXC767Z865"], "artistPop": [88], "genres": ["hip hop", "new orleans rap", "pop rap", "rap", "trap"]}, "170DNUSnQRp1tGpppF26pA": {"name": "Epidemic", "coverArt": "https://i.scdn.co/image/ab67616d00001e02ec495f44eb359e3594cd7aa1", "artist": ["Polo G"], "artistIds": ["6AgTAQt8XS6jRWi4sX7w49"], "artistPop": [88], "genres": ["chicago rap"]}, "1VSuFS7PahCN3SWbOcQ98m": {"name": "forget me too (feat. Halsey)", "coverArt": "https://i.scdn.co/image/ab67616d00001e02d4d4929a3a86fe2f9fadbd42", "artist": ["Machine Gun Kelly", "Halsey"], "artistIds": ["6TIYQ3jFPwQSRmorSezPxX", "26VFTg2z8YR0cCuwLzESi2"], "artistPop": [85, 87], "genres": ["ohio hip hop", "pop rap", "dance pop", "electropop", "etherpop", "indie poptimism", "pop", "post-teen pop"]}, "2wUgG5Fr9PQcIbKRfVJ76C": {"name": "Pa Ti - Spanglish Version", "coverArt": "https://i.scdn.co/image/ab67616d00001e023ae627b449ba2d07c521257d", "artist": ["Jennifer Lopez", "Maluma"], "artistIds": ["2DlGxzQSjYe5N6G9nkYghR", "1r4hJ1h58CWwUQe3MxPuau"], "artistPop": [78, 88], "genres": ["dance pop", "pop", "pop rap", "post-teen pop", "urban contemporary", "latin", "reggaeton", "reggaeton colombiano"]}, "69bqljA2mItBcXom1vkjQX": {"name": "Air Forces", "coverArt": "https://i.scdn.co/image/ab67616d00001e0252a1143dda690c049f35a081", "artist": ["Mustafa"], "artistIds": ["1zkKkDDra0jlsiJYz57P3P"], "artistPop": [48], "genres": ["chill pop"]}, "6oaQuXiRKqQq9ITJBV1XmC": {"name": "Wild Life", "coverArt": "https://i.scdn.co/image/ab67616d00001e02cad1a6a265ff60a10967681f", "artist": ["OneRepublic"], "artistIds": ["5Pwc4xIPtQLFEnJriah9YJ"], "artistPop": [84], "genres": ["dance pop", "piano rock", "pop", "pop rock"]}, "5TUZhrb8UaaA76NhzZax2Z": {"name": "Lost in Translation", "coverArt": "https://i.scdn.co/image/ab67616d00001e021a721f3757e5b67f87e1acd3", "artist": ["The Neighbourhood"], "artistIds": ["77SW9BnxLY8rJ0RciFqkHh"], "artistPop": [83], "genres": ["modern alternative rock", "modern rock", "pop"]}, "0E72UaOjGEOHJliDjq6Ivw": {"name": "Dennis Rodman (feat. Tyga)", "coverArt": "https://i.scdn.co/image/ab67616d00001e022afb2a46c5d53681c03450fb", "artist": ["A$AP Ferg", "Tyga"], "artistIds": ["5dHt1vcEm9qb8fCyLcB3HL", "5LHRHt1k9lMyONurDHEdrp"], "artistPop": [75, 84], "genres": ["hip hop", "pop rap", "rap", "southern hip hop", "trap", "underground hip hop", "dance pop", "hip hop", "pop rap", "rap", "southern hip hop", "trap"]}, "2kuYZZvjwzYWPA8L7ICFXn": {"name": "Dance Like No One\u2019s Watching", "coverArt": "https://i.scdn.co/image/ab67616d00001e02a518594e9045aa94a49af66c", "artist": ["Swae Lee"], "artistIds": ["1zNqQNIdeOUZHb8zbZRFMX"], "artistPop": [81], "genres": ["melodic rap", "trap"]}, "5xlntPcXIDzcpHZjpQKcU2": {"name": "The Bakery", "coverArt": "https://i.scdn.co/image/ab67616d00001e0293d30edae9a17df041194480", "artist": ["Melanie Martinez"], "artistIds": ["63yrD80RY3RNEM2YDpUpO8"], "artistPop": [79], "genres": ["alt z", "electropop", "pop"]}, "45WI9y5C9naK6IMtWLoqQp": {"name": "RIP", "coverArt": "https://i.scdn.co/image/ab67616d00001e02f1504f671b2b7317b5e6dde8", "artist": ["Arizona Zervas"], "artistIds": ["0vRvGUQVUjytro0xpb26bs"], "artistPop": [71], "genres": ["pop rap", "rhode island rap"]}, "3pYB28IRzhtR5cHXLINchp": {"name": "Can I Believe You", "coverArt": "https://i.scdn.co/image/ab67616d00001e024908c0ea9f3884cee21e85c1", "artist": ["Fleet Foxes"], "artistIds": ["4EVpmkEwrLYEg6jIsiPMIb"], "artistPop": [66], "genres": ["folk", "indie folk", "indie pop", "indie rock", "seattle indie", "stomp and holler"]}, "1CaOMLZXTQxif7TVD9ieSd": {"name": "Dawntown", "coverArt": "https://i.scdn.co/image/ab67616d00001e0294115da6fb3168934bbf1092", "artist": ["Godford"], "artistIds": ["4pUwtnbS6FdBniLp410AOu"], "artistPop": [48], "genres": []}, "2MbgQKWhoii8bqsMBWWWgA": {"name": "Courage to Change", "coverArt": "https://i.scdn.co/image/ab67616d00001e02c0883b8f5a96bcc175906741", "artist": ["Sia"], "artistIds": ["5WUlDfRSoLAfcVSX1WnrxN"], "artistPop": [86], "genres": ["australian dance", "australian pop", "pop"]}, "2C6QUOsR7PfEm3EpXOLvjv": {"name": "NO ONE\u2019S IN THE ROOM", "coverArt": "https://i.scdn.co/image/ab67616d00001e029ae8d27936df7694899cfcdf", "artist": ["Jessie Reyez"], "artistIds": ["3KedxarmBCyFBevnqQHy3P"], "artistPop": [71], "genres": ["canadian contemporary r&b", "canadian pop", "dance pop", "pop", "post-teen pop", "r&b"]}, "1ylymaTbSjggG7TaItdRkI": {"name": "Out On Bail", "coverArt": "https://i.scdn.co/image/ab67616d00001e02ec5bed5755e3f58576d70621", "artist": ["YG"], "artistIds": ["0A0FS04o6zMoto8OKPsDwY"], "artistPop": [78], "genres": ["cali rap", "gangster rap", "hip hop", "pop rap", "rap", "southern hip hop", "trap"]}, "6f3Slt0GbA2bPZlz0aIFXN": {"name": "The Business", "coverArt": "https://i.scdn.co/image/ab67616d00001e02f461bbc21a9bcec43a926973", "artist": ["Ti\u00ebsto"], "artistIds": ["2o5jDhtHVPhrJdv3cEQ99Z"], "artistPop": [84], "genres": ["big room", "brostep", "dance pop", "dutch edm", "edm", "house", "pop dance", "slap house", "trance", "tropical house"]}, "58UVZ68VQiQ4EHeIIcX0gb": {"name": "Icarus", "coverArt": "https://i.scdn.co/image/ab67616d00001e029f13f02f55d8e92392f7a858", "artist": ["Fana Hues"], "artistIds": ["4yJHrytMK7mqtKsXVGaBNg"], "artistPop": [62], "genres": ["alternative r&b", "chill r&b", "indie r&b"]}, "3jrwHtyJcMhlSYVKYFh3WR": {"name": "Drippin", "coverArt": "https://i.scdn.co/image/ab67616d00001e02705f4700f9ec053efd0c8afb", "artist": ["Jany Green"], "artistIds": ["1Qg99NvQcJaAMmmDl6nPRv"], "artistPop": [44], "genres": ["modern indie pop"]}, "1lwvJQGhdq6Kyr4BBquf23": {"name": "survivin'", "coverArt": "https://i.scdn.co/image/ab67616d00001e0292a2b139664ce40289ed8036", "artist": ["Bastille"], "artistIds": ["7EQ0qTo7fWT7DPxmxtSYEc"], "artistPop": [78], "genres": ["metropopolis", "modern rock", "pop", "pop rock", "tropical house"]}, "2bo4n2JP6aPLAvEO1Yie1B": {"name": "Revolving (feat. Marc E. Bassy)", "coverArt": "https://i.scdn.co/image/ab67616d00001e02dca41550cec898c21c8b4a0e", "artist": ["Yung Bae", "Marc E. Bassy"], "artistIds": ["30FDJPN3RtwJZ20g5YGCRX", "3tQx1LPXbsYjE9VwN1Peaa"], "artistPop": [61, 69], "genres": ["future funk", "alternative r&b", "pop", "pop rap", "r&b", "rap"]}, "3bunovg8ep6uXccEg5RUAy": {"name": "Feelings", "coverArt": "https://i.scdn.co/image/ab67616d00001e02a3ff7d5bfb08d3d2e53ee915", "artist": ["SSGKobe", "Internet Money"], "artistIds": ["1NHCwCMqV9oNQJXl16IltL", "6MPCFvOQv5cIGfw3jODMF0"], "artistPop": [65, 79], "genres": ["vapor trap", "pop rap", "rap", "trap"]}, "5b841RC6QkaHVh4tS3lQ3n": {"name": "One (Monster & Infinity)", "coverArt": "https://i.scdn.co/image/ab67616d00001e02660ddee111317a774217360b", "artist": ["SuperM"], "artistIds": ["5BHFSMEjfLVx1JwRWjAOsE"], "artistPop": [61], "genres": ["k-pop"]}, "1ohxmwWvLNWIlt0kUo8kZF": {"name": "Oshun (with EARTHGANG & 6LACK feat. Jurdan Bryant)", "coverArt": "https://i.scdn.co/image/ab67616d00001e02230d88bf27d6ca322fb59eb4", "artist": ["Spillage Village", "EARTHGANG", "6LACK", "Jurdan Bryant"], "artistIds": ["7izarc0fRIPbdZ8cVyChRf", "5MbNzCW3qokGyoo9giHA3V", "4IVAbR2w4JJNJDDRFP3E83", "1orGzEcUk9PolAOUmBZLR1"], "artistPop": [55, 69, 79, 47], "genres": ["hip hop", "rap", "underground hip hop", "atl hip hop", "hip hop", "psychedelic hip hop", "rap", "underground hip hop", "alternative r&b", "atl hip hop", "hip hop", "melodic rap", "pop rap", "r&b", "rap", "trap"]}, "4MiX7u7J52zRIvyaqDVsmJ": {"name": "Starface*", "coverArt": "https://i.scdn.co/image/ab67616d00001e023a3fc6ff81a61f9de24e71c9", "artist": ["Jean Dawson"], "artistIds": ["7vNNmjV14SKQzlQAEg0BXP"], "artistPop": [50], "genres": ["modern indie pop"]}, "09m6It4feoA7uVhZxWUcbt": {"name": "Irrational", "coverArt": "https://i.scdn.co/image/ab67616d00001e02ee2cecaa12150409e4cf9e24", "artist": ["Shay Lia"], "artistIds": ["3sJQwG0SsGRyv5C5kh4o9a"], "artistPop": [54], "genres": ["alternative r&b", "canadian contemporary r&b", "canadian pop", "chill r&b", "indie r&b", "indie soul", "montreal indie"]}, "1Jo3yW1tWC4JSjGS2s2DPy": {"name": "MAC & CHEESE", "coverArt": "https://i.scdn.co/image/ab67616d00001e027e56995eca944f780d5b91cf", "artist": ["REI AMI"], "artistIds": ["6U1dV7aL68N7Gb0Naq34V5"], "artistPop": [61], "genres": ["alt z", "escape room", "modern indie pop"]}, "0NGFpjB1sCceYHHnWnF1Kv": {"name": "Keep Calm", "coverArt": "https://i.scdn.co/image/ab67616d00001e0295585c98694b50e7fd109ecb", "artist": ["Starrah"], "artistIds": ["6DpWtzfwV8fcwP6fXckDVu"], "artistPop": [53], "genres": []}, "1Go9q6KaCpAsQ0wkZFGzY2": {"name": "Chandelier", "coverArt": "https://i.scdn.co/image/ab67616d00001e02938e334e38062078537be859", "artist": ["Will Paquin"], "artistIds": ["0oouuXi8tdasgUgk520Jy6"], "artistPop": [48], "genres": ["weirdcore"]}, "46MHKowK1JsuD2mrzs8daW": {"name": "Ego (feat. iann dior)", "coverArt": "https://i.scdn.co/image/ab67616d00001e02883e344d10313f01d5703e3c", "artist": ["Carlie Hanson", "iann dior"], "artistIds": ["3mPc8WGusz2XF3Tvs3AKCR", "6ASri4ePR7RlsvIQgWPJpS"], "artistPop": [54, 82], "genres": ["alt z", "dance pop", "electropop", "indie cafe pop", "indie electropop", "indie pop", "indie poptimism", "pop", "post-teen pop", "social media pop", "melodic rap", "pop rap"]}, "05PFB9zqsoUv0vFpgGtyWq": {"name": "Used To", "coverArt": "https://i.scdn.co/image/ab67616d00001e02327e285514471811725f321b", "artist": ["SAYGRACE"], "artistIds": ["6y5amJcTjeDgLXIjtQLMst"], "artistPop": [62], "genres": ["dance pop", "pop", "post-teen pop", "r&b"]}, "2uhsLVdlg8eRs62cg0Ilm7": {"name": "5", "coverArt": "https://i.scdn.co/image/ab67616d00001e02f819d75dae5bffc49e0cfbf2", "artist": ["Max Leone"], "artistIds": ["4VrJDwgmhD1aIenZwn7JpE"], "artistPop": [43], "genres": ["modern indie pop"]}, "451zgY3T1avOqREfcio9WX": {"name": "Heaven", "coverArt": "https://i.scdn.co/image/ab67616d00001e0256411bdb42bdf5621a43a775", "artist": ["Amy Allen"], "artistIds": ["4Ebm2DC4Spo173X85D1n5x"], "artistPop": [40], "genres": []}, "0yTfXjMmoCQVmn2kYjBodD": {"name": "Somewhere", "coverArt": "https://i.scdn.co/image/ab67616d00001e0208e59a357ffaf8de4e20c766", "artist": ["Hauskey"], "artistIds": ["3xjvEQFNYxMqlh7IAo3MMI"], "artistPop": [44], "genres": []}, "0wPYGsTED44WxWM5R4Kme0": {"name": "Runaway", "coverArt": "https://i.scdn.co/image/ab67616d00001e02bffb48cb7afb996ecefdcfba", "artist": ["Sylvan Esso"], "artistIds": ["39vA9YljbnOApXKniLWBZv"], "artistPop": [62], "genres": ["electropop", "etherpop", "indie pop"]}, "4iMUf3rncBhrSN5Czomk6J": {"name": "Never Lackin", "coverArt": "https://i.scdn.co/image/ab67616d00001e02f390d0651bc54e6366217ac0", "artist": ["Mozzy"], "artistIds": ["4AA474G2hRfrHyGrfyDseO"], "artistPop": [68], "genres": ["cali rap", "sacramento hip hop", "trap"]}, "0Td7fSJnnP609ZBiK0s6rc": {"name": "SAUCE", "coverArt": "https://i.scdn.co/image/ab67616d00001e024ae5748fbe73f6cede244515", "artist": ["REASON", "Vince Staples"], "artistIds": ["6XpXnnKHIhCOUbOLOJGe6o", "68kEuyFKyqrdQQLLsmiatm"], "artistPop": [57, 72], "genres": ["hip hop", "rap", "underground hip hop", "conscious hip hop", "escape room", "hip hop", "rap", "underground hip hop"]}, "1I4qk02tWmB6SOZ7xpESsR": {"name": "Family Values (with Nina Nesbitt)", "coverArt": "https://i.scdn.co/image/ab67616d00001e029e425b1b4c3409762a7142fb", "artist": ["R3HAB", "Nina Nesbitt"], "artistIds": ["6cEuCEZu7PAE9ZSzLLc2oQ", "7AzjETXRUKNRSJHMW9GIqd"], "artistPop": [78, 62], "genres": ["dance pop", "dutch house", "edm", "electro house", "pop", "pop dance", "progressive electro house", "slap house", "tropical house", "alt z", "dance pop", "electropop", "indie cafe pop", "indie poptimism", "neo-singer-songwriter", "pop", "pop rock", "post-teen pop", "uk pop"]}, "3OH7EyT8CgvW34AZLn8D79": {"name": "Jackie Onassis", "coverArt": "https://i.scdn.co/image/ab67616d00001e029bf5a4c61415423a00fae030", "artist": ["ELIO"], "artistIds": ["6xgvgzXNv3ymcITXTrxRaA"], "artistPop": [50], "genres": ["alt z", "electropop", "indie electropop", "indie pop"]}, "7ksYNhalX8IWKku513n8QG": {"name": "Maybe Don't (feat. JP Saxe)", "coverArt": "https://i.scdn.co/image/ab67616d00001e02a04dfe86aa8f5dd21b170db2", "artist": ["Maisie Peters", "JP Saxe"], "artistIds": ["2RVvqRBon9NgaGXKfywDSs", "66W9LaWS0DPdL7Sz8iYGYe"], "artistPop": [69, 72], "genres": ["alt z", "electropop", "indie cafe pop", "indie pop", "pop", "post-teen pop", "uk pop", "alt z", "canadian contemporary r&b", "indie cafe pop", "pop", "pop rock", "post-teen pop"]}, "0O5DPkLlre5yNwH6Sqm2dD": {"name": "Cold", "coverArt": "https://i.scdn.co/image/ab67616d00001e02d239135538acf9f720ece474", "artist": ["Chris Stapleton"], "artistIds": ["4YLtscXsxbVgi031ovDDdh"], "artistPop": [77], "genres": ["contemporary country", "outlaw country"]}, "1LtiNpTzzSX8qcvlPFLmeR": {"name": "Nothing's Better", "coverArt": "https://i.scdn.co/image/ab67616d00001e0211a740aec842ebd4d4aa7adc", "artist": ["Filmore"], "artistIds": ["0FvJm0y2eHw0aPkLLU3sIG"], "artistPop": [57], "genres": ["contemporary country", "country pop"]}, "13L9jEt1IfmZQx77bzAxBp": {"name": "Ghosts", "coverArt": "https://i.scdn.co/image/ab67616d00001e02e8c4f79b8c2c08b047031300", "artist": ["Bruce Springsteen"], "artistIds": ["3eqjTLE0HfPfh78zjh6TqT"], "artistPop": [77], "genres": ["classic rock", "heartland rock", "mellow gold", "permanent wave", "rock", "singer-songwriter"]}, "5eR6OS3joTAHJToyzehKfu": {"name": "Trouble\u2019s Coming", "coverArt": "https://i.scdn.co/image/ab67616d00001e02fcaaab24c5357795473d93fc", "artist": ["Royal Blood"], "artistIds": ["2S5hlvw4CMtMGswFtfdK15"], "artistPop": [68], "genres": ["brighton indie", "garage rock", "modern alternative rock", "modern blues rock", "modern hard rock", "modern rock", "rock"]}, "3MTfE3Mo3lfwAymYLU2luX": {"name": "Dirty", "coverArt": "https://i.scdn.co/image/ab67616d00001e02ce0521a45825f71fd5f21e1d", "artist": ["grandson"], "artistIds": ["4ZgQDCtRqZlhLswVS6MHN4"], "artistPop": [73], "genres": ["modern alternative rock", "modern rock", "rock"]}, "76KAUp0X4bt8APttco8Zb0": {"name": "Run Away With Me", "coverArt": "https://i.scdn.co/image/ab67616d00001e02952ec8dea0826c2be14ca0ac", "artist": ["Sufjan Stevens"], "artistIds": ["4MXUO7sVCaFgFjoTI5ox5c"], "artistPop": [70], "genres": ["baroque pop", "chamber pop", "freak folk", "indie folk", "singer-songwriter"]}, "3L8P996yoxnUQmHdOOEXKR": {"name": "Long Road Home", "coverArt": "https://i.scdn.co/image/ab67616d00001e0239ccc56006ddc5a665d1dd97", "artist": ["Oneohtrix Point Never"], "artistIds": ["2wPDbhaGXCqROrVmwDdCrK"], "artistPop": [50], "genres": ["ambient", "art pop", "chillwave", "dream pop", "drone", "electronica", "escape room", "experimental pop", "fluxwork", "fourth world", "freak folk", "hauntology", "intelligent dance music", "microhouse", "outsider house", "vaporwave"]}, "1zNrtAQhwbRyFmsf3yoBqT": {"name": "The Great Divide", "coverArt": "https://i.scdn.co/image/ab67616d00001e022a45dd57870d57943f4f5ecd", "artist": ["The Shins"], "artistIds": ["4LG4Bs1Gadht7TCrMytQUO"], "artistPop": [62], "genres": ["albuquerque indie", "alternative rock", "indie folk", "indie pop", "indie rock", "modern rock", "pop rock", "portland indie", "rock", "stomp and holler"]}, "3tT43aXdwwxfuP5HTB4DPG": {"name": "Drinkin' Songs", "coverArt": "https://i.scdn.co/image/ab67616d00001e029e598207f82e6fe5b271767d", "artist": ["MacKenzie Porter"], "artistIds": ["6nXco5Q3cJJ0ZutnBOsSpq"], "artistPop": [62], "genres": ["alberta country", "canadian contemporary country", "canadian country", "contemporary country", "country pop"]}, "0pJalGEYsRikSogLkXU6KV": {"name": "You Time", "coverArt": "https://i.scdn.co/image/ab67616d00001e028ef7b1807f8b01cfbdd95873", "artist": ["Scotty McCreery"], "artistIds": ["6ZV6lGY0prbqpTD0Md8i29"], "artistPop": [63], "genres": ["contemporary country", "country", "country road", "modern country rock"]}, "6PowfeWOvFBlueUpvct3HI": {"name": "Dear First Love,", "coverArt": "https://i.scdn.co/image/ab67616d00001e020dc921e60fda9d67e4f62200", "artist": ["L\u00d8L\u00d8"], "artistIds": ["5MjcGshMggPgIHinIUDaX0"], "artistPop": [49], "genres": ["alt z", "canadian pop"]}, "4y0gQA1XglDRommdGKKabg": {"name": "Heavy", "coverArt": "https://i.scdn.co/image/ab67616d00001e028bbe49690a9eab045b7f82de", "artist": ["CXLOE"], "artistIds": ["6M25WWmNO7wK1DnKmd3z6R"], "artistPop": [46], "genres": ["alt z", "australian alternative pop", "australian electropop", "australian pop", "indie electropop", "social media pop"]}, "1RfPf0W4OlIWROTV5Afs3S": {"name": "Cotton Candy Lemonade", "coverArt": "https://i.scdn.co/image/ab67616d00001e02162b3e265eb897a05ee52252", "artist": ["Blu DeTiger"], "artistIds": ["5NyCIBCeU080ynEj33S4hC"], "artistPop": [54], "genres": []}, "2XvB3d1S813Hq0az8u2yZ2": {"name": "Money Up (feat. Toro y Moi)", "coverArt": "https://i.scdn.co/image/ab67616d00001e028f3d4305ee63d687b6518fab", "artist": ["MadeinTYO", "Toro y Moi"], "artistIds": ["5SyGEPymt1G2uto47tVWvZ", "6O4EGCCb6DoIiR6B1QCQgp"], "artistPop": [66, 64], "genres": ["atl hip hop", "hip hop", "melodic rap", "pop rap", "rap", "southern hip hop", "trap", "underground hip hop", "vapor trap", "alternative dance", "alternative r&b", "chillwave", "electronica", "indie soul", "indietronica", "new rave"]}, "2Ghg48UuNyTaDo99FGDYK6": {"name": "Colorful Shit", "coverArt": "https://i.scdn.co/image/ab67616d00001e0221434e06845a906a6c6a8946", "artist": ["Laney Keyz", "Lil Yachty"], "artistIds": ["2MNOwWX8xpY7yqZezNVdMC", "6icQOAFXDZKsumw3YXyusw"], "artistPop": [33, 79], "genres": ["atl hip hop", "hip hop", "melodic rap", "pop rap", "rap", "trap", "viral rap"]}, "3MdkwG35RwKMije28gIykv": {"name": "To The Max", "coverArt": "https://i.scdn.co/image/ab67616d00001e02e540d0c250b7927f8d66f5f9", "artist": ["Lil Loaded"], "artistIds": ["7scapvSjZLSm0fBgqGM0Mn"], "artistPop": [66], "genres": ["dfw rap"]}, "3Lrk83MoHWXttj3ux8qhZ3": {"name": "SAME HANDS (feat. Lil Durk)", "coverArt": "https://i.scdn.co/image/ab67616d00001e02f028ab5bd1c6a53b8ca57fad", "artist": ["BIA", "Lil Durk"], "artistIds": ["6veh5zbFpm31XsPdjBgPER", "3hcs9uc56yIGFCSy9leWe7"], "artistPop": [71, 87], "genres": ["escape room", "r&b", "rap latina", "trap queen", "chicago drill", "chicago rap", "drill", "hip hop", "rap", "trap"]}, "0yXEE1myTZyAqAERW1rT47": {"name": "Beautiful Mayhem", "coverArt": "https://i.scdn.co/image/ab67616d00001e020d20d7efef18ddbc713640dd", "artist": ["DeathbyRomy"], "artistIds": ["7aWpPjjgItUnXljFxYYKZI"], "artistPop": [56], "genres": ["alt z", "modern indie pop"]}, "0s3HjSvDdHinLIZ7NqyEuq": {"name": "Closing Doors (ft. Astrid S)", "coverArt": "https://i.scdn.co/image/ab67616d00001e02ffa9e4555b50d1e2e6772591", "artist": ["Harry Hudson", "Astrid S"], "artistIds": ["3btNpz9NEJ8ml352B8S7Qr", "3AVfmawzu83sp94QW7CEGm"], "artistPop": [55, 71], "genres": ["pop r&b", "alt z", "dance pop", "electropop", "indie cafe pop", "norwegian pop", "pop", "post-teen pop", "tropical house", "uk pop"]}, "41WtQo9j7WR72VuAgN0LNb": {"name": "Colorado", "coverArt": "https://i.scdn.co/image/ab67616d00001e0218226c5f02bfe13ccbc44ace", "artist": ["carobae"], "artistIds": ["2HysMkOtaumKooHYAlE7wd"], "artistPop": [46], "genres": ["alt z", "indie cafe pop"]}, "1E8O2FNVuBRkXdS33iULOV": {"name": "FRANKIE MUNIZ", "coverArt": "https://i.scdn.co/image/ab67616d00001e027d0a357669c4305efe2e26de", "artist": ["BLACKSTARKIDS"], "artistIds": ["7but14WsfXJkF8hm07xx6E"], "artistPop": [38], "genres": ["modern indie pop"]}, "2YGHCHkWTbtCUTjL0LUXtx": {"name": "hellboy", "coverArt": "https://i.scdn.co/image/ab67616d00001e02e15ed14cb9cb4a9908f6cdde", "artist": ["Lil Peep"], "artistIds": ["2kCcBybjl3SAtIcwdWpUe3"], "artistPop": [84], "genres": ["emo rap", "lgbtq+ hip hop"]}, "4X5AMbgW6whnAuDX10fhgq": {"name": "Revenge", "coverArt": "https://i.scdn.co/image/ab67616d00001e02e19b6d9c04bc9d2a540da3c4", "artist": ["$NOT"], "artistIds": ["5IbEL2xjRtKsunfmsahLuO"], "artistPop": [77], "genres": ["aesthetic rap", "florida rap", "underground hip hop"]}, "53Z2zWV2bz7vKonoN31xV9": {"name": "Freak", "coverArt": "https://i.scdn.co/image/ab67616d00001e02ef917c0845c593ae6297517a", "artist": ["Fredo Bang", "Petty Levels", "Latto"], "artistIds": ["4yTmEo2clwWq2jwelvqgVv", "2y8EbgWOOmUkyUAo5V9N5J", "3MdXrJWsbVzdn6fe5JYkSQ"], "artistPop": [63, 25, 66], "genres": ["baton rouge rap", "southern hip hop", "trap", "trap queen", "pop", "pop r&b", "r&b", "trap queen"]}, "6EpGSeInzJgZVDVgfpMn7h": {"name": "Cliff Hanger", "coverArt": "https://i.scdn.co/image/ab67616d00001e02e8e6cc55058bbd882aa6ef5a", "artist": ["Action Bronson"], "artistIds": ["7BMccF0hQFBpP6417k1OtQ"], "artistPop": [63], "genres": ["alternative hip hop", "east coast hip hop", "escape room", "hip hop", "nyc rap", "queens hip hop", "rap", "underground hip hop"]}, "7qBT9qcbtkLqrfm9LiTNB4": {"name": "Piel Canela", "coverArt": "https://i.scdn.co/image/ab67616d00001e02cb516c3ced23744f0aad488d", "artist": ["Cuco"], "artistIds": ["2Tglaf8nvDzwSQnpSrjLHP"], "artistPop": [71], "genres": ["bedroom pop", "dream pop"]}, "0lWGZP8adQnEeLFdvYlL2P": {"name": "Indecision", "coverArt": "https://i.scdn.co/image/ab67616d00001e02d26428b79ab613ced1941534", "artist": ["MONEYPHONE"], "artistIds": ["3siLw69GHBIbLDvDdoFphB"], "artistPop": [19], "genres": []}, "3R5YAmx1HzkobNpMDNbFT4": {"name": "Puppy", "coverArt": "https://i.scdn.co/image/ab67616d00001e02ff47a308e75777498d8dbb96", "artist": ["Grady"], "artistIds": ["6FmiNnTXQJTmOMAx4kB38R"], "artistPop": [54], "genres": ["indie electropop"]}, "34494YY71yYkXhXlzYv6ZY": {"name": "National Song", "coverArt": "https://i.scdn.co/image/ab67616d00001e028934408b9e34693c2c41ab67", "artist": ["Nana Adjoa"], "artistIds": ["2W61gnKGmJykgFSJSvqVCe"], "artistPop": [37], "genres": ["dutch indie", "modern alternative pop"]}, "0GTPmh5G40joBg93vcSQNq": {"name": "Don't Say Goodbye (feat. Tove Lo)", "coverArt": "https://i.scdn.co/image/ab67616d00001e0235948e3f4bd52518dd35cd78", "artist": ["Alok", "Ilkay Sencan", "Tove Lo"], "artistIds": ["0NGAZxHanS9e0iNHpR8f2W", "5deLgmgAEgy8UHOfJ9Dj8w", "4NHQUGzhtTLFvgF5SZesLK"], "artistPop": [81, 67, 77], "genres": ["electro house", "pop nacional", "slap house", "turkish deep house", "turkish edm", "dance pop", "electropop", "metropopolis", "pop", "pop rap", "post-teen pop", "swedish electropop", "swedish pop", "swedish synthpop"]}, "0p8tyL3rNbptJgICX2ZVL8": {"name": "Ansiedad", "coverArt": "https://i.scdn.co/image/ab67616d00001e021b2f3876ccd0515e75c070e3", "artist": ["Carla Morrison"], "artistIds": ["0XK6kT7xcZAlcYrNjOgzJe"], "artistPop": [71], "genres": ["mexican pop"]}, "5FUO2oWL2z2e5eKsY7awhr": {"name": "ghosts!", "coverArt": "https://i.scdn.co/image/ab67616d00001e02f3aa7fc2db0c7ad06b01c732", "artist": ["Sophie Cates"], "artistIds": ["211NQ3AcZqLAiGCqhlxh5k"], "artistPop": [38], "genres": []}, "5uTv9AgQ5zXRzjHdUWFfSJ": {"name": "Slow It Down", "coverArt": "https://i.scdn.co/image/ab67616d00001e02dc7b9f6f6a6964cd51c58942", "artist": ["Spencer Barnett"], "artistIds": ["036LxbpsZt0VzZAgxYOEM5"], "artistPop": [28], "genres": ["modern indie pop"]}, "59ZdL1yADr4ipW39vf8YMb": {"name": "So Sick of Love", "coverArt": "https://i.scdn.co/image/ab67616d00001e0271ae04c01678201f0252f556", "artist": ["Gavin Haley"], "artistIds": ["5pOYIshq4ZLnVBEuw8sF6f"], "artistPop": [49], "genres": ["chill pop", "oc rap"]}, "5XQPlP8yHnXz5qTjIZ10gC": {"name": "Error", "coverArt": "https://i.scdn.co/image/ab67616d00001e0266c9f5d6f13bfc9abedc1056", "artist": ["Deftones"], "artistIds": ["6Ghvu1VvMGScGpOUJBAHNH"], "artistPop": [71], "genres": ["alternative metal", "nu metal", "rap metal", "rock", "sacramento indie"]}, "4FRIzdqggkqfb8nYdRQxro": {"name": "Public Enemy Number Won [feat. Mike D, Ad-Rock, and Run DMC]", "coverArt": "https://i.scdn.co/image/ab67616d00001e02e946b3b37b073afdc6abf1c9", "artist": ["Public Enemy", "Mike D", "Ad-Rock", "Run\u2013D.M.C."], "artistIds": ["6Mo9PoU6svvhgEum7wh2Nd", "7ym7cDCdavUZqNufxIfHwY", "4B8rf6avCMvunUBAgIlGsX", "3CQIn7N5CuRDP8wEI7FiDA"], "artistPop": [58, 28, 19, 63], "genres": ["conscious hip hop", "east coast hip hop", "gangster rap", "golden age hip hop", "hardcore hip hop", "hip hop", "old school hip hop", "political hip hop", "rap", "east coast hip hop", "golden age hip hop", "hardcore hip hop", "hip hop", "old school hip hop", "queens hip hop", "rap"]}, "19WvaA1aE0egqYBBRlkKHC": {"name": "UNITY", "coverArt": "https://i.scdn.co/image/ab67616d00001e02531e80817d6d5630621b7856", "artist": ["Rotimi", "Voices for Change"], "artistIds": ["1xBARhKI09ZTmeePVDWMCf", "4DTRY3LBAV2LvLVrmdmR6s"], "artistPop": [65, 27], "genres": ["pop r&b", "r&b", "urban contemporary"]}, "4xp4OChbf94rpxwPe9qA5R": {"name": "sports", "coverArt": "https://i.scdn.co/image/ab67616d00001e02a960a9584700c909864492c3", "artist": ["Elah Hale"], "artistIds": ["0EDEUACmghvLBhxLnMpyeU"], "artistPop": [35], "genres": ["modern indie pop"]}, "2ydxcOqV1csgBuJSJPunvX": {"name": "Block Your Number", "coverArt": "https://i.scdn.co/image/ab67616d00001e02237de58d85ffe45a211de4e9", "artist": ["Maude Latour"], "artistIds": ["3MNLhvqJkWsO6tcjY9ps62"], "artistPop": [54], "genres": ["alt z", "indie pop", "nyc pop"]}, "4COEO69JVST1jDS6CMfdhe": {"name": "Magic - Single Version", "coverArt": "https://i.scdn.co/image/ab67616d00001e0207baf4aabf2921867eeb668b", "artist": ["Kylie Minogue"], "artistIds": ["4RVnAU35WRWra6OZ3CbbMA"], "artistPop": [71], "genres": ["australian dance", "australian pop", "dance pop", "electropop", "eurodance", "europop", "new wave pop", "pop"]}, "1ExZ69RqT3QVYyjylGigaG": {"name": "Loosh98", "coverArt": "https://i.scdn.co/image/ab67616d00001e02de6dbaf73c7033703a10890d", "artist": ["Lucca Dohr"], "artistIds": ["6LaE3kwUey4mWfJ7tvjCe9"], "artistPop": [35], "genres": ["modern indie pop"]}, "2mzM4Y0Rnx2BDZqRnhQ5Q6": {"name": "Free Mind", "coverArt": "https://i.scdn.co/image/ab67616d00001e020ab4d3e1c0b5c5e453287a4c", "artist": ["Tems"], "artistIds": ["687cZJR45JO7jhk1LHIbgq"], "artistPop": [76], "genres": ["afro r&b", "alte", "nigerian pop"]}, "0XHyNndHIiLADEPrUHpia8": {"name": "Shining (feat. 42 Dugg)", "coverArt": "https://i.scdn.co/image/ab67616d00001e023c66739b0e50d74d6771bc85", "artist": ["LBS Kee'vin", "42 Dugg"], "artistIds": ["7CnxjDbOLSjMEAcyehjztA", "45gHcnDnMC15sgx3VL7ROG"], "artistPop": [42, 76], "genres": ["florida rap", "detroit trap", "rap", "southern hip hop", "trap"]}, "05IZnB0bFIEl6fIPITzfqg": {"name": "For Real (feat. Kemba)", "coverArt": "https://i.scdn.co/image/ab67616d00001e026493737d1a1259e13193210f", "artist": ["Jharrel Jerome", "Kemba"], "artistIds": ["08ir3R5W3Str9JizW5eht4", "0oZASNXz7lmZGoXFh8GnZM"], "artistPop": [37, 43], "genres": ["alternative hip hop"]}, "5dXXmxcrTjwXc4rnrfe6pT": {"name": "camcorder", "coverArt": "https://i.scdn.co/image/ab67616d00001e02cf8c1bc88ec041d402690e40", "artist": ["whiterosemoxie"], "artistIds": ["3XlPXxJwM5utJ5D0PiBugV"], "artistPop": [47], "genres": ["indie hip hop"]}, "4huIxgkWDrdDucShOAa92f": {"name": "Tiramisu", "coverArt": "https://i.scdn.co/image/ab67616d00001e02cf8f48cade30c4f2eecc47af", "artist": ["Hong Kong Boyfriend"], "artistIds": ["7lDgh1Efb7gDBPxtYWd7ui"], "artistPop": [39], "genres": ["chill r&b", "indie r&b"]}, "74TqdcqLHGDAJ9xnmWCMFF": {"name": "Dumber", "coverArt": "https://i.scdn.co/image/ab67616d00001e02449f60229689e2d61e65394d", "artist": ["Emily Weisband"], "artistIds": ["1am9EW2QubqpkCbg29vu5n"], "artistPop": [40], "genres": ["alt z", "country pop", "nashville singer-songwriter"]}, "6Zr5csmEC3PQMRnWlF76y2": {"name": "DANCE WITH ME", "coverArt": "https://i.scdn.co/image/ab67616d00001e02f6b790074716b1ccc00e5362", "artist": ["Niko Moon"], "artistIds": ["6Rw7DRa1dzChBvxGPCpOxU"], "artistPop": [64], "genres": ["contemporary country"]}, "50LDbVelgU3IBkdMV3PnyY": {"name": "Look The Other Way", "coverArt": "https://i.scdn.co/image/ab67616d00001e0202bef020726598d828e9a54d", "artist": ["Katie Pruitt"], "artistIds": ["1c5w8KrxGwq44fxM5lGB4s"], "artistPop": [45], "genres": ["nashville americana", "new americana"]}, "1xVXwe9tzL11euCkfupQES": {"name": "Between The Lines", "coverArt": "https://i.scdn.co/image/ab67616d00001e02bed522d63c2c3fb51f319d80", "artist": ["Gwen Bunn", "Faith Evans"], "artistIds": ["6dPh96zLnVMZVHnr66WRjg", "5NDMothbpdpq2xHqSjrrWn"], "artistPop": [40, 66], "genres": ["alternative r&b", "indie r&b", "neo r&b", "hip hop", "hip pop", "neo soul", "new jack swing", "quiet storm", "r&b", "urban contemporary"]}, "2qBa0yuqxjzgB4r3AbHf7W": {"name": "Roll The Dice", "coverArt": "https://i.scdn.co/image/ab67616d00001e02256357bd2ba0b12ee628e078", "artist": ["Shaylen"], "artistIds": ["5wqQVApxKeHbMsfLJTfWMJ"], "artistPop": [46], "genres": ["alt z", "la pop", "social media pop"]}, "789P5qPKPdRU3SKK1JjiXo": {"name": "Be Somebody (feat. ROZES)", "coverArt": "https://i.scdn.co/image/ab67616d00001e02b225f6865a01785855f2b183", "artist": ["NEFFEX", "ROZES"], "artistIds": ["3z97WMRi731dCvKklIf2X6", "6jsjhAEteAlY0vCiLvMLBA"], "artistPop": [75, 64], "genres": ["electropop", "indie poptimism", "pop edm"]}, "2bgcUk2A3jjKbCJ7KPquTi": {"name": "Mi Ni\u00f1a", "coverArt": "https://i.scdn.co/image/ab67616d00001e0200690a8308104ec86eee3dbb", "artist": ["Wisin", "Myke Towers", "Los Legendarios"], "artistIds": ["3E6xrwgnVfYCrCs0ePERDz", "7iK8PXO48WeuP03g8YR51W", "0n6sKrG0xKAf8xmdqeNGke"], "artistPop": [83, 90, 78], "genres": ["latin", "latin hip hop", "reggaeton", "trap latino", "trap latino", "reggaeton", "trap latino"]}, "4VAFkDy3aFJ4A7HOXk4MJ2": {"name": "Home Vacation (FamilyOverEverything)", "coverArt": "https://i.scdn.co/image/ab67616d00001e023ce2f219c29ac44b5c1317d9", "artist": ["Salaam Remi", "Mack Wilds"], "artistIds": ["0rlS0SzVFk8BoiAW0fGBbN", "5BO8aIDUyNtvnq98qMIs85"], "artistPop": [63, 33], "genres": ["hip hop", "alternative r&b"]}, "2xc5inawsqx1hYWjxJNBv8": {"name": "Homies", "coverArt": "https://i.scdn.co/image/ab67616d00001e02cc3f0ddd51ea5206dcd87840", "artist": ["Savannah R\u00e9"], "artistIds": ["3qfqqDpGv4XNfa3G0EfP9s"], "artistPop": [43], "genres": ["alternative r&b", "canadian contemporary r&b", "chill r&b", "indie r&b"]}, "22YbmBNDcL1jACZIPuItR8": {"name": "How Lucky", "coverArt": "https://i.scdn.co/image/ab67616d00001e02305c3bb68507a1b96b4d889c", "artist": ["Kurt Vile", "John Prine"], "artistIds": ["5gspAQIAH8nJUrMYgXjCJ2", "0nJUwPwC9Ti4vvuJ0q3MfT"], "artistPop": [59, 62], "genres": ["alternative rock", "freak folk", "indie folk", "indie rock", "modern folk rock", "neo-psychedelic", "philly indie", "roots rock", "stomp and holler", "alternative country", "country rock", "folk", "folk rock", "indie folk", "mellow gold", "new americana", "roots rock", "singer-songwriter"]}}