{"1BSMpVGWs3v5BZKnAQziAc": {"name": "Light Switch", "coverArt": "https://i.scdn.co/image/ab67616d00001e02c7c579c9b540f56584909d28", "artist": ["Charlie Puth"], "artistIds": ["6VuMaDnrHyPL1p4EHjYLi7"], "artistPop": [81], "genres": ["dance pop", "pop", "viral pop"]}, "3zDMTxEANpj6hedyCrHXBg": {"name": "Flossin\u2019 (feat. YoungBoy Never Broke Again)", "coverArt": "https://i.scdn.co/image/ab67616d00001e02b64205d0424f8ef46e200a0d", "artist": ["Internet Money", "YoungBoy Never Broke Again"], "artistIds": ["6MPCFvOQv5cIGfw3jODMF0", "7wlFDEWiM5OoIAt8RSli8b"], "artistPop": [79, 87], "genres": ["rap", "trap", "baton rouge rap", "trap"]}, "6UAy9xYeTWjZB7h05p83e9": {"name": "Cold December", "coverArt": "https://i.scdn.co/image/ab67616d00001e021766eba62887a491fa37f6f3", "artist": ["Rod Wave"], "artistIds": ["45TgXXqMDdF8BkjA83OM7z"], "artistPop": [81], "genres": ["florida rap"]}, "3x1h0lsx1i2v9cUWnZssBa": {"name": "thought it was", "coverArt": "https://i.scdn.co/image/ab67616d00001e02431e3f017c878a1a221e4004", "artist": ["iann dior", "Travis Barker", "Machine Gun Kelly"], "artistIds": ["6ASri4ePR7RlsvIQgWPJpS", "4exLIFE8sISLr28sqG1qNX", "6TIYQ3jFPwQSRmorSezPxX"], "artistPop": [83, 78, 85], "genres": ["melodic rap", "pop rap", "rap rock", "ohio hip hop", "pop rap"]}, "5UatawMsGULDVG2h8wE1KS": {"name": "Lights Out", "coverArt": "https://i.scdn.co/image/ab67616d00001e02361c5b02a07bf6908fa22f0d", "artist": ["Fred again..", "Romy", "HAAi"], "artistIds": ["4oLeXFyACqeem2VImYeBFe", "3X2DdnmoANw8Rg8luHyZQb", "0pkLgeB9j465x1QB2kRoy4"], "artistPop": [69, 54, 41], "genres": ["australian experimental"]}, "1G1R0XgChe18Zr1o6tlmN6": {"name": "Watercolor Eyes - From \u201cEuphoria\u201d An Original HBO Series", "coverArt": "https://i.scdn.co/image/ab67616d00001e02d6910e9b4408292b209ad93b", "artist": ["Lana Del Rey"], "artistIds": ["00FQb4jTyendYWaN8pK0wa"], "artistPop": [87], "genres": ["art pop", "pop"]}, "1WzOonguDKuWQrTTf5yR0D": {"name": "Jigsaw", "coverArt": "https://i.scdn.co/image/ab67616d00001e023fcee8e6d16342381b8ba995", "artist": ["Conan Gray"], "artistIds": ["4Uc8Dsxct0oMqx0P6i60ea"], "artistPop": [82], "genres": ["bedroom pop", "indie pop", "pop"]}, "02gGfhPHk5NuN0mgbKpU4Y": {"name": "ur just horny", "coverArt": "https://i.scdn.co/image/ab67616d00001e020cf02b318168132c6590f871", "artist": ["GAYLE"], "artistIds": ["2VSHKHBTiXWplO8lxcnUC9"], "artistPop": [85], "genres": []}, "7562OP1Zx84xqrO5ECYour": {"name": "Pop Music (feat. Moneybagg Yo & Beatking)", "coverArt": "https://i.scdn.co/image/ab67616d00001e0276b640ffaaa35f3f84cdd0b8", "artist": ["2 Chainz", "Moneybagg Yo", "BeatKing"], "artistIds": ["17lzZA2AlOHwCwFALHttmp", "3tJoFztHeIJkJWMrx0td2f", "5L8p9kDnX2cgoI8VLUL2p4"], "artistPop": [82, 82, 55], "genres": ["atl hip hop", "gangster rap", "hip hop", "pop rap", "rap", "southern hip hop", "trap", "hip hop", "memphis hip hop", "rap", "southern hip hop", "tennessee hip hop", "trap", "houston rap"]}, "5Q6pQ8G99rjTeCgHTMev7X": {"name": "Lick (with Megan Thee Stallion)", "coverArt": "https://i.scdn.co/image/ab67616d00001e02190ceffd7bd42db411e69265", "artist": ["Shenseea", "Megan Thee Stallion"], "artistIds": ["1OFOShsIbhy1l5x73yuVyB", "181bsRPaVXVlUKXrxwZfHK"], "artistPop": [62, 86], "genres": ["dancehall", "modern reggae", "houston rap", "pop", "trap queen"]}, "4K6KyAOSkhGKgLO0SalQET": {"name": "Delorean", "coverArt": "https://i.scdn.co/image/ab67616d00001e02cc1ed62132516aabf6ef8751", "artist": ["Walker Hayes"], "artistIds": ["7sKxqpSqbIzphAKAhrqvlf"], "artistPop": [72], "genres": ["contemporary country", "country", "country road", "modern country rock"]}, "65LMre3AmSBiaHhdw7l57l": {"name": "all my ghosts", "coverArt": "https://i.scdn.co/image/ab67616d00001e02b9fab9d1fdf5ffd340ec147a", "artist": ["Lizzy McAlpine"], "artistIds": ["1GmsPCcpKgF9OhlNXjOsbS"], "artistPop": [67], "genres": ["alt z", "boston folk", "indie pop", "pop"]}, "5dXiKFepHXZktud7z5635H": {"name": "London Is Lonely", "coverArt": "https://i.scdn.co/image/ab67616d00001e02180948790087947237869b08", "artist": ["Holly Humberstone"], "artistIds": ["0nnYdIpahs41QiZ9MWp5Wx"], "artistPop": [65], "genres": ["alt z", "indie pop", "modern alternative pop", "uk pop"]}, "13ikSMNMyLUSqkzbqEHzdu": {"name": "Nice (feat. Blxst)", "coverArt": "https://i.scdn.co/image/ab67616d00001e02113aaed8ff992553c894e1bd", "artist": ["Young T & Bugsey", "Blxst"], "artistIds": ["6M6XXCcO5gI68XpIlrUL3Z", "4qXC0i02bSFstECuXP2ZpL"], "artistPop": [66, 76], "genres": ["afroswing", "nottingham hip hop", "uk hip hop", "pop rap"]}, "7aZrmPqodHy4qlKeyjAgDQ": {"name": "HIT", "coverArt": "https://i.scdn.co/image/ab67616d00001e02307c1f731371a7017a5442ef", "artist": ["DaBaby", "YoungBoy Never Broke Again"], "artistIds": ["4r63FhuTkUYltbVAg5TQnk", "7wlFDEWiM5OoIAt8RSli8b"], "artistPop": [89, 87], "genres": ["north carolina hip hop", "rap", "trap", "baton rouge rap", "trap"]}, "2M6IDHdaSAyt7FcJcptHjj": {"name": "Santo", "coverArt": "https://i.scdn.co/image/ab67616d00001e027463aeddb4c4afcdb5825581", "artist": ["Christina Aguilera", "Ozuna"], "artistIds": ["1l7ZsJRRS8wlW3WfJfPfNS", "1i8SpTcr7yvPOmcqrbnVXY"], "artistPop": [81, 90], "genres": ["dance pop", "pop", "post-teen pop", "latin", "puerto rican pop", "reggaeton", "trap latino"]}, "2jDrRaea7deXVEt4JmpvBU": {"name": "Long Drives", "coverArt": "https://i.scdn.co/image/ab67616d00001e02954ef6652aafa77a25716a18", "artist": ["BoyWithUke"], "artistIds": ["1Cd373x8qzC7SNUg5IToqp"], "artistPop": [81], "genres": []}, "6QLNcOI6YCqdLAS6GLWXMj": {"name": "Head on Fire", "coverArt": "https://i.scdn.co/image/ab67616d00001e026bfcdeed386702e5f84f0388", "artist": ["Griff", "Sigrid"], "artistIds": ["5RJFJWYgtgWktosLrUDzff", "4TrraAsitQKl821DQY42cZ"], "artistPop": [68, 66], "genres": ["dance pop", "pop", "uk pop", "dance pop", "norwegian pop", "pop"]}, "4ADMbmfzTk6BWBeKOIdfF8": {"name": "Put On Repeat", "coverArt": "https://i.scdn.co/image/ab67616d00001e026b9b94ffad22f8b33e0b30e5", "artist": ["Sabrina Claudio"], "artistIds": ["30DhU7BDmF4PH0JVhu8ZRg"], "artistPop": [67], "genres": ["alternative r&b", "chill r&b", "pop", "r&b"]}, "4k6eepbiT86WaOgcOqMuSb": {"name": "Brown Eyes and Backwoods", "coverArt": "https://i.scdn.co/image/ab67616d00001e0228dbde7991a62378203df0b2", "artist": ["Tom The Mail Man"], "artistIds": ["1ueFyDvrq8tCjAd6x8AVxD"], "artistPop": [60], "genres": ["aesthetic rap", "emo rap", "modern indie pop", "sad rap", "vapor trap"]}, "0xTZXhs3eVb48PQNywMCdH": {"name": "A Temporary High", "coverArt": "https://i.scdn.co/image/ab67616d00001e0223275e80b88700da931e41dd", "artist": ["AURORA"], "artistIds": ["1WgXqy2Dd70QQOU7Ay074N"], "artistPop": [77], "genres": ["art pop", "norwegian pop"]}, "1dNyeO5Oy7RuGYOq30HrK2": {"name": "Night Call", "coverArt": "https://i.scdn.co/image/ab67616d00001e022eab0724c42c1f9702550a1b", "artist": ["Years & Years"], "artistIds": ["5vBSrE1xujD2FXYRarbAXc"], "artistPop": [74], "genres": ["dance pop", "edm", "electropop", "gauze pop", "pop", "pop dance", "tropical house"]}, "2lFIxJbGfhcAIz5tzacZdK": {"name": "Rent Money (feat. Dave East)", "coverArt": "https://i.scdn.co/image/ab67616d00001e0273fb3311d49d1d60ef179bbd", "artist": ["Mary J. Blige", "Dave East"], "artistIds": ["1XkoF8ryArs86LZvFOkbyr", "7e10JUMF7MJmmwYpnTSMI5"], "artistPop": [74, 66], "genres": ["contemporary r&b", "dance pop", "hip pop", "neo soul", "r&b", "urban contemporary", "gangster rap", "harlem hip hop", "hip hop", "nyc rap", "pop rap", "rap", "southern hip hop", "trap", "underground hip hop"]}, "70EiV32gjM86o0XeTj5nq0": {"name": "Mr. Put It On", "coverArt": "https://i.scdn.co/image/ab67616d00001e022fe22965b7ba415c7a408d4e", "artist": ["AG Club"], "artistIds": ["22KyrgRdE2K6aB5wtZls3c"], "artistPop": [55], "genres": ["indie hip hop", "underground hip hop"]}, "7EHZMOUAhYwnAoAO8cIKOw": {"name": "Needy", "coverArt": "https://i.scdn.co/image/ab67616d00001e0211d3f8d3d46ff92c01b45373", "artist": ["Shrimpnose", "maxime."], "artistIds": ["6My0aHQrZyz0vqqcf06s1D", "4jd8Wp3Os5tXFV0NYm1570"], "artistPop": [42, 46], "genres": ["lo-fi beats", "ottawa indie"]}, "1No3OKWvdgtctLvSKQcREg": {"name": "Chocolate Hills", "coverArt": "https://i.scdn.co/image/ab67616d00001e0259bab442939b2a17e21f3a1a", "artist": ["Khruangbin", "Leon Bridges"], "artistIds": ["2mVVjNmdjXZZDvhgQWiakk", "3qnGvpP8Yth1AqSBMqON5x"], "artistPop": [72, 75], "genres": ["neo-psychedelic", "modern blues"]}, "3GKIhntQhBqD6PRWscMLs1": {"name": "Love for a Minute", "coverArt": "https://i.scdn.co/image/ab67616d00001e0249c627d955e4be62d8438fbf", "artist": ["Teddy Swims"], "artistIds": ["33qOK5uJ8AR2xuQQAhHump"], "artistPop": [63], "genres": []}, "1Uacdg0eFpE2bpjS90feZQ": {"name": "Keeping The Light On", "coverArt": "https://i.scdn.co/image/ab67616d00001e02528badbecebc8d7ab7debf9d", "artist": ["Joy Oladokun"], "artistIds": ["7rrTqtOUOwva4sgTx9C9F9"], "artistPop": [63], "genres": ["black americana", "indie folk", "la pop", "new americana"]}, "5c4KBG3ATUOmP8y2KHGGoI": {"name": "Cositas de la USA", "coverArt": "https://i.scdn.co/image/ab67616d00001e02f822616dc17f7d40b3f2d8c0", "artist": ["Maluma"], "artistIds": ["1r4hJ1h58CWwUQe3MxPuau"], "artistPop": [89], "genres": ["latin", "reggaeton", "reggaeton colombiano", "trap latino"]}, "0IKpTI3268FUkZ2Z606A0u": {"name": "Don't Text Me When You're Drunk", "coverArt": "https://i.scdn.co/image/ab67616d00001e026d3491601cc2892a76f0ccde", "artist": ["Stacey Ryan", "Zai1k"], "artistIds": ["3sXwEUqxSzb11VpuFa5cvJ", "2ORU5xiGsr9qfRKNvZ3UII"], "artistPop": [50, 56], "genres": []}, "6WXvM7Ku5aM7SfdXym7DEN": {"name": "To All The Boys I\u2019ve Loved Before", "coverArt": "https://i.scdn.co/image/ab67616d00001e02a4c42a48a61e68136f57fdbf", "artist": ["Jax"], "artistIds": ["7DQYAz99eM3Y5PkP9WtUew"], "artistPop": [61], "genres": ["gen z singer-songwriter"]}, "2E7zPND4kJd1y3KSWez0ET": {"name": "Ser De Ti", "coverArt": "https://i.scdn.co/image/ab67616d00001e025567058c8d138b32776597d2", "artist": ["Silvana Estrada"], "artistIds": ["72VywtXEoONiBLNu3ibGI7"], "artistPop": [57], "genres": ["dominican pop", "jazz mexicano", "mexican indie", "nuevo folklore mexicano", "veracruz indie"]}, "10b0n4KwuRyNteJ9WNjrdj": {"name": "Getcho Mans", "coverArt": "https://i.scdn.co/image/ab67616d00001e022bb23b6519784ea65df29a8b", "artist": ["Rich Brian", "Warren Hue"], "artistIds": ["2IDLDx25HU1nQMKde4n61a", "4qcKNkdxUidhvUByB2eQ6g"], "artistPop": [78, 61], "genres": ["indonesian hip hop", "chill r&b"]}, "10QdSJJJflPZ0k6izpUEYG": {"name": "Mona Lisa", "coverArt": "https://i.scdn.co/image/ab67616d00001e02befe4a027f1c0000dd9fdcbd", "artist": ["Lil Pump", "Soulja Boy"], "artistIds": ["3wyVrVrFCkukjdVIdirGVY", "6GMYJwaziB4ekv1Y6wCDWS"], "artistPop": [72, 73], "genres": ["emo rap", "miami hip hop", "rap", "trap", "vapor trap", "atl hip hop", "chicago bop", "dance pop", "dirty south rap", "pop rap", "rap", "southern hip hop", "trap", "viral rap"]}, "00iYCxpoIxtyBr2JzhIpxx": {"name": "cbd", "coverArt": "https://i.scdn.co/image/ab67616d00001e021b1ea463059afdd4172ed359", "artist": ["brakence"], "artistIds": ["4kqFrZkeqDfOIEqTWqbOOV"], "artistPop": [62], "genres": ["emo rap", "glitchcore", "pop rap", "sad rap"]}, "5UenHnGCK9aY3VdHuwm1FZ": {"name": "Doctor", "coverArt": "https://i.scdn.co/image/ab67616d00001e0206b9f44f49ae91ca903ecf36", "artist": ["Araya"], "artistIds": ["58dPXkn0hgEY1TY1utbG4a"], "artistPop": [42], "genres": []}, "2tZaIi32T3Fwn6GqD8Jcii": {"name": "Lonely (feat. Sananda Maitreya)", "coverArt": "https://i.scdn.co/image/ab67616d00001e02744d1a3da4be702f53293b7e", "artist": ["Love Regenerator", "Riva Starr", "Calvin Harris", "Sananda Maitreya"], "artistIds": ["05KDKIpxshxrB9BMewaCBW", "1TRFAJu3Cw64APToZaGk9D", "7CajNmpbOovFoOoasH2HaY", "6RGxLsQUoGk5PLyMVwb3yE"], "artistPop": [54, 52, 86, 55], "genres": ["edm", "house", "deep house", "disco house", "funky house", "funky tech house", "house", "tech house", "tribal house", "dance pop", "edm", "electro house", "house", "pop", "pop dance", "pop rap", "progressive house", "uk dance", "new wave pop"]}, "6Owc2SuzwO3LW1SAODYK3l": {"name": "Melody", "coverArt": "https://i.scdn.co/image/ab67616d00001e0201649797af71d97b8f53ebf3", "artist": ["Sigala"], "artistIds": ["1IueXOQyABrMOprrzwQJWN"], "artistPop": [76], "genres": ["dance pop", "edm", "pop", "pop dance", "tropical house"]}, "35jHNbOE3tKh8DW0CMi1ck": {"name": "vinegar", "coverArt": "https://i.scdn.co/image/ab67616d00001e02909c0febc563de43c27e34d9", "artist": ["Amelia Moore"], "artistIds": ["61shKG2hWuRTW2PEAPk7fo"], "artistPop": [46], "genres": []}, "7mMzlK2pYVbgkUL1zaGGyV": {"name": "grateful", "coverArt": "https://i.scdn.co/image/ab67616d00001e026f04e53cb5309f8e88286842", "artist": ["dhruv"], "artistIds": ["70NcAr4ZtA3FAqU16iQZSb"], "artistPop": [71], "genres": ["chill r&b", "nyc pop", "pop"]}, "1cKWyEiGWLXAUTz6jI1d7c": {"name": "Every Shade of Blue", "coverArt": "https://i.scdn.co/image/ab67616d00001e02a7d3ca949566780b5e6567ea", "artist": ["The Head And The Heart"], "artistIds": ["0n94vC3S9c3mb2HyNAOcjg"], "artistPop": [67], "genres": ["folk-pop", "indie folk", "modern rock", "new americana", "pop rock", "seattle indie", "stomp and holler"]}, "1pCHi3zHca7jgR27Sfu7L8": {"name": "Only You Know", "coverArt": "https://i.scdn.co/image/ab67616d00001e02da716c28d54d3fe7d6262c76", "artist": ["Beach House"], "artistIds": ["56ZTgzPBDge0OvCGgMO3OY"], "artistPop": [76], "genres": ["baltimore indie", "dream pop", "dreamo", "modern dream pop"]}, "7CBlZqB7b1AcXksVCoiWZX": {"name": "Apple", "coverArt": "https://i.scdn.co/image/ab67616d00001e024452be457defce2ae5992ec6", "artist": ["KAINA"], "artistIds": ["7c6eQSFEfIt9rV3gh4cgtj"], "artistPop": [38], "genres": ["bedroom soul"]}, "2i7zSl7A1kFXVAygESTsDt": {"name": "tellmewhatuwant", "coverArt": "https://i.scdn.co/image/ab67616d00001e02bde8a653f806995262f52ba2", "artist": ["aldn"], "artistIds": ["2GUw9Wzha61PkZoRVv1PDD"], "artistPop": [54], "genres": ["glitchcore", "hyperpop"]}, "3ZAYMiBXD8tume1BVtqPcQ": {"name": "F*ck Society (feat. Sueco)", "coverArt": "https://i.scdn.co/image/ab67616d00001e02835e4bd54e2e9243944e0c5b", "artist": ["SK8", "Sueco"], "artistIds": ["4YqctGfuLnSvjjlFQvNish", "4iDroUFo89Y7YBsdDTBmTD"], "artistPop": [47, 71], "genres": ["teen pop", "cali rap", "pop rap"]}, "2f2WCKwB1r2SH7AvJc0P8W": {"name": "Re-Entry (feat. Mark Hoppus)", "coverArt": "https://i.scdn.co/image/ab67616d00001e02017e3b5b520913eb9b38efaa", "artist": ["A Day To Remember", "Mark Hoppus"], "artistIds": ["4NiJW4q9ichVqL1aUsgGAN", "0FOYGJujASE1pCw5WNHf0g"], "artistPop": [73, 47], "genres": ["metalcore", "pop punk", "rock", "screamo"]}, "6I2kg7KS6otbKx6uKYs2OE": {"name": "Target Practice", "coverArt": "https://i.scdn.co/image/ab67616d00001e02a7ffc7972ff41668565c30e3", "artist": ["carolesdaughter"], "artistIds": ["2hiq2iBnUik3mrOfEgRSpB"], "artistPop": [63], "genres": ["alt z"]}, "1BV7YtzsoKAF2cULDHLe2K": {"name": "Purity", "coverArt": "https://i.scdn.co/image/ab67616d00001e024943a34812083331b444e3aa", "artist": ["Lilyisthatyou"], "artistIds": ["4ExEi8SBEd3QRgwbGw2nHC"], "artistPop": [54], "genres": []}, "3acJw53672cWOK1kZSLM7X": {"name": "plz don't waste my youth", "coverArt": "https://i.scdn.co/image/ab67616d00001e02c1bb69fe3fbb91a3aa564fb0", "artist": ["Au/Ra"], "artistIds": ["1eMmoIprPDWeFdB1FxU6ZV"], "artistPop": [70], "genres": ["alt z", "deep pop edm", "electropop", "indie poptimism", "pop"]}, "5QZdeEHEHy1Jphbral0nbv": {"name": "Survive", "coverArt": "https://i.scdn.co/image/ab67616d00001e02132fd14ddb02a1e8ea3c857c", "artist": ["Lane 8", "Channy Leaneagh"], "artistIds": ["27gtK7m9vYwCyJ04zz0kIb", "7KplcRAeeymaXY0iqrrbjo"], "artistPop": [67, 22], "genres": ["edm", "gauze pop", "progressive house", "tropical house"]}, "0pnG6sIThf9kp9ebTqn44L": {"name": "redruM", "coverArt": "https://i.scdn.co/image/ab67616d00001e0250626224061a5f71dc5fa907", "artist": ["Sorana", "David Guetta"], "artistIds": ["1PnnRNGfichOAfPOn5mVyx", "1Cs0zKBU1kc0i8ypK3B9ai"], "artistPop": [53, 90], "genres": ["romanian pop", "big room", "dance pop", "edm", "pop", "pop dance", "pop rap"]}, "2ufGjcxYk6SD0KBdA8gX2J": {"name": "Juice", "coverArt": "https://i.scdn.co/image/ab67616d00001e02de367756e69d02d36577b1bf", "artist": ["Stefflon Don"], "artistIds": ["2ExGrw6XpbtUAJHTLtUXUD"], "artistPop": [71], "genres": ["dancehall", "pop", "pop rap", "uk dancehall", "uk hip hop"]}, "6yOM87h9akcg1iYT5p66Av": {"name": "Proud", "coverArt": "https://i.scdn.co/image/ab67616d00001e026b8193687d0f77a996edc200", "artist": ["Paper Route EMPIRE", "Key Glock"], "artistIds": ["65smG2lgnRmrDB8g7z1hG0", "0RESbWvOMyua0yuyVrztJ5"], "artistPop": [63, 79], "genres": ["rap", "southern hip hop", "trap", "hip hop", "memphis hip hop", "rap", "southern hip hop", "tennessee hip hop", "trap"]}, "1AOFIqezViAzT4EahxhRAd": {"name": "Home Alone", "coverArt": "https://i.scdn.co/image/ab67616d00001e02572f48d813ddeb0e3aea8b9a", "artist": ["BlocBoy JB"], "artistIds": ["4TEJudQY2pXxVHPE3gD2EU"], "artistPop": [65], "genres": ["memphis hip hop", "pop rap", "rap", "southern hip hop", "tennessee hip hop", "trap", "vapor trap"]}, "2I3seK4Q5bLPtaTb9uGcxz": {"name": "Left Me (with YNW BSlime)", "coverArt": "https://i.scdn.co/image/ab67616d00001e0212c7ed2d9eb8fdb886a0d535", "artist": ["Kidd G", "YNW BSlime"], "artistIds": ["5edcHuf8pWH3I00WTorajM", "2KCRLxlHd2OgZG6YAOAcSu"], "artistPop": [64, 53], "genres": ["social media pop", "melodic rap", "social media pop"]}, "0a7ECrkynDauNbc6wQ6ilz": {"name": "Show Me Love", "coverArt": "https://i.scdn.co/image/ab67616d00001e027e68522ae50f2fa4f8ba05c2", "artist": ["Tove Styrke"], "artistIds": ["2QSPrJfYeRXaltEEiriXN9"], "artistPop": [59], "genres": ["electropop", "indie poptimism", "swedish electropop", "swedish pop", "swedish synthpop"]}, "4VhiUBbGZd374klScom1cp": {"name": "Want You Like That", "coverArt": "https://i.scdn.co/image/ab67616d00001e02432a4e0c2b12612e1bd10474", "artist": ["Charlotte Sands"], "artistIds": ["2cAXhrWAztXGwk6r15ibW2"], "artistPop": [60], "genres": ["alt z"]}, "29MazyIxJ5Soawh6gpZmpw": {"name": "Fuck Being Famous", "coverArt": "https://i.scdn.co/image/ab67616d00001e02449a3bb78d430b710e136125", "artist": ["Zekey"], "artistIds": ["3hHPnggcxDaU07Tc91RXAA"], "artistPop": [34], "genres": []}, "7wmK0PzL3OKD95k7EeEfof": {"name": "heart2", "coverArt": "https://i.scdn.co/image/ab67616d00001e022c92b4106c337adbb042d6c3", "artist": ["umru", "Petal Supply", "Rebecca Black"], "artistIds": ["2Ub06wAIR1hERODcCkKhzx", "3QpNnKSjUIIMwFei8h3eOj", "3Vl9fyKMIdLMswk8ai3mm9"], "artistPop": [40, 37, 56], "genres": ["escape room", "hyperpop", "escape room", "hyperpop", "art pop", "electropop", "escape room", "hyperpop", "pop", "post-teen pop"]}, "4gh3sdFa9cJTDPmKDBLSgq": {"name": "The Flower Blooms", "coverArt": "https://i.scdn.co/image/ab67616d00001e02173512c0bb16165d200a8361", "artist": ["TOKiMONSTA"], "artistIds": ["3VwKSHAfgzV1DOHV0aANCI"], "artistPop": [58], "genres": ["chillwave", "electra", "electronica", "vapor soul", "vapor twitch", "wonky"]}, "2lGzRg9ccRTa2gllTvy2w7": {"name": "In the Dark", "coverArt": "https://i.scdn.co/image/ab67616d00001e0274bb0776321c39507f28ae8b", "artist": ["Purple Disco Machine", "Sophie and the Giants"], "artistIds": ["2WBJQGf1bT1kxuoqziH5g4", "4FrXHrpbDLNyO3pbVv8RmF"], "artistPop": [75, 64], "genres": ["deep house", "house", "tropical house", "sheffield indie"]}, "3J3EdH1ZgXqk1ROTzQOF0U": {"name": "When The Lights Go Down (feat. Cody Simpson)", "coverArt": "https://i.scdn.co/image/ab67616d00001e0291d7bf808690dc39134b5712", "artist": ["DVBBS", "Galantis", "Cody Simpson"], "artistIds": ["5X4LWwbUFNzPkEas04uU82", "4sTQVOfp9vEMCemLw50sbu", "79Xp2rRN7wdsaTJgttdX3K"], "artistPop": [69, 79, 61], "genres": ["canadian electronic", "dance pop", "edm", "electro house", "electropop", "pop", "pop dance", "pop edm", "slap house", "tropical house", "dance pop", "edm", "electro house", "pop", "pop dance", "tropical house", "australian pop", "dance pop", "pop", "post-teen pop", "viral pop"]}, "21ZQamVjLP7lLrJ2wUshfu": {"name": "Headstone", "coverArt": "https://i.scdn.co/image/ab67616d00001e0218863ef83672f4baccd2ec19", "artist": ["Brothers Osborne"], "artistIds": ["39NR3AUhpbbqKM33vWn2fp"], "artistPop": [67], "genres": ["contemporary country", "country", "country road", "modern country rock", "modern southern rock"]}, "57U1PB3FAleLul5wMj5dEZ": {"name": "Vickie", "coverArt": "https://i.scdn.co/image/ab67616d00001e020d5dd2aea58c6bd5efbf7409", "artist": ["Peach Pit"], "artistIds": ["6fC2AcsQtd9h4BWELbbire"], "artistPop": [68], "genres": ["indie pop", "modern rock", "rock", "vancouver indie"]}, "2Rj8dzTs5H0vjCf6Aqlkyf": {"name": "More Than the Day Before", "coverArt": "https://i.scdn.co/image/ab67616d00001e02b58021a7cc2a8fef711683d1", "artist": ["Cody Fry"], "artistIds": ["7dOCnyDR2oEa1hQlvTXvdT"], "artistPop": [69], "genres": ["indiecoustica"]}, "5a1uP3YHcvb4XkucSQGC1c": {"name": "Vacaciones", "coverArt": "https://i.scdn.co/image/ab67616d00001e0272f88e2b56fb9b6f3db7df6f", "artist": ["Luis Fonsi", "Manuel Turizo"], "artistIds": ["4V8Sr092TqfHkfAA5fXXqG", "0tmwSHipWxN12fsoLcFU3B"], "artistPop": [79, 83], "genres": ["latin", "latin pop", "puerto rican pop", "colombian pop", "latin", "latin pop", "reggaeton", "reggaeton colombiano", "trap latino"]}, "3dRO3kKkuYX80XTzvnIhHN": {"name": "Talk My Shit", "coverArt": "https://i.scdn.co/image/ab67616d00001e0214b79536bef61dae9b5c8d14", "artist": ["Yella Beezy"], "artistIds": ["7kwCkEJ384PWm0UQW3hxjS"], "artistPop": [60], "genres": ["dfw rap", "hip hop", "houston rap", "pop rap", "rap", "southern hip hop", "trap"]}, "7J8YTp4JFQuQXTNLexx3g8": {"name": "Got Damn", "coverArt": "https://i.scdn.co/image/ab67616d00001e02343011c1518d11069da2afbc", "artist": ["Cico P"], "artistIds": ["3jAZsSIIA8HLjxR99biJyx"], "artistPop": [58], "genres": ["pop rap"]}, "12M1ae4LMgttTZh1Qeg8BS": {"name": "Suspect", "coverArt": "https://i.scdn.co/image/ab67616d00001e02c0effe464518eb7b7744bd72", "artist": ["Stunna 4 Vegas"], "artistIds": ["44IvvHRk2XF243QLA2VOa8"], "artistPop": [65], "genres": ["trap"]}, "1avlO8s4bCF7Sk5Sv5tXI7": {"name": "Rocket", "coverArt": "https://i.scdn.co/image/ab67616d00001e02eee10eb2c1df94f87c22a892", "artist": ["Flowerboy"], "artistIds": ["10HyhQTjkmDpWBpaUgO2GS"], "artistPop": [36], "genres": ["canadian contemporary r&b", "indie r&b"]}, "3F2oDw99SMB0c0zIIWMIpd": {"name": "High Alone", "coverArt": "https://i.scdn.co/image/ab67616d00001e0219709146eae84748aaefe5c4", "artist": ["Sevdaliza"], "artistIds": ["5MraexJKZDrQYzS98kNwie"], "artistPop": [56], "genres": ["art pop", "electropop", "escape room", "persian electronic"]}, "2OpUJfXLRo0Tk1q4Uo0iVu": {"name": "WISH U HELL", "coverArt": "https://i.scdn.co/image/ab67616d00001e0270b8a73c936f4ab1c0429f79", "artist": ["Chelsea Collins"], "artistIds": ["7BtP9ddB2rW3Q5TDfsI5YG"], "artistPop": [47], "genres": ["modern alternative pop"]}, "1RZWlnPjEEB3oRFEjfF4Bo": {"name": "Girl Like You", "coverArt": "https://i.scdn.co/image/ab67616d00001e02da924df0b2613993184028de", "artist": ["bestfriend"], "artistIds": ["23sZDaGSVzYhprU1sfF6fB"], "artistPop": [0], "genres": []}, "2XK6b75sWnHyv32YKyQgQt": {"name": "High Above The Sun", "coverArt": "https://i.scdn.co/image/ab67616d00001e024f4ab21bec0a36c0d4f5a3d0", "artist": ["Magic City Hippies"], "artistIds": ["1ikg4sypcURm8Vy5GP68xb"], "artistPop": [55], "genres": ["indie poptimism", "miami indie", "modern rock", "vapor soul"]}, "0j8tWZyD71TFLVBVLhvna5": {"name": "Passengers", "coverArt": "https://i.scdn.co/image/ab67616d00001e02985e599a9a8be08e0cf46e64", "artist": ["Aoife O'Donovan", "Madison Cunningham"], "artistIds": ["1f3ubTd6eyxuy30ddDJQQa", "3h9TfIgwhovQELlP2jj4xL"], "artistPop": [56, 54], "genres": ["boston folk", "folk", "indie folk", "new americana", "progressive bluegrass", "indie folk", "pop folk"]}, "2QWEKEYag6vI7VfJehbd7v": {"name": "Burn It Down - 717 Tapes", "coverArt": "https://i.scdn.co/image/ab67616d00001e021de490e700a25e5c264fd85e", "artist": ["Warren Zeiders"], "artistIds": ["7kplJl06UmldxLKseURAYi"], "artistPop": [67], "genres": []}, "1lqTpQzSgGZZ850bimyxMP": {"name": "New Devil (feat. Maria Brink of In This Moment)", "coverArt": "https://i.scdn.co/image/ab67616d00001e02416f9e33134314ceee097c11", "artist": ["Asking Alexandria", "In This Moment"], "artistIds": ["1caBfBEapzw8z2Qz9q0OaQ", "6tbLPxj1uQ6vsRQZI2YFCT"], "artistPop": [70, 64], "genres": ["melodic metalcore", "metalcore", "trancecore", "uk metalcore", "alternative metal", "melodic metalcore", "nu metal"]}, "0tPgSBLHa0fPOVdCeOzLQS": {"name": "Freaky (RGB)", "coverArt": "https://i.scdn.co/image/ab67616d00001e024fae7bf5a6e3cbf2507d553b", "artist": ["Yeek"], "artistIds": ["5BhFZpE8kUGZJiKOsYjLQM"], "artistPop": [59], "genres": ["alternative r&b", "indie r&b"]}, "1jGkLUJCl46NmXIM6rUghn": {"name": "Estaci\u00f3n Esperanza", "coverArt": "https://i.scdn.co/image/ab67616d00001e020f5a2dc005968c762095d42a", "artist": ["Sofia Kourtesis", "Manu Chao"], "artistIds": ["7wXTWO45lqpUejDkike0Gf", "6wH6iStAh4KIaWfuhf0NYM"], "artistPop": [50, 69], "genres": ["electronica", "experimental house", "latin alternative", "world"]}, "1rNivTOt4vBbta3vYWruTL": {"name": "bad dream", "coverArt": "https://i.scdn.co/image/ab67616d00001e021f2a18860db1a2f8f69cb793", "artist": ["reptilelegit"], "artistIds": ["3eEJnQZUZcQDjJLkBiqQMd"], "artistPop": [49], "genres": ["meme rap"]}, "4mU3dpFlrTUqp94wrQodYk": {"name": "I Need Bands", "coverArt": "https://i.scdn.co/image/ab67616d00001e0207189f208c80935d5f8ac0da", "artist": ["Guapdad 4000"], "artistIds": ["0NcPKaSNIHAM2RfioH9vMT"], "artistPop": [63], "genres": ["cali rap", "oakland hip hop", "pop rap", "scam rap", "trap soul", "underground hip hop", "vapor trap"]}, "5ajUHjr4TkrK0pav0MrDXP": {"name": "Make It Look Easy (feat. Lil Durk)", "coverArt": "https://i.scdn.co/image/ab67616d00001e02f3e560572243c287b2e7048c", "artist": ["Berner", "Lil Durk"], "artistIds": ["2lrtGWxNXWjd0JzDLKXubI", "3hcs9uc56yIGFCSy9leWe7"], "artistPop": [66, 88], "genres": ["cali rap", "gangster rap", "hyphy", "oakland hip hop", "rap", "southern hip hop", "trap", "west coast trap", "chicago drill", "chicago rap", "drill", "hip hop", "rap", "trap"]}, "2oet8fj6MIOn8k1hc3G3Ob": {"name": "it's a monday", "coverArt": "https://i.scdn.co/image/ab67616d00001e024ce4f6ed59e6e1e895a97c13", "artist": ["Yung Kayo"], "artistIds": ["7J0hrNYCO5DgAx0XaRJqkh"], "artistPop": [49], "genres": ["vapor trap"]}, "6eLjOsfFnwdb4dZ4kQqW7b": {"name": "Mercy", "coverArt": "https://i.scdn.co/image/ab67616d00001e024622546d128019e2b252a560", "artist": ["Adekunle Gold"], "artistIds": ["2IK173RXLiCSQ8fhDlAb3s"], "artistPop": [65], "genres": ["afropop", "alte", "azontobeats", "nigerian hip hop", "nigerian pop"]}, "4BCda1bJa57fTMB2laaOeX": {"name": "Sweetest Thing", "coverArt": "https://i.scdn.co/image/ab67616d00001e02081df076f8c20d3f10aa2852", "artist": ["NGHTMRE", "RNSOM", "Davis"], "artistIds": ["76M2Ekj8bG8W7X2nbx2CpF", "0PDXIBsT4ZOJyqrF1MYnxh", "1UMFvfUUhddeehpyd7D8dw"], "artistPop": [67, 20, 25], "genres": ["bass trap", "brostep", "edm", "electro house", "electronic trap", "pop dance", "vapor twitch"]}, "2P7mPtGjXFzHoLgT6sMSyZ": {"name": "midnight sun", "coverArt": "https://i.scdn.co/image/ab67616d00001e02622f3ae0b940fbc91af2d7d5", "artist": ["Nil\u00fcfer Yanya"], "artistIds": ["09kXLeOXRyfNQMXRaDO4qA"], "artistPop": [52], "genres": ["art pop", "uk alternative pop"]}, "0cYSvUNMzEltRY0RirjUNp": {"name": "GORGEOUS", "coverArt": "https://i.scdn.co/image/ab67616d00001e0235ef1a14f1979d5043034350", "artist": ["Olivia Knox"], "artistIds": ["6nR3bxU4P6KV6678GbfhLk"], "artistPop": [7], "genres": []}, "41NARZtOutIZOTmFuNwh8Q": {"name": "No Relation", "coverArt": "https://i.scdn.co/image/ab67616d00001e02be9e6aa232c6e5075c3da592", "artist": ["Jully Black"], "artistIds": ["781516XewTgtGAnpg6dlmd"], "artistPop": [34], "genres": ["canadian pop"]}, "0Abt1QbqiLu45RN3VPECM6": {"name": "Walk Through The Fire (feat. Ne-Yo)", "coverArt": "https://i.scdn.co/image/ab67616d00001e0276cd65c5327db7f36f01e77e", "artist": ["Yung Bleu", "Ne-Yo"], "artistIds": ["3KNIG74xSTc3dj0TRy7pGX", "21E3waRsmPlU7jZsS13rcj"], "artistPop": [74, 81], "genres": ["alabama rap", "pop r&b", "pop rap", "r&b", "trap", "dance pop", "pop", "r&b", "urban contemporary"]}, "15gPvZFGYcznrSDxyv7zjC": {"name": "Maslow's Hammer", "coverArt": "https://i.scdn.co/image/ab67616d00001e0284b3e81a3eb05d4e56b1848c", "artist": ["Mach-Hommy"], "artistIds": ["3ZMur3elMyOs248ah86NRk"], "artistPop": [58], "genres": ["alternative hip hop", "boom bap", "hip hop", "new jersey rap", "psychedelic hip hop", "underground hip hop"]}, "5aXplC3gYU14i6HW5Fpaer": {"name": "You're A Jerk 2", "coverArt": "https://i.scdn.co/image/ab67616d00001e02fa2ee05d19d4e02457901611", "artist": ["New Boyz"], "artistIds": ["1ZKqrja0WvbSssYNFO3lzs"], "artistPop": [59], "genres": ["dance pop", "pop rap", "southern hip hop"]}, "7wS1byPUBExSZ0lcF1ZbT1": {"name": "little bit (feat. GASHI)", "coverArt": "https://i.scdn.co/image/ab67616d00001e02dce9e3e8b44f62fc2659a924", "artist": ["Marian Hill", "GASHI"], "artistIds": ["1xHQO9GJIW9OXHxGBISYc5", "0JOxt5QOwq0czoJxvSc5hS"], "artistPop": [60, 67], "genres": ["electropop", "indie poptimism", "pop rap", "trap soul"]}, "24gizZ8nh7OPwLtHZTStjg": {"name": "Be Alright", "coverArt": "https://i.scdn.co/image/ab67616d00001e021f13e0d0862126782f7258fb", "artist": ["Phil J."], "artistIds": ["5D2KHBBywjO32ifLVWSci9"], "artistPop": [35], "genres": ["christian hip hop", "christian pop", "christian trap"]}, "7BaExHeRww0LxV4yuYIFSL": {"name": "Find Love", "coverArt": "https://i.scdn.co/image/ab67616d00001e026b6652f833b0a2d5569932ba", "artist": ["Hikaru Utada"], "artistIds": ["7lbSsjYACZHn1MSDXPxNF2"], "artistPop": [71], "genres": ["anime", "classic j-pop", "j-pop", "japanese singer-songwriter"]}, "0LPcBW66vudTxR0HcauKNy": {"name": "Los Caminos de la Vida - Spotify Singles", "coverArt": "https://i.scdn.co/image/ab67616d00001e02148c952b80858055a87a729a", "artist": ["Los Dos Carnales"], "artistIds": ["25UNJbwGZSQKvz5cPLWlv3"], "artistPop": [79], "genres": ["corrido", "norteno", "nuevo regional mexicano", "regional mexican"]}, "7tzYZF0cVEwSVdzDFlg1RP": {"name": "Did You Say Such A Thing (feat. Bruce Springsteen)", "coverArt": "https://i.scdn.co/image/ab67616d00001e02c0d7d8d1866b7ccd8a2ceca3", "artist": ["John Mellencamp", "Bruce Springsteen"], "artistIds": ["3lPQ2Fk5JOwGWAF3ORFCqH", "3eqjTLE0HfPfh78zjh6TqT"], "artistPop": [69, 80], "genres": ["album rock", "classic rock", "country rock", "folk rock", "heartland rock", "mellow gold", "pop rock", "rock", "singer-songwriter", "soft rock", "classic rock", "heartland rock", "mellow gold", "permanent wave", "rock", "singer-songwriter"]}, "5UbS0IXeN6JCXFfFrAvBF0": {"name": "Stand Up", "coverArt": "https://i.scdn.co/image/ab67616d00001e02857103900a8177c8c5f20c0b", "artist": ["Papa Roach"], "artistIds": ["4RddZ3iHvSpGV4dvATac9X"], "artistPop": [76], "genres": ["alternative metal", "nu metal", "rap metal", "rap rock"]}, "1fOYFkUgtbPG2oK2j6SRcK": {"name": "PUNISH", "coverArt": "https://i.scdn.co/image/ab67616d00001e02846703e8a9281cc5e8929fee", "artist": ["Pussy Riot"], "artistIds": ["2hThsqaVEAWhWPBXnaOfB9"], "artistPop": [48], "genres": ["riot grrrl", "russian indie", "russian punk"]}, "0licCUB7Z6cIQtoKPssPRy": {"name": "Chains", "coverArt": "https://i.scdn.co/image/ab67616d00001e02acd72fbbe77e9147c1aff006", "artist": ["DBMK"], "artistIds": ["6EByikTHjqFtWxos3Iaqik"], "artistPop": [44], "genres": ["modern alternative pop", "tampa indie"]}, "4GwIJFFipIzqF6ZvQ9vZd7": {"name": "dejavu", "coverArt": "https://i.scdn.co/image/ab67616d00001e02df0b61b5ed630bba2ce2ab04", "artist": ["lullaboy"], "artistIds": ["7zrkFhYAp6dBxsydmJkouN"], "artistPop": [62], "genres": ["chill r&b", "indonesian pop"]}}