{"6vB8bdQCCTDDIH8fhRfuXA": {"name": "734", "coverArt": "https://i.scdn.co/image/ab67616d00001e025b611f942ee0f9c4e431407f", "artist": ["Juice WRLD"], "artistIds": ["4MCBfE4596Uoi2O4DtmEMz"], "artistPop": [92], "genres": ["chicago rap", "melodic rap"]}, "4Ixc50wY5pbUvNEogTQ2wL": {"name": "100 MILLONES", "coverArt": "https://i.scdn.co/image/ab67616d00001e02e7330f0045c65be502d01cd6", "artist": ["Bad Bunny", "Luar La L"], "artistIds": ["4q3ewBCX7sLwd24euuV69X", "4axKuDPr6WKcDCyh8vueTY"], "artistPop": [96, 65], "genres": ["latin", "reggaeton", "trap latino", "reggaeton flow", "trap latino"]}, "41WFnZg6LOFNnapyT0y2sP": {"name": "Everything Different", "coverArt": "https://i.scdn.co/image/ab67616d00001e022e68c3efffcc9990470ba796", "artist": ["Culture Jam", "YoungBoy Never Broke Again", "Rod Wave"], "artistIds": ["3NbMf2TTL0tcjISP5AFgzf", "7wlFDEWiM5OoIAt8RSli8b", "45TgXXqMDdF8BkjA83OM7z"], "artistPop": [52, 83, 78], "genres": ["baton rouge rap", "trap", "florida rap"]}, "032DRv0baStN644jRO2lMV": {"name": "One Foot in Front of the Other", "coverArt": "https://i.scdn.co/image/ab67616d00001e029e081f380b901f00c97876e7", "artist": ["Griff"], "artistIds": ["5RJFJWYgtgWktosLrUDzff"], "artistPop": [68], "genres": ["alt z", "dance pop", "pop", "uk pop"]}, "4OWwJ7gwDenLKBYfR2QYJC": {"name": "The Hearse", "coverArt": "https://i.scdn.co/image/ab67616d00001e02dfeea251298a94df0d5cb533", "artist": ["Mustafa"], "artistIds": ["1zkKkDDra0jlsiJYz57P3P"], "artistPop": [48], "genres": ["chill pop"]}, "6hf0RpxTbOprT5nnwzkk8e": {"name": "Qu\u00e9 M\u00e1s Pues?", "coverArt": "https://i.scdn.co/image/ab67616d00001e0274063b2c20fb50f80388eac2", "artist": ["J Balvin", "Maria Becerra"], "artistIds": ["1vyhD5VmyZ7KMfW5gqLgo5", "1DxLCyH42yaHKGK3cl5bvG"], "artistPop": [94, 86], "genres": ["latin", "reggaeton", "reggaeton colombiano", "trap latino", "pop argentino"]}, "1T2zBb2omBI30fvIWegMuT": {"name": "Bath Salts (feat. JAY-Z & Nas)", "coverArt": "https://i.scdn.co/image/ab67616d00001e0234578a206a2a076a47bdbecb", "artist": ["DMX", "JAY-Z", "Nas"], "artistIds": ["1HwM5zlC5qNWhJtM00yXzG", "3nFkdlSjzX9mRTtwJOzDYB", "20qISvAhX20dpIbOOzGK3q"], "artistPop": [73, 85, 78], "genres": ["east coast hip hop", "gangster rap", "hardcore hip hop", "hip hop", "pop rap", "rap", "east coast hip hop", "hip hop", "pop rap", "rap", "conscious hip hop", "east coast hip hop", "gangster rap", "hardcore hip hop", "hip hop", "queens hip hop", "rap"]}, "3gHMshV2IfQAM3YWwKXOlQ": {"name": "Darkest Hour - from the Amazon Original Series PANIC", "coverArt": "https://i.scdn.co/image/ab67616d00001e0276a729957dd4725869df54ab", "artist": ["Tate McRae"], "artistIds": ["45dkTj5sMRSjrmBSBeiHym"], "artistPop": [81], "genres": ["alt z", "dance pop", "pop", "post-teen pop"]}, "6VYIVgVqEIwzRwpJz5rMa4": {"name": "Pick Me Up", "coverArt": "https://i.scdn.co/image/ab67616d00001e0245b802485b79ab7312863652", "artist": ["Sam Feldt", "Sam Fischer"], "artistIds": ["20gsENnposVs2I4rQ5kvrf", "6L1XC7NrmgWRlwAeLJvVtA"], "artistPop": [76, 72], "genres": ["dance pop", "edm", "electro house", "pop", "pop dance", "pop edm", "tropical house", "alt z", "australian pop", "dance pop", "indie cafe pop", "pop", "post-teen pop"]}, "6U2sXLGhxJVmKskGUvJzI3": {"name": "fantasize", "coverArt": "https://i.scdn.co/image/ab67616d00001e02c63fcc35a0d7de6cdfbcce91", "artist": ["ericdoa"], "artistIds": ["4hR6Bm9YYtktXzjmKhb1Cn"], "artistPop": [60], "genres": ["emo rap", "glitchcore"]}, "0eu4C55hL6x29mmeAjytzC": {"name": "Life Goes On", "coverArt": "https://i.scdn.co/image/ab67616d00001e021c5a484110522f2b9c7038cc", "artist": ["Oliver Tree"], "artistIds": ["6TLwD7HPWuiOzvXEa3oCNe"], "artistPop": [77], "genres": ["alternative hip hop"]}, "7ak6KbxwwaGfkJ5B8SF6V2": {"name": "Back In Time", "coverArt": "https://i.scdn.co/image/ab67616d00001e0224bc3b58dfd04327ead398af", "artist": ["Marshmello", "Carnage"], "artistIds": ["64KEffDW9EtZ1y2vBYgq8T", "7CCjtD0hCK005Bvg2WG1a7"], "artistPop": [86, 61], "genres": ["brostep", "edm", "pop", "pop dance", "progressive electro house", "edm", "electro house", "electronic trap", "pop rap", "trap"]}, "07zZzNfCUizQ2puAmTLhrc": {"name": "Mi No Sabe", "coverArt": "https://i.scdn.co/image/ab67616d00001e022c2bf837ea0c7052d907d12d", "artist": ["Sleepy Hallow"], "artistIds": ["6EPlBSH2RSiettczlz7ihV"], "artistPop": [82], "genres": ["brooklyn drill", "nyc rap"]}, "1yvuOQGwF0Z8MbWNDSunxY": {"name": "Forever Never (feat. Swae Lee & Pink Sweat$)", "coverArt": "https://i.scdn.co/image/ab67616d00001e02e25c8e95e282612438d32609", "artist": ["PnB Rock", "Swae Lee", "Pink Sweat$"], "artistIds": ["21WS9wngs9AqFckK7yYJPM", "1zNqQNIdeOUZHb8zbZRFMX", "1W7FNibLa0O0b572tB2w7t"], "artistPop": [74, 81, 75], "genres": ["melodic rap", "pop rap", "r&b", "rap", "southern hip hop", "trap", "melodic rap", "trap", "bedroom soul", "pop"]}, "4PDLvSojW752SsO9yxavlv": {"name": "Private", "coverArt": "https://i.scdn.co/image/ab67616d00001e027678c7cf433313190adefb3d", "artist": ["Russ", "Rexx Life Raj"], "artistIds": ["1z7b1Pr1rSlvWRzsW3HOrS", "5rDXcEIODl8TgGTgrntnjX"], "artistPop": [79, 59], "genres": ["hawaiian hip hop", "pop rap", "rap", "alternative r&b", "cali rap", "trap soul", "underground hip hop"]}, "3Qj2f7BrpJNGj3dbxKpOlp": {"name": "California (feat. Warren Hue)", "coverArt": "https://i.scdn.co/image/ab67616d00001e023cff28a3304728e97352a8a5", "artist": ["88rising", "Rich Brian", "NIKI", "Warren Hue"], "artistIds": ["1AhjOkOLkbHUfcHDSErXQs", "2IDLDx25HU1nQMKde4n61a", "2kxP07DLgs4xlWz8YHlvfh", "4qcKNkdxUidhvUByB2eQ6g"], "artistPop": [69, 77, 73, 64], "genres": ["asian american hip hop", "chill r&b", "pop", "indonesian hip hop", "chill r&b", "indonesian r&b", "pop", "chill r&b"]}, "7Ae5WP06rEQfq5tRqrST2j": {"name": "That XX - Spotify Singles", "coverArt": "https://i.scdn.co/image/ab67616d00001e0260b82b6c60e3454ebd332333", "artist": ["AUDREY NUNA"], "artistIds": ["0Wwji82sLA0Hcvtuak3omb"], "artistPop": [56], "genres": ["alternative r&b", "chill r&b", "indie r&b", "modern indie pop"]}, "4NjTrZ2IQeWnIbzyY2SOfz": {"name": "Mirror", "coverArt": "https://i.scdn.co/image/ab67616d00001e02469dbe84a4201e345dc3fe2b", "artist": ["Sigrid"], "artistIds": ["4TrraAsitQKl821DQY42cZ"], "artistPop": [65], "genres": ["dance pop", "norwegian pop", "pop"]}, "1sc1LUE0z2kiAFG7ZZlcDZ": {"name": "Monsters (feat. 24kGoldn)", "coverArt": "https://i.scdn.co/image/ab67616d00001e02d7d88c479133a202690899d6", "artist": ["Dynoro", "24kGoldn"], "artistIds": ["3v6Ji4uoWtKRkhuDUaxi9n", "6fWVd57NKTalqvmjRd2t8Z"], "artistPop": [71, 81], "genres": ["edm", "electro house", "pop dance", "tropical house", "cali rap"]}, "2ttfqpA40dpzzz9QhxnFCv": {"name": "Shine Your Light (feat. Akon)", "coverArt": "https://i.scdn.co/image/ab67616d00001e021524a2e997d33a7d97dcfbf2", "artist": ["Master KG", "David Guetta", "Akon"], "artistIds": ["523y9KSneKh6APd1hKxLuF", "1Cs0zKBU1kc0i8ypK3B9ai", "0z4gvV4rjIZ9wHck67ucSV"], "artistPop": [66, 89, 80], "genres": ["south african house", "big room", "dance pop", "edm", "pop", "pop dance", "dance pop"]}, "50QqjYyqOapIo9CG7aBvKw": {"name": "Pikete", "coverArt": "https://i.scdn.co/image/ab67616d00001e0294b7cced7fe486055c53aab8", "artist": ["Nicky Jam", "El Alfa"], "artistIds": ["1SupJlEpv7RS2tPNRaHViT", "2oQX8QiMXOyuqbcZEFsZfm"], "artistPop": [87, 80], "genres": ["latin", "latin hip hop", "reggaeton", "trap latino", "dembow", "latin", "rap dominicano", "reggaeton", "trap latino"]}, "4hxAZVGVvBibnz36zIF6QN": {"name": "Nobody Special (with Future)", "coverArt": "https://i.scdn.co/image/ab67616d00001e02cdb23f19369afc15b02d3966", "artist": ["Hotboii", "Future"], "artistIds": ["220xv2aB3dsGxaJI1gGs7l", "1RyvyyTE3xzB2ZywiAwp0i"], "artistPop": [64, 89], "genres": ["florida rap", "atl hip hop", "pop rap", "rap", "southern hip hop", "trap"]}, "7nc7mlSdWYeFom84zZ8Wr8": {"name": "Tell Em", "coverArt": "https://i.scdn.co/image/ab67616d00001e02e60b56aa1e58fe76240a101b", "artist": ["Cochise", "$NOT"], "artistIds": ["46HzS7yz0c9udVwtbHk1sx", "5IbEL2xjRtKsunfmsahLuO"], "artistPop": [72, 77], "genres": ["plugg", "vapor trap", "viral rap", "aesthetic rap", "florida rap", "underground hip hop"]}, "3y3wEiN8vcWl2DxaxL7gNC": {"name": "i can't sleep", "coverArt": "https://i.scdn.co/image/ab67616d00001e02638afb381f3ebb5479a079b3", "artist": ["Peter McPoland"], "artistIds": ["23E65IfLBGQv0FBrMwCcG2"], "artistPop": [58], "genres": ["indie cafe pop"]}, "39LmkwLmeETbr80Uy7HIVU": {"name": "Alive", "coverArt": "https://i.scdn.co/image/ab67616d00001e02afb4a623fac2d847df0c0e4f", "artist": ["Audrey Mika"], "artistIds": ["3JDG63cSaK3xgDnB2H55Xp"], "artistPop": [63], "genres": ["alt z", "chill r&b"]}, "1DiOSZ8PpnmwgriDH0RNQd": {"name": "how to live", "coverArt": "https://i.scdn.co/image/ab67616d00001e025b57c183d0ce3d75efb515bb", "artist": ["yaeow", "Powfu", "Sarcastic Sounds"], "artistIds": ["4Abe9XH0fplj8dbOddoYgH", "6bmlMHgSheBauioMgKv2tn", "1bq8rqNnfrojn0OSAfeNXJ"], "artistPop": [64, 76, 68], "genres": ["lo-fi chill", "sad lo-fi", "sad rap", "sad rap", "lo-fi beats", "lo-fi chill", "sad lo-fi"]}, "1NVBzBSEMTvSfObaV3lwc8": {"name": "i'll do it again", "coverArt": "https://i.scdn.co/image/ab67616d00001e025ea00123b47556c07ffb4c37", "artist": ["Prentiss"], "artistIds": ["0uzKt8lgkTlxm4OUWiCX3H"], "artistPop": [35], "genres": []}, "3DnUQXJqtTsS17KLeZQSh9": {"name": "Live to Survive", "coverArt": "https://i.scdn.co/image/ab67616d00001e02dbf6eca076f88ca58f6d067d", "artist": ["M\u00d8"], "artistIds": ["0bdfiayQAKewqEvaU6rXCv"], "artistPop": [72], "genres": ["art pop", "dance pop", "danish pop", "electropop", "indie poptimism", "pop", "tropical house"]}, "6wL9pSXJ4roDSEoBpYyQy7": {"name": "Bobo", "coverArt": "https://i.scdn.co/image/ab67616d00001e021c883496fea24e07960b3ceb", "artist": ["Aya Nakamura"], "artistIds": ["7IlRNXHjoOCgEAWN5qYksg"], "artistPop": [75], "genres": ["basshall", "francoton"]}, "72AK6S3YqO2UNdrhtoN8vu": {"name": "West Like (feat. Kalan.FrFr)", "coverArt": "https://i.scdn.co/image/ab67616d00001e0253d0b6bafad9c91313903595", "artist": ["Destiny Rogers", "Kalan.FrFr"], "artistIds": ["6gezkje7GoJlQbHBgLXHuu", "47TMF0JlFsz01KilGzc5Ly"], "artistPop": [60, 56], "genres": ["pop", "cali rap", "pop r&b", "west coast trap"]}, "55mmAY09sc3CccPpAdUqo4": {"name": "Movie", "coverArt": "https://i.scdn.co/image/ab67616d00001e020f7574641c75ac390a8d7754", "artist": ["Blxst", "Bino Rideaux"], "artistIds": ["4qXC0i02bSFstECuXP2ZpL", "3pcerTbRFAPvWWtAfySFWB"], "artistPop": [76, 62], "genres": ["cali rap", "west coast trap"]}, "4lsqjfe17KhFwSlywcXisW": {"name": "Work Out (feat. Gunna)", "coverArt": "https://i.scdn.co/image/ab67616d00001e02ecc17c5abe6505a3f11179f2", "artist": ["Lil Gotit", "Gunna"], "artistIds": ["4ke9HXbejpYVMhbOjSa4le", "2hlmm7s2ICUX0LVIhVFlZQ"], "artistPop": [55, 87], "genres": ["atl trap", "rap", "southern hip hop", "trap", "vapor trap", "atl hip hop", "hip hop", "melodic rap", "rap", "trap"]}, "4ZhFZ6DB2rqtdLvwijlHha": {"name": "Go(I)d", "coverArt": "https://i.scdn.co/image/ab67616d00001e027b35bee1c59d8cb6b2a20bd1", "artist": ["Mereba"], "artistIds": ["294lNTPZfdqyzt8qnxmFiL"], "artistPop": [60], "genres": ["alternative r&b", "chill r&b", "escape room", "indie r&b", "indie soul", "r&b"]}, "7dk9EBvTbbKBbFxjCAJpwK": {"name": "Hear Me Say", "coverArt": "https://i.scdn.co/image/ab67616d00001e021a45582b69e744e45e46a7ca", "artist": ["Jonas Blue", "L\u00c9ON"], "artistIds": ["1HBjj22wzbscIZ9sEb5dyf", "4SqTiwOEdYrNayaGMkc7ia"], "artistPop": [78, 68], "genres": ["dance pop", "edm", "pop", "pop dance", "tropical house", "uk dance", "metropopolis", "pop", "pop rock"]}, "6Vb6Sx04uFuqx6ZE93mwWX": {"name": "I Miss The Future", "coverArt": "https://i.scdn.co/image/ab67616d00001e02c362f40722871cd2ac7683f4", "artist": ["Lost Kings", "Jordan Shaw"], "artistIds": ["3hyEbRtp617pNCuuQjyOmc", "6Z8vLeI1ZMj2kzTNWVOBXr"], "artistPop": [63, 57], "genres": ["alt z", "dance pop", "edm", "electro house", "indie poptimism", "pop", "pop dance", "pop edm", "pop rap", "tropical house"]}, "6v3uCeZyBl3nygTVIRIMS6": {"name": "I'm Dead (feat. jxdn) [From the Podcast \u201cProm In Hell\u201d]", "coverArt": "https://i.scdn.co/image/ab67616d00001e02b94225ef67c7253807ca81ad", "artist": ["Nessa Barrett", "jxdn"], "artistIds": ["7pwufEBGfggjoI8twqlsmQ", "6Y64EaNqpqcZYTgs4c76gF"], "artistPop": [71, 73], "genres": ["alt z", "pop", "social media pop", "pop rap"]}, "5pRYSDSbnj6BiGQsEgx3ne": {"name": "Trouble", "coverArt": "https://i.scdn.co/image/ab67616d00001e02bc26169302c64246a8ded2e6", "artist": ["Marc E. Bassy"], "artistIds": ["3tQx1LPXbsYjE9VwN1Peaa"], "artistPop": [69], "genres": ["alternative r&b", "pop", "pop rap", "r&b", "rap"]}, "6luzHTAI6HmHjhm8OCrqX5": {"name": "The Nights", "coverArt": "https://i.scdn.co/image/ab67616d00001e02e657e349654723e4f415e2d1", "artist": ["Chase Rice"], "artistIds": ["6pBNfggcZZDCmb0p92OnGn"], "artistPop": [67], "genres": ["contemporary country", "country", "country road", "modern country rock"]}, "024JIwBZHRi8uyqEo0wm8K": {"name": "Creature of Habit", "coverArt": "https://i.scdn.co/image/ab67616d00001e029f54624759618a415669042f", "artist": ["JoJo"], "artistIds": ["5xuNBZoM7z1Vv8IQ6uM0p6"], "artistPop": [64], "genres": ["dance pop", "hip pop", "pop", "pop r&b", "pop rap", "post-teen pop", "r&b", "urban contemporary"]}, "5yCnQBVvUXg4f3GHGCuc3Y": {"name": "Want", "coverArt": "https://i.scdn.co/image/ab67616d00001e0266f5412cf6b476258a5d87db", "artist": ["Q"], "artistIds": ["22vqVhfPJab5kkU9txDGX3"], "artistPop": [55], "genres": ["alternative r&b", "chill r&b", "indie r&b"]}, "3AqM4BZgbOgNIrGQslY2fa": {"name": "batman", "coverArt": "https://i.scdn.co/image/ab67616d00001e0216c651292184cf2c70117950", "artist": ["gabriel black"], "artistIds": ["6lWQ8ff0y4b0fozjUcmvaJ"], "artistPop": [43], "genres": ["modern alternative pop"]}, "4DLiXw3uGMe45QwJtPNOVc": {"name": "Take It Back", "coverArt": "https://i.scdn.co/image/ab67616d00001e02b127e2d0ee37d983d4308039", "artist": ["JAWNY"], "artistIds": ["25pd339V2rRJo84USlcSRP"], "artistPop": [66], "genres": ["bedroom pop"]}, "1S8NRzYfxtEDce2hEI80af": {"name": "Stand For Myself", "coverArt": "https://i.scdn.co/image/ab67616d00001e02f7c6a33759684dea32095c1d", "artist": ["Yola"], "artistIds": ["2gqMBdyddvN82dzZt4ZF14"], "artistPop": [57], "genres": ["folk", "indie folk", "new americana", "uk americana"]}, "1Fu9QYiYh8izSKG0cqUXxn": {"name": "Mon Cheri", "coverArt": "https://i.scdn.co/image/ab67616d00001e0271365d9ffaba3ea96cbad620", "artist": ["Sofi Tukker", "Amadou & Mariam"], "artistIds": ["586uxXMyD5ObPuzjtrzO1Q", "3KH7WsR2JZQ94Ik8SyabU6"], "artistPop": [71, 55], "genres": ["electropop", "afropop", "malian blues", "mande pop", "world"]}, "5aL4CEwuO8mGuT2Ar1EjbQ": {"name": "Don't Hold Back", "coverArt": "https://i.scdn.co/image/ab67616d00001e025c5adf2879314944edb4362b", "artist": ["DRAMA"], "artistIds": ["7LvvNoUPwTZpgXDWBRrfHg"], "artistPop": [63], "genres": ["alternative r&b", "indie soul", "vapor soul"]}, "7ossJoAkwNcV8pFzIyBb9j": {"name": "ocean view", "coverArt": "https://i.scdn.co/image/ab67616d00001e02fc69c2fe5635674c56d66f1f", "artist": ["easy life"], "artistIds": ["7uwY65fDg3FVJ8MkJ5QuZK"], "artistPop": [62], "genres": ["leicester indie", "modern indie pop"]}, "3FpkGXrGNBBBX9SmujIy0M": {"name": "Beeline", "coverArt": "https://i.scdn.co/image/ab67616d00001e026b5bac8cda142ba1b36bab92", "artist": ["whiterosemoxie", "Tom The Mail Man"], "artistIds": ["3XlPXxJwM5utJ5D0PiBugV", "1ueFyDvrq8tCjAd6x8AVxD"], "artistPop": [47, 56], "genres": ["indie hip hop", "aesthetic rap", "modern indie pop", "sad rap", "vapor trap"]}, "7v7wvCkG5tElBJbEfAzekX": {"name": "Patience", "coverArt": "https://i.scdn.co/image/ab67616d00001e029b05eb5f5ad71a683c402f75", "artist": ["Blueface", "Calboy"], "artistIds": ["3Fl1V19tmjt57oBdxXKAjJ", "0HkcYmcjrBR3SCw9Ld5VZk"], "artistPop": [75, 63], "genres": ["cali rap", "trap", "chicago rap", "melodic rap", "rap", "trap", "vapor trap"]}, "41eufjLWcivyEfJ9at7LCX": {"name": "In and Out", "coverArt": "https://i.scdn.co/image/ab67616d00001e0238901c4e2065d4f727778c2f", "artist": ["Jelly", "Pi\u2019erre Bourne"], "artistIds": ["6Jb1lWkhG604r5Ly1HCfvh", "3x3jSlhyv5CiCZDZlaTq0M"], "artistPop": [35, 68], "genres": ["hip hop", "melodic rap", "rap", "trap", "underground hip hop", "vapor trap"]}, "5RWp0wbRWI5rC8qemJ42h8": {"name": "Y DON'T U", "coverArt": "https://i.scdn.co/image/ab67616d00001e0290a83ab1e2faea3683e23a4d", "artist": ["\ubc15\ud61c\uc9c4 Park Hye Jin", "Clams Casino", "Take A Daytrip"], "artistIds": ["6niigcazB2JPcpasZfZvq1", "5vSQUyT33qxr1xAX2Tkf3A", "3StB6ddX8vfwCGVD9HlNUw"], "artistPop": [53, 59, 52], "genres": ["korean dream pop", "chillwave", "experimental hip hop", "psychedelic hip hop", "underground hip hop", "wave", "witch house"]}, "1OHYh4ycNpSczDFaf5PkJ9": {"name": "Polly", "coverArt": "https://i.scdn.co/image/ab67616d00001e02e93ca5c59898bda3aa3e41d1", "artist": ["Dora Jar"], "artistIds": ["4V30Q8ACPdJCcAmAYibfrH"], "artistPop": [39], "genres": ["indie pop"]}, "4zxZb0IQoUuT2FSqaOPYpi": {"name": "see u dance", "coverArt": "https://i.scdn.co/image/ab67616d00001e0286e3f15ea0eceb92c1650de1", "artist": ["Hong Kong Boyfriend"], "artistIds": ["7lDgh1Efb7gDBPxtYWd7ui"], "artistPop": [39], "genres": ["chill r&b", "indie r&b"]}, "60uzdMBONrb197xUEdBlIx": {"name": "tmrw", "coverArt": "https://i.scdn.co/image/ab67616d00001e0239b15d03796712240dfba5d4", "artist": ["Jake Cornell"], "artistIds": ["6zf13X0QDPkbKT2bQAcKyV"], "artistPop": [35], "genres": []}, "3Q4jOnUZcpeqSY0CALbiOP": {"name": "TIME 2", "coverArt": "https://i.scdn.co/image/ab67616d00001e02df7f64de15b609f5c33dad71", "artist": ["half\u2022alive"], "artistIds": ["7sOR7gk6XUlGnxj3p9F54k"], "artistPop": [62], "genres": ["alt z", "indie pop", "modern alternative rock", "modern rock"]}, "6q8BR4D8pvhSMVcIfrDHwS": {"name": "Tell You Everything", "coverArt": "https://i.scdn.co/image/ab67616d00001e02383465dba11fe37a31ffa4fb", "artist": ["Robyn Ottolini"], "artistIds": ["2mAb9JDF63azaglqA7c9bb"], "artistPop": [51], "genres": ["alt z", "contemporary country", "country pop"]}, "3pMbjkN5k9z6kZ2bcEZH1s": {"name": "Sapling", "coverArt": "https://i.scdn.co/image/ab67616d00001e029352d89e193511facc37daae", "artist": ["Foy Vance"], "artistIds": ["4bUqnkrDrb4f7rqmDR9yDu"], "artistPop": [57], "genres": ["acoustic pop", "british singer-songwriter", "indie anthem-folk", "indie folk", "irish singer-songwriter", "neo mellow", "uk americana"]}, "7GFflAiJxZatSnyacK5T8b": {"name": "Make It Right", "coverArt": "https://i.scdn.co/image/ab67616d00001e02acf6d4b5f629ec03b521bd11", "artist": ["Gabrielle Current"], "artistIds": ["7efkoQb7dW8884GCnykYKW"], "artistPop": [38], "genres": ["la pop"]}, "7gsKRrLsvTtOxcPb2GtGoI": {"name": "over and done", "coverArt": "https://i.scdn.co/image/ab67616d00001e023ae39c86b013a09bcf61f232", "artist": ["Njomza"], "artistIds": ["3zOUpziwcfY2bCh4VyJ4Am"], "artistPop": [54], "genres": ["alternative r&b", "indie r&b"]}, "2tW9lXMLknjIKFmWtMpf54": {"name": "nothing but the love", "coverArt": "https://i.scdn.co/image/ab67616d00001e02e3642c37cec5938fdf4032ff", "artist": ["Wrabel"], "artistIds": ["7r2uG6BlFXKcwmh9ItqlII"], "artistPop": [63], "genres": ["alt z", "australian pop", "electropop", "indie cafe pop", "indie poptimism", "indiecoustica", "neo mellow", "pop", "pop rock"]}, "1puWjVZrdvVGsR6RFz14Ca": {"name": "Broken Heart of Gold", "coverArt": "https://i.scdn.co/image/ab67616d00001e028ca492895c21886b02107381", "artist": ["ONE OK ROCK"], "artistIds": ["7k73EtZwoPs516ZxE72KsO"], "artistPop": [71], "genres": ["j-pop", "j-poprock", "j-rock", "japanese emo", "visual kei"]}, "4ftzLFaY6XO0oYIzyFsaHk": {"name": "Nada Es Verdad", "coverArt": "https://i.scdn.co/image/ab67616d00001e0274123f54c0d66004d94dd262", "artist": ["Natalia Lafourcade", "Los Cojolites"], "artistIds": ["1hcdI2N1023RvSwLzTtdsp", "6SFpEAywC3u4kjE00wHMoO"], "artistPop": [74, 42], "genres": ["latin", "latin alternative", "latin pop", "mexican pop", "rock en espanol", "veracruz indie", "folklore veracruzano", "mexican son", "son jarocho", "veracruz indie"]}, "18wru0oN6gvu33HpvxyM9t": {"name": "Get Fly (feat. DaBaby)", "coverArt": "https://i.scdn.co/image/ab67616d00001e025adcb812909eeb72d2731706", "artist": ["OHGEESY", "DaBaby"], "artistIds": ["3ppQEG71r7jVpI8RudzycF", "4r63FhuTkUYltbVAg5TQnk"], "artistPop": [70, 89], "genres": ["cali rap", "trap", "underground hip hop", "vapor trap", "north carolina hip hop", "rap"]}, "5H8VbpRmV5RTfr9QWXa3P5": {"name": "You Gotta", "coverArt": "https://i.scdn.co/image/ab67616d00001e02bdc1d48fbc6050bb7b88a859", "artist": ["Larry June"], "artistIds": ["1grN0519h2zYqpRtYbDZAl"], "artistPop": [63], "genres": ["cali rap"]}, "1aaq7ZnTGM9D8tGIkcDQeH": {"name": "Like The First Time", "coverArt": "https://i.scdn.co/image/ab67616d00001e024657f7e4f359a68652c2f003", "artist": ["Tone Stith"], "artistIds": ["756t7CBmWLNYsshVtS6P44"], "artistPop": [55], "genres": ["alternative r&b", "chill r&b", "indie r&b", "pop r&b", "r&b", "trap soul"]}, "0qsnxBh0zJgW0Y1s8rVCwS": {"name": "Just A Moment", "coverArt": "https://i.scdn.co/image/ab67616d00001e026189b06ccee81b79bdff0d57", "artist": ["Symphani Soto", "Eric Bellinger"], "artistIds": ["5N2lZ3f6pIpMTnpfVV4Adg", "7ibAWtDtmEfaVhc1FJ3Vl9"], "artistPop": [30, 69], "genres": ["alternative r&b", "chill r&b", "indie r&b", "pop r&b", "pop", "pop r&b", "pop rap", "r&b", "rap", "urban contemporary"]}, "4qBsljPLydFTDKdLAfXjUa": {"name": "Eat It All Up", "coverArt": "https://i.scdn.co/image/ab67616d00001e02d3a3b2007a67ed184385ecba", "artist": ["Anna Sofia"], "artistIds": ["3ONUI6Gh4s7kcv3h0EuG2K"], "artistPop": [39], "genres": ["ontario indie"]}, "4LUCg79fK00AuYV30QiP9n": {"name": "Boys", "coverArt": "https://i.scdn.co/image/ab67616d00001e0254b404269a0ae226e640566e", "artist": ["Kat Cunning"], "artistIds": ["0THdxk7bYWo6wciF1gInBK"], "artistPop": [45], "genres": []}, "5bbv9GuLn5neeRlvHxrwm3": {"name": "No Fun", "coverArt": "https://i.scdn.co/image/ab67616d00001e02c030a68607b5fcf14a781171", "artist": ["Ryan Caraveo"], "artistIds": ["1PDE2MIJ4M6uvFJDrslazf"], "artistPop": [61], "genres": ["indie pop rap", "pop rap", "sad rap"]}, "74Gaw8AuQDMvOjT63Wdrld": {"name": "Break Up Song", "coverArt": "https://i.scdn.co/image/ab67616d00001e026404ba30f8c59ac6ba214c3b", "artist": ["Kidd G"], "artistIds": ["5edcHuf8pWH3I00WTorajM"], "artistPop": [62], "genres": ["social media pop"]}, "4gFFO1KftkqTE42gecpdEf": {"name": "Romantic Disaster (feat. Chrissy Costanza)", "coverArt": "https://i.scdn.co/image/ab67616d00001e022daa7003f19f8905b6388727", "artist": ["LiL Lotus", "Against The Current", "Chrissy Costanza"], "artistIds": ["2RJWS2Lmkw2uExDmFMe1Ry", "6yhD1KjhLxIETFF7vIRf8B", "2zmjYl582zO64LcLQtOEuv"], "artistPop": [54, 67, 56], "genres": ["emo rap", "sad rap", "neon pop punk", "pixie", "pop punk", "viral pop"]}, "6G9wH2CRNrmm2wgyrn0XqK": {"name": "Young King", "coverArt": "https://i.scdn.co/image/ab67616d00001e028ca2dc2a3af4f8c752aaa3d2", "artist": ["The Glorious Sons"], "artistIds": ["5CPxrqCStgt6AfI4fLiedH"], "artistPop": [56], "genres": ["canadian indie", "canadian rock", "kingston on indie", "modern alternative rock", "modern rock", "rock"]}, "13kEriPkZFa1Sizf5qGofH": {"name": "All over the Road", "coverArt": "https://i.scdn.co/image/ab67616d00001e02051ac27879b518ed61caafdd", "artist": ["Blackberry Smoke"], "artistIds": ["5P1oS9DUTPEqcrmXDmX4p8"], "artistPop": [57], "genres": ["country rock", "modern southern rock", "rock", "southern rock"]}, "7jgGqoPMRcWlKUqatCwzsC": {"name": "Jane", "coverArt": "https://i.scdn.co/image/ab67616d00001e02fa13e328ed4aa0c46fdd95c2", "artist": ["Brynn Cartelli"], "artistIds": ["4NIPR04MgEH0K5uv8Gn7ek"], "artistPop": [51], "genres": ["alt z", "asbury park indie", "australian talent show"]}, "3iyq3JgucI2SvbrlYzDzKs": {"name": "Back of My Hand", "coverArt": "https://i.scdn.co/image/ab67616d00001e02c8c874649faa91e37de7cd47", "artist": ["Bachelor", "Jay Som", "Palehound"], "artistIds": ["7B1OPA8Ttxfv3XBDCkw24E", "1wmiQ6ytATiGnJs6uFluKO", "4AgusFXPk24LCGMMplX34M"], "artistPop": [44, 50, 46], "genres": ["art pop", "bubblegrunge", "garage psych", "indie folk", "indie pop", "indie rock", "art pop", "bay area indie", "chillwave", "indie pop", "indie rock", "oakland indie", "small room", "boston indie", "boston rock", "bubblegrunge", "indie pop", "indie punk", "indie rock", "new england emo"]}, "1IBA1Q8YKbweTfy7KuqCNf": {"name": "lose you again", "coverArt": "https://i.scdn.co/image/ab67616d00001e02fbc3e93f3be0411492062403", "artist": ["Tom Odell"], "artistIds": ["2txHhyCwHjUEpJjWrEyqyX"], "artistPop": [73], "genres": ["chill pop", "pop"]}, "0f5oefcDaN8RCIZrVJa8Q7": {"name": "Don't Forget Your Neighborhood", "coverArt": "https://i.scdn.co/image/ab67616d00001e02bf278286a1c7413f4a12904a", "artist": ["Cola Boyy", "The Avalanches"], "artistIds": ["6CZN3MHeeEXh5PxKZivIa8", "3C8RpaI3Go0yFF9whvKoED"], "artistPop": [44, 61], "genres": ["alternative dance", "australian alternative rock", "australian dance", "collage pop", "electronica", "new rave", "psychedelic hip hop"]}, "26WwjBABRwIJPKhEcWpY4b": {"name": "Kill My Heart (feat. Parson James & Qveen Herby)", "coverArt": "https://i.scdn.co/image/ab67616d00001e02f4c68ee26c988c102fa833fa", "artist": ["VINCINT", "Parson James", "Qveen Herby"], "artistIds": ["6glcVV5wCi1hU4nxqJItqd", "48sLioddyaXkuhyHXSkpsB", "4o4tLTIJ3eWMFerz73atcT"], "artistPop": [47, 61, 61], "genres": ["dance pop", "electropop", "pop soul", "pop soul", "alt z", "dance pop", "electropop", "escape room", "pop", "pop rap", "post-teen pop", "trap queen"]}, "4herjqbsHfOHoIzRPti4JA": {"name": "Can't Stay Away", "coverArt": "https://i.scdn.co/image/ab67616d00001e026751184d813fa19a32985346", "artist": ["Darin"], "artistIds": ["1rKFeRryEci6cxNkdvHzNr"], "artistPop": [56], "genres": ["classic swedish pop", "europop", "swedish idol pop", "swedish pop"]}, "3jvjXtEdey8DgWhUvK6Ktl": {"name": "Baby Boy", "coverArt": "https://i.scdn.co/image/ab67616d00001e02ba0db1837a9f66fdd2b289e1", "artist": ["Slimelife Shawty"], "artistIds": ["09XX4vGibhdivyKlxP8MRf"], "artistPop": [51], "genres": ["atl trap"]}, "3CEqLxEEEzaO07Ts3xoTFR": {"name": "MOONWALK (feat. Yung Bans)", "coverArt": "https://i.scdn.co/image/ab67616d00001e02f3ef7697768b3f072f9531f8", "artist": ["KILLY", "Yung Bans"], "artistIds": ["0gCGZZ1Ibo5QsOnll977PD", "6WkUZyqghQei2G809wMKuZ"], "artistPop": [57, 59], "genres": ["canadian hip hop", "canadian trap", "melodic rap", "toronto rap", "trap", "underground hip hop", "vapor trap", "plugg", "rap", "trap", "underground hip hop", "vapor trap"]}, "29uWgUyRFLl7QDVHczsUeL": {"name": "Always Drowning", "coverArt": "https://i.scdn.co/image/ab67616d00001e026991f083ab82aa179b982f81", "artist": ["Sage Charmaine", "Belis"], "artistIds": ["7Gm2KFPebqb5rGV3XrLqGn", "6j6e89Rb6ghGgLduAOpxkD"], "artistPop": [29, 29], "genres": []}, "1H3UKICxnA64tYmGmXePi1": {"name": "Too F*ckin' Nice", "coverArt": "https://i.scdn.co/image/ab67616d00001e027aefb408e3605fe2cc20db83", "artist": ["Victoria Justice"], "artistIds": ["2OTfr6S2kuHRYStjt1IkY6"], "artistPop": [62], "genres": ["post-teen pop"]}, "7svLJ45Nbmhpa1MbVFyZ70": {"name": "this is growing up", "coverArt": "https://i.scdn.co/image/ab67616d00001e0249db1b3332a3db3041eccaa8", "artist": ["almost monday"], "artistIds": ["42FzVuyJH8YbkhzWSR2n8E"], "artistPop": [49], "genres": []}, "6hWoFB6O3zD9WGe4TN3gJO": {"name": "If Ever However Whenever Forever", "coverArt": "https://i.scdn.co/image/ab67616d00001e024d740c00c4a84642b476eec5", "artist": ["Picture This"], "artistIds": ["7jLSEPYCYQ5ssWU3BICqrW"], "artistPop": [62], "genres": ["indie cafe pop", "irish pop"]}, "0JDrG1g5HXbfgGtRKT0ofH": {"name": "Diamantes", "coverArt": "https://i.scdn.co/image/ab67616d00001e028ba65480eb96fff16634644c", "artist": ["Natanael Cano"], "artistIds": ["0elWFr7TW8piilVRYJUe4P"], "artistPop": [79], "genres": ["corrido", "corridos tumbados", "nuevo regional mexicano", "regional mexican", "sierreno"]}, "30fnQJU6knLguvNGC6Lwjt": {"name": "Lo Tengo Todo", "coverArt": "https://i.scdn.co/image/ab67616d00001e02023d3dd946e8e6da81a573df", "artist": ["Lenny Tav\u00e1rez"], "artistIds": ["1pQWsZQehhS4wavwh7Fnxd"], "artistPop": [82], "genres": ["latin", "reggaeton", "reggaeton flow", "trap argentino", "trap latino"]}, "0fSdTWC36g1Y44tpKzp7f2": {"name": "OMW", "coverArt": "https://i.scdn.co/image/ab67616d00001e02655256af22d0ab52d345aa57", "artist": ["Asiahn"], "artistIds": ["1mKtlPrXjWK6oIdk9cSOjs"], "artistPop": [47], "genres": ["alternative r&b", "chill r&b", "indie r&b", "pop r&b", "r&b"]}, "1pnZy7DiKkX4X7e5FWUqV0": {"name": "Pac-Man", "coverArt": "https://i.scdn.co/image/ab67616d00001e02c86480a4e777320e89346541", "artist": ["YSN Flow"], "artistIds": ["1je11NKORfLMSjgSNP0DPF"], "artistPop": [53], "genres": ["melodic rap", "vapor trap"]}, "4PjAtCz8fX1Qzic4uZXJlw": {"name": "Killumbus", "coverArt": "https://i.scdn.co/image/ab67616d00001e02f37c20e22d6e6a29e419795d", "artist": ["BigKayBeezy"], "artistIds": ["4wpwsRGyik5kVa8fG37Q50"], "artistPop": [54], "genres": ["chicago rap", "philly drill"]}, "5xF7w05UMQ1VJACZRUbr3u": {"name": "Spaghetti", "coverArt": "https://i.scdn.co/image/ab67616d00001e02b94018960f4677de6d0f54e4", "artist": ["LBS Kee'vin"], "artistIds": ["7CnxjDbOLSjMEAcyehjztA"], "artistPop": [42], "genres": ["florida rap"]}, "5YG6LyULsmNIwxNOTTdTTu": {"name": "LEGEND", "coverArt": "https://i.scdn.co/image/ab67616d00001e02018e1060d4aa61ea91eae556", "artist": ["Alice Longyu Gao", "Alice Glass"], "artistIds": ["5HvKzBgj4yphQfBJjBJrhL", "4ukk0IyB7vL97QirpOcNr3"], "artistPop": [46, 45], "genres": ["escape room", "glitchcore", "hyperpop", "escape room", "hyperpop"]}, "6q3tadyprYG2uXwKhGzf0e": {"name": "BODIES", "coverArt": "https://i.scdn.co/image/ab67616d00001e02ab44120f9135612c153d52e6", "artist": ["SIPHO."], "artistIds": ["3qdhzmyZIDzgawvmSWLsGZ"], "artistPop": [23], "genres": []}, "5h3lpDedce1mu7OVFJt2zT": {"name": "Method To The Madness", "coverArt": "https://i.scdn.co/image/ab67616d00001e026585fb8498f594fe73e583c8", "artist": ["The Wombats"], "artistIds": ["0Ya43ZKWHTKkAbkoJJkwIB"], "artistPop": [69], "genres": ["liverpool indie", "modern alternative rock", "modern rock", "rock"]}, "0zzqcfPGHQ2A4faQqDHI1P": {"name": "Tide", "coverArt": "https://i.scdn.co/image/ab67616d00001e02626cce20f7492fb5ce737a4d", "artist": ["JDM Global"], "artistIds": ["3wFZTYWrzLzOf8OICy9fBl"], "artistPop": [31], "genres": []}, "41pILuwCEPKC8RLLR9XGT1": {"name": "IH8EVERY1", "coverArt": "https://i.scdn.co/image/ab67616d00001e029f067561bd10d0ee8d20b0cc", "artist": ["Sarah Barrios"], "artistIds": ["0HJsX1aTdgG1VDIRDiseSJ"], "artistPop": [49], "genres": ["alt z"]}, "38rqbNkhP2X7SrRTSbPRg5": {"name": "Crossfaded", "coverArt": "https://i.scdn.co/image/ab67616d00001e0252848be6bd264fa1012f481e", "artist": ["Travis Thompson"], "artistIds": ["6WZfEqqsYujHTUDuNd5Lbc"], "artistPop": [54], "genres": ["seattle hip hop"]}, "7MnCvCvs5rhy3zZdMWFbFD": {"name": "Elevator - Fire in Little Africa, Hakeem Eli'juwon & Steph Simon", "coverArt": "https://i.scdn.co/image/ab67616d00001e022ab9d2b5ae8a083d9ed0edde", "artist": ["Fire In Little Africa", "Hakeem Eli'juwon", "Steph Simon"], "artistIds": ["504V3L5Vmlv1Csq6xPi8lI", "4zaGrGBSa8qiaTGsok0PXB", "5AkPT5M5ovVmON0zFGkQbH"], "artistPop": [19, 15, 17], "genres": []}, "1K6HOrE3e67HwlEq7ax9cR": {"name": "MIRACLE", "coverArt": "https://i.scdn.co/image/ab67616d00001e023cfb66dd675a2d8d034b2df8", "artist": ["Aaron Cole"], "artistIds": ["0OQ8y7heASb1vEX5WXvjCr"], "artistPop": [51], "genres": ["christian hip hop", "christian pop", "christian trap"]}, "0IbJBhAkIFqTHoYjWYxpzZ": {"name": "Wickedest", "coverArt": "https://i.scdn.co/image/ab67616d00001e023ace6246ea16a6c0aa618924", "artist": ["Tamera"], "artistIds": ["4S68J6bchvHhqHO1Kp8W9X"], "artistPop": [42], "genres": []}, "1oDJTZ8Z9sIztOROQA9gGU": {"name": "CC Demon (feat. jetsonmade)", "coverArt": "https://i.scdn.co/image/ab67616d00001e02350f5e30ce132c97fcb67122", "artist": ["Wifisfuneral", "jetsonmade"], "artistIds": ["1vb1XqzyNMQ16BqbxRz5BV", "0UcXjTpzt0DmIwPSNwlJfF"], "artistPop": [60, 65], "genres": ["dark trap", "emo rap", "florida rap", "miami hip hop", "rap", "trap", "underground hip hop", "vapor trap", "dream smp"]}}